{
  "type": "FeatureCollection",
  "features": [
    {
      "type": "Feature",
      "properties": {
        "creator": "BRouter-1.7.10",
        "name": "brouter_gravel_0",
        "track-length": "54640",
        "filtered ascend": "284",
        "plain-ascend": "117",
        "total-time": "8268",
        "total-energy": "1204057",
        "cost": "128337",
        "messages": [
          ["Longitude", "Latitude", "Elevation", "Distance", "CostPerKm", "ElevCost", "TurnCost", "NodeCost", "InitialCost", "WayTags", "NodeTags", "Time", "Energy"],
          ["11543399", "48100125", "528", "34", "4258", "0", "0", "0", "0", "highway=service surface=paving_stones service=driveway", "", "4", "696"],
          ["11542444", "48099846", "530", "80", "4324", "0", "69", "0", "400", "highway=tertiary surface=asphalt maxspeed=50 smoothness=good oneway=yes", "", "17", "2597"],
          ["11542216", "48099581", "532", "34", "4324", "0", "1", "0", "0", "highway=tertiary surface=asphalt maxspeed=50 bicycle=yes smoothness=good oneway=yes", "", "23", "3576"],
          ["11541877", "48097806", "546", "199", "4324", "0", "0", "0", "0", "highway=tertiary surface=asphalt maxspeed=50 foot=no bicycle=yes smoothness=good oneway=yes", "", "92", "13886"],
          ["11541687", "48097512", "548", "36", "4324", "0", "9", "20", "0", "highway=tertiary surface=asphalt maxspeed=50 foot=no smoothness=good oneway=yes cycleway:right=no", "highway=crossing crossing=traffic_signals bicycle=yes", "103", "15523"],
          ["11541605", "48097514", "549", "6", "4324", "0", "14", "20", "0", "highway=tertiary surface=asphalt maxspeed=50 foot=no smoothness=good oneway=yes cycleway:right=no", "highway=traffic_signals estimated_crossing_class=0", "105", "15845"],
          ["11541517", "48097516", "549", "7", "1201", "0", "0", "0", "20", "highway=cycleway surface=asphalt foot=no bicycle=designated", "", "108", "16215"],
          ["11541343", "48096497", "550", "113", "2162", "0", "61", "20", "0", "highway=path surface=paving_stones foot=designated bicycle=designated smoothness=good segregated=yes oneway=yes cycleway:surface=asphalt", "highway=traffic_signals bicycle=yes traffic_signals=signal", "136", "20490"],
          ["11541331", "48096420", "550", "9", "2162", "0", "0", "0", "0", "highway=path surface=paving_stones foot=designated bicycle=designated smoothness=good segregated=yes oneway=yes cycleway:surface=asphalt", "", "138", "20748"],
          ["11541277", "48096266", "550", "18", "1201", "0", "0", "0", "0", "highway=cycleway surface=asphalt foot=no oneway=yes", "", "141", "21242"],
          ["11540419", "48093386", "552", "334", "2162", "0", "2", "20", "0", "highway=path surface=paving_stones foot=designated bicycle=designated segregated=yes oneway=yes cycleway:surface=asphalt", "highway=crossing crossing=unmarked kerb=lowered", "195", "29342"],
          ["11539906", "48092853", "552", "71", "2162", "0", "0", "20", "0", "highway=path surface=paving_stones foot=designated bicycle=designated segregated=yes oneway=yes cycleway:surface=asphalt", "highway=crossing crossing=traffic_signals kerb=lowered", "206", "31047"],
          ["11539411", "48092155", "554", "86", "2162", "0", "0", "0", "0", "highway=path surface=paving_stones foot=designated bicycle=designated segregated=yes oneway=yes cycleway:surface=asphalt", "", "221", "33177"],
          ["11539286", "48091979", "554", "22", "2162", "0", "0", "0", "0", "highway=path surface=asphalt foot=designated bicycle=designated segregated=yes oneway=no cycleway:surface=asphalt", "", "224", "33692"],
          ["11539409", "48091941", "553", "10", "2882", "0", "66", "20", "0", "reversedirection=yes highway=path surface=asphalt foot=designated bicycle=designated smoothness=good segregated=no", "highway=crossing estimated_crossing_class=3 crossing=unmarked bicycle=yes", "226", "33912"],
          ["11539483", "48091912", "553", "6", "2882", "0", "0", "0", "0", "reversedirection=yes highway=path surface=asphalt foot=designated bicycle=designated smoothness=good segregated=no", "", "226", "34038"],
          ["11539188", "48091511", "553", "50", "2162", "0", "60", "20", "0", "reversedirection=yes highway=path surface=asphalt foot=designated bicycle=designated segregated=yes oneway=no cycleway:surface=asphalt", "highway=crossing crossing=unmarked kerb=lowered", "234", "35116"],
          ["11538497", "48086314", "550", "583", "2642", "0", "48", "0", "0", "reversedirection=yes highway=residential surface=asphalt smoothness=good", "", "316", "47543"],
          ["11538135", "48085750", "552", "69", "2162", "0", "2", "20", "0", "reversedirection=yes highway=residential surface=asphalt maxspeed=30", "highway=crossing", "327", "49084"],
          ["11536461", "48082565", "556", "374", "2162", "0", "5", "0", "0", "reversedirection=yes highway=residential surface=asphalt maxspeed=30 smoothness=good", "", "388", "58326"],
          ["11536731", "48082364", "556", "32", "2642", "0", "15", "20", "0", "reversedirection=yes highway=residential surface=asphalt smoothness=good", "highway=crossing crossing=unmarked kerb=lowered", "393", "59057"],
          ["11536891", "48082293", "556", "14", "2642", "0", "0", "0", "0", "reversedirection=yes highway=residential surface=asphalt smoothness=good", "", "395", "59361"],
          ["11533400", "48078565", "562", "506", "1965", "0", "13", "0", "0", "highway=residential surface=asphalt maxspeed=30 bicycle=yes smoothness=excellent", "", "479", "71890"],
          ["11533591", "48077797", "560", "91", "1908", "0", "9", "0", "0", "highway=residential surface=asphalt maxspeed=30 bicycle=yes smoothness=excellent route_bicycle_lcn=yes", "", "492", "73852"],
          ["11533706", "48077733", "559", "11", "2099", "0", "0", "0", "0", "highway=residential surface=asphalt maxspeed=30 bicycle=yes smoothness=good route_bicycle_lcn=yes", "", "493", "74029"],
          ["11533822", "48077648", "558", "13", "2565", "0", "0", "0", "0", "highway=residential surface=asphalt maxspeed=10 smoothness=good route_bicycle_lcn=yes", "", "494", "74207"],
          ["11534667", "48077070", "560", "90", "2099", "0", "0", "0", "0", "highway=residential surface=asphalt maxspeed=30 bicycle=yes smoothness=good route_bicycle_lcn=yes", "", "507", "76035"],
          ["11536228", "48075132", "561", "250", "2565", "0", "5", "0", "0", "highway=residential surface=asphalt maxspeed=40 bicycle=yes smoothness=good route_bicycle_lcn=yes", "", "543", "81503"],
          ["11537309", "48074558", "554", "105", "1632", "0", "48", "0", "0", "highway=unclassified surface=asphalt maxspeed=20 foot=yes bicycle=yes smoothness=good oneway=no route_bicycle_lcn=yes", "", "556", "83348"],
          ["11538356", "48074472", "555", "81", "2798", "0", "53", "0", "0", "reversedirection=yes highway=path surface=compacted foot=designated bicycle=designated smoothness=good segregated=no oneway:bicycle=no route_bicycle_icn=yes route_bicycle_rcn=yes", "", "566", "84909"],
          ["11538900", "48074374", "552", "49", "2798", "0", "16", "0", "0", "reversedirection=yes highway=path surface=asphalt foot=designated bicycle=designated smoothness=good segregated=no route_bicycle_icn=yes route_bicycle_rcn=yes", "", "571", "85555"],
          ["11542373", "48074701", "552", "261", "2798", "0", "61", "0", "0", "reversedirection=yes highway=path surface=wood foot=designated bicycle=designated smoothness=good segregated=no route_bicycle_icn=yes route_bicycle_rcn=yes route_bicycle_lcn=yes", "", "602", "90193"],
          ["11542521", "48074856", "559", "26", "2798", "0", "85", "0", "0", "reversedirection=yes highway=path surface=asphalt foot=designated bicycle=designated smoothness=good segregated=no route_bicycle_icn=yes route_bicycle_rcn=yes route_bicycle_lcn=yes", "", "605", "90706"],
          ["11542914", "48075337", "562", "97", "3307", "0", "23", "0", "0", "reversedirection=yes highway=path surface=asphalt foot=designated bicycle=designated smoothness=intermediate segregated=no route_bicycle_icn=yes route_bicycle_rcn=yes route_bicycle_lcn=yes", "", "624", "93442"],
          ["11542673", "48075282", "562", "19", "2798", "0", "61", "0", "0", "highway=path surface=asphalt foot=designated bicycle=designated smoothness=good segregated=no route_bicycle_icn=yes route_bicycle_rcn=yes route_bicycle_lcn=yes", "", "627", "93991"],
          ["11543026", "48074291", "560", "114", "2798", "0", "59", "0", "0", "highway=path surface=asphalt foot=designated bicycle=designated smoothness=good segregated=no oneway:bicycle=no route_bicycle_icn=yes route_bicycle_rcn=yes route_bicycle_lcn=yes", "", "648", "97118"],
          ["11543267", "48074182", "561", "22", "2798", "0", "8", "0", "0", "highway=path surface=asphalt foot=designated bicycle=designated segregated=no oneway:bicycle=no route_bicycle_icn=yes route_bicycle_rcn=yes route_bicycle_lcn=yes", "", "652", "97732"],
          ["11545094", "48071819", "565", "299", "1283", "0", "23", "0", "0", "highway=path surface=asphalt foot=no bicycle=designated smoothness=good oneway:bicycle=no route_bicycle_icn=yes route_bicycle_rcn=yes route_bicycle_lcn=yes", "", "703", "105320"],
          ["11546261", "48071680", "564", "88", "2099", "0", "37", "139", "0", "highway=path surface=asphalt foot=designated bicycle=designated smoothness=good segregated=yes route_bicycle_icn=yes route_bicycle_rcn=yes route_bicycle_lcn=yes cycleway:surface=asphalt", "barrier=kerb kerb=lowered", "717", "107499"],
          ["11546307", "48071660", "565", "4", "2099", "0", "0", "0", "0", "highway=path surface=asphalt foot=designated bicycle=designated smoothness=good segregated=yes route_bicycle_icn=yes route_bicycle_rcn=yes route_bicycle_lcn=yes cycleway:surface=asphalt", "", "718", "107595"],
          ["11547213", "48071574", "565", "68", "2099", "0", "6", "0", "0", "highway=residential surface=asphalt maxspeed=30 smoothness=good route_bicycle_icn=yes route_bicycle_rcn=yes route_bicycle_lcn=yes", "highway=give_way direction=forward", "728", "109151"],
          ["11547295", "48071566", "564", "6", "2099", "0", "0", "20", "0", "highway=residential surface=asphalt maxspeed=30 smoothness=good route_bicycle_icn=yes route_bicycle_rcn=yes route_bicycle_lcn=yes", "highway=crossing crossing=uncontrolled", "729", "109278"],
          ["11547386", "48071558", "564", "7", "2099", "0", "0", "0", "0", "highway=residential surface=asphalt maxspeed=30 smoothness=good route_bicycle_icn=yes route_bicycle_rcn=yes route_bicycle_lcn=yes", "estimated_crossing_class=3", "730", "109419"],
          ["11547493", "48071546", "564", "8", "2798", "0", "0", "0", "0", "reversedirection=yes highway=service surface=asphalt foot=yes route_bicycle_icn=yes route_bicycle_rcn=yes route_bicycle_lcn=yes", "highway=give_way direction=forward", "731", "109575"],
          ["11547519", "48071544", "564", "2", "2798", "0", "0", "0", "0", "reversedirection=yes highway=service surface=asphalt foot=yes route_bicycle_icn=yes route_bicycle_rcn=yes route_bicycle_lcn=yes", "crossing=uncontrolled railway=unknown", "731", "109615"],
          ["11547552", "48071537", "564", "3", "2798", "0", "1", "0", "0", "reversedirection=yes highway=service surface=asphalt foot=yes route_bicycle_icn=yes route_bicycle_rcn=yes route_bicycle_lcn=yes", "crossing=uncontrolled railway=unknown", "732", "109673"],
          ["11547718", "48071485", "564", "13", "2798", "0", "2", "0", "0", "reversedirection=yes highway=service surface=asphalt foot=yes route_bicycle_icn=yes route_bicycle_rcn=yes route_bicycle_lcn=yes", "", "734", "109937"],
          ["11548244", "48071144", "565", "55", "2544", "0", "1", "0", "0", "reversedirection=yes highway=service surface=asphalt foot=yes bicycle=yes smoothness=excellent route_bicycle_icn=yes route_bicycle_rcn=yes route_bicycle_lcn=yes", "", "742", "111138"],
          ["11560795", "48062063", "569", "1380", "1060", "0", "0", "0", "0", "reversedirection=yes highway=track surface=asphalt tracktype=grade1 foot=yes bicycle=yes smoothness=excellent oneway=no route_bicycle_icn=yes route_bicycle_rcn=yes route_bicycle_lcn=yes", "", "941", "141003"],
          ["11548738", "48053534", "576", "1306", "1166", "0", "64", "0", "0", "reversedirection=yes highway=track surface=asphalt tracktype=grade1 foot=yes bicycle=yes smoothness=good route_bicycle_lcn=yes", "", "1137", "170472"],
          ["11549319", "48039801", "586", "1556", "1166", "0", "23", "0", "0", "highway=track surface=asphalt tracktype=grade1 foot=yes bicycle=yes smoothness=good route_bicycle_lcn=yes", "", "1376", "206303"],
          ["11549490", "48039633", "587", "23", "3307", "0", "0", "0", "0", "highway=service surface=asphalt maxspeed=30 bicycle=yes smoothness=intermediate vehicle=unknown route_bicycle_lcn=yes", "", "1379", "206829"],
          ["11549411", "48038922", "587", "80", "2099", "0", "21", "0", "0", "highway=residential surface=asphalt maxspeed=30 bicycle=yes vehicle=unknown route_bicycle_lcn=yes", "", "1392", "208634"],
          ["11550159", "48036172", "592", "312", "2099", "0", "35", "0", "0", "highway=residential surface=asphalt maxspeed=30 smoothness=good route_bicycle_lcn=yes", "", "1447", "216896"],
          ["11550729", "48034635", "593", "176", "2565", "0", "0", "0", "0", "highway=residential surface=asphalt maxspeed=50 smoothness=good route_bicycle_lcn=yes", "", "1474", "221016"],
          ["11550696", "48034282", "592", "42", "2798", "0", "75", "0", "0", "highway=path surface=asphalt foot=designated bicycle=designated smoothness=good segregated=no oneway=no route_bicycle_lcn=yes", "", "1480", "221884"],
          ["11550783", "48033818", "592", "52", "2798", "0", "0", "0", "0", "highway=path surface=asphalt foot=designated bicycle=designated smoothness=good segregated=no route_bicycle_lcn=yes", "", "1487", "222891"],
          ["11550649", "48033140", "593", "76", "2798", "0", "1", "0", "0", "highway=path surface=asphalt foot=designated bicycle=designated smoothness=good segregated=no oneway=no route_bicycle_lcn=yes", "direction=backward", "1498", "224635"],
          ["11550618", "48033062", "593", "9", "2798", "0", "0", "0", "0", "highway=path surface=asphalt foot=designated bicycle=designated smoothness=good segregated=no oneway=no route_bicycle_lcn=yes", "", "1500", "224850"],
          ["11550684", "48032970", "594", "11", "2798", "0", "15", "0", "0", "reversedirection=yes highway=path surface=asphalt foot=designated bicycle=designated smoothness=good segregated=no route_bicycle_lcn=yes", "", "1501", "225119"],
          ["11534288", "48021347", "609", "1778", "1166", "0", "41", "0", "0", "highway=track surface=asphalt tracktype=grade1 foot=yes bicycle=yes smoothness=good segregated=no route_bicycle_lcn=yes", "", "1779", "266714"],
          ["11518485", "48015860", "619", "1690", "1201", "0", "64", "0", "0", "highway=track surface=asphalt tracktype=grade1 smoothness=good", "", "2045", "306728"],
          ["11516188", "48014315", "622", "243", "1441", "0", "70", "0", "0", "highway=track surface=compacted tracktype=grade2", "", "2084", "312436"],
          ["11516047", "48014329", "621", "11", "1321", "0", "14", "0", "0", "reversedirection=yes highway=track surface=asphalt tracktype=grade2", "estimated_crossing_class=3", "2085", "312664"],
          ["11515957", "48014341", "621", "7", "1419", "0", "0", "0", "0", "highway=cycleway surface=unpaved smoothness=intermediate", "", "2086", "312804"],
          ["11515342", "48011497", "625", "320", "2882", "0", "70", "20", "0", "highway=path surface=asphalt foot=designated bicycle=designated smoothness=good segregated=no oneway:bicycle=no", "highway=crossing crossing=uncontrolled", "2137", "320486"],
          ["11515162", "48011500", "625", "13", "2642", "0", "79", "0", "0", "highway=residential surface=asphalt maxspeed=50 smoothness=good", "", "2139", "320801"],
          ["11500237", "48011662", "625", "1123", "2162", "0", "7", "0", "0", "highway=residential surface=asphalt maxspeed=30 smoothness=good", "", "2296", "344292"],
          ["11499587", "48010706", "625", "117", "2099", "0", "55", "0", "0", "highway=residential surface=asphalt maxspeed=30 smoothness=good route_bicycle_icn=yes route_bicycle_rcn=yes", "", "2313", "346805"],
          ["11498450", "48005196", "630", "629", "1399", "0", "1", "0", "0", "highway=track surface=compacted tracktype=grade2 route_bicycle_icn=yes route_bicycle_rcn=yes", "", "2410", "361365"],
          ["11498409", "48004058", "630", "128", "2624", "0", "0", "0", "0", "reversedirection=yes highway=track surface=fine_gravel tracktype=grade2 smoothness=bad mtb:scale=0 route_bicycle_icn=yes route_bicycle_rcn=yes", "", "2429", "364251"],
          ["11498080", "47999932", "634", "471", "1908", "0", "25", "0", "0", "highway=track surface=gravel tracktype=grade3 route_bicycle_lcn=yes", "", "2503", "375393"],
          ["11498174", "47999728", "634", "24", "3498", "0", "0", "0", "0", "highway=service surface=unpaved service=driveway route_bicycle_lcn=yes", "", "2507", "375955"],
          ["11497855", "47999631", "635", "26", "1632", "0", "57", "0", "0", "reversedirection=yes highway=unclassified surface=asphalt maxspeed=30 bicycle=yes smoothness=good route_bicycle_lcn=yes", "", "2511", "376571"],
          ["11495633", "47996686", "599", "377", "1632", "0", "9", "0", "0", "reversedirection=yes highway=unclassified surface=asphalt maxspeed=30 smoothness=good route_bicycle_lcn=yes", "", "2551", "377403"],
          ["11492586", "47996131", "589", "237", "1632", "0", "0", "0", "0", "reversedirection=yes highway=unclassified surface=asphalt maxspeed=30 bicycle=yes smoothness=good route_bicycle_lcn=yes", "", "2575", "377498"],
          ["11489792", "47995904", "573", "212", "1632", "0", "1", "0", "0", "reversedirection=yes highway=unclassified surface=asphalt maxspeed=30 bicycle=yes smoothness=good route_bicycle_icn=yes route_bicycle_rcn=yes", "", "2597", "377498"],
          ["11486645", "47995506", "565", "258", "1632", "0", "7", "0", "0", "highway=unclassified surface=asphalt maxspeed=30 smoothness=good oneway=no route_bicycle_icn=yes route_bicycle_rcn=yes", "", "2623", "378262"],
          ["11477790", "47973597", "567", "2579", "1632", "0", "21", "0", "0", "highway=unclassified surface=asphalt maxspeed=30 smoothness=good route_bicycle_icn=yes route_bicycle_rcn=yes", "traffic_sign:direction=forward", "2971", "430093"],
          ["11477737", "47973555", "566", "6", "1632", "0", "0", "0", "0", "highway=unclassified surface=asphalt maxspeed=30 smoothness=good route_bicycle_icn=yes route_bicycle_rcn=yes", "estimated_crossing_class=2", "2971", "430217"],
          ["11477577", "47973585", "565", "13", "8815", "0", "51", "0", "400", "reversedirection=yes highway=secondary surface=asphalt maxspeed=30 smoothness=good route_bicycle_lcn=yes", "", "2973", "430457"],
          ["11477175", "47973578", "564", "30", "8815", "0", "0", "0", "0", "reversedirection=yes highway=secondary surface=asphalt maxspeed=30 foot=yes bicycle=yes route_bicycle_lcn=yes", "", "2976", "430955"],
          ["11477103", "47973572", "564", "5", "6366", "0", "0", "0", "0", "reversedirection=yes highway=secondary surface=asphalt maxspeed=70 route_bicycle_lcn=yes", "estimated_crossing_class=2", "2977", "431041"],
          ["11476907", "47973167", "564", "51", "6366", "0", "10", "0", "0", "reversedirection=yes highway=secondary surface=asphalt maxspeed=70 route_bicycle_lcn=yes", "estimated_crossing_class=2", "2983", "431936"],
          ["11477036", "47973142", "564", "10", "1801", "0", "40", "0", "20", "reversedirection=yes highway=track surface=asphalt tracktype=grade2 foot=yes bicycle=yes smoothness=bad", "", "2984", "432122"],
          ["11476813", "47971609", "562", "172", "1561", "0", "53", "0", "0", "reversedirection=yes highway=track tracktype=grade2 foot=yes bicycle=yes smoothness=intermediate", "", "3004", "435085"],
          ["11460453", "47951205", "564", "2888", "1561", "0", "5", "0", "0", "reversedirection=yes highway=track surface=gravel tracktype=grade2 foot=yes smoothness=intermediate", "", "3403", "494958"],
          ["11451063", "47946689", "565", "863", "1561", "0", "0", "0", "0", "reversedirection=yes highway=track surface=gravel tracktype=grade2 foot=yes bicycle=yes smoothness=intermediate", "", "3524", "513114"],
          ["11446952", "47946068", "565", "322", "1801", "0", "1", "0", "0", "reversedirection=yes highway=track surface=gravel tracktype=grade2 foot=yes bicycle=yes", "", "3568", "519774"],
          ["11443766", "47945928", "566", "239", "1681", "0", "0", "0", "0", "reversedirection=yes highway=track surface=unpaved tracktype=grade2 foot=yes bicycle=yes", "", "3601", "524666"],
          ["11443576", "47945854", "566", "17", "1965", "0", "10", "0", "0", "reversedirection=yes highway=track surface=gravel tracktype=grade3", "", "3604", "525078"],
          ["11443495", "47945774", "565", "11", "1965", "0", "1", "0", "0", "reversedirection=yes highway=track surface=gravel tracktype=grade3 bicycle=yes", "", "3605", "525287"],
          ["11443410", "47944620", "567", "141", "1201", "0", "49", "0", "0", "reversedirection=yes highway=track surface=asphalt tracktype=grade1 foot=yes bicycle=yes", "", "3627", "528533"],
          ["11443440", "47944601", "567", "3", "1419", "0", "0", "139", "0", "reversedirection=yes highway=track surface=concrete tracktype=grade1 foot=yes bicycle=yes", "barrier=lift_gate bicycle=yes foot=yes", "3627", "528601"],
          ["11443455", "47944583", "567", "2", "1419", "0", "3", "0", "0", "reversedirection=yes highway=track surface=concrete tracktype=grade1 foot=yes bicycle=yes", "", "3628", "528647"],
          ["11443253", "47944395", "567", "26", "1632", "0", "37", "0", "0", "reversedirection=yes highway=unclassified surface=asphalt maxspeed=30 foot=yes bicycle=yes smoothness=good oneway=no route_bicycle_icn=yes route_bicycle_rcn=yes", "", "3632", "529254"],
          ["11449926", "47921616", "575", "2665", "1632", "0", "1", "0", "0", "reversedirection=yes highway=unclassified surface=asphalt maxspeed=30 foot=yes bicycle=yes smoothness=good route_bicycle_icn=yes route_bicycle_rcn=yes", "", "4017", "587025"],
          ["11449264", "47918075", "577", "423", "1632", "0", "15", "0", "0", "highway=unclassified surface=asphalt bicycle=yes smoothness=good route_bicycle_icn=yes route_bicycle_rcn=yes", "", "4079", "596309"],
          ["11445423", "47916537", "575", "336", "2798", "0", "55", "0", "0", "highway=path surface=asphalt foot=designated bicycle=designated smoothness=good segregated=no route_bicycle_icn=yes route_bicycle_rcn=yes", "", "4122", "602890"],
          ["11445302", "47916485", "577", "11", "2798", "0", "0", "0", "0", "highway=cycleway surface=asphalt foot=designated bicycle=designated smoothness=good segregated=no route_bicycle_icn=yes route_bicycle_rcn=yes", "", "4124", "603184"],
          ["11444145", "47915719", "577", "125", "2798", "0", "3", "0", "0", "highway=path surface=asphalt foot=designated bicycle=designated smoothness=good segregated=no route_bicycle_icn=yes route_bicycle_rcn=yes", "", "4145", "606213"],
          ["11441886", "47913494", "577", "307", "2544", "0", "8", "20", "0", "highway=cycleway surface=asphalt foot=designated bicycle=designated smoothness=excellent segregated=no route_bicycle_rcn=yes", "highway=crossing", "4187", "612539"],
          ["11440713", "47914346", "576", "134", "2162", "0", "110", "0", "0", "reversedirection=yes highway=residential surface=asphalt maxspeed=30", "", "4204", "615081"],
          ["11439439", "47914830", "576", "109", "2642", "0", "2", "0", "0", "reversedirection=yes highway=residential surface=asphalt", "", "4218", "617236"],
          ["11438791", "47915830", "575", "121", "2642", "0", "10", "0", "0", "highway=residential surface=asphalt", "", "4234", "619582"],
          ["11434788", "47915285", "576", "308", "2162", "0", "72", "20", "0", "reversedirection=yes highway=residential surface=asphalt maxspeed=30", "highway=crossing crossing=unmarked kerb=flush", "4276", "625907"],
          ["11433859", "47915208", "576", "70", "2162", "0", "0", "0", "0", "reversedirection=yes highway=residential surface=asphalt maxspeed=30", "", "4287", "627571"],
          ["11430639", "47918360", "575", "433", "1965", "0", "72", "0", "0", "highway=residential surface=asphalt maxspeed=30 smoothness=excellent", "", "4345", "636261"],
          ["11426835", "47916990", "574", "477", "2162", "0", "146", "0", "0", "reversedirection=yes highway=residential surface=asphalt maxspeed=30", "", "4408", "645695"],
          ["11426982", "47916740", "573", "31", "3123", "0", "22", "0", "0", "reversedirection=yes highway=footway surface=asphalt foot=designated bicycle=yes", "", "4412", "646304"],
          ["11426859", "47916663", "573", "13", "3123", "0", "3", "0", "0", "reversedirection=yes highway=footway surface=asphalt foot=designated bicycle=yes segregated=no", "", "4413", "646540"],
          ["11426713", "47916397", "574", "32", "3123", "0", "17", "0", "0", "reversedirection=yes highway=footway surface=asphalt foot=designated bicycle=yes", "", "4418", "647195"],
          ["11426048", "47915035", "575", "168", "2162", "0", "30", "0", "0", "highway=residential surface=asphalt maxspeed=30", "highway=give_way direction=forward", "4441", "650750"],
          ["11425960", "47914974", "575", "9", "2162", "0", "0", "0", "0", "highway=residential surface=asphalt maxspeed=30", "", "4443", "650951"],
          ["11425036", "47913747", "576", "153", "4324", "0", "16", "25", "400", "reversedirection=yes highway=tertiary surface=asphalt maxspeed=50 smoothness=good", "highway=crossing traffic_calming=table", "4468", "654734"],
          ["11424953", "47913579", "576", "21", "4324", "0", "2", "0", "0", "reversedirection=yes highway=tertiary surface=asphalt maxspeed=50 smoothness=good", "", "4471", "655203"],
          ["11424974", "47913217", "577", "40", "4324", "0", "2", "20", "0", "reversedirection=yes highway=tertiary surface=asphalt maxspeed=50", "highway=traffic_signals estimated_crossing_class=0 traffic_signals:direction=both traffic_signals=signal", "4477", "656125"],
          ["11424474", "47913158", "576", "38", "9079", "0", "57", "0", "0", "reversedirection=yes highway=secondary surface=asphalt maxspeed=30", "", "4483", "656961"],
          ["11424974", "47913217", "577", "38", "9079", "0", "0", "20", "0", "highway=secondary surface=asphalt maxspeed=30", "highway=traffic_signals estimated_crossing_class=0 traffic_signals:direction=both traffic_signals=signal", "4488", "657768"],
          ["11425554", "47913250", "577", "43", "9079", "0", "0", "0", "0", "highway=secondary surface=asphalt maxspeed=30", "estimated_crossing_class=4", "4494", "658670"],
          ["11425647", "47913255", "577", "7", "9079", "0", "0", "0", "0", "highway=secondary surface=asphalt maxspeed=30", "", "4495", "658816"],
          ["11425839", "47913263", "577", "14", "5044", "0", "0", "0", "0", "highway=secondary surface=asphalt maxspeed=50", "estimated_crossing_class=4", "4497", "659108"],
          ["11426114", "47913276", "577", "21", "5044", "0", "0", "0", "0", "highway=secondary surface=asphalt maxspeed=50", "estimated_crossing_class=4", "4500", "659544"],
          ["11426353", "47913287", "577", "18", "4897", "0", "0", "20", "0", "highway=secondary surface=asphalt maxspeed=50 smoothness=good route_bicycle_rcn=yes", "highway=crossing estimated_crossing_class=2", "4503", "659917"],
          ["11426435", "47913290", "577", "6", "4897", "0", "0", "0", "0", "highway=secondary surface=asphalt maxspeed=50 smoothness=good route_bicycle_rcn=yes", "estimated_crossing_class=2", "4503", "660041"],
          ["11426515", "47913294", "577", "6", "4897", "0", "0", "0", "0", "highway=secondary surface=asphalt maxspeed=50 smoothness=good route_bicycle_rcn=yes", "estimated_crossing_class=2", "4504", "660165"],
          ["11426619", "47913401", "576", "14", "3406", "0", "25", "0", "20", "highway=service surface=paving_stones maxspeed=30 bicycle=yes oneway=yes", "", "4506", "660444"],
          ["11426684", "47913398", "576", "5", "3843", "0", "33", "0", "20", "highway=footway surface=asphalt footway=crossing", "kerb=lowered", "4507", "660543"],
          ["11426746", "47913372", "576", "7", "3690", "0", "99", "35", "20", "highway=footway surface=paving_stones bicycle=yes", "railway=crossing", "4508", "660683"],
          ["11426801", "47913370", "576", "4", "3690", "0", "0", "35", "0", "highway=footway surface=paving_stones bicycle=yes", "railway=crossing", "4508", "660763"],
          ["11426863", "47913368", "576", "5", "3690", "0", "0", "35", "0", "highway=footway surface=paving_stones bicycle=yes", "railway=crossing", "4509", "660863"],
          ["11427856", "47913408", "575", "75", "3690", "0", "0", "0", "0", "highway=footway surface=paving_stones bicycle=yes", "", "4518", "662242"],
          ["11427861", "47913346", "575", "7", "3603", "0", "69", "0", "0", "highway=service service=driveway", "estimated_crossing_class=0", "4519", "662372"],
          ["11427901", "47913349", "575", "3", "4284", "0", "68", "20", "400", "highway=secondary surface=asphalt maxspeed=50 smoothness=excellent cycleway:right=lane cycleway:left=unknown route_bicycle_rcn=yes", "highway=traffic_signals estimated_crossing_class=0 traffic_signals:direction=both traffic_signals=signal", "4519", "662428"],
          ["11427581", "47911837", "577", "173", "1965", "0", "76", "20", "20", "reversedirection=yes highway=residential surface=asphalt maxspeed=30 smoothness=excellent", "highway=crossing crossing=uncontrolled kerb=lowered", "4545", "666253"],
          ["11431039", "47907993", "578", "517", "1965", "0", "1", "20", "0", "reversedirection=yes highway=residential surface=asphalt maxspeed=30 smoothness=excellent", "highway=traffic_signals traffic_signals:direction=both traffic_signals=signal", "4619", "677447"],
          ["11431656", "47907664", "579", "59", "1965", "0", "0", "0", "0", "highway=residential surface=asphalt maxspeed=30 smoothness=excellent", "", "4628", "678698"],
          ["11433508", "47906574", "578", "186", "2162", "0", "0", "0", "0", "highway=residential surface=asphalt maxspeed=30", "", "4653", "682434"],
          ["11436539", "47904003", "580", "365", "2162", "0", "0", "0", "0", "highway=residential surface=asphalt maxspeed=30 smoothness=good", "", "4706", "690496"],
          ["11437780", "47902995", "581", "146", "2162", "0", "0", "0", "0", "highway=residential surface=asphalt maxspeed=30 bicycle=yes smoothness=good", "", "4729", "693836"],
          ["11437823", "47902960", "580", "5", "2882", "0", "0", "25", "0", "highway=path surface=asphalt foot=designated bicycle=designated smoothness=good segregated=no", "barrier=bollard bicycle=yes foot=yes", "4729", "693937"],
          ["11438045", "47902774", "581", "27", "2882", "0", "0", "0", "0", "highway=path surface=asphalt foot=designated bicycle=designated smoothness=good segregated=no", "", "4734", "694571"],
          ["11438081", "47902744", "581", "4", "2882", "0", "0", "0", "0", "highway=cycleway surface=asphalt foot=designated bicycle=yes smoothness=good segregated=no", "", "4734", "694663"],
          ["11437076", "47902246", "582", "95", "2882", "0", "46", "0", "0", "reversedirection=yes highway=path surface=asphalt foot=designated bicycle=designated smoothness=good vehicle=agricultural segregated=no", "", "4749", "696866"],
          ["11436725", "47902020", "583", "37", "2882", "0", "1", "0", "0", "reversedirection=yes highway=path surface=asphalt foot=designated bicycle=designated smoothness=good segregated=no", "", "4755", "697764"],
          ["11439043", "47899633", "584", "318", "2798", "0", "55", "0", "0", "reversedirection=yes highway=path surface=asphalt access=yes foot=designated bicycle=designated smoothness=good segregated=no route_bicycle_lcn=yes", "", "4803", "705067"],
          ["11440147", "47898555", "585", "149", "2798", "0", "17", "0", "0", "reversedirection=yes highway=path surface=asphalt foot=designated bicycle=designated smoothness=good segregated=no route_bicycle_lcn=yes", "", "4825", "708309"],
          ["11440257", "47898119", "585", "51", "2882", "0", "11", "0", "0", "reversedirection=yes highway=path surface=asphalt foot=designated bicycle=designated segregated=no", "", "4833", "709440"],
          ["11440291", "47898066", "585", "6", "2162", "0", "0", "0", "0", "highway=residential surface=asphalt maxspeed=30 foot=yes bicycle=yes oneway=no", "", "4834", "709583"],
          ["11440535", "47897470", "585", "69", "2642", "0", "0", "0", "0", "highway=residential surface=asphalt foot=yes smoothness=good oneway=no", "", "4843", "710981"],
          ["11441719", "47895916", "586", "198", "3498", "0", "2", "0", "0", "highway=service surface=asphalt service=driveway foot=designated bicycle=designated smoothness=good route_bicycle_lcn=yes", "", "4873", "715428"],
          ["11443868", "47894118", "587", "259", "2798", "0", "0", "0", "0", "highway=path surface=asphalt access=yes foot=designated bicycle=designated smoothness=good segregated=no route_bicycle_lcn=yes", "", "4911", "721258"],
          ["11447980", "47890144", "589", "543", "2798", "0", "1", "0", "0", "highway=path surface=asphalt foot=designated bicycle=designated smoothness=good segregated=no route_bicycle_lcn=yes", "kerb=flush", "4989", "732939"],
          ["11455494", "47885076", "591", "802", "2798", "0", "27", "35", "0", "highway=path surface=asphalt foot=designated bicycle=designated smoothness=good segregated=no route_bicycle_lcn=yes", "railway=crossing", "5104", "750184"],
          ["11458148", "47882700", "592", "335", "2798", "0", "18", "20", "0", "highway=path surface=asphalt foot=designated bicycle=designated smoothness=good segregated=no route_bicycle_lcn=yes", "highway=traffic_signals traffic_signals:direction=both traffic_signals=signal kerb=flush", "5153", "757522"],
          ["11458852", "47881983", "592", "95", "2798", "0", "0", "0", "0", "highway=path surface=asphalt foot=designated bicycle=designated smoothness=good segregated=no route_bicycle_lcn=yes", "", "5167", "759579"],
          ["11459059", "47881949", "593", "16", "1310", "0", "17", "0", "0", "reversedirection=yes highway=cycleway", "", "5169", "759931"],
          ["11459148", "47882020", "593", "10", "3603", "0", "36", "0", "0", "reversedirection=yes highway=service service=parking_aisle", "", "5171", "760158"],
          ["11462185", "47878219", "595", "484", "2642", "0", "89", "0", "0", "reversedirection=yes highway=residential surface=asphalt maxspeed=50", "", "5242", "770835"],
          ["11465142", "47874667", "596", "484", "2162", "0", "58", "0", "0", "reversedirection=yes highway=residential surface=asphalt maxspeed=30", "", "5311", "781207"],
          ["11465456", "47874541", "596", "27", "3123", "0", "0", "20", "0", "highway=residential surface=concrete", "highway=crossing crossing=marked kerb=flush", "5315", "781831"],
          ["11465692", "47874458", "597", "20", "2162", "0", "0", "0", "0", "reversedirection=yes highway=residential surface=asphalt maxspeed=30", "", "5318", "782300"],
          ["11465552", "47874424", "596", "11", "3123", "0", "109", "20", "0", "highway=residential surface=concrete oneway=yes", "highway=crossing crossing=marked kerb=lowered", "5320", "782542"],
          ["11465179", "47874095", "596", "46", "3123", "0", "10", "0", "0", "highway=residential surface=concrete oneway=yes", "estimated_crossing_class=2", "5326", "783442"],
          ["11465020", "47873793", "596", "36", "2162", "0", "7", "20", "0", "highway=residential surface=asphalt maxspeed=30 oneway=yes", "highway=traffic_signals estimated_crossing_class=0 traffic_signals:direction=both traffic_signals=signal", "5331", "784209"],
          ["11464514", "47873403", "596", "58", "3603", "0", "5", "0", "0", "highway=service surface=asphalt service=parking_aisle", "", "5339", "785418"],
          ["11464528", "47873363", "596", "5", "1561", "0", "39", "0", "0", "reversedirection=yes highway=track surface=asphalt", "", "5340", "785519"],
          ["11464549", "47873307", "596", "6", "1441", "0", "0", "139", "0", "highway=track surface=compacted tracktype=grade2", "barrier=lift_gate", "5341", "785640"],
          ["11466709", "47863839", "599", "1072", "1441", "0", "21", "0", "0", "highway=track surface=compacted tracktype=grade2", "", "5496", "808893"],
          ["11468138", "47862575", "600", "181", "4617", "0", "67", "0", "0", "reversedirection=yes highway=residential surface=asphalt maxspeed=100 smoothness=good route_bicycle_lcn=yes", "", "5521", "812686"],
          ["11468486", "47862100", "601", "65", "2798", "0", "47", "20", "0", "reversedirection=yes highway=path surface=asphalt foot=designated bicycle=designated segregated=no route_bicycle_lcn=yes", "highway=crossing estimated_crossing_class=1 crossing=unmarked kerb=lowered", "5531", "814176"],
          ["11468576", "47862055", "601", "8", "2798", "0", "21", "20", "0", "reversedirection=yes highway=path surface=asphalt foot=designated bicycle=designated segregated=no route_bicycle_lcn=yes", "highway=crossing estimated_crossing_class=1 crossing=unmarked kerb=lowered", "5532", "814374"],
          ["11468187", "47861134", "600", "113", "2798", "0", "63", "0", "0", "reversedirection=yes highway=path surface=asphalt foot=designated bicycle=designated segregated=no route_bicycle_lcn=yes", "", "5548", "816692"],
          ["11468228", "47860639", "601", "58", "3498", "0", "56", "0", "0", "reversedirection=yes highway=service surface=asphalt service=parking_aisle segregated=no route_bicycle_lcn=yes", "", "5556", "817940"],
          ["11468427", "47860192", "601", "53", "3498", "0", "9", "0", "0", "reversedirection=yes highway=service surface=asphalt service=parking_aisle route_bicycle_lcn=yes", "", "5564", "819107"],
          ["11468555", "47860241", "601", "12", "4070", "0", "113", "25", "0", "highway=path foot=yes bicycle=yes route_bicycle_lcn=yes", "barrier=bollard bicycle=yes foot=yes", "5566", "819386"],
          ["11468683", "47860188", "602", "12", "4070", "0", "13", "0", "0", "highway=path foot=yes bicycle=yes route_bicycle_lcn=yes", "highway=turning_circle", "5567", "819681"],
          ["11474231", "47860696", "602", "419", "2565", "0", "24", "0", "0", "highway=residential surface=asphalt route_bicycle_lcn=yes", "", "5627", "828642"],
          ["11474568", "47859909", "603", "92", "2099", "0", "68", "0", "0", "highway=residential surface=asphalt maxspeed=30 route_bicycle_lcn=yes", "", "5641", "830678"],
          ["11475258", "47858477", "603", "174", "2162", "0", "57", "0", "0", "highway=residential surface=asphalt maxspeed=30", "", "5666", "834398"],
          ["11472341", "47857002", "602", "301", "2099", "0", "10", "0", "0", "highway=residential surface=asphalt maxspeed=30 route_bicycle_lcn=yes", "", "5707", "840584"],
          ["11472159", "47856953", "602", "23", "2099", "0", "90", "0", "0", "reversedirection=yes highway=residential surface=asphalt maxspeed=30 route_bicycle_lcn=yes", "", "5710", "841048"],
          ["11477704", "47850731", "608", "929", "2798", "0", "212", "20", "0", "highway=path surface=asphalt foot=designated bicycle=designated segregated=no route_bicycle_lcn=yes", "highway=traffic_signals crossing=traffic_signals traffic_signals:direction=both traffic_signals=signal", "5849", "861961"],
          ["11477847", "47850262", "608", "53", "2798", "0", "1", "0", "0", "highway=path surface=asphalt tracktype=grade1 foot=yes bicycle=yes segregated=no route_bicycle_lcn=yes", "", "5857", "863105"],
          ["11478362", "47849091", "608", "137", "2915", "0", "3", "0", "0", "highway=living_street surface=asphalt maxspeed=unknown route_bicycle_lcn=yes", "", "5876", "865973"],
          ["11478443", "47848974", "608", "14", "2798", "0", "6", "25", "0", "highway=path surface=asphalt foot=designated bicycle=designated segregated=no route_bicycle_lcn=yes", "barrier=bollard", "5878", "866263"],
          ["11481067", "47840935", "607", "957", "2798", "0", "106", "0", "0", "highway=path surface=asphalt foot=designated bicycle=designated segregated=no route_bicycle_lcn=yes", "", "6008", "885838"],
          ["11481802", "47838651", "606", "262", "1908", "0", "11", "0", "0", "highway=track surface=compacted tracktype=grade3 access=agricultural foot=designated bicycle=designated smoothness=bad route_bicycle_lcn=yes", "", "6042", "890814"],
          ["11481860", "47834679", "604", "462", "1908", "0", "8", "0", "0", "reversedirection=yes highway=track surface=compacted maxspeed=30 tracktype=grade3 access=agricultural foot=designated bicycle=designated smoothness=bad route_bicycle_lcn=yes", "", "6101", "899770"],
          ["11481288", "47831371", "603", "370", "1632", "0", "1", "0", "0", "reversedirection=yes highway=unclassified surface=asphalt maxspeed=30 route_bicycle_lcn=yes", "", "6149", "906893"],
          ["11480694", "47829041", "602", "264", "2798", "0", "16", "0", "0", "reversedirection=yes highway=service surface=asphalt route_bicycle_lcn=yes", "", "6182", "911856"],
          ["11484598", "47825699", "601", "473", "2798", "0", "0", "0", "0", "reversedirection=yes highway=service surface=asphalt smoothness=good route_bicycle_lcn=yes", "", "6244", "921219"],
          ["11483529", "47820509", "607", "605", "2544", "0", "23", "0", "0", "reversedirection=yes highway=service surface=asphalt smoothness=excellent route_bicycle_lcn=yes", "", "6334", "934701"],
          ["11487418", "47818560", "624", "425", "2642", "0", "112", "0", "0", "highway=residential surface=asphalt", "", "6444", "951111"],
          ["11489669", "47818973", "637", "185", "1632", "0", "45", "0", "0", "reversedirection=yes highway=unclassified surface=asphalt route_bicycle_lcn=yes", "", "6524", "963154"],
          ["11491518", "47819730", "642", "163", "1632", "0", "1", "0", "0", "reversedirection=yes highway=unclassified surface=asphalt bicycle=yes smoothness=good route_bicycle_lcn=yes", "", "6570", "970117"],
          ["11496553", "47819664", "655", "379", "2882", "0", "1", "0", "0", "reversedirection=yes highway=service surface=asphalt", "", "6669", "984889"],
          ["11502991", "47812031", "642", "1112", "1572", "0", "31", "0", "0", "reversedirection=yes highway=track surface=compacted tracktype=grade3", "estimated_crossing_class=2", "6853", "1009584"],
          ["11502827", "47811986", "643", "13", "9079", "0", "52", "0", "400", "highway=secondary surface=asphalt maxspeed=100 smoothness=good", "estimated_crossing_class=2", "6855", "1009645"],
          ["11502112", "47801030", "628", "1395", "1965", "0", "105", "0", "20", "reversedirection=yes highway=track surface=compacted tracktype=grade3 smoothness=bad", "", "7026", "1030837"],
          ["11503409", "47800479", "627", "117", "9084", "0", "52", "0", "0", "reversedirection=yes highway=footway surface=dirt", "", "7041", "1033005"],
          ["11503498", "47800470", "627", "7", "5590", "0", "0", "0", "0", "reversedirection=yes highway=footway surface=metal", "", "7042", "1033139"],
          ["11507531", "47798766", "636", "367", "6223", "0", "13", "0", "0", "reversedirection=yes highway=path surface=pebblestone", "", "7100", "1041913"],
          ["11513181", "47796187", "662", "637", "1572", "0", "62", "0", "0", "reversedirection=yes highway=track surface=compacted tracktype=grade3", "", "7294", "1070924"],
          ["11513471", "47796154", "662", "22", "2642", "0", "0", "0", "0", "reversedirection=yes highway=residential surface=asphalt", "", "7299", "1071770"],
          ["11513534", "47794212", "645", "216", "1632", "0", "54", "0", "0", "highway=unclassified surface=asphalt maxspeed=50 bicycle=yes smoothness=good route_bicycle_icn=yes route_bicycle_rcn=yes", "", "7325", "1074021"],
          ["11529048", "47783558", "676", "1683", "2938", "0", "4", "0", "0", "highway=unclassified surface=asphalt maxspeed=100 bicycle=yes smoothness=good route_bicycle_icn=yes route_bicycle_rcn=yes", "", "7694", "1125155"],
          ["11539118", "47783121", "650", "809", "1632", "0", "59", "0", "0", "highway=unclassified surface=asphalt bicycle=yes smoothness=good route_bicycle_icn=yes route_bicycle_rcn=yes", "estimated_crossing_class=2", "7800", "1136195"],
          ["11537552", "47775644", "641", "860", "2798", "0", "42", "0", "0", "reversedirection=yes highway=path surface=asphalt foot=designated bicycle=designated smoothness=good segregated=no route_bicycle_icn=yes route_bicycle_rcn=yes", "", "7903", "1149409"],
          ["11538684", "47771922", "641", "422", "7579", "0", "0", "0", "0", "reversedirection=yes highway=footway surface=asphalt bicycle=yes smoothness=good footway=sidewalk cycleway=unknown sac_scale=hiking route_bicycle_icn=yes route_bicycle_rcn=yes", "highway=bus_stop", "7951", "1156641"],
          ["11538709", "47771862", "641", "7", "7579", "0", "0", "0", "0", "reversedirection=yes highway=footway surface=asphalt bicycle=yes smoothness=good footway=sidewalk cycleway=unknown sac_scale=hiking route_bicycle_icn=yes route_bicycle_rcn=yes", "", "7952", "1156784"],
          ["11538663", "47771850", "641", "4", "7806", "0", "59", "0", "0", "highway=footway surface=asphalt bicycle=yes smoothness=good sac_scale=hiking", "estimated_crossing_class=2", "7952", "1156866"],
          ["11539071", "47770637", "642", "139", "4586", "0", "62", "0", "400", "reversedirection=yes highway=secondary surface=asphalt maxspeed=50 smoothness=excellent", "estimated_crossing_class=2", "7973", "1160009"],
          ["11539141", "47770458", "643", "21", "4586", "0", "0", "0", "0", "reversedirection=yes highway=secondary surface=asphalt maxspeed=50 smoothness=excellent", "estimated_crossing_class=2", "7977", "1160511"],
          ["11539187", "47770336", "642", "14", "4586", "0", "0", "0", "0", "reversedirection=yes highway=secondary surface=asphalt maxspeed=50 smoothness=excellent", "estimated_crossing_class=2", "7979", "1160823"],
          ["11539238", "47770199", "642", "16", "4586", "0", "0", "0", "0", "reversedirection=yes highway=secondary surface=asphalt maxspeed=50 smoothness=excellent", "estimated_crossing_class=2", "7981", "1161149"],
          ["11539420", "47769687", "643", "59", "4586", "0", "0", "0", "0", "reversedirection=yes highway=secondary surface=asphalt maxspeed=50 smoothness=excellent", "estimated_crossing_class=2", "7990", "1162524"],
          ["11539595", "47768978", "643", "80", "4586", "0", "0", "0", "0", "reversedirection=yes highway=secondary surface=asphalt maxspeed=50 smoothness=excellent", "estimated_crossing_class=2", "8002", "1164300"],
          ["11539549", "47766758", "645", "251", "4586", "0", "0", "0", "0", "reversedirection=yes highway=secondary surface=asphalt maxspeed=50 smoothness=excellent", "estimated_crossing_class=2", "8042", "1170274"],
          ["11539604", "47766745", "645", "4", "7806", "0", "62", "0", "20", "highway=footway surface=asphalt bicycle=yes smoothness=good sac_scale=hiking", "", "8042", "1170354"],
          ["11539898", "47766425", "640", "43", "3032", "0", "10", "0", "0", "reversedirection=yes highway=footway surface=asphalt bicycle=yes smoothness=good route_bicycle_icn=yes route_bicycle_rcn=yes", "", "8047", "1171105"],
          ["11542888", "47764193", "640", "359", "3307", "0", "2", "0", "0", "reversedirection=yes highway=path surface=asphalt tracktype=grade1 foot=designated bicycle=yes smoothness=intermediate route_bicycle_icn=yes route_bicycle_rcn=yes", "", "8091", "1177461"],
          ["11548394", "47763639", "640", "424", "2544", "0", "3", "0", "0", "reversedirection=yes highway=path surface=asphalt tracktype=grade1 foot=designated bicycle=yes smoothness=excellent route_bicycle_icn=yes route_bicycle_rcn=yes", "", "8148", "1186026"],
          ["11556057", "47760524", "642", "692", "1283", "0", "7", "0", "0", "reversedirection=yes highway=path surface=asphalt tracktype=grade1 bicycle=yes smoothness=good route_bicycle_icn=yes route_bicycle_rcn=yes", "", "8246", "1200732"],
          ["11555941", "47760445", "643", "12", "3603", "0", "49", "0", "0", "highway=service surface=asphalt service=driveway bicycle=yes smoothness=good", "", "8248", "1201046"],
          ["11555784", "47760311", "644", "19", "4258", "0", "0", "0", "0", "highway=service surface=cobblestone service=driveway bicycle=yes smoothness=intermediate", "", "8252", "1201617"],
          ["11556154", "47760259", "644", "29", "4826", "0", "97", "20", "0", "reversedirection=yes highway=footway surface=sett foot=yes bicycle=yes", "highway=crossing estimated_crossing_class=2 crossing=unmarked", "8257", "1202403"],
          ["11556925", "47760570", "645", "67", "4897", "0", "20", "0", "400", "reversedirection=yes highway=secondary surface=asphalt maxspeed=50 bicycle=yes smoothness=good route_bicycle_rcn=yes", "", "8268", "1204057"]
        ],
        "times": [0,4.644,10.221,11.428,13.221,15.832,17.317,21.971,23.838,26.068,28.652,42.74,65.107,92.565,100.33,102.152,103.477,105.622,108.091,112.641,113.556,114.154,129.484,136.581,138.302,139.971,141.595,150.979,154.922,163.241,168.601,173.548,177.409,182.288,190.932,195.593,201.809,205.615,206.961,208.297,211.783,217.772,221.162,224.597,226.062,226.9,234.086,235.034,236.57,238.884,243.957,252.179,262.557,266.523,268.519,272.666,274.736,279.981,281.636,285.482,286.909,295.062,301.626,303.282,306.203,311.075,316.922,318.68,320.733,322.438,324.984,327.194,328.523,331.878,339.486,342.892,343.72,353.593,355.091,360.238,364.985,387.598,388.807,390.453,392.155,393.683,395.707,397.086,397.804,398.521,399.664,400.945,403.892,405.569,411.254,414.581,421.085,427.294,430.802,432.329,433.299,435.172,439.352,440.915,443.797,447.162,459.288,466.908,475.558,477.237,479.225,483.698,485.662,487.999,489.143,490.376,491.335,492.303,493.481,494.818,495.643,500,507.002,512.686,517.269,521.872,523.997,526.232,530.487,540.178,541.329,542.442,543.456,544.286,545.393,550.231,551.779,553.311,554.702,556.039,556.653,565.5,566.446,568.616,569.645,570.159,570.365,570.892,571.509,602.424,603.453,603.782,604.036,604.985,605.914,610.024,612.135,613.77,614.255,614.897,615.566,618.252,621.017,624.148,627.807,629.159,634.188,635.429,643.224,646.265,648.656,651.014,652.751,659.033,671.514,678.551,681.647,683.739,688.25,691.257,693.949,699.762,703.331,710.413,717.398,717.858,718.498,728.87,729.716,730.661,731.44,731.701,731.961,732.353,732.614,733.022,734.111,737.349,739.528,742.118,760.025,788.387,810.709,812.962,820.622,842.599,847.205,851.604,874.362,880.951,911.974,941.184,972.049,1001.491,1033.237,1041.996,1054.538,1066.088,1128.843,1137.645,1176.033,1216.01,1223.816,1240.088,1301.044,1331.92,1339.859,1343.992,1346.237,1347.798,1350.662,1354.76,1360.315,1376.494,1380,1380.601,1382.835,1387.947,1390.602,1390.91,1392.032,1393.357,1394.662,1400.394,1416.967,1420.628,1425.324,1440.462,1447.11,1458.596,1474.577,1475.167,1476.047,1480.36,1484.276,1487.076,1490.019,1497.252,1498.703,1500.133,1501.932,1513.141,1527.881,1577.431,1608.625,1643.565,1710.389,1779.206,1841.922,1912.957,1981.308,2028.115,2031.451,2045.966,2056.829,2080.515,2084.014,2085.537,2086.467,2105.128,2111.664,2123.699,2136.033,2137.682,2139.781,2147.959,2159.504,2162.873,2171.567,2177.873,2181.542,2185.167,2191.764,2193.502,2203.378,2206.107,2210.693,2216.076,2220.536,2232.8,2246.374,2250.455,2260.827,2271.127,2272.371,2287.457,2296.368,2298.629,2307.019,2311.06,2313.119,2316.74,2330.221,2341.342,2348.621,2352.34,2369.739,2377.791,2381.999,2385.233,2398.204,2403.977,2410.178,2413.174,2416.412,2422.322,2429.415,2432.138,2445.156,2451.02,2463.19,2465.364,2471.188,2477.128,2486.993,2490.836,2493.935,2495.002,2496.735,2498.288,2503.693,2507.442,2511.543,2514.03,2515.161,2516.874,2519.034,2522.222,2524.485,2529.32,2531.479,2535.697,2537.445,2540.531,2544.542,2546.291,2547.628,2548.656,2551.022,2553.079,2554.931,2557.091,2559.868,2568.508,2570.256,2573.753,2575.399,2579.719,2585.479,2592.37,2597.205,2605.33,2607.285,2609.033,2612.222,2615.102,2617.467,2618.187,2619.01,2619.73,2620.553,2622.404,2623.762,2627.722,2630.476,2634.92,2639.412,2642.909,2646.406,2650.294,2653.349,2655.247,2661.23,2667.168,2679.282,2692.156,2694.263,2696.817,2711.49,2725.076,2727.497,2731.967,2742.078,2747.975,2768.93,2770.558,2772.395,2775.372,2779.826,2790.461,2807.082,2811.397,2814.027,2816.491,2819.734,2825.945,2828.796,2831.414,2835.658,2839.354,2845.891,2848.183,2849.442,2853.343,2855.367,2856.931,2860.474,2862.883,2864.916,2866.482,2867.999,2869.852,2872.124,2875.815,2880.515,2900.714,2906.203,2908.737,2911.772,2921.361,2930.376,2936.499,2938.403,2939.395,2940.428,2941.5,2944.622,2945.904,2947.417,2949.208,2958.729,2960.442,2967.228,2968.552,2969.164,2970.682,2971.134,2971.961,2972.725,2973.557,2976.879,2977.45,2978.047,2978.647,2979.399,2980.102,2980.875,2981.997,2983.415,2984.657,2987.726,2990.792,2996.133,3001.331,3004.408,3011.497,3026.266,3049.632,3057.351,3062.069,3069.92,3089.644,3095.804,3100.14,3106.513,3110.687,3131.568,3135.867,3148.59,3174.385,3190.541,3203.949,3206.394,3211.604,3220.375,3223.912,3230.354,3258.834,3285.165,3286.551,3287.376,3288.942,3334.377,3403.502,3496.191,3514.818,3524.5,3533.208,3537.43,3541.83,3546.299,3559.642,3568.892,3585.205,3592.236,3601.498,3602.995,3604.246,3605.635,3616.576,3617.713,3622.842,3624.097,3625.433,3627.276,3627.733,3628.037,3632.087,3641.47,3643.476,3651.969,3664.961,3672.667,3694.284,3710.006,3722.767,3729.059,3743.591,3758.848,3778.886,3786.48,3788.035,3796.287,3804.029,3847.669,3854.306,3886.066,3917.471,3936.03,3947.485,3971.409,3999.239,4014.941,4017.144,4018.455,4026.623,4031.168,4037.35,4040.626,4042.93,4045.103,4048.829,4052.482,4055.077,4056.791,4058.555,4059.347,4061.996,4064.668,4067.433,4069.834,4075.173,4079.03,4080.583,4094.535,4096.189,4099.746,4104.119,4104.827,4122.894,4124.852,4130.771,4135.293,4138.88,4145.039,4151.392,4156.427,4157.406,4161.024,4166.662,4171.478,4186.384,4187.208,4189.13,4190.317,4193.794,4197.883,4202.468,4204.149,4208.064,4218.52,4230.52,4234.152,4236.467,4238.344,4238.975,4243.709,4247.63,4252.821,4256.518,4256.773,4258.181,4259.728,4264.424,4266.713,4268.654,4271.353,4276.316,4287.409,4292.057,4295.662,4298.775,4300.337,4301.597,4307.76,4317.66,4324.286,4339.772,4341.149,4345.336,4352.615,4353.656,4384.223,4386.505,4387.312,4394.738,4397.448,4400.162,4402.523,4403.677,4404.836,4407.496,4408.224,4410.229,4411.908,4412.282,4413.856,4417.292,4418.216,4422.205,4424.063,4426.249,4429.807,4431.664,4433.928,4441.917,4443.255,4444.182,4444.795,4455.146,4459.94,4464.013,4468.474,4469.938,4470.546,4471.604,4477.75,4482.343,4483.323,4484.319,4488.7,4494.714,4495.688,4497.631,4500.539,4503.026,4503.854,4504.681,4506.536,4507.201,4507.6,4508.132,4508.666,4509.333,4512.009,4513.429,4517.57,4518.521,4519.392,4519.766,4522.445,4525.481,4530.222,4531.68,4534.999,4536.857,4538.848,4544.013,4545.256,4545.564,4550.168,4551.841,4557.631,4558.361,4564.12,4566.394,4571.743,4590.024,4596.472,4603.507,4608.658,4610.876,4613.917,4619.868,4623.11,4628.208,4632.499,4637.721,4638.562,4642.055,4643.258,4645.879,4650.322,4653.105,4654.385,4657.6,4664.475,4669.117,4679.59,4693.528,4706.852,4720.308,4728.389,4729.119,4729.788,4734.013,4734.626,4735.237,4738.722,4740.395,4742.193,4749.319,4753.165,4754.796,4755.303,4760.737,4780.952,4791.067,4803.983,4820.328,4822.586,4824.132,4825.593,4827.188,4829.348,4831.286,4833.132,4833.928,4834.087,4838.343,4843.404,4848.71,4854.987,4860.301,4864.625,4867.656,4869.899,4871.672,4873.049,4878.466,4888.198,4893.042,4898.419,4911.912,4916.394,4926.448,4936.264,4940.475,4950.96,4961.384,4976.905,4986.317,4988.732,4989.777,4994.445,4995.289,4997.888,5001.835,5003.313,5005.604,5031.087,5039.234,5047.488,5054.693,5061.801,5094.094,5095.765,5101.588,5102.97,5104.264,5104.713,5105.311,5106.608,5128.445,5138.813,5144.631,5146.928,5153.629,5154.224,5163.226,5167.34,5169.685,5171.2,5182.232,5198.6,5200.463,5201.604,5205.992,5209.779,5211.593,5213.403,5219.915,5228.002,5233.625,5235.994,5237.751,5242.373,5243.802,5244.656,5248.334,5253.66,5257.568,5261.535,5263.418,5271.396,5281.085,5288.392,5291.918,5295.559,5300.151,5301.538,5306.238,5308.76,5311.497,5315.657,5318.785,5320.401,5326.4,5328.321,5329.811,5331.509,5334.22,5335.84,5338.5,5339.573,5340.244,5341.05,5344.404,5345.101,5346.974,5355.861,5364.854,5413.832,5447.329,5478.369,5490.266,5492.707,5494.703,5496.066,5499.201,5509.675,5515.155,5517.736,5521.342,5523.2,5524.053,5525.904,5526.971,5529.017,5529.794,5530.602,5531.273,5532.599,5533.742,5536.847,5540.63,5543.91,5548.049,5549.108,5551.179,5553.42,5556.365,5560.135,5562.523,5564.146,5565.37,5566.005,5566.831,5567.973,5588.966,5604.376,5614.519,5620.311,5627.697,5635.784,5641.268,5656.7,5662.58,5664.389,5665.083,5666.055,5666.471,5666.887,5672.692,5676.686,5677.511,5679.298,5684.651,5689.037,5699.576,5705.183,5707.289,5707.685,5708.081,5708.495,5709.046,5709.459,5709.988,5710.385,5712.508,5719.869,5726.149,5728.508,5734.037,5737.343,5739.681,5744.076,5746.271,5748.19,5751.322,5755.786,5765.343,5767.918,5785.75,5790.31,5805.916,5809.844,5814.409,5815.86,5818.021,5821.872,5829.883,5833.917,5842.331,5849.788,5857.412,5860.101,5863.054,5865.572,5869.192,5875.146,5875.836,5876.526,5878.456,5882.447,5900.405,5906.423,5913.259,5919.136,5933.347,5949.604,5953.292,5966.405,5979.109,5982.797,5991.813,6000.965,6003.287,6004.517,6005.746,6008.941,6015.11,6020.456,6027.685,6029.371,6033.035,6036.74,6039.201,6040.558,6042.112,6053.194,6059.299,6064.055,6067.521,6069.326,6073.615,6075.347,6082.205,6083.215,6086.535,6090.166,6092.313,6098.305,6101.809,6104.718,6121.736,6124.088,6143.876,6149.291,6181.841,6182.377,6186.008,6187.626,6192.223,6198.587,6207.386,6216.75,6225.478,6234.231,6238.62,6244.79,6246.002,6246.677,6247.217,6249.513,6253.557,6256.199,6258.658,6264.935,6266.461,6266.993,6268.662,6269.602,6270.14,6272.798,6275.306,6278.623,6284.595,6322.869,6328.789,6334.663,6339.839,6343.989,6355.33,6364.582,6366.798,6373.741,6382.165,6393.608,6398.455,6408.393,6417.307,6426.712,6430.027,6437.492,6444.051,6462.092,6476.156,6488.666,6496.059,6500.318,6507.723,6510.266,6524.323,6525.591,6530.521,6533.663,6538.102,6550.372,6570.737,6573.305,6587.093,6591.745,6597.033,6609.902,6617.059,6620.831,6633.197,6657.553,6663.552,6666.504,6669.202,6677.451,6680.173,6682.224,6686.646,6691.44,6692.967,6694.133,6695.232,6697.015,6699.109,6701.224,6704.424,6705.883,6707.483,6711.095,6713.443,6715.865,6717.79,6719.026,6720.537,6724.641,6726.506,6728.645,6731.255,6732.157,6734.242,6737.472,6739.137,6741.688,6742.963,6746.07,6752.756,6756.903,6764.783,6771.152,6777.799,6786.201,6793.765,6796.269,6798.515,6811.908,6821.401,6830.604,6833.38,6841.609,6853.746,6855.083,6856.832,6864.649,6872.363,6875.346,6876.889,6880.078,6887.483,6896.199,6906.774,6918.207,6927.014,6939.69,6941.578,6943.92,6949.662,6950.439,6955.893,6956.795,6957.831,6967.699,6974.167,6977.172,6979.64,6981.882,6982.61,6987.198,6993.028,7004.682,7012.181,7020.958,7025.659,7026.163,7026.894,7036.36,7039.959,7040.211,7041.095,7041.348,7042.238,7042.852,7044.046,7048.108,7050.686,7062.657,7063.202,7063.747,7075.951,7079.265,7081.051,7085.204,7100.72,7165.004,7171.353,7190.398,7224.85,7231.892,7238.188,7247.349,7248.04,7249.958,7250.581,7252.072,7255.643,7257.816,7261.598,7268.681,7272.871,7294.104,7298.381,7299.746,7309.795,7311.026,7318.123,7325.22,7331.186,7353.3,7357.711,7362.147,7365.027,7367.804,7373.14,7381.488,7390.745,7428.257,7467.763,7484.9,7521.968,7543.567,7641.333,7669.768,7673.977,7694.925,7698.679,7700.07,7703.208,7704.328,7705.86,7707.093,7727.658,7729.201,7734.935,7736.312,7738.206,7740.102,7741.703,7745.2,7748.697,7750.034,7751.372,7755.125,7756.153,7757.285,7758.725,7760.955,7764.919,7768.26,7771.448,7772.785,7775.048,7779.368,7781.322,7785.54,7793.768,7795.517,7798.603,7800.248,7801.585,7805.699,7813.577,7816.662,7820.02,7824.435,7830.563,7834.016,7840.595,7848.573,7855.178,7861.172,7875.011,7886.222,7891.735,7895.068,7898.462,7900.622,7903.275,7908.127,7925.979,7938.042,7949.396,7951.484,7952.439,7952.986,7959.219,7963.805,7969.134,7973.938,7977.283,7979.367,7981.539,7990.702,7997.034,8000.778,8002.547,8015.147,8017.925,8022.793,8025.926,8032.063,8034.974,8039.446,8040.912,8042.368,8042.901,8044.7,8046.384,8047.906,8052.132,8055.496,8057.7,8060.784,8067.626,8070.857,8072.806,8077.126,8081.697,8084.308,8086.573,8089.162,8091.034,8092.147,8092.938,8093.97,8095.837,8100.575,8103.088,8104.623,8106.816,8108.362,8109.844,8111.012,8114.672,8119.832,8122.106,8124.228,8128.998,8135.478,8142.712,8145.739,8148.124,8149.721,8152.772,8153.464,8169.042,8176.775,8180.304,8182.269,8185.894,8189.869,8203.752,8208.766,8214.185,8219.297,8224.577,8225.708,8229.045,8233.306,8235.561,8237.719,8239.265,8240.79,8243.609,8246.149,8248.24,8252.05,8255.057,8257.287,8268.316]
      },
      "geometry": {
        "type": "LineString",
        "coordinates": [
          [11.543471, 48.099827, 528.0],
          [11.543399, 48.100125, 528.0],
          [11.542900, 48.100060, 528.5],
          [11.542793, 48.100035, 528.75],
          [11.542667, 48.099983, 529.25],
          [11.542515, 48.099900, 529.75],
          [11.542444, 48.099846, 530.25],
          [11.542283, 48.099687, 531.5],
          [11.542216, 48.099581, 532.5],
          [11.542162, 48.099476, 534.0],
          [11.542118, 48.099368, 535.0],
          [11.542008, 48.098949, 538.0],
          [11.541942, 48.098440, 542.5],
          [11.541877, 48.097806, 546.25],
          [11.541789, 48.097580, 547.0],
          [11.541735, 48.097536, 547.75],
          [11.541687, 48.097512, 548.5],
          [11.541605, 48.097514, 549.25],
          [11.541517, 48.097516, 549.5],
          [11.541501, 48.097389, 549.5],
          [11.541496, 48.097359, 549.5],
          [11.541492, 48.097341, 549.5],
          [11.541391, 48.096805, 549.75],
          [11.541343, 48.096497, 550.0],
          [11.541331, 48.096420, 550.0],
          [11.541312, 48.096342, 550.0],
          [11.541277, 48.096266, 550.0],
          [11.541209, 48.095802, 550.5],
          [11.541195, 48.095584, 550.5],
          [11.541234, 48.095171, 551.5],
          [11.541247, 48.094869, 551.25],
          [11.541177, 48.094569, 551.0],
          [11.541095, 48.094332, 551.0],
          [11.540956, 48.094060, 551.5],
          [11.540619, 48.093619, 552.0],
          [11.540419, 48.093386, 552.25],
          [11.540135, 48.093118, 553.0],
          [11.539970, 48.092921, 552.75],
          [11.539906, 48.092853, 552.75],
          [11.539847, 48.092784, 552.75],
          [11.539724, 48.092613, 553.5],
          [11.539539, 48.092327, 554.0],
          [11.539411, 48.092155, 554.0],
          [11.539286, 48.091979, 554.0],
          [11.539409, 48.091941, 553.75],
          [11.539483, 48.091912, 553.5],
          [11.539188, 48.091511, 553.75],
          [11.539228, 48.091481, 553.5],
          [11.539255, 48.091421, 553.25],
          [11.539256, 48.091323, 553.25],
          [11.539240, 48.091088, 553.25],
          [11.539117, 48.090614, 552.5],
          [11.538953, 48.089988, 552.5],
          [11.538888, 48.089726, 552.0],
          [11.538858, 48.089597, 552.0],
          [11.538793, 48.089321, 552.0],
          [11.538773, 48.089180, 551.75],
          [11.538727, 48.088858, 552.5],
          [11.538719, 48.088747, 552.25],
          [11.538699, 48.088461, 551.25],
          [11.538692, 48.088355, 551.0],
          [11.538698, 48.087780, 551.25],
          [11.538650, 48.087328, 551.25],
          [11.538634, 48.087220, 551.5],
          [11.538602, 48.087057, 552.5],
          [11.538542, 48.086744, 551.75],
          [11.538497, 48.086314, 550.75],
          [11.538468, 48.086188, 550.75],
          [11.538423, 48.086058, 551.25],
          [11.538354, 48.085970, 552.0],
          [11.538242, 48.085847, 552.25],
          [11.538135, 48.085750, 552.75],
          [11.538100, 48.085682, 552.75],
          [11.538018, 48.085518, 553.25],
          [11.537834, 48.085170, 554.0],
          [11.537746, 48.085000, 554.0],
          [11.537721, 48.084955, 554.0],
          [11.537435, 48.084424, 554.0],
          [11.537389, 48.084335, 554.0],
          [11.537232, 48.084037, 554.0],
          [11.537085, 48.083758, 554.0],
          [11.536472, 48.082640, 556.0],
          [11.536461, 48.082565, 556.0],
          [11.536507, 48.082474, 556.0],
          [11.536621, 48.082408, 556.25],
          [11.536731, 48.082364, 556.25],
          [11.536891, 48.082293, 556.0],
          [11.536963, 48.082219, 555.75],
          [11.536977, 48.082179, 556.0],
          [11.536981, 48.082130, 556.0],
          [11.536962, 48.082061, 556.0],
          [11.536919, 48.081987, 556.0],
          [11.536796, 48.081826, 556.25],
          [11.536724, 48.081732, 556.0],
          [11.536496, 48.081423, 556.5],
          [11.536345, 48.081266, 557.0],
          [11.536016, 48.080920, 556.5],
          [11.535770, 48.080545, 556.25],
          [11.535664, 48.080343, 556.75],
          [11.535606, 48.080254, 556.5],
          [11.535569, 48.080196, 556.5],
          [11.535485, 48.080091, 556.75],
          [11.535295, 48.079900, 557.5],
          [11.535217, 48.079831, 557.5],
          [11.535052, 48.079710, 557.75],
          [11.534870, 48.079589, 558.5],
          [11.534296, 48.079207, 560.0],
          [11.533962, 48.078979, 561.25],
          [11.533550, 48.078718, 562.0],
          [11.533472, 48.078651, 562.0],
          [11.533400, 48.078565, 562.0],
          [11.533349, 48.078332, 562.0],
          [11.533340, 48.078212, 561.5],
          [11.533355, 48.078057, 561.0],
          [11.533400, 48.077985, 560.5],
          [11.533452, 48.077903, 560.25],
          [11.533516, 48.077844, 560.0],
          [11.533591, 48.077797, 560.0],
          [11.533706, 48.077733, 559.0],
          [11.533822, 48.077648, 558.25],
          [11.533891, 48.077596, 558.25],
          [11.534248, 48.077347, 558.75],
          [11.534667, 48.077070, 560.75],
          [11.534924, 48.076883, 562.5],
          [11.535145, 48.076706, 562.25],
          [11.535377, 48.076498, 562.0],
          [11.535490, 48.076381, 561.5],
          [11.535610, 48.076233, 560.25],
          [11.535822, 48.075953, 560.25],
          [11.536239, 48.075345, 560.5],
          [11.536261, 48.075269, 560.25],
          [11.536253, 48.075195, 560.75],
          [11.536228, 48.075132, 561.0],
          [11.536297, 48.075100, 560.75],
          [11.536378, 48.075047, 560.75],
          [11.536705, 48.074757, 559.75],
          [11.536835, 48.074692, 560.0],
          [11.536989, 48.074625, 558.75],
          [11.537135, 48.074583, 556.0],
          [11.537309, 48.074558, 554.5],
          [11.537339, 48.074520, 556.0],
          [11.538244, 48.074463, 556.25],
          [11.538356, 48.074472, 555.5],
          [11.538637, 48.074494, 554.25],
          [11.538775, 48.074490, 553.25],
          [11.538838, 48.074476, 553.25],
          [11.538862, 48.074462, 553.5],
          [11.538885, 48.074423, 553.75],
          [11.538900, 48.074374, 552.75],
          [11.542373, 48.074701, 552.75],
          [11.542355, 48.074793, 553.75],
          [11.542366, 48.074815, 554.25],
          [11.542386, 48.074830, 555.25],
          [11.542443, 48.074853, 557.5],
          [11.542521, 48.074856, 559.5],
          [11.542774, 48.074831, 561.5],
          [11.542936, 48.074838, 560.75],
          [11.543056, 48.074873, 560.5],
          [11.543085, 48.074889, 560.5],
          [11.543116, 48.074914, 560.5],
          [11.543124, 48.074948, 560.75],
          [11.543070, 48.075082, 561.25],
          [11.542997, 48.075201, 562.0],
          [11.542914, 48.075337, 562.25],
          [11.542673, 48.075282, 562.5],
          [11.542693, 48.075220, 562.75],
          [11.542791, 48.075020, 563.75],
          [11.542808, 48.074962, 563.0],
          [11.542894, 48.074563, 560.25],
          [11.542941, 48.074408, 560.5],
          [11.543026, 48.074291, 560.75],
          [11.543151, 48.074216, 561.25],
          [11.543267, 48.074182, 561.75],
          [11.543560, 48.073971, 562.25],
          [11.543902, 48.073423, 563.0],
          [11.544222, 48.073104, 563.0],
          [11.544294, 48.072882, 561.5],
          [11.544381, 48.072746, 561.75],
          [11.544588, 48.072480, 562.0],
          [11.544671, 48.072289, 562.0],
          [11.544768, 48.072160, 563.25],
          [11.545011, 48.071970, 564.75],
          [11.545094, 48.071819, 565.0],
          [11.545639, 48.071758, 564.75],
          [11.546228, 48.071694, 564.75],
          [11.546261, 48.071680, 564.75],
          [11.546307, 48.071660, 565.0],
          [11.547213, 48.071574, 565.0],
          [11.547295, 48.071566, 564.75],
          [11.547386, 48.071558, 564.5],
          [11.547467, 48.071548, 564.25],
          [11.547493, 48.071546, 564.25],
          [11.547519, 48.071544, 564.25],
          [11.547552, 48.071537, 564.25],
          [11.547579, 48.071531, 564.25],
          [11.547620, 48.071523, 564.5],
          [11.547718, 48.071485, 564.5],
          [11.547957, 48.071367, 565.0],
          [11.548090, 48.071271, 565.0],
          [11.548244, 48.071144, 565.0],
          [11.549277, 48.070335, 565.75],
          [11.550830, 48.069065, 567.0],
          [11.552185, 48.067946, 567.0],
          [11.552320, 48.067826, 566.75],
          [11.552771, 48.067489, 567.75],
          [11.554044, 48.066401, 567.75],
          [11.554335, 48.066194, 568.0],
          [11.554632, 48.065996, 568.0],
          [11.556226, 48.064984, 568.0],
          [11.556698, 48.064687, 568.0],
          [11.558751, 48.063383, 569.0],
          [11.560795, 48.062063, 569.0],
          [11.558848, 48.060692, 570.0],
          [11.557018, 48.059398, 571.0],
          [11.555041, 48.058001, 572.0],
          [11.554500, 48.057619, 572.5],
          [11.553738, 48.057080, 573.0],
          [11.553033, 48.056582, 573.5],
          [11.549290, 48.053924, 576.0],
          [11.548738, 48.053534, 576.5],
          [11.549010, 48.051128, 580.0],
          [11.548792, 48.048817, 582.0],
          [11.548751, 48.048315, 582.0],
          [11.548666, 48.047340, 582.75],
          [11.548303, 48.043889, 585.75],
          [11.548130, 48.042052, 587.0],
          [11.548086, 48.041561, 587.25],
          [11.548073, 48.041314, 587.75],
          [11.548091, 48.041176, 587.75],
          [11.548130, 48.041082, 587.5],
          [11.548187, 48.040975, 587.0],
          [11.548329, 48.040816, 586.75],
          [11.548564, 48.040582, 586.75],
          [11.549319, 48.039801, 586.75],
          [11.549490, 48.039633, 587.0],
          [11.549490, 48.039595, 587.0],
          [11.549487, 48.039461, 587.0],
          [11.549475, 48.039147, 587.0],
          [11.549467, 48.038998, 587.5],
          [11.549466, 48.038977, 587.5],
          [11.549411, 48.038922, 587.75],
          [11.549460, 48.038861, 588.0],
          [11.549501, 48.038793, 588.0],
          [11.549606, 48.038483, 588.25],
          [11.549809, 48.037728, 590.25],
          [11.549847, 48.037524, 590.0],
          [11.549865, 48.037283, 590.75],
          [11.550033, 48.036530, 591.75],
          [11.550159, 48.036172, 592.0],
          [11.550405, 48.035525, 592.25],
          [11.550729, 48.034635, 593.0],
          [11.550676, 48.034618, 593.0],
          [11.550640, 48.034570, 593.0],
          [11.550696, 48.034282, 592.5],
          [11.550752, 48.034019, 592.25],
          [11.550783, 48.033818, 592.0],
          [11.550767, 48.033624, 592.25],
          [11.550683, 48.033222, 593.5],
          [11.550649, 48.033140, 593.75],
          [11.550618, 48.033062, 593.75],
          [11.550684, 48.032970, 594.0],
          [11.550112, 48.032556, 595.0],
          [11.549284, 48.031963, 595.5],
          [11.546066, 48.029690, 598.75],
          [11.544169, 48.028316, 600.0],
          [11.542129, 48.026898, 602.0],
          [11.538295, 48.024214, 605.75],
          [11.534288, 48.021347, 609.25],
          [11.530513, 48.018685, 612.0],
          [11.526430, 48.015793, 616.0],
          [11.522661, 48.013158, 620.75],
          [11.519731, 48.015026, 620.0],
          [11.519501, 48.015173, 620.0],
          [11.518485, 48.015860, 619.75],
          [11.517824, 48.015371, 620.5],
          [11.516463, 48.014423, 622.0],
          [11.516188, 48.014315, 622.0],
          [11.516047, 48.014329, 621.75],
          [11.515957, 48.014341, 621.5],
          [11.515687, 48.013282, 623.0],
          [11.515600, 48.012908, 623.5],
          [11.515470, 48.012222, 624.0],
          [11.515316, 48.011583, 625.25],
          [11.515342, 48.011497, 625.5],
          [11.515162, 48.011500, 625.5],
          [11.514402, 48.011515, 625.0],
          [11.513467, 48.011532, 626.25],
          [11.513180, 48.011557, 626.25],
          [11.512366, 48.011642, 626.0],
          [11.511576, 48.011794, 623.25],
          [11.511104, 48.011774, 622.5],
          [11.510632, 48.011754, 621.75],
          [11.509817, 48.011737, 621.25],
          [11.509627, 48.011733, 621.75],
          [11.508599, 48.011714, 621.75],
          [11.508333, 48.011714, 622.0],
          [11.507928, 48.011714, 622.75],
          [11.507464, 48.011714, 623.0],
          [11.507069, 48.011697, 623.0],
          [11.505957, 48.011630, 623.25],
          [11.504784, 48.011558, 624.0],
          [11.504406, 48.011540, 624.0],
          [11.503435, 48.011495, 624.0],
          [11.502439, 48.011469, 624.0],
          [11.502324, 48.011469, 624.0],
          [11.501015, 48.011472, 625.0],
          [11.500237, 48.011662, 625.0],
          [11.500134, 48.011536, 625.0],
          [11.499781, 48.011053, 625.0],
          [11.499639, 48.010827, 625.5],
          [11.499587, 48.010706, 625.5],
          [11.499510, 48.010510, 626.0],
          [11.499175, 48.009726, 626.0],
          [11.498879, 48.009135, 627.0],
          [11.498685, 48.008735, 627.25],
          [11.498617, 48.008533, 627.75],
          [11.498361, 48.007582, 628.5],
          [11.498214, 48.007133, 629.0],
          [11.498148, 48.006883, 629.0],
          [11.498127, 48.006684, 629.0],
          [11.498255, 48.005871, 629.0],
          [11.498356, 48.005549, 629.75],
          [11.498450, 48.005196, 630.0],
          [11.498478, 48.005021, 630.0],
          [11.498493, 48.004825, 630.0],
          [11.498492, 48.004458, 630.0],
          [11.498409, 48.004058, 630.75],
          [11.498394, 48.003896, 630.75],
          [11.498287, 48.003117, 631.0],
          [11.498167, 48.002761, 631.0],
          [11.498457, 48.002129, 632.25],
          [11.498485, 48.002013, 632.75],
          [11.498340, 48.001713, 633.0],
          [11.498305, 48.001376, 633.0],
          [11.498210, 48.000839, 633.75],
          [11.498095, 48.000637, 634.0],
          [11.498033, 48.000465, 634.0],
          [11.497993, 48.000404, 634.0],
          [11.497965, 48.000310, 634.25],
          [11.497960, 48.000220, 634.25],
          [11.498080, 47.999932, 634.75],
          [11.498174, 47.999728, 634.75],
          [11.497855, 47.999631, 635.0],
          [11.497684, 47.999507, 634.0],
          [11.497601, 47.999427, 632.0],
          [11.497514, 47.999309, 629.75],
          [11.497436, 47.999126, 627.0],
          [11.497343, 47.998855, 623.5],
          [11.497265, 47.998660, 619.75],
          [11.497133, 47.998248, 616.5],
          [11.497048, 47.998072, 614.75],
          [11.496798, 47.997748, 610.25],
          [11.496676, 47.997619, 608.5],
          [11.496475, 47.997381, 606.25],
          [11.496240, 47.997066, 603.25],
          [11.496120, 47.996938, 602.0],
          [11.495999, 47.996854, 600.0],
          [11.495889, 47.996799, 599.25],
          [11.495633, 47.996686, 599.0],
          [11.495398, 47.996606, 596.75],
          [11.495176, 47.996542, 595.25],
          [11.494908, 47.996484, 595.0],
          [11.494565, 47.996420, 595.25],
          [11.493475, 47.996238, 590.5],
          [11.493252, 47.996207, 590.0],
          [11.492802, 47.996161, 589.5],
          [11.492586, 47.996131, 589.0],
          [11.492039, 47.996062, 585.5],
          [11.491291, 47.996058, 582.25],
          [11.490401, 47.996004, 578.0],
          [11.489792, 47.995904, 573.5],
          [11.488738, 47.995807, 569.25],
          [11.488485, 47.995807, 568.25],
          [11.488261, 47.995827, 567.5],
          [11.487860, 47.995887, 567.5],
          [11.487482, 47.995911, 567.0],
          [11.487168, 47.995913, 566.25],
          [11.487078, 47.995884, 565.75],
          [11.486990, 47.995847, 565.0],
          [11.486919, 47.995807, 565.0],
          [11.486844, 47.995750, 565.25],
          [11.486718, 47.995613, 565.75],
          [11.486645, 47.995506, 565.75],
          [11.486701, 47.995221, 566.75],
          [11.486713, 47.995007, 566.0],
          [11.486679, 47.994687, 566.25],
          [11.486611, 47.994390, 566.75],
          [11.486506, 47.994095, 567.0],
          [11.486368, 47.993804, 566.0],
          [11.486215, 47.993512, 566.75],
          [11.486073, 47.993275, 566.0],
          [11.485990, 47.993158, 567.25],
          [11.485709, 47.992779, 566.75],
          [11.485429, 47.992429, 567.0],
          [11.484741, 47.991649, 565.75],
          [11.484078, 47.990926, 566.25],
          [11.483975, 47.990800, 566.0],
          [11.483859, 47.990637, 565.75],
          [11.483304, 47.989762, 566.25],
          [11.482757, 47.988955, 566.25],
          [11.482670, 47.988811, 566.5],
          [11.482522, 47.988519, 566.0],
          [11.482198, 47.987830, 565.5],
          [11.481995, 47.987448, 565.5],
          [11.481271, 47.986133, 565.5],
          [11.481227, 47.986029, 565.5],
          [11.481193, 47.985918, 565.75],
          [11.481154, 47.985721, 565.5],
          [11.481107, 47.985419, 565.25],
          [11.481057, 47.984678, 565.0],
          [11.480948, 47.983673, 566.0],
          [11.480915, 47.983434, 566.75],
          [11.480883, 47.983287, 566.75],
          [11.480820, 47.983119, 565.75],
          [11.480729, 47.982925, 566.25],
          [11.480507, 47.982511, 565.5],
          [11.480417, 47.982326, 565.5],
          [11.480350, 47.982155, 565.5],
          [11.480265, 47.981886, 565.75],
          [11.480202, 47.981639, 565.5],
          [11.480077, 47.981209, 565.5],
          [11.480014, 47.981047, 564.75],
          [11.479965, 47.980953, 564.25],
          [11.479769, 47.980681, 564.0],
          [11.479641, 47.980556, 564.0],
          [11.479534, 47.980471, 564.5],
          [11.479326, 47.980288, 564.75],
          [11.479196, 47.980159, 565.0],
          [11.479108, 47.980033, 564.75],
          [11.479059, 47.979934, 564.5],
          [11.479028, 47.979828, 564.25],
          [11.479005, 47.979701, 564.5],
          [11.478989, 47.979527, 563.75],
          [11.478991, 47.979250, 563.5],
          [11.479006, 47.978906, 563.5],
          [11.479159, 47.977582, 564.0],
          [11.479144, 47.977260, 564.75],
          [11.479125, 47.977130, 565.5],
          [11.479059, 47.976983, 566.0],
          [11.478830, 47.976546, 566.75],
          [11.478511, 47.976013, 565.75],
          [11.478208, 47.975608, 564.75],
          [11.478140, 47.975492, 565.25],
          [11.478124, 47.975430, 565.5],
          [11.478128, 47.975366, 565.75],
          [11.478146, 47.975304, 566.0],
          [11.478225, 47.975142, 566.5],
          [11.478230, 47.975072, 566.5],
          [11.478214, 47.974986, 566.25],
          [11.478178, 47.974871, 565.75],
          [11.477976, 47.974305, 566.25],
          [11.477963, 47.974202, 566.75],
          [11.477947, 47.973795, 566.75],
          [11.477925, 47.973717, 566.75],
          [11.477903, 47.973685, 567.0],
          [11.477813, 47.973616, 567.0],
          [11.477790, 47.973597, 567.0],
          [11.477737, 47.973555, 566.5],
          [11.477664, 47.973578, 566.0],
          [11.477577, 47.973585, 565.5],
          [11.477175, 47.973578, 564.75],
          [11.477103, 47.973572, 564.75],
          [11.477045, 47.973553, 565.0],
          [11.476998, 47.973524, 565.0],
          [11.476950, 47.973480, 565.25],
          [11.476912, 47.973429, 564.75],
          [11.476890, 47.973365, 564.25],
          [11.476889, 47.973271, 564.25],
          [11.476907, 47.973167, 564.5],
          [11.477036, 47.973142, 564.75],
          [11.477003, 47.972908, 564.25],
          [11.476958, 47.972676, 564.0],
          [11.476853, 47.972225, 562.5],
          [11.476800, 47.971831, 562.75],
          [11.476813, 47.971609, 562.75],
          [11.476905, 47.971175, 563.75],
          [11.477217, 47.970231, 563.5],
          [11.477838, 47.968754, 563.5],
          [11.478020, 47.968315, 564.25],
          [11.478161, 47.968009, 563.5],
          [11.478310, 47.967487, 563.5],
          [11.478435, 47.966147, 563.25],
          [11.478349, 47.965785, 564.0],
          [11.478204, 47.965510, 563.5],
          [11.477964, 47.965093, 563.0],
          [11.477875, 47.964811, 563.0],
          [11.477759, 47.963560, 564.25],
          [11.477650, 47.963238, 562.75],
          [11.477298, 47.962335, 562.5],
          [11.476741, 47.960763, 563.5],
          [11.476226, 47.959738, 563.25],
          [11.475761, 47.958934, 563.5],
          [11.475652, 47.958801, 563.75],
          [11.475363, 47.958521, 563.5],
          [11.474820, 47.958148, 564.25],
          [11.474528, 47.957979, 563.0],
          [11.473946, 47.957686, 562.5],
          [11.471693, 47.956603, 563.25],
          [11.469978, 47.955786, 565.5],
          [11.469847, 47.955741, 564.5],
          [11.469767, 47.955704, 564.0],
          [11.469626, 47.955620, 563.5],
          [11.465891, 47.953803, 564.0],
          [11.460453, 47.951205, 564.5],
          [11.453314, 47.947755, 565.75],
          [11.451896, 47.947083, 566.25],
          [11.451063, 47.946689, 565.5],
          [11.450324, 47.946361, 565.5],
          [11.449999, 47.946276, 566.75],
          [11.449665, 47.946221, 567.25],
          [11.449197, 47.946160, 565.5],
          [11.447925, 47.946109, 566.25],
          [11.446952, 47.946068, 565.5],
          [11.445163, 47.945971, 564.5],
          [11.444539, 47.945945, 565.5],
          [11.443766, 47.945928, 566.25],
          [11.443647, 47.945903, 566.75],
          [11.443576, 47.945854, 566.5],
          [11.443495, 47.945774, 565.25],
          [11.443554, 47.945102, 566.25],
          [11.443523, 47.945038, 567.0],
          [11.443246, 47.944840, 567.5],
          [11.443248, 47.944769, 567.25],
          [11.443303, 47.944698, 567.0],
          [11.443410, 47.944620, 567.25],
          [11.443440, 47.944601, 567.25],
          [11.443455, 47.944583, 567.25],
          [11.443253, 47.944395, 567.5],
          [11.442927, 47.943894, 567.75],
          [11.442856, 47.943787, 568.0],
          [11.442631, 47.943264, 567.5],
          [11.442326, 47.942491, 568.0],
          [11.442175, 47.942046, 568.5],
          [11.441763, 47.940642, 568.0],
          [11.441677, 47.939797, 569.75],
          [11.441606, 47.938995, 569.5],
          [11.441568, 47.938510, 568.0],
          [11.441560, 47.937500, 568.25],
          [11.441627, 47.936641, 569.75],
          [11.441937, 47.935401, 569.75],
          [11.442112, 47.934874, 569.0],
          [11.442152, 47.934772, 569.0],
          [11.442375, 47.934281, 569.75],
          [11.442631, 47.933835, 570.0],
          [11.444174, 47.931323, 570.75],
          [11.444383, 47.930942, 571.25],
          [11.445444, 47.929148, 572.0],
          [11.446500, 47.927382, 573.0],
          [11.447165, 47.926292, 573.25],
          [11.447549, 47.925638, 573.75],
          [11.448372, 47.924269, 574.25],
          [11.449352, 47.922651, 574.75],
          [11.449880, 47.921749, 575.25],
          [11.449926, 47.921616, 575.5],
          [11.449898, 47.921535, 575.5],
          [11.449780, 47.921013, 575.25],
          [11.449780, 47.920716, 575.25],
          [11.449852, 47.920312, 575.25],
          [11.449822, 47.920110, 575.5],
          [11.449738, 47.919984, 576.0],
          [11.449630, 47.919868, 575.75],
          [11.449408, 47.919700, 576.0],
          [11.449191, 47.919526, 576.0],
          [11.449064, 47.919388, 576.0],
          [11.448998, 47.919301, 576.5],
          [11.448948, 47.919209, 576.75],
          [11.448926, 47.919169, 576.75],
          [11.448873, 47.919022, 576.75],
          [11.448819, 47.918853, 576.25],
          [11.448852, 47.918680, 576.5],
          [11.448921, 47.918547, 576.75],
          [11.449142, 47.918265, 577.0],
          [11.449264, 47.918075, 577.75],
          [11.449147, 47.918024, 577.5],
          [11.448048, 47.917395, 576.25],
          [11.447916, 47.917328, 576.5],
          [11.447682, 47.917211, 577.5],
          [11.447254, 47.917075, 576.0],
          [11.447183, 47.917054, 575.5],
          [11.445423, 47.916537, 575.5],
          [11.445302, 47.916485, 577.25],
          [11.444973, 47.916383, 578.75],
          [11.444647, 47.916207, 577.0],
          [11.444421, 47.916044, 577.0],
          [11.444145, 47.915719, 577.25],
          [11.443988, 47.915322, 577.0],
          [11.443849, 47.915028, 577.5],
          [11.443808, 47.914974, 577.25],
          [11.443653, 47.914771, 577.5],
          [11.443309, 47.914486, 577.25],
          [11.442948, 47.914225, 576.25],
          [11.441918, 47.913542, 577.0],
          [11.441886, 47.913494, 577.0],
          [11.441786, 47.913596, 577.0],
          [11.441735, 47.913665, 576.75],
          [11.441538, 47.913887, 576.0],
          [11.441262, 47.914115, 576.0],
          [11.440890, 47.914327, 576.0],
          [11.440713, 47.914346, 576.0],
          [11.440318, 47.914445, 575.75],
          [11.439439, 47.914830, 576.0],
          [11.438953, 47.915579, 575.75],
          [11.438791, 47.915830, 575.0],
          [11.438581, 47.915754, 575.25],
          [11.438394, 47.915717, 575.0],
          [11.438333, 47.915705, 575.0],
          [11.437850, 47.915654, 575.0],
          [11.437476, 47.915612, 575.5],
          [11.437006, 47.915546, 575.75],
          [11.436645, 47.915480, 575.25],
          [11.436625, 47.915477, 575.0],
          [11.436483, 47.915450, 575.0],
          [11.436320, 47.915430, 575.0],
          [11.435846, 47.915399, 575.0],
          [11.435611, 47.915354, 574.75],
          [11.435429, 47.915335, 575.25],
          [11.435189, 47.915322, 575.75],
          [11.434788, 47.915285, 576.5],
          [11.433859, 47.915208, 576.75],
          [11.433822, 47.915480, 577.0],
          [11.433728, 47.915684, 577.0],
          [11.433594, 47.915863, 576.75],
          [11.433506, 47.915954, 576.25],
          [11.433431, 47.916033, 576.0],
          [11.432978, 47.916337, 576.0],
          [11.432420, 47.916893, 576.0],
          [11.432036, 47.917276, 575.75],
          [11.431081, 47.918093, 575.75],
          [11.430973, 47.918156, 575.25],
          [11.430639, 47.918360, 575.0],
          [11.430116, 47.917986, 575.0],
          [11.430009, 47.917976, 575.0],
          [11.426856, 47.918469, 574.0],
          [11.426796, 47.918319, 574.0],
          [11.426774, 47.918265, 574.0],
          [11.426688, 47.917773, 574.0],
          [11.426636, 47.917621, 575.0],
          [11.426615, 47.917482, 575.5],
          [11.426614, 47.917333, 574.5],
          [11.426645, 47.917252, 574.0],
          [11.426690, 47.917178, 574.0],
          [11.426805, 47.917027, 574.5],
          [11.426835, 47.916990, 574.75],
          [11.426936, 47.916871, 574.25],
          [11.426999, 47.916762, 574.0],
          [11.426982, 47.916740, 573.75],
          [11.426859, 47.916663, 573.5],
          [11.426774, 47.916442, 574.25],
          [11.426713, 47.916397, 574.0],
          [11.426799, 47.916140, 574.25],
          [11.426806, 47.916025, 574.5],
          [11.426756, 47.915885, 574.25],
          [11.426657, 47.915656, 574.0],
          [11.426580, 47.915538, 574.0],
          [11.426465, 47.915410, 574.0],
          [11.426048, 47.915035, 575.0],
          [11.425960, 47.914974, 575.0],
          [11.425949, 47.914917, 575.25],
          [11.425929, 47.914883, 575.25],
          [11.425539, 47.914454, 576.75],
          [11.425347, 47.914223, 576.75],
          [11.425190, 47.913998, 576.25],
          [11.425036, 47.913747, 576.5],
          [11.424980, 47.913670, 576.5],
          [11.424971, 47.913639, 576.75],
          [11.424953, 47.913579, 576.75],
          [11.424974, 47.913217, 577.0],
          [11.424562, 47.913175, 577.0],
          [11.424474, 47.913158, 576.75],
          [11.424562, 47.913175, 577.0],
          [11.424974, 47.913217, 577.0],
          [11.425554, 47.913250, 577.0],
          [11.425647, 47.913255, 577.0],
          [11.425839, 47.913263, 577.0],
          [11.426114, 47.913276, 577.0],
          [11.426353, 47.913287, 577.0],
          [11.426435, 47.913290, 577.0],
          [11.426515, 47.913294, 577.0],
          [11.426619, 47.913401, 576.75],
          [11.426684, 47.913398, 576.75],
          [11.426691, 47.913373, 576.75],
          [11.426746, 47.913372, 576.75],
          [11.426801, 47.913370, 576.75],
          [11.426863, 47.913368, 576.75],
          [11.427126, 47.913360, 576.75],
          [11.427273, 47.913366, 576.5],
          [11.427751, 47.913400, 575.5],
          [11.427856, 47.913408, 575.5],
          [11.427861, 47.913346, 575.75],
          [11.427901, 47.913349, 575.75],
          [11.427912, 47.913181, 576.5],
          [11.427841, 47.913004, 577.0],
          [11.427627, 47.912753, 577.0],
          [11.427589, 47.912663, 577.0],
          [11.427528, 47.912462, 577.0],
          [11.427509, 47.912344, 577.0],
          [11.427512, 47.912219, 577.0],
          [11.427566, 47.911912, 577.5],
          [11.427581, 47.911837, 577.75],
          [11.427586, 47.911815, 577.75],
          [11.427643, 47.911567, 578.25],
          [11.427663, 47.911471, 578.0],
          [11.427749, 47.911128, 578.0],
          [11.427764, 47.911086, 578.0],
          [11.427930, 47.910743, 578.0],
          [11.428020, 47.910617, 578.0],
          [11.428234, 47.910311, 578.0],
          [11.429107, 47.909416, 579.0],
          [11.429425, 47.909075, 579.0],
          [11.429769, 47.908688, 579.0],
          [11.430072, 47.908430, 579.0],
          [11.430242, 47.908339, 579.0],
          [11.430479, 47.908227, 579.0],
          [11.431039, 47.907993, 578.0],
          [11.431292, 47.907858, 578.5],
          [11.431656, 47.907664, 579.0],
          [11.431972, 47.907497, 579.0],
          [11.432356, 47.907292, 579.0],
          [11.432421, 47.907263, 579.0],
          [11.432691, 47.907131, 579.0],
          [11.432785, 47.907086, 578.75],
          [11.433002, 47.906966, 578.25],
          [11.433336, 47.906735, 578.0],
          [11.433508, 47.906574, 578.0],
          [11.433584, 47.906497, 578.0],
          [11.433765, 47.906314, 578.25],
          [11.434106, 47.905971, 579.0],
          [11.434346, 47.905729, 579.0],
          [11.434971, 47.905217, 579.0],
          [11.435800, 47.904574, 579.5],
          [11.436539, 47.904003, 580.5],
          [11.437309, 47.903385, 580.75],
          [11.437739, 47.903030, 581.5],
          [11.437780, 47.902995, 581.25],
          [11.437823, 47.902960, 580.75],
          [11.438045, 47.902774, 581.75],
          [11.438081, 47.902744, 581.75],
          [11.438076, 47.902712, 581.75],
          [11.437779, 47.902584, 581.0],
          [11.437639, 47.902547, 581.75],
          [11.437524, 47.902508, 582.75],
          [11.437076, 47.902246, 582.5],
          [11.436830, 47.902106, 582.75],
          [11.436749, 47.902039, 583.0],
          [11.436725, 47.902020, 583.25],
          [11.437007, 47.901802, 583.5],
          [11.437981, 47.900868, 584.0],
          [11.438465, 47.900355, 584.25],
          [11.439043, 47.899633, 584.25],
          [11.439744, 47.898743, 584.75],
          [11.439942, 47.898683, 584.75],
          [11.440062, 47.898630, 584.75],
          [11.440147, 47.898555, 585.0],
          [11.440218, 47.898469, 585.0],
          [11.440221, 47.898333, 585.0],
          [11.440209, 47.898218, 585.25],
          [11.440257, 47.898119, 585.5],
          [11.440284, 47.898077, 585.75],
          [11.440291, 47.898066, 585.75],
          [11.440423, 47.897782, 584.5],
          [11.440535, 47.897470, 585.0],
          [11.440605, 47.897172, 585.75],
          [11.440832, 47.896825, 585.75],
          [11.441061, 47.896519, 585.5],
          [11.441251, 47.896277, 585.75],
          [11.441384, 47.896143, 586.75],
          [11.441513, 47.896044, 586.25],
          [11.441626, 47.895968, 586.25],
          [11.441719, 47.895916, 586.5],
          [11.442092, 47.895672, 586.0],
          [11.442723, 47.895281, 586.75],
          [11.443005, 47.895066, 587.0],
          [11.443294, 47.894787, 586.75],
          [11.443868, 47.894118, 587.75],
          [11.444079, 47.893848, 587.0],
          [11.444522, 47.893263, 587.25],
          [11.445017, 47.892786, 588.0],
          [11.445223, 47.892568, 588.0],
          [11.445754, 47.892008, 588.0],
          [11.446271, 47.891428, 588.0],
          [11.447167, 47.890676, 588.5],
          [11.447778, 47.890290, 589.0],
          [11.447911, 47.890181, 589.25],
          [11.447980, 47.890144, 589.25],
          [11.448348, 47.889979, 589.0],
          [11.448405, 47.889935, 589.0],
          [11.448542, 47.889783, 588.5],
          [11.448838, 47.889614, 588.75],
          [11.448950, 47.889561, 589.25],
          [11.449136, 47.889513, 589.5],
          [11.450953, 47.888482, 589.5],
          [11.451494, 47.888115, 589.75],
          [11.451999, 47.887732, 590.0],
          [11.452422, 47.887376, 590.0],
          [11.452774, 47.886988, 590.0],
          [11.454742, 47.885528, 591.0],
          [11.454864, 47.885452, 591.0],
          [11.455306, 47.885223, 591.0],
          [11.455405, 47.885164, 591.0],
          [11.455491, 47.885105, 591.25],
          [11.455494, 47.885076, 591.5],
          [11.455498, 47.885044, 591.5],
          [11.455567, 47.884990, 592.0],
          [11.456896, 47.884017, 592.0],
          [11.457521, 47.883506, 592.0],
          [11.457850, 47.883195, 592.0],
          [11.457896, 47.883054, 592.25],
          [11.458148, 47.882700, 592.75],
          [11.458180, 47.882668, 592.75],
          [11.458638, 47.882205, 592.75],
          [11.458852, 47.881983, 592.75],
          [11.459059, 47.881949, 593.0],
          [11.459148, 47.882020, 593.25],
          [11.459628, 47.881451, 593.5],
          [11.460348, 47.880596, 594.0],
          [11.460441, 47.880494, 594.0],
          [11.460502, 47.880438, 594.0],
          [11.460738, 47.880210, 594.0],
          [11.460971, 47.880030, 594.0],
          [11.461081, 47.879940, 594.0],
          [11.461174, 47.879841, 594.0],
          [11.461343, 47.879435, 594.0],
          [11.461549, 47.878975, 594.75],
          [11.461732, 47.878666, 595.0],
          [11.461836, 47.878543, 595.0],
          [11.461917, 47.878447, 595.0],
          [11.462185, 47.878219, 595.0],
          [11.462112, 47.878145, 595.0],
          [11.462065, 47.878098, 595.0],
          [11.462063, 47.877866, 595.0],
          [11.462159, 47.877529, 595.0],
          [11.462245, 47.877299, 595.5],
          [11.462344, 47.877070, 595.5],
          [11.462405, 47.876963, 595.5],
          [11.462715, 47.876503, 595.5],
          [11.463058, 47.875968, 596.0],
          [11.463404, 47.875572, 596.0],
          [11.463620, 47.875399, 596.0],
          [11.463867, 47.875238, 596.0],
          [11.464216, 47.875058, 596.0],
          [11.464326, 47.875011, 596.0],
          [11.464706, 47.874846, 596.0],
          [11.464918, 47.874756, 595.75],
          [11.465142, 47.874667, 596.25],
          [11.465456, 47.874541, 596.75],
          [11.465692, 47.874458, 597.0],
          [11.465552, 47.874424, 596.75],
          [11.465179, 47.874095, 596.0],
          [11.465120, 47.873976, 596.25],
          [11.465055, 47.873901, 596.75],
          [11.465020, 47.873793, 596.5],
          [11.464894, 47.873634, 596.25],
          [11.464801, 47.873552, 596.75],
          [11.464598, 47.873445, 596.5],
          [11.464514, 47.873403, 596.25],
          [11.464528, 47.873363, 596.25],
          [11.464549, 47.873307, 596.25],
          [11.464537, 47.873089, 596.5],
          [11.464541, 47.873043, 596.5],
          [11.464585, 47.872924, 596.25],
          [11.464743, 47.872355, 596.5],
          [11.464857, 47.871851, 597.5],
          [11.465604, 47.868962, 598.75],
          [11.466133, 47.866945, 599.75],
          [11.466641, 47.864875, 599.25],
          [11.466829, 47.864164, 600.0],
          [11.466878, 47.864013, 600.0],
          [11.466805, 47.863896, 600.0],
          [11.466709, 47.863839, 599.75],
          [11.466909, 47.863686, 599.75],
          [11.467641, 47.863177, 599.5],
          [11.467960, 47.862915, 600.0],
          [11.468052, 47.862790, 600.75],
          [11.468138, 47.862575, 600.25],
          [11.468133, 47.862455, 600.25],
          [11.468173, 47.862409, 600.25],
          [11.468271, 47.862323, 600.75],
          [11.468312, 47.862265, 600.75],
          [11.468337, 47.862147, 601.0],
          [11.468364, 47.862108, 601.0],
          [11.468434, 47.862093, 601.25],
          [11.468486, 47.862100, 601.5],
          [11.468576, 47.862055, 601.5],
          [11.468659, 47.862024, 601.5],
          [11.468521, 47.861845, 600.75],
          [11.468402, 47.861610, 600.5],
          [11.468292, 47.861391, 600.0],
          [11.468187, 47.861134, 600.5],
          [11.468259, 47.861076, 600.25],
          [11.468235, 47.860945, 600.5],
          [11.468178, 47.860817, 601.0],
          [11.468228, 47.860639, 601.0],
          [11.468306, 47.860412, 601.0],
          [11.468413, 47.860288, 601.25],
          [11.468427, 47.860192, 601.25],
          [11.468504, 47.860237, 601.5],
          [11.468555, 47.860241, 601.75],
          [11.468618, 47.860232, 602.0],
          [11.468683, 47.860188, 602.0],
          [11.470597, 47.860325, 601.75],
          [11.472030, 47.860414, 602.0],
          [11.472997, 47.860520, 602.0],
          [11.473551, 47.860589, 602.0],
          [11.474231, 47.860696, 602.25],
          [11.474374, 47.860201, 602.5],
          [11.474568, 47.859909, 603.0],
          [11.475098, 47.859013, 603.0],
          [11.475281, 47.858658, 603.0],
          [11.475363, 47.858558, 603.0],
          [11.475313, 47.858531, 603.0],
          [11.475258, 47.858477, 603.0],
          [11.475236, 47.858451, 603.0],
          [11.475228, 47.858421, 603.0],
          [11.475103, 47.858050, 603.0],
          [11.474962, 47.857809, 603.0],
          [11.474933, 47.857759, 603.0],
          [11.474849, 47.857653, 603.0],
          [11.474458, 47.857423, 603.0],
          [11.474064, 47.857309, 603.0],
          [11.473088, 47.857094, 603.0],
          [11.472546, 47.857027, 603.0],
          [11.472341, 47.857002, 602.75],
          [11.472344, 47.856976, 602.75],
          [11.472329, 47.856947, 602.75],
          [11.472305, 47.856930, 603.0],
          [11.472257, 47.856918, 603.0],
          [11.472223, 47.856919, 603.0],
          [11.472180, 47.856935, 602.75],
          [11.472159, 47.856953, 602.75],
          [11.471968, 47.856890, 602.75],
          [11.471959, 47.856397, 602.75],
          [11.472098, 47.856006, 603.0],
          [11.472166, 47.855862, 603.0],
          [11.472499, 47.855585, 603.0],
          [11.472552, 47.855374, 603.0],
          [11.472486, 47.855231, 603.0],
          [11.472320, 47.854968, 603.0],
          [11.472218, 47.854840, 603.0],
          [11.472212, 47.854714, 603.0],
          [11.472372, 47.854547, 603.25],
          [11.472501, 47.854321, 604.25],
          [11.472676, 47.853893, 605.75],
          [11.472791, 47.853796, 606.0],
          [11.474091, 47.853317, 606.0],
          [11.474488, 47.853250, 606.0],
          [11.475687, 47.852834, 606.75],
          [11.475940, 47.852671, 607.0],
          [11.476167, 47.852435, 607.0],
          [11.476128, 47.852348, 607.0],
          [11.476232, 47.852236, 607.0],
          [11.476507, 47.852079, 607.0],
          [11.477191, 47.851859, 607.0],
          [11.477325, 47.851614, 607.0],
          [11.477427, 47.851140, 608.0],
          [11.477704, 47.850731, 608.0],
          [11.477847, 47.850262, 608.0],
          [11.477967, 47.850110, 608.0],
          [11.478058, 47.849935, 608.0],
          [11.478106, 47.849775, 608.0],
          [11.478186, 47.849552, 608.0],
          [11.478350, 47.849177, 608.0],
          [11.478362, 47.849137, 608.0],
          [11.478362, 47.849091, 608.0],
          [11.478443, 47.848974, 608.0],
          [11.478570, 47.848728, 608.0],
          [11.479021, 47.847592, 608.0],
          [11.479195, 47.847216, 608.0],
          [11.479391, 47.846789, 608.0],
          [11.479561, 47.846419, 608.0],
          [11.480006, 47.845536, 608.0],
          [11.480379, 47.844491, 608.0],
          [11.480737, 47.844494, 608.0],
          [11.481126, 47.843673, 608.0],
          [11.481499, 47.842872, 608.0],
          [11.481566, 47.842631, 608.0],
          [11.481415, 47.842044, 608.0],
          [11.481370, 47.841444, 608.0],
          [11.481271, 47.841309, 608.0],
          [11.481217, 47.841236, 608.0],
          [11.481164, 47.841164, 608.0],
          [11.481067, 47.840935, 607.25],
          [11.481258, 47.840478, 606.5],
          [11.481381, 47.840111, 606.75],
          [11.481503, 47.839604, 606.5],
          [11.481539, 47.839487, 606.5],
          [11.481634, 47.839248, 606.5],
          [11.481661, 47.838991, 606.25],
          [11.481695, 47.838824, 606.25],
          [11.481740, 47.838738, 606.5],
          [11.481802, 47.838651, 606.75],
          [11.482365, 47.838001, 606.25],
          [11.482479, 47.837585, 606.0],
          [11.482491, 47.837259, 606.0],
          [11.482485, 47.837022, 606.0],
          [11.482452, 47.836901, 605.75],
          [11.482389, 47.836601, 605.5],
          [11.482377, 47.836487, 605.75],
          [11.482443, 47.835984, 605.0],
          [11.482435, 47.835910, 605.0],
          [11.482376, 47.835684, 605.0],
          [11.482282, 47.835442, 605.0],
          [11.482218, 47.835295, 604.75],
          [11.481984, 47.834921, 605.0],
          [11.481860, 47.834679, 604.5],
          [11.481809, 47.834481, 604.75],
          [11.481637, 47.833243, 603.75],
          [11.481606, 47.833085, 603.75],
          [11.481343, 47.831764, 603.75],
          [11.481288, 47.831371, 603.0],
          [11.480669, 47.829069, 602.0],
          [11.480694, 47.829041, 602.0],
          [11.480856, 47.828823, 602.0],
          [11.480944, 47.828733, 602.0],
          [11.481221, 47.828493, 602.0],
          [11.481636, 47.828135, 601.5],
          [11.482216, 47.827648, 601.25],
          [11.482845, 47.827147, 601.0],
          [11.483378, 47.826726, 601.5],
          [11.483955, 47.826265, 601.0],
          [11.484231, 47.826029, 601.0],
          [11.484598, 47.825699, 601.0],
          [11.484666, 47.825630, 601.0],
          [11.484692, 47.825592, 601.0],
          [11.484708, 47.825556, 601.0],
          [11.484743, 47.825408, 601.0],
          [11.484870, 47.825133, 600.5],
          [11.484942, 47.824944, 600.0],
          [11.484989, 47.824766, 600.0],
          [11.485041, 47.824367, 600.75],
          [11.485116, 47.824285, 600.75],
          [11.485151, 47.824255, 600.5],
          [11.485175, 47.824137, 600.25],
          [11.485158, 47.824071, 600.5],
          [11.485135, 47.824037, 600.5],
          [11.484991, 47.823896, 600.75],
          [11.484897, 47.823747, 600.75],
          [11.484809, 47.823551, 601.0],
          [11.484654, 47.823162, 600.5],
          [11.483756, 47.821150, 603.25],
          [11.483636, 47.820861, 604.75],
          [11.483529, 47.820509, 607.0],
          [11.483866, 47.820428, 608.75],
          [11.484082, 47.820386, 610.5],
          [11.484397, 47.820233, 614.5],
          [11.484615, 47.820088, 616.25],
          [11.484690, 47.820062, 616.5],
          [11.484932, 47.820038, 617.5],
          [11.485278, 47.820074, 617.5],
          [11.485921, 47.820170, 617.0],
          [11.486280, 47.820198, 616.5],
          [11.486613, 47.819827, 618.0],
          [11.486905, 47.819473, 618.75],
          [11.487006, 47.819094, 620.25],
          [11.487077, 47.818971, 621.0],
          [11.487281, 47.818749, 622.5],
          [11.487418, 47.818560, 624.0],
          [11.488003, 47.818571, 628.25],
          [11.488355, 47.818547, 633.0],
          [11.488678, 47.818534, 634.75],
          [11.488891, 47.818568, 635.25],
          [11.489024, 47.818589, 635.5],
          [11.489224, 47.818687, 635.75],
          [11.489295, 47.818732, 636.0],
          [11.489669, 47.818973, 637.25],
          [11.489706, 47.818994, 637.5],
          [11.489893, 47.819122, 636.5],
          [11.490038, 47.819203, 636.5],
          [11.490217, 47.819270, 638.5],
          [11.490728, 47.819449, 639.5],
          [11.491518, 47.819730, 642.25],
          [11.491649, 47.819753, 642.75],
          [11.492215, 47.819798, 645.25],
          [11.492461, 47.819804, 645.25],
          [11.492751, 47.819799, 645.5],
          [11.493451, 47.819740, 646.75],
          [11.493918, 47.819716, 647.0],
          [11.494148, 47.819690, 648.0],
          [11.494804, 47.819685, 649.75],
          [11.495915, 47.819711, 653.25],
          [11.496244, 47.819700, 654.0],
          [11.496413, 47.819684, 654.25],
          [11.496553, 47.819664, 655.0],
          [11.496939, 47.819551, 656.0],
          [11.497089, 47.819510, 656.0],
          [11.497211, 47.819484, 655.75],
          [11.497520, 47.819452, 655.75],
          [11.497881, 47.819460, 655.75],
          [11.498004, 47.819456, 655.75],
          [11.498093, 47.819445, 655.75],
          [11.498178, 47.819423, 655.5],
          [11.498314, 47.819374, 655.25],
          [11.498417, 47.819328, 654.75],
          [11.498533, 47.819279, 654.5],
          [11.498686, 47.819175, 654.5],
          [11.498751, 47.819117, 654.25],
          [11.498810, 47.819050, 654.25],
          [11.498935, 47.818860, 653.75],
          [11.499051, 47.818736, 653.5],
          [11.499205, 47.818634, 653.75],
          [11.499348, 47.818558, 653.25],
          [11.499444, 47.818517, 653.25],
          [11.499570, 47.818474, 653.25],
          [11.499966, 47.818381, 653.0],
          [11.500132, 47.818323, 653.0],
          [11.500305, 47.818240, 653.0],
          [11.500494, 47.818133, 653.5],
          [11.500550, 47.818093, 653.75],
          [11.500648, 47.817991, 653.75],
          [11.500779, 47.817809, 653.75],
          [11.500850, 47.817726, 654.0],
          [11.500968, 47.817615, 654.75],
          [11.501031, 47.817568, 655.25],
          [11.501182, 47.817490, 656.5],
          [11.501560, 47.817356, 659.75],
          [11.501719, 47.817265, 661.5],
          [11.501916, 47.817110, 664.0],
          [11.502055, 47.816983, 665.25],
          [11.502195, 47.816823, 665.5],
          [11.502440, 47.816521, 664.5],
          [11.502747, 47.816113, 663.0],
          [11.502804, 47.816026, 662.5],
          [11.502850, 47.815921, 661.75],
          [11.502793, 47.815146, 661.25],
          [11.502457, 47.814668, 662.0],
          [11.502549, 47.814019, 660.75],
          [11.502502, 47.813781, 658.75],
          [11.502685, 47.813069, 652.25],
          [11.502991, 47.812031, 642.75],
          [11.502827, 47.811986, 643.0],
          [11.502941, 47.811849, 642.0],
          [11.503469, 47.811262, 638.5],
          [11.503952, 47.810667, 632.75],
          [11.504123, 47.810437, 630.5],
          [11.504130, 47.810303, 630.0],
          [11.504043, 47.810027, 629.0],
          [11.503416, 47.809531, 628.5],
          [11.502786, 47.808926, 628.25],
          [11.501996, 47.808354, 628.25],
          [11.501117, 47.807824, 631.25],
          [11.500626, 47.807354, 631.5],
          [11.500417, 47.806507, 631.25],
          [11.500419, 47.806377, 631.25],
          [11.500437, 47.806220, 631.0],
          [11.500443, 47.805819, 630.75],
          [11.500439, 47.805767, 630.75],
          [11.500357, 47.805381, 630.5],
          [11.500343, 47.805323, 630.5],
          [11.500313, 47.805251, 630.5],
          [11.500008, 47.804715, 631.75],
          [11.499824, 47.804364, 632.25],
          [11.499761, 47.804199, 632.5],
          [11.499727, 47.804072, 633.25],
          [11.499712, 47.803962, 633.75],
          [11.499716, 47.803923, 633.75],
          [11.499787, 47.803644, 632.75],
          [11.500175, 47.803243, 630.5],
          [11.500965, 47.802426, 629.0],
          [11.501294, 47.801921, 629.0],
          [11.501780, 47.801402, 629.0],
          [11.502020, 47.801102, 628.5],
          [11.502053, 47.801069, 628.5],
          [11.502112, 47.801030, 628.25],
          [11.503016, 47.800692, 628.0],
          [11.503351, 47.800561, 627.75],
          [11.503366, 47.800543, 627.75],
          [11.503386, 47.800482, 627.75],
          [11.503409, 47.800479, 627.75],
          [11.503498, 47.800470, 627.75],
          [11.503564, 47.800451, 627.5],
          [11.503659, 47.800386, 627.25],
          [11.503916, 47.800182, 628.0],
          [11.504090, 47.800058, 628.0],
          [11.504929, 47.799503, 628.0],
          [11.504972, 47.799481, 628.0],
          [11.505027, 47.799468, 628.0],
          [11.506172, 47.799320, 628.25],
          [11.506467, 47.799266, 628.5],
          [11.506604, 47.799208, 628.75],
          [11.506861, 47.799077, 629.75],
          [11.507531, 47.798766, 636.0],
          [11.509044, 47.799086, 648.25],
          [11.509284, 47.799069, 649.5],
          [11.509715, 47.798708, 651.75],
          [11.510585, 47.797819, 654.5],
          [11.510748, 47.797536, 655.0],
          [11.510789, 47.797212, 654.75],
          [11.510758, 47.796618, 653.75],
          [11.510762, 47.796590, 653.5],
          [11.510815, 47.796519, 653.25],
          [11.510841, 47.796503, 653.25],
          [11.510927, 47.796474, 653.5],
          [11.511249, 47.796381, 654.25],
          [11.511432, 47.796344, 655.0],
          [11.511709, 47.796305, 656.0],
          [11.512108, 47.796255, 658.0],
          [11.512314, 47.796238, 659.25],
          [11.513181, 47.796187, 662.5],
          [11.513393, 47.796167, 663.0],
          [11.513471, 47.796154, 662.5],
          [11.513397, 47.795544, 657.5],
          [11.513404, 47.795452, 656.5],
          [11.513417, 47.794832, 650.25],
          [11.513534, 47.794212, 645.5],
          [11.513808, 47.793726, 641.75],
          [11.515264, 47.792062, 632.75],
          [11.515537, 47.791769, 633.0],
          [11.515792, 47.791529, 633.75],
          [11.516027, 47.791334, 634.25],
          [11.516261, 47.791154, 633.75],
          [11.516682, 47.790866, 634.5],
          [11.517231, 47.790538, 636.0],
          [11.517921, 47.790192, 636.0],
          [11.520421, 47.788974, 638.25],
          [11.522953, 47.787723, 641.0],
          [11.524000, 47.787088, 645.25],
          [11.524939, 47.786452, 653.5],
          [11.525445, 47.786070, 657.75],
          [11.527064, 47.784851, 672.0],
          [11.527702, 47.784286, 676.75],
          [11.527839, 47.784178, 677.0],
          [11.529048, 47.783558, 676.5],
          [11.529292, 47.783681, 676.75],
          [11.529383, 47.783720, 677.25],
          [11.529586, 47.783779, 677.75],
          [11.529665, 47.783792, 678.0],
          [11.529766, 47.783800, 678.25],
          [11.529852, 47.783799, 678.75],
          [11.530906, 47.783713, 681.5],
          [11.531011, 47.783718, 681.25],
          [11.531612, 47.783635, 675.75],
          [11.531765, 47.783603, 675.0],
          [11.531933, 47.783547, 676.0],
          [11.532094, 47.783479, 676.0],
          [11.532242, 47.783387, 674.25],
          [11.532555, 47.783161, 673.0],
          [11.532888, 47.782955, 672.5],
          [11.533025, 47.782879, 672.0],
          [11.533170, 47.782808, 671.0],
          [11.533493, 47.782687, 670.5],
          [11.533620, 47.782659, 671.0],
          [11.533767, 47.782649, 671.0],
          [11.533955, 47.782657, 670.5],
          [11.534175, 47.782682, 669.5],
          [11.534655, 47.782791, 667.5],
          [11.535012, 47.782891, 667.75],
          [11.535411, 47.782972, 665.5],
          [11.535585, 47.782986, 664.5],
          [11.535872, 47.782980, 664.0],
          [11.536430, 47.782925, 660.75],
          [11.536684, 47.782925, 659.25],
          [11.537225, 47.782961, 658.0],
          [11.538289, 47.783036, 653.5],
          [11.538510, 47.783061, 652.25],
          [11.538909, 47.783106, 650.5],
          [11.539118, 47.783121, 650.5],
          [11.539213, 47.783023, 650.5],
          [11.539295, 47.782665, 650.25],
          [11.539507, 47.782111, 651.75],
          [11.539596, 47.781850, 652.25],
          [11.539626, 47.781603, 653.5],
          [11.539635, 47.781325, 654.5],
          [11.539596, 47.780975, 655.25],
          [11.539528, 47.780795, 655.75],
          [11.539351, 47.780386, 655.0],
          [11.539091, 47.779975, 656.0],
          [11.538803, 47.779550, 654.75],
          [11.538581, 47.779098, 653.5],
          [11.538182, 47.778006, 649.0],
          [11.537877, 47.777043, 644.0],
          [11.537731, 47.776619, 644.5],
          [11.537650, 47.776344, 643.5],
          [11.537573, 47.776050, 642.25],
          [11.537551, 47.775866, 641.75],
          [11.537552, 47.775644, 641.75],
          [11.537624, 47.775250, 641.5],
          [11.538051, 47.773909, 640.75],
          [11.538380, 47.772906, 641.25],
          [11.538625, 47.772061, 640.75],
          [11.538684, 47.771922, 641.0],
          [11.538709, 47.771862, 641.25],
          [11.538663, 47.771850, 641.25],
          [11.538840, 47.771497, 642.0],
          [11.538907, 47.771234, 642.25],
          [11.538962, 47.770916, 642.25],
          [11.539071, 47.770637, 642.5],
          [11.539141, 47.770458, 643.0],
          [11.539187, 47.770336, 642.75],
          [11.539238, 47.770199, 642.25],
          [11.539420, 47.769687, 643.25],
          [11.539540, 47.769313, 643.25],
          [11.539588, 47.769090, 643.5],
          [11.539595, 47.768978, 643.5],
          [11.539489, 47.768338, 645.0],
          [11.539487, 47.768197, 645.5],
          [11.539533, 47.767915, 645.0],
          [11.539578, 47.767722, 644.75],
          [11.539642, 47.767378, 645.5],
          [11.539655, 47.767202, 645.25],
          [11.539615, 47.766934, 645.5],
          [11.539587, 47.766843, 645.5],
          [11.539549, 47.766758, 645.5],
          [11.539604, 47.766745, 645.0],
          [11.539755, 47.766636, 643.25],
          [11.539850, 47.766533, 641.5],
          [11.539898, 47.766425, 640.75],
          [11.539978, 47.766116, 640.75],
          [11.540060, 47.765880, 640.75],
          [11.540128, 47.765722, 640.5],
          [11.540258, 47.765539, 641.0],
          [11.540650, 47.765129, 640.5],
          [11.540858, 47.764965, 640.75],
          [11.540990, 47.764861, 640.5],
          [11.541415, 47.764609, 641.0],
          [11.541910, 47.764389, 640.5],
          [11.542172, 47.764303, 641.0],
          [11.542402, 47.764261, 641.25],
          [11.542674, 47.764218, 641.0],
          [11.542888, 47.764193, 640.5],
          [11.543021, 47.764173, 640.0],
          [11.543110, 47.764159, 640.0],
          [11.543231, 47.764153, 640.0],
          [11.543438, 47.764127, 640.0],
          [11.543927, 47.764030, 640.25],
          [11.544156, 47.763963, 640.5],
          [11.544309, 47.763929, 640.25],
          [11.544525, 47.763881, 640.25],
          [11.544675, 47.763865, 640.75],
          [11.544818, 47.763860, 640.5],
          [11.544934, 47.763839, 640.25],
          [11.545263, 47.763732, 640.5],
          [11.545691, 47.763630, 641.25],
          [11.545893, 47.763598, 641.0],
          [11.546093, 47.763579, 641.0],
          [11.546541, 47.763563, 641.0],
          [11.547143, 47.763555, 641.25],
          [11.547847, 47.763606, 641.0],
          [11.548153, 47.763635, 640.75],
          [11.548394, 47.763639, 640.75],
          [11.548555, 47.763640, 640.75],
          [11.548840, 47.763605, 641.0],
          [11.548897, 47.763590, 641.0],
          [11.550370, 47.763268, 640.75],
          [11.551090, 47.763096, 640.75],
          [11.551400, 47.763002, 641.0],
          [11.551565, 47.762943, 641.0],
          [11.551845, 47.762840, 641.5],
          [11.552170, 47.762710, 641.25],
          [11.553201, 47.762224, 641.75],
          [11.553579, 47.762059, 642.0],
          [11.554012, 47.761863, 641.75],
          [11.554438, 47.761695, 641.75],
          [11.554892, 47.761558, 642.0],
          [11.554989, 47.761519, 642.0],
          [11.555212, 47.761403, 642.75],
          [11.555509, 47.761221, 642.25],
          [11.555644, 47.761114, 642.25],
          [11.555772, 47.761001, 642.0],
          [11.555845, 47.760913, 642.25],
          [11.555886, 47.760824, 642.75],
          [11.555932, 47.760665, 643.0],
          [11.556057, 47.760524, 642.5],
          [11.555941, 47.760445, 643.75],
          [11.555784, 47.760311, 644.75],
          [11.555991, 47.760291, 644.75],
          [11.556154, 47.760259, 644.5],
          [11.556925, 47.760570, 645.0]
        ]
      }
    }
  ]
}
