{
  "type": "FeatureCollection",
  "features": [
    {
      "type": "Feature",
      "properties": {
        "creator": "BRouter-1.7.10",
        "name": "brouter_gravel_0",
        "track-length": "163027",
        "filtered ascend": "3995",
        "plain-ascend": "612",
        "total-time": "37351",
        "total-energy": "4987088",
        "cost": "734854",
        "messages": [
          ["Longitude", "Latitude", "Elevation", "Distance", "CostPerKm", "ElevCost", "TurnCost", "NodeCost", "InitialCost", "WayTags", "NodeTags", "Time", "Energy"],
          ["9529038", "46849590", "593", "34", "5350", "0", "0", "0", "0", "reversedirection=yes highway=footway surface=asphalt smoothness=excellent footway=sidewalk", "", "4", "749"],
          ["9528722", "46849453", "593", "38", "5590", "0", "130", "0", "0", "reversedirection=yes highway=footway", "", "10", "1550"],
          ["9528538", "46849435", "593", "14", "3603", "0", "64", "0", "0", "highway=service service=driveway", "", "12", "1839"],
          ["9528577", "46848873", "593", "63", "2162", "0", "64", "20", "0", "highway=residential surface=asphalt maxspeed=30", "highway=crossing crossing=unmarked", "21", "3249"],
          ["9528549", "46848856", "593", "3", "2162", "0", "11", "0", "0", "highway=residential surface=asphalt maxspeed=30", "", "22", "3316"],
          ["9525124", "46850716", "588", "334", "2162", "0", "42", "20", "0", "reversedirection=yes highway=residential surface=asphalt maxspeed=30", "highway=crossing crossing=unmarked", "61", "9192"],
          ["9525092", "46850734", "588", "3", "2162", "0", "0", "0", "0", "reversedirection=yes highway=residential surface=asphalt maxspeed=30", "", "61", "9242"],
          ["9524567", "46850326", "585", "61", "2162", "0", "59", "20", "0", "highway=residential surface=asphalt maxspeed=30 cycleway=no oneway=yes oneway:bicycle=no", "highway=traffic_signals traffic_signals:direction=forward", "68", "10057"],
          ["9524548", "46850292", "585", "4", "2162", "0", "0", "0", "0", "highway=residential surface=asphalt maxspeed=30 cycleway=no oneway=yes oneway:bicycle=no", "", "68", "10135"],
          ["9524447", "46850303", "584", "8", "2099", "0", "49", "20", "0", "highway=residential surface=asphalt maxspeed=30 route_bicycle_lcn=yes", "highway=traffic_signals traffic_signals:direction=backward", "69", "10270"],
          ["9523109", "46850760", "584", "117", "2099", "0", "1", "0", "0", "highway=residential surface=asphalt maxspeed=30 route_bicycle_lcn=yes", "", "82", "11927"],
          ["9522376", "46851244", "584", "78", "2099", "0", "11", "0", "0", "highway=residential surface=asphalt maxspeed=30 cycleway=no oneway=yes oneway:bicycle=no route_bicycle_lcn=yes", "", "90", "13190"],
          ["9520716", "46851931", "581", "159", "2099", "0", "18", "0", "0", "highway=residential surface=asphalt maxspeed=30 cycleway=opposite oneway=yes oneway:bicycle=no route_bicycle_lcn=yes", "", "109", "15924"],
          ["9520162", "46852171", "580", "51", "2099", "0", "0", "0", "0", "reversedirection=yes highway=residential surface=asphalt maxspeed=30 route_bicycle_lcn=yes", "", "116", "16861"],
          ["9519724", "46851940", "582", "42", "2099", "0", "44", "20", "0", "reversedirection=yes highway=residential surface=asphalt maxspeed=30 bicycle=yes route_bicycle_ncn=yes", "highway=crossing crossing=unmarked", "120", "17535"],
          ["9518842", "46851720", "583", "72", "2099", "0", "0", "300", "0", "reversedirection=yes highway=residential surface=asphalt maxspeed=30 bicycle=yes route_bicycle_ncn=yes", "railway=level_crossing", "131", "19098"],
          ["9517992", "46851579", "581", "67", "2099", "0", "3", "25", "0", "reversedirection=yes highway=residential surface=asphalt maxspeed=30 bicycle=yes route_bicycle_ncn=yes", "crossing=no traffic_calming=table", "139", "20297"],
          ["9517875", "46851497", "581", "13", "2099", "0", "2", "0", "0", "reversedirection=yes highway=residential surface=asphalt maxspeed=30 bicycle=yes route_bicycle_ncn=yes", "", "140", "20533"],
          ["9517659", "46851618", "581", "22", "2468", "0", "60", "20", "0", "reversedirection=yes highway=residential surface=asphalt bicycle=yes oneway=no cycleway:right=lane cycleway:left=track route_bicycle_ncn=yes", "highway=crossing crossing=uncontrolled", "143", "20918"],
          ["9516729", "46851950", "579", "81", "2468", "0", "0", "20", "0", "reversedirection=yes highway=residential surface=asphalt bicycle=yes oneway=no cycleway:right=lane cycleway:left=track route_bicycle_ncn=yes", "highway=crossing crossing=uncontrolled kerb=lowered", "152", "22320"],
          ["9516554", "46851996", "579", "14", "2468", "0", "0", "0", "0", "reversedirection=yes highway=residential surface=asphalt bicycle=yes oneway=no cycleway:right=lane cycleway:left=track route_bicycle_ncn=yes", "", "154", "22557"],
          ["9515797", "46851315", "578", "96", "2565", "0", "58", "0", "0", "reversedirection=yes highway=residential surface=asphalt route_bicycle_ncn=yes", "", "165", "24210"],
          ["9515735", "46851289", "578", "6", "2798", "0", "6", "25", "0", "highway=service surface=asphalt route_bicycle_ncn=yes", "barrier=bollard", "166", "24311"],
          ["9514781", "46850936", "576", "84", "2798", "0", "4", "0", "0", "highway=service surface=asphalt route_bicycle_ncn=yes", "", "175", "25642"],
          ["9513903", "46850776", "574", "71", "2565", "0", "1", "0", "0", "highway=residential surface=asphalt route_bicycle_ncn=yes", "", "182", "26457"],
          ["9513491", "46851256", "575", "71", "3603", "0", "145", "0", "0", "highway=service service=parking_aisle", "", "190", "27665"],
          ["9513343", "46851224", "575", "12", "14412", "0", "64", "0", "0", "reversedirection=yes highway=service oneway=yes", "", "191", "27882"],
          ["9513112", "46851149", "574", "30", "5597", "0", "11", "0", "400", "highway=primary surface=asphalt maxspeed=50 junction=roundabout cycleway:right=no route_bicycle_ncn=yes", "", "195", "28404"],
          ["9512989", "46851121", "574", "10", "2099", "0", "58", "20", "20", "highway=residential surface=asphalt maxspeed=30 route_bicycle_ncn=yes", "highway=crossing crossing=marked", "196", "28571"],
          ["9512100", "46850918", "573", "72", "2099", "0", "0", "20", "0", "highway=residential surface=asphalt maxspeed=30 route_bicycle_ncn=yes", "highway=crossing crossing=unmarked", "204", "29826"],
          ["9509663", "46849990", "571", "215", "2099", "0", "2", "20", "0", "highway=residential surface=asphalt maxspeed=30 route_bicycle_ncn=yes", "highway=crossing crossing=unmarked", "230", "33608"],
          ["9509361", "46849867", "571", "27", "2099", "0", "0", "20", "0", "highway=residential surface=asphalt maxspeed=30 route_bicycle_ncn=yes", "highway=crossing crossing=unmarked", "233", "34066"],
          ["9508625", "46849699", "569", "59", "2099", "0", "0", "20", "0", "highway=residential surface=asphalt maxspeed=30 route_bicycle_ncn=yes", "highway=crossing crossing=unmarked", "241", "35264"],
          ["9508475", "46849655", "569", "13", "2099", "0", "1", "0", "0", "highway=residential surface=asphalt maxspeed=30 route_bicycle_ncn=yes", "", "242", "35529"],
          ["9508325", "46849434", "568", "27", "2565", "0", "4", "20", "0", "reversedirection=yes highway=residential surface=asphalt route_bicycle_ncn=yes", "highway=crossing crossing=marked", "246", "36066"],
          ["9508318", "46849330", "568", "11", "2565", "0", "3", "0", "0", "reversedirection=yes highway=residential surface=asphalt route_bicycle_ncn=yes", "", "247", "36283"],
          ["9508225", "46849208", "568", "18", "2565", "0", "14", "0", "0", "highway=residential surface=asphalt junction=roundabout route_bicycle_ncn=yes", "", "250", "36640"],
          ["9508109", "46849177", "568", "9", "2565", "0", "62", "20", "0", "reversedirection=yes highway=residential surface=asphalt route_bicycle_ncn=yes", "highway=crossing crossing=unmarked", "251", "36819"],
          ["9507011", "46848920", "567", "88", "2565", "0", "0", "20", "0", "reversedirection=yes highway=residential surface=asphalt route_bicycle_ncn=yes", "highway=crossing crossing=marked", "262", "38439"],
          ["9506140", "46848727", "566", "70", "2565", "0", "0", "0", "0", "reversedirection=yes highway=residential surface=asphalt route_bicycle_ncn=yes", "", "269", "39569"],
          ["9506026", "46848748", "566", "9", "1166", "0", "10", "0", "0", "highway=cycleway surface=asphalt oneway=yes route_bicycle_ncn=yes", "", "270", "39725"],
          ["9504208", "46848504", "564", "153", "2798", "0", "34", "139", "0", "highway=cycleway surface=asphalt foot=designated bicycle=designated segregated=no oneway=no route_bicycle_ncn=yes", "barrier=kerb kerb=lowered", "287", "42249"],
          ["9504115", "46848517", "564", "7", "1399", "0", "44", "20", "0", "highway=cycleway surface=asphalt foot=designated bicycle=designated cycleway=crossing segregated=yes route_bicycle_ncn=yes", "highway=crossing crossing=uncontrolled bicycle=yes", "288", "42385"],
          ["9504003", "46848555", "564", "10", "1399", "0", "2", "0", "0", "highway=cycleway surface=asphalt foot=designated bicycle=designated cycleway=crossing segregated=yes route_bicycle_ncn=yes", "", "289", "42588"],
          ["9503846", "46848439", "564", "18", "2798", "0", "46", "20", "0", "highway=cycleway surface=asphalt foot=designated bicycle=designated segregated=no route_bicycle_ncn=yes", "highway=crossing crossing=uncontrolled bicycle=yes", "292", "42953"],
          ["9501229", "46847726", "564", "218", "2798", "0", "3", "20", "0", "highway=cycleway surface=asphalt foot=designated bicycle=designated segregated=no route_bicycle_ncn=yes", "highway=crossing crossing=unmarked bicycle=yes", "320", "47226"],
          ["9501309", "46847103", "564", "83", "2798", "0", "43", "0", "0", "highway=cycleway surface=asphalt foot=designated bicycle=designated segregated=no route_bicycle_ncn=yes", "", "330", "48606"],
          ["9499312", "46846655", "564", "162", "2565", "0", "35", "0", "0", "reversedirection=yes highway=residential surface=asphalt bicycle=yes route_bicycle_ncn=yes", "", "350", "51532"],
          ["9494859", "46846233", "566", "360", "1166", "0", "10", "0", "0", "reversedirection=yes highway=track surface=asphalt tracktype=grade1 foot=yes bicycle=yes route_bicycle_ncn=yes", "", "404", "59641"],
          ["9494914", "46845904", "567", "37", "2798", "0", "68", "0", "0", "reversedirection=yes highway=service surface=asphalt foot=yes bicycle=yes route_bicycle_ncn=yes", "", "410", "60529"],
          ["9491726", "46844638", "566", "339", "1201", "0", "53", "0", "0", "highway=track surface=asphalt tracktype=grade1 foot=yes bicycle=yes", "", "455", "67262"],
          ["9485345", "46842744", "575", "551", "1703", "0", "87", "0", "0", "reversedirection=yes highway=track surface=compacted foot=designated bicycle=designated segregated=no", "", "544", "80729"],
          ["9485748", "46842379", "582", "54", "1561", "0", "17", "0", "0", "reversedirection=yes highway=track surface=asphalt foot=designated bicycle=designated segregated=no", "", "563", "83476"],
          ["9484125", "46841603", "576", "164", "1561", "0", "54", "0", "0", "highway=track surface=asphalt foot=designated bicycle=designated segregated=no", "", "594", "88231"],
          ["9482647", "46841040", "575", "153", "1201", "0", "89", "0", "0", "highway=track surface=asphalt tracktype=grade1", "", "614", "91111"],
          ["9480010", "46839760", "573", "247", "1561", "0", "5", "0", "0", "reversedirection=yes highway=track surface=asphalt foot=permissive", "", "645", "95785"],
          ["9466692", "46835221", "578", "1214", "1166", "0", "6", "0", "0", "highway=track surface=asphalt tracktype=grade1 foot=yes route_bicycle_ncn=yes", "", "819", "121981"],
          ["9465352", "46835447", "577", "107", "1632", "0", "12", "0", "0", "highway=unclassified surface=asphalt route_bicycle_ncn=yes", "", "833", "124101"],
          ["9465218", "46835404", "577", "12", "1696", "0", "53", "0", "0", "highway=track surface=wood tracktype=grade1 foot=yes route_bicycle_ncn=yes", "", "835", "124366"],
          ["9465029", "46835352", "577", "16", "1166", "0", "0", "0", "0", "highway=track surface=asphalt tracktype=grade1 foot=yes route_bicycle_ncn=yes", "", "837", "124689"],
          ["9450294", "46825452", "588", "1851", "1681", "0", "80", "0", "0", "reversedirection=yes highway=track surface=dirt tracktype=grade2", "", "1119", "167010"],
          ["9449232", "46824453", "588", "146", "1166", "0", "105", "0", "0", "reversedirection=yes highway=track surface=asphalt tracktype=grade1 route_bicycle_ncn=yes", "", "1142", "170324"],
          ["9426630", "46812625", "684", "2620", "1681", "0", "421", "0", "0", "reversedirection=yes highway=track tracktype=grade2", "", "2101", "306536"],
          ["9411512", "46792454", "667", "2927", "1749", "0", "365", "139", "0", "reversedirection=yes highway=track surface=gravel tracktype=grade2 bicycle=designated route_bicycle_ncn=yes", "barrier=lift_gate bicycle=yes foot=yes", "2496", "357628"],
          ["9415431", "46785192", "684", "901", "1749", "0", "78", "0", "0", "reversedirection=yes highway=track surface=gravel tracktype=grade2 bicycle=designated route_bicycle_ncn=yes", "", "2645", "379980"],
          ["9415891", "46784960", "677", "44", "1749", "0", "1", "0", "0", "reversedirection=yes highway=track surface=gravel tracktype=grade2 route_bicycle_ncn=yes", "", "2651", "380946"],
          ["9418633", "46783411", "672", "341", "1749", "0", "36", "0", "0", "reversedirection=yes highway=track surface=gravel tracktype=grade2 bicycle=designated route_bicycle_ncn=yes", "", "2699", "388072"],
          ["9422634", "46772524", "622", "1345", "1632", "0", "90", "0", "0", "highway=unclassified surface=asphalt tracktype=grade1 bicycle=designated route_bicycle_ncn=yes", "", "2850", "399441"],
          ["9425818", "46770141", "617", "383", "1632", "0", "15", "0", "0", "reversedirection=yes highway=unclassified surface=asphalt tracktype=grade1 bicycle=designated smoothness=good route_bicycle_ncn=yes", "", "2895", "404744"],
          ["9427341", "46768260", "623", "253", "2099", "0", "72", "0", "0", "reversedirection=yes highway=residential surface=asphalt maxspeed=30 route_bicycle_ncn=yes", "", "2927", "409542"],
          ["9426264", "46767777", "619", "99", "1484", "0", "67", "0", "0", "reversedirection=yes highway=unclassified surface=asphalt maxspeed=30 smoothness=excellent route_bicycle_ncn=yes", "", "2938", "411231"],
          ["9425588", "46764684", "627", "358", "1484", "0", "6", "0", "0", "reversedirection=yes highway=unclassified surface=asphalt maxspeed=50 smoothness=excellent route_bicycle_ncn=yes", "highway=give_way direction=backward", "2995", "419767"],
          ["9425575", "46764648", "627", "4", "1484", "0", "0", "0", "0", "reversedirection=yes highway=unclassified surface=asphalt maxspeed=50 smoothness=excellent route_bicycle_ncn=yes", "", "2996", "419863"],
          ["9425565", "46764613", "627", "4", "1166", "0", "0", "0", "0", "reversedirection=yes highway=track surface=asphalt tracktype=grade1 route_bicycle_ncn=yes", "highway=give_way direction=forward", "2997", "419954"],
          ["9428027", "46759215", "629", "666", "1166", "0", "2", "0", "0", "reversedirection=yes highway=track surface=asphalt tracktype=grade1 route_bicycle_ncn=yes", "", "3101", "435643"],
          ["9438533", "46738005", "640", "2746", "1166", "0", "160", "0", "0", "highway=track surface=asphalt tracktype=grade1 route_bicycle_ncn=yes", "", "3518", "497991"],
          ["9433890", "46736720", "639", "384", "4198", "0", "61", "0", "400", "highway=tertiary surface=asphalt route_bicycle_ncn=yes", "", "3577", "506787"],
          ["9433245", "46733062", "640", "427", "1632", "0", "13", "0", "20", "highway=unclassified surface=asphalt tracktype=grade1 route_bicycle_ncn=yes", "", "3638", "516048"],
          ["9432561", "46730477", "642", "293", "1166", "0", "2", "0", "0", "highway=track surface=asphalt tracktype=grade1 route_bicycle_ncn=yes", "", "3682", "522647"],
          ["9441755", "46718101", "654", "1549", "1399", "0", "11", "0", "0", "highway=track surface=compacted tracktype=grade2 route_bicycle_ncn=yes", "", "3918", "558012"],
          ["9445094", "46707716", "666", "1242", "1166", "0", "25", "0", "0", "highway=track surface=asphalt tracktype=grade1 route_bicycle_ncn=yes", "", "4121", "588513"],
          ["9444988", "46706628", "667", "121", "2798", "0", "0", "0", "0", "highway=service surface=asphalt tracktype=grade1 route_bicycle_ncn=yes", "", "4141", "591514"],
          ["9445450", "46704262", "669", "286", "2798", "0", "13", "0", "0", "highway=service surface=asphalt tracktype=grade1 oneway=no route_bicycle_ncn=yes", "", "4186", "598263"],
          ["9446352", "46701953", "674", "288", "2798", "0", "16", "0", "0", "highway=service surface=asphalt tracktype=grade1 route_bicycle_ncn=yes", "", "4234", "605339"],
          ["9446557", "46701936", "672", "16", "1283", "0", "29", "0", "0", "reversedirection=yes highway=path surface=asphalt route_bicycle_ncn=yes", "", "4236", "605673"],
          ["9447337", "46701778", "670", "62", "5088", "0", "1", "0", "0", "reversedirection=yes highway=path surface=wood foot=yes segregated=no route_bicycle_ncn=yes", "", "4245", "607091"],
          ["9447225", "46701448", "669", "40", "1801", "0", "43", "0", "0", "reversedirection=yes highway=path surface=gravel", "", "4250", "607869"],
          ["9447272", "46701327", "670", "14", "2078", "0", "10", "0", "0", "reversedirection=yes highway=unclassified surface=paved route_bicycle_ncn=yes", "", "4252", "608185"],
          ["9448267", "46701337", "673", "78", "1632", "0", "39", "0", "0", "reversedirection=yes highway=unclassified surface=asphalt route_bicycle_ncn=yes", "", "4264", "609868"],
          ["9450164", "46700837", "674", "155", "2565", "0", "10", "0", "0", "reversedirection=yes highway=residential surface=asphalt route_bicycle_ncn=yes", "", "4293", "614205"],
          ["9453615", "46700086", "682", "279", "2099", "0", "6", "0", "0", "reversedirection=yes highway=residential surface=asphalt maxspeed=30 route_bicycle_ncn=yes", "highway=stop direction=backward", "4342", "621625"],
          ["9453644", "46700066", "682", "3", "2099", "0", "0", "0", "0", "reversedirection=yes highway=residential surface=asphalt maxspeed=30 route_bicycle_ncn=yes", "", "4343", "621746"],
          ["9453719", "46700118", "682", "8", "4198", "0", "65", "0", "400", "reversedirection=yes highway=tertiary surface=asphalt maxspeed=30 route_bicycle_ncn=yes", "", "4345", "622057"],
          ["9453782", "46700133", "682", "5", "4324", "0", "6", "0", "0", "reversedirection=yes highway=tertiary surface=asphalt maxspeed=30", "highway=give_way direction=forward", "4346", "622253"],
          ["9454117", "46700163", "683", "26", "4324", "0", "4", "0", "0", "reversedirection=yes highway=tertiary surface=asphalt maxspeed=30", "", "4353", "623262"],
          ["9454844", "46699600", "687", "87", "4198", "0", "9", "0", "0", "reversedirection=yes highway=tertiary surface=asphalt maxspeed=30 bicycle=designated route_bicycle_ncn=yes", "", "4376", "626762"],
          ["9467969", "46699553", "792", "1320", "4198", "0", "39", "0", "0", "reversedirection=yes highway=tertiary surface=asphalt route_bicycle_ncn=yes", "", "5025", "724084"],
          ["9467385", "46699669", "796", "52", "1201", "0", "101", "0", "20", "highway=track surface=asphalt tracktype=grade1", "", "5052", "728085"],
          ["9471430", "46695089", "929", "1464", "1310", "0", "144", "0", "0", "highway=track tracktype=grade1", "", "5887", "853390"],
          ["9478372", "46692133", "950", "681", "2096", "859", "81", "0", "0", "highway=track tracktype=grade3", "", "6069", "880735"],
          ["9481258", "46691098", "958", "261", "1801", "0", "30", "0", "0", "highway=track surface=gravel tracktype=grade2", "", "6143", "891748"],
          ["9481486", "46691056", "959", "18", "1310", "0", "4", "0", "0", "highway=track tracktype=grade1", "", "6148", "892526"],
          ["9493448", "46692402", "858", "1442", "1801", "0", "373", "0", "0", "highway=track surface=gravel tracktype=grade2", "estimated_crossing_class=1", "6314", "903519"],
          ["9496919", "46691025", "859", "331", "7836", "0", "39", "0", "400", "reversedirection=yes highway=primary surface=asphalt maxspeed=80 route_bicycle_ncn=yes", "estimated_crossing_class=1", "6350", "906967"],
          ["9497739", "46690644", "860", "76", "7836", "0", "0", "0", "0", "reversedirection=yes highway=primary surface=asphalt maxspeed=80 route_bicycle_ncn=yes", "estimated_crossing_class=1", "6359", "907935"],
          ["9498618", "46689326", "865", "164", "7836", "0", "4", "0", "0", "reversedirection=yes highway=primary surface=asphalt maxspeed=80 route_bicycle_ncn=yes", "estimated_crossing_class=1", "6383", "911571"],
          ["9504205", "46687210", "859", "529", "7836", "0", "2", "0", "0", "reversedirection=yes highway=primary surface=asphalt maxspeed=80 route_bicycle_ncn=yes", "estimated_crossing_class=1", "6461", "923282"],
          ["9506502", "46686066", "859", "226", "7836", "0", "3", "0", "0", "reversedirection=yes highway=primary surface=asphalt maxspeed=80 route_bicycle_ncn=yes", "estimated_crossing_class=1", "6486", "926735"],
          ["9507988", "46685925", "859", "123", "7836", "0", "0", "0", "0", "reversedirection=yes highway=primary surface=asphalt maxspeed=80 route_bicycle_ncn=yes", "estimated_crossing_class=1", "6501", "928710"],
          ["9509252", "46686260", "858", "104", "7836", "0", "0", "0", "0", "reversedirection=yes highway=primary surface=asphalt maxspeed=80 route_bicycle_ncn=yes", "estimated_crossing_class=1", "6518", "931245"],
          ["9525496", "46681261", "844", "1386", "7836", "0", "3", "0", "0", "reversedirection=yes highway=primary surface=asphalt maxspeed=80 route_bicycle_ncn=yes", "highway=emergency_bay", "6717", "959289"],
          ["9526889", "46680751", "844", "123", "7836", "0", "0", "0", "0", "reversedirection=yes highway=primary surface=asphalt maxspeed=80 route_bicycle_ncn=yes", "estimated_crossing_class=1", "6730", "959741"],
          ["9529553", "46679206", "837", "286", "7836", "0", "4", "0", "0", "reversedirection=yes highway=primary surface=asphalt maxspeed=80 route_bicycle_ncn=yes", "estimated_crossing_class=1", "6762", "963875"],
          ["9529581", "46679162", "840", "5", "1632", "0", "48", "0", "20", "reversedirection=yes highway=unclassified surface=asphalt route_bicycle_ncn=yes", "highway=give_way direction=forward", "6763", "963971"],
          ["9531298", "46679677", "845", "225", "1632", "0", "101", "0", "0", "reversedirection=yes highway=unclassified surface=asphalt route_bicycle_ncn=yes", "highway=stop direction=backward", "6817", "970950"],
          ["9531278", "46679729", "845", "6", "1632", "0", "0", "0", "0", "reversedirection=yes highway=unclassified surface=asphalt route_bicycle_ncn=yes", "estimated_crossing_class=1", "6820", "971292"],
          ["9535985", "46679613", "879", "497", "4198", "0", "28", "0", "400", "reversedirection=yes highway=tertiary surface=asphalt route_bicycle_ncn=yes", "", "7036", "1003700"],
          ["9534313", "46681815", "909", "308", "4324", "0", "136", "0", "0", "reversedirection=yes highway=tertiary surface=asphalt", "", "7203", "1028843"],
          ["9548244", "46676645", "991", "1339", "1801", "0", "226", "0", "20", "reversedirection=yes highway=track surface=gravel tracktype=grade2", "", "7780", "1115378"],
          ["9548669", "46676406", "992", "42", "2642", "0", "2", "0", "0", "reversedirection=yes highway=residential maxspeed=50", "", "7790", "1116874"],
          ["9548458", "46676165", "992", "31", "2882", "0", "60", "0", "0", "reversedirection=yes highway=service", "", "7797", "1117859"],
          ["9549775", "46674775", "1002", "190", "4198", "0", "61", "0", "400", "highway=tertiary surface=asphalt maxspeed=50 route_bicycle_ncn=yes", "", "7855", "1126667"],
          ["9549650", "46674712", "1003", "12", "2642", "0", "72", "0", "20", "reversedirection=yes highway=residential", "", "7859", "1127193"],
          ["9562117", "46673180", "964", "1129", "1801", "0", "118", "0", "0", "reversedirection=yes highway=track surface=gravel tracktype=grade2", "", "8012", "1140979"],
          ["9562354", "46672990", "961", "29", "4198", "0", "45", "0", "400", "highway=tertiary surface=asphalt route_bicycle_ncn=yes", "estimated_crossing_class=1", "8021", "1142200"],
          ["9562445", "46672713", "960", "32", "4198", "0", "0", "0", "0", "highway=tertiary surface=asphalt route_bicycle_ncn=yes", "estimated_crossing_class=1", "8026", "1142997"],
          ["9562556", "46672195", "954", "58", "4324", "0", "0", "0", "0", "highway=tertiary surface=asphalt", "estimated_crossing_class=1", "8034", "1144115"],
          ["9562848", "46671838", "953", "47", "4324", "0", "2", "0", "0", "highway=tertiary surface=asphalt", "estimated_crossing_class=1", "8039", "1144881"],
          ["9563499", "46671493", "947", "64", "4324", "0", "0", "0", "0", "highway=tertiary surface=asphalt", "estimated_crossing_class=1", "8046", "1145553"],
          ["9565345", "46669653", "939", "249", "5765", "0", "0", "0", "0", "highway=primary_link surface=asphalt oneway=yes cycleway:right=no", "", "8072", "1146663"],
          ["9570499", "46666826", "903", "511", "7836", "0", "5", "0", "0", "reversedirection=yes highway=primary surface=asphalt maxspeed=80 cycleway:right=lane route_bicycle_ncn=yes", "estimated_crossing_class=1", "8125", "1147410"],
          ["9571239", "46665403", "891", "168", "7836", "0", "1", "0", "0", "reversedirection=yes highway=primary surface=asphalt maxspeed=80 cycleway:right=lane route_bicycle_ncn=yes", "estimated_crossing_class=1", "8142", "1147410"],
          ["9571315", "46665068", "890", "38", "7836", "0", "1", "0", "0", "reversedirection=yes highway=primary surface=asphalt maxspeed=80 cycleway:right=lane route_bicycle_ncn=yes", "", "8146", "1147510"],
          ["9571221", "46664408", "887", "75", "6156", "0", "1", "0", "0", "reversedirection=yes highway=primary surface=asphalt maxspeed=60 route_bicycle_ncn=yes", "", "8153", "1147644"],
          ["9571335", "46664260", "887", "19", "5597", "0", "3", "0", "0", "reversedirection=yes highway=primary surface=asphalt maxspeed=50 route_bicycle_ncn=yes", "estimated_crossing_class=1", "8155", "1147805"],
          ["9571834", "46664023", "882", "46", "5597", "0", "1", "0", "0", "reversedirection=yes highway=primary surface=asphalt maxspeed=50 route_bicycle_ncn=yes", "estimated_crossing_class=1", "8160", "1147879"],
          ["9572127", "46663892", "882", "27", "5597", "0", "0", "0", "0", "reversedirection=yes highway=primary surface=asphalt maxspeed=50 route_bicycle_ncn=yes", "estimated_crossing_class=1", "8163", "1147879"],
          ["9572654", "46663671", "877", "47", "5597", "0", "0", "20", "0", "reversedirection=yes highway=primary surface=asphalt maxspeed=50 route_bicycle_ncn=yes", "highway=crossing crossing=uncontrolled kerb=raised", "8168", "1147879"],
          ["9572806", "46663604", "876", "14", "5597", "0", "0", "0", "0", "reversedirection=yes highway=primary surface=asphalt maxspeed=50 route_bicycle_ncn=yes", "estimated_crossing_class=2", "8169", "1147879"],
          ["9576058", "46662535", "850", "279", "3843", "0", "10", "0", "20", "reversedirection=yes highway=footway surface=asphalt", "", "8198", "1147879"],
          ["9576573", "46662598", "845", "40", "2882", "0", "5", "0", "0", "reversedirection=yes highway=service surface=asphalt", "", "8202", "1147879"],
          ["9576535", "46662683", "847", "10", "4324", "0", "73", "0", "400", "reversedirection=yes highway=tertiary surface=asphalt maxspeed=50", "estimated_crossing_class=2", "8203", "1147879"],
          ["9577036", "46662695", "847", "40", "5597", "0", "76", "20", "0", "reversedirection=yes highway=primary surface=asphalt maxspeed=50 route_bicycle_ncn=yes", "highway=crossing crossing=uncontrolled kerb=lowered", "8207", "1147879"],
          ["9577146", "46662664", "847", "9", "5597", "0", "0", "0", "0", "reversedirection=yes highway=primary surface=asphalt maxspeed=50 route_bicycle_ncn=yes", "estimated_crossing_class=2", "8208", "1147903"],
          ["9577297", "46662610", "848", "13", "5597", "0", "0", "0", "0", "reversedirection=yes highway=primary surface=asphalt maxspeed=50 route_bicycle_ncn=yes", "estimated_crossing_class=2", "8209", "1148086"],
          ["9577927", "46662325", "850", "58", "5597", "0", "0", "0", "0", "reversedirection=yes highway=primary surface=asphalt maxspeed=50 route_bicycle_ncn=yes", "estimated_crossing_class=2", "8217", "1149240"],
          ["9578033", "46662275", "850", "10", "5597", "0", "0", "20", "0", "reversedirection=yes highway=primary surface=asphalt maxspeed=50 route_bicycle_ncn=yes", "highway=crossing crossing=uncontrolled kerb=lowered", "8218", "1149426"],
          ["9578134", "46662227", "849", "9", "5597", "0", "0", "0", "0", "reversedirection=yes highway=primary surface=asphalt maxspeed=50 route_bicycle_ncn=yes", "estimated_crossing_class=2", "8219", "1149584"],
          ["9578721", "46661951", "851", "54", "5597", "0", "0", "0", "0", "reversedirection=yes highway=primary surface=asphalt maxspeed=50 route_bicycle_ncn=yes", "", "8225", "1150442"],
          ["9579063", "46661721", "853", "37", "5597", "0", "2", "0", "0", "highway=primary surface=asphalt maxspeed=50 oneway=yes cycleway:right=no route_bicycle_ncn=yes", "highway=give_way direction=unknown", "8231", "1151268"],
          ["9579100", "46661685", "852", "5", "5597", "0", "0", "0", "0", "highway=primary surface=asphalt maxspeed=50 oneway=yes cycleway:right=no route_bicycle_ncn=yes", "", "8231", "1151367"],
          ["9579392", "46661657", "852", "51", "5597", "0", "11", "0", "0", "highway=primary surface=asphalt maxspeed=50 junction=roundabout route_bicycle_ncn=yes", "", "8237", "1152212"],
          ["9579805", "46661783", "858", "35", "4897", "0", "30", "0", "0", "highway=secondary surface=asphalt maxspeed=50 oneway=yes route_bicycle_ncn=yes", "estimated_crossing_class=2", "8245", "1153300"],
          ["9580420", "46661893", "857", "49", "8815", "0", "0", "0", "0", "reversedirection=yes highway=secondary surface=asphalt route_bicycle_ncn=yes", "", "8253", "1154607"],
          ["9586586", "46661346", "896", "525", "6856", "0", "1", "0", "0", "highway=secondary surface=asphalt maxspeed=80 route_bicycle_ncn=yes", "estimated_crossing_class=1", "8482", "1188857"],
          ["9594889", "46660633", "903", "650", "6856", "0", "0", "0", "0", "highway=secondary surface=asphalt maxspeed=80 route_bicycle_ncn=yes", "estimated_crossing_class=1", "8623", "1210071"],
          ["9595198", "46660694", "904", "24", "6856", "0", "1", "0", "0", "highway=secondary surface=asphalt maxspeed=80 route_bicycle_ncn=yes", "estimated_crossing_class=1", "8627", "1210673"],
          ["9604938", "46663975", "895", "918", "6856", "0", "5", "0", "0", "highway=secondary surface=asphalt maxspeed=80 route_bicycle_ncn=yes", "estimated_crossing_class=1", "8752", "1229001"],
          ["9606535", "46664516", "890", "151", "6856", "0", "4", "0", "0", "highway=secondary surface=asphalt maxspeed=80 route_bicycle_ncn=yes", "", "8767", "1230317"],
          ["9606936", "46664474", "891", "31", "4897", "0", "0", "0", "0", "highway=secondary surface=asphalt maxspeed=50 route_bicycle_ncn=yes", "estimated_crossing_class=1", "8770", "1230811"],
          ["9607175", "46664449", "891", "19", "4897", "0", "0", "0", "0", "highway=secondary surface=asphalt maxspeed=50 route_bicycle_ncn=yes", "estimated_crossing_class=1", "8773", "1231129"],
          ["9607038", "46663666", "887", "88", "1749", "0", "70", "0", "20", "highway=track surface=asphalt tracktype=grade1 mtb:scale=0 route_bicycle_ncn=yes", "", "8782", "1232215"],
          ["9607154", "46663416", "888", "29", "2544", "0", "0", "0", "0", "highway=track surface=wood tracktype=grade1 mtb:scale=0 route_bicycle_ncn=yes", "", "8785", "1232678"],
          ["9607202", "46663302", "889", "13", "1749", "0", "0", "0", "0", "highway=track surface=asphalt tracktype=grade1 mtb:scale=0 route_bicycle_ncn=yes", "", "8786", "1232936"],
          ["9609971", "46663131", "891", "220", "1399", "0", "75", "0", "0", "highway=track surface=fine_gravel tracktype=grade2 route_bicycle_ncn=yes", "", "8813", "1236967"],
          ["9613115", "46664572", "894", "294", "1166", "0", "38", "0", "0", "reversedirection=yes highway=track surface=asphalt tracktype=grade1 route_bicycle_ncn=yes", "", "8862", "1244299"],
          ["9617513", "46664828", "902", "374", "1526", "0", "11", "0", "0", "highway=track surface=fine_gravel tracktype=grade3 route_bicycle_ncn=yes", "", "8926", "1253824"],
          ["9617601", "46664639", "905", "25", "1166", "0", "20", "0", "0", "highway=track surface=asphalt tracktype=grade1 route_bicycle_ncn=yes", "", "8931", "1254693"],
          ["9622343", "46663602", "917", "397", "1399", "0", "101", "0", "0", "reversedirection=yes highway=track surface=fine_gravel tracktype=grade2 route_bicycle_ncn=yes", "", "9035", "1270242"],
          ["9622418", "46663562", "917", "7", "1696", "0", "1", "0", "0", "reversedirection=yes highway=track surface=wood tracktype=grade1 route_bicycle_ncn=yes", "", "9036", "1270450"],
          ["9625700", "46663102", "914", "278", "1399", "0", "27", "0", "0", "reversedirection=yes highway=track surface=fine_gravel tracktype=grade2 route_bicycle_ncn=yes", "", "9079", "1276901"],
          ["9626225", "46662691", "915", "62", "1749", "0", "4", "0", "0", "reversedirection=yes highway=track surface=gravel tracktype=grade2 route_bicycle_ncn=yes", "", "9091", "1278626"],
          ["9645311", "46666156", "936", "1669", "1526", "0", "223", "0", "0", "reversedirection=yes highway=track surface=fine_gravel tracktype=grade3 route_bicycle_ncn=yes", "", "9378", "1321685"],
          ["9647083", "46666625", "941", "151", "3053", "0", "111", "0", "0", "reversedirection=yes highway=service surface=fine_gravel route_bicycle_ncn=yes", "", "9403", "1325403"],
          ["9647259", "46666708", "940", "16", "4070", "0", "1", "0", "0", "reversedirection=yes highway=service surface=wood route_bicycle_ncn=yes", "", "9405", "1325753"],
          ["9653560", "46668623", "944", "554", "3053", "0", "1", "0", "0", "reversedirection=yes highway=service surface=fine_gravel route_bicycle_ncn=yes", "", "9497", "1339514"],
          ["9662836", "46668781", "958", "738", "1526", "0", "31", "0", "0", "reversedirection=yes highway=track surface=fine_gravel tracktype=grade3 route_bicycle_ncn=yes", "", "9628", "1359216"],
          ["9679183", "46671776", "979", "1351", "2798", "0", "81", "0", "0", "reversedirection=yes highway=service surface=asphalt tracktype=grade1 route_bicycle_ncn=yes", "", "9880", "1397024"],
          ["9680750", "46671909", "982", "134", "2096", "0", "101", "0", "0", "highway=track tracktype=grade3", "", "9905", "1400674"],
          ["9680857", "46671895", "981", "8", "2798", "0", "4", "0", "0", "reversedirection=yes highway=service surface=asphalt tracktype=grade1 route_bicycle_ncn=yes", "", "9906", "1400874"],
          ["9681769", "46671677", "984", "74", "3816", "0", "0", "0", "0", "reversedirection=yes highway=service surface=gravel tracktype=grade1 route_bicycle_ncn=yes", "", "9920", "1402969"],
          ["9685431", "46671378", "992", "287", "2798", "0", "1", "0", "0", "reversedirection=yes highway=service surface=asphalt tracktype=grade1 route_bicycle_ncn=yes", "", "9984", "1412546"],
          ["9688036", "46670136", "998", "251", "1632", "0", "5", "0", "0", "reversedirection=yes highway=unclassified surface=asphalt route_bicycle_ncn=yes", "", "10043", "1421397"],
          ["9694642", "46662872", "1020", "973", "1749", "0", "23", "0", "0", "highway=track surface=gravel tracktype=grade2 route_bicycle_ncn=yes", "", "10250", "1452483"],
          ["9697027", "46661532", "1028", "239", "1166", "0", "8", "0", "0", "highway=track surface=asphalt tracktype=grade1 route_bicycle_ncn=yes", "", "10306", "1460943"],
          ["9713096", "46653819", "1087", "1552", "1908", "2801", "42", "0", "0", "highway=track surface=gravel tracktype=grade3 route_bicycle_ncn=yes", "", "10734", "1525144"],
          ["9714483", "46653693", "1089", "124", "1801", "0", "38", "0", "0", "highway=track surface=gravel tracktype=grade2", "", "10776", "1531411"],
          ["9716105", "46652552", "1102", "220", "4258", "844", "166", "0", "0", "highway=track surface=dirt tracktype=grade4", "", "10869", "1545324"],
          ["9719194", "46650528", "1121", "385", "4504", "0", "212", "0", "0", "highway=track surface=gravel tracktype=grade2 sac_scale=hiking", "", "11011", "1566651"],
          ["9721997", "46647436", "1121", "467", "1801", "0", "43", "0", "0", "highway=track surface=gravel tracktype=grade2", "", "11084", "1577562"],
          ["9722784", "46647458", "1129", "66", "8516", "0", "28", "0", "0", "highway=path surface=dirt", "", "11099", "1579846"],
          ["9722036", "46647937", "1134", "82", "1681", "0", "116", "0", "0", "highway=track surface=dirt tracktype=grade2", "estimated_crossing_class=1", "11125", "1583736"],
          ["9730090", "46644231", "1201", "764", "6856", "0", "125", "0", "400", "highway=secondary surface=asphalt maxspeed=80 route_bicycle_ncn=yes", "estimated_crossing_class=1", "11531", "1644565"],
          ["9732602", "46643251", "1250", "482", "6856", "0", "59", "0", "0", "highway=secondary surface=asphalt maxspeed=80 route_bicycle_ncn=yes", "estimated_crossing_class=1", "11846", "1691846"],
          ["9733634", "46640711", "1286", "336", "6856", "0", "5", "0", "0", "highway=secondary surface=asphalt maxspeed=80 route_bicycle_ncn=yes", "estimated_crossing_class=1", "12051", "1722571"],
          ["9733621", "46640462", "1289", "28", "6856", "0", "2", "0", "0", "highway=secondary surface=asphalt maxspeed=80 route_bicycle_ncn=yes", "estimated_crossing_class=1", "12069", "1725325"],
          ["9741046", "46634757", "1356", "1034", "6856", "0", "26", "0", "0", "highway=secondary surface=asphalt maxspeed=80 route_bicycle_ncn=yes", "estimated_crossing_class=1", "12552", "1797761"],
          ["9742545", "46633896", "1359", "149", "6856", "0", "0", "0", "0", "highway=secondary surface=asphalt maxspeed=80 route_bicycle_ncn=yes", "estimated_crossing_class=1", "12594", "1804024"],
          ["9744093", "46632201", "1356", "230", "6856", "0", "0", "0", "0", "highway=secondary surface=asphalt maxspeed=80 route_bicycle_ncn=yes", "", "12627", "1809027"],
          ["9744347", "46631580", "1358", "71", "4897", "0", "0", "0", "0", "highway=secondary surface=asphalt maxspeed=50 route_bicycle_ncn=yes", "estimated_crossing_class=1", "12640", "1810916"],
          ["9744595", "46631285", "1357", "38", "4897", "0", "0", "0", "0", "highway=secondary surface=asphalt maxspeed=50 route_bicycle_ncn=yes", "estimated_crossing_class=2", "12646", "1811831"],
          ["9745978", "46630297", "1358", "155", "4897", "0", "0", "0", "0", "highway=secondary surface=asphalt maxspeed=50 route_bicycle_ncn=yes", "", "12671", "1815584"],
          ["9746230", "46630210", "1360", "22", "8815", "0", "0", "0", "0", "highway=secondary surface=asphalt maxspeed=30 route_bicycle_ncn=yes", "estimated_crossing_class=1", "12675", "1816230"],
          ["9746240", "46630226", "1361", "2", "3123", "0", "68", "0", "20", "highway=unclassified surface=asphalt", "", "12676", "1816292"],
          ["9746353", "46630216", "1362", "9", "8560", "0", "77", "0", "0", "highway=path", "", "12677", "1816491"],
          ["9747294", "46630350", "1370", "76", "1441", "0", "45", "0", "0", "highway=path surface=fine_gravel", "", "12702", "1820313"],
          ["9748085", "46630114", "1367", "87", "2642", "0", "126", "0", "0", "highway=residential surface=asphalt", "", "12718", "1822733"],
          ["9751801", "46630841", "1384", "338", "3123", "0", "31", "0", "0", "highway=unclassified surface=asphalt", "", "12824", "1838613"],
          ["9751766", "46630691", "1388", "17", "2642", "0", "62", "0", "0", "highway=residential", "", "12830", "1839521"],
          ["9750810", "46628473", "1385", "296", "2642", "0", "36", "0", "0", "highway=residential surface=asphalt", "", "12888", "1848119"],
          ["9748185", "46627313", "1380", "242", "2642", "0", "68", "0", "0", "reversedirection=yes highway=residential surface=asphalt", "estimated_crossing_class=1", "12915", "1851735"],
          ["9748305", "46627168", "1381", "19", "13623", "0", "71", "0", "400", "reversedirection=yes highway=secondary surface=sett maxspeed=30 route_bicycle_ncn=yes", "estimated_crossing_class=1", "12917", "1852135"],
          ["9748426", "46627005", "1381", "21", "8815", "0", "0", "0", "0", "reversedirection=yes highway=secondary surface=asphalt maxspeed=30 route_bicycle_ncn=yes", "estimated_crossing_class=1", "12920", "1852593"],
          ["9748539", "46626916", "1381", "13", "8815", "0", "0", "0", "0", "reversedirection=yes highway=secondary surface=asphalt maxspeed=30 route_bicycle_ncn=yes", "estimated_crossing_class=1", "12922", "1852862"],
          ["9748762", "46626747", "1381", "25", "8815", "0", "0", "0", "0", "reversedirection=yes highway=secondary surface=asphalt maxspeed=30 route_bicycle_ncn=yes", "estimated_crossing_class=1", "12926", "1853379"],
          ["9748748", "46626604", "1381", "16", "8815", "0", "11", "0", "0", "reversedirection=yes highway=secondary surface=asphalt maxspeed=30 route_bicycle_ncn=yes", "estimated_crossing_class=1", "12928", "1853734"],
          ["9748587", "46625567", "1380", "126", "1310", "0", "29", "0", "20", "highway=track tracktype=grade1", "", "12944", "1856130"],
          ["9748759", "46625051", "1376", "73", "1201", "0", "64", "0", "0", "highway=track surface=asphalt tracktype=grade1", "", "12953", "1857533"],
          ["9751560", "46621206", "1394", "497", "1572", "0", "23", "0", "0", "reversedirection=yes highway=track surface=fine_gravel tracktype=grade3", "estimated_crossing_class=1", "13039", "1870247"],
          ["9751907", "46620866", "1395", "46", "6856", "0", "7", "0", "400", "reversedirection=yes highway=secondary surface=asphalt maxspeed=80 oneway=no route_bicycle_ncn=yes", "estimated_crossing_class=1", "13059", "1873155"],
          ["9754342", "46618115", "1417", "365", "6856", "0", "2", "0", "0", "reversedirection=yes highway=secondary surface=asphalt maxspeed=80 oneway=no route_bicycle_ncn=yes", "estimated_crossing_class=1", "13208", "1895569"],
          ["9756035", "46617588", "1427", "152", "6856", "0", "3", "0", "0", "reversedirection=yes highway=secondary surface=asphalt maxspeed=80 oneway=no route_bicycle_ncn=yes", "estimated_crossing_class=1", "13268", "1904517"],
          ["9756879", "46616720", "1433", "117", "6856", "0", "0", "0", "0", "reversedirection=yes highway=secondary surface=asphalt maxspeed=80 oneway=no route_bicycle_ncn=yes", "estimated_crossing_class=1", "13313", "1911273"],
          ["9757612", "46616377", "1439", "68", "6856", "0", "0", "0", "0", "reversedirection=yes highway=secondary surface=asphalt maxspeed=80 oneway=no route_bicycle_ncn=yes", "estimated_crossing_class=1", "13345", "1916061"],
          ["9758314", "46615534", "1447", "114", "6856", "0", "2", "50", "0", "reversedirection=yes highway=secondary surface=asphalt maxspeed=80 oneway=no route_bicycle_ncn=yes", "barrier=swing_gate access=yes", "13395", "1923592"],
          ["9758696", "46613702", "1465", "209", "6856", "0", "2", "0", "0", "reversedirection=yes highway=secondary surface=asphalt maxspeed=80 oneway=no route_bicycle_ncn=yes", "highway=passing_place", "13502", "1939695"],
          ["9758445", "46612710", "1475", "115", "6856", "0", "0", "0", "0", "reversedirection=yes highway=secondary surface=asphalt maxspeed=80 oneway=no route_bicycle_ncn=yes", "estimated_crossing_class=1", "13560", "1948348"],
          ["9758396", "46612647", "1476", "8", "6856", "0", "0", "0", "0", "reversedirection=yes highway=secondary surface=asphalt maxspeed=80 oneway=no route_bicycle_ncn=yes", "estimated_crossing_class=1", "13564", "1949007"],
          ["9758303", "46611167", "1488", "168", "6856", "0", "1", "0", "0", "reversedirection=yes highway=secondary surface=asphalt maxspeed=80 oneway=no route_bicycle_ncn=yes", "highway=passing_place", "13647", "1961416"],
          ["9758003", "46610442", "1496", "86", "6856", "0", "1", "0", "0", "reversedirection=yes highway=secondary surface=asphalt maxspeed=80 oneway=no route_bicycle_ncn=yes", "highway=passing_place", "13694", "1968510"],
          ["9756399", "46606558", "1538", "457", "6856", "0", "3", "0", "0", "reversedirection=yes highway=secondary surface=asphalt maxspeed=80 oneway=no route_bicycle_ncn=yes", "estimated_crossing_class=1", "13965", "2009029"],
          ["9754857", "46602898", "1585", "477", "6856", "0", "6", "0", "0", "reversedirection=yes highway=secondary surface=asphalt maxspeed=80 oneway=no route_bicycle_ncn=yes", "", "14242", "2050664"],
          ["9754555", "46602557", "1590", "45", "6856", "0", "9", "0", "0", "reversedirection=yes highway=secondary surface=asphalt maxspeed=80 foot=yes oneway=no route_bicycle_ncn=yes", "", "14258", "2053037"],
          ["9754551", "46602526", "1590", "3", "6856", "0", "1", "0", "0", "reversedirection=yes highway=secondary surface=asphalt maxspeed=80 oneway=no route_bicycle_ncn=yes", "estimated_crossing_class=1", "14260", "2053376"],
          ["9754874", "46602108", "1595", "53", "6856", "0", "3", "0", "0", "reversedirection=yes highway=secondary surface=asphalt maxspeed=80 oneway=no route_bicycle_ncn=yes", "estimated_crossing_class=1", "14299", "2059241"],
          ["9755961", "46601224", "1606", "132", "6856", "0", "1", "0", "0", "reversedirection=yes highway=secondary surface=asphalt maxspeed=80 oneway=no route_bicycle_ncn=yes", "", "14380", "2071352"],
          ["9755997", "46601170", "1606", "7", "6856", "0", "0", "0", "0", "reversedirection=yes highway=secondary surface=asphalt maxspeed=80 foot=yes oneway=no route_bicycle_ncn=yes", "", "14384", "2071928"],
          ["9756370", "46599234", "1627", "220", "6856", "0", "2", "0", "0", "reversedirection=yes highway=secondary surface=asphalt maxspeed=80 oneway=no route_bicycle_ncn=yes", "estimated_crossing_class=1", "14517", "2091911"],
          ["9756404", "46599150", "1627", "10", "6856", "0", "0", "0", "0", "reversedirection=yes highway=secondary surface=asphalt maxspeed=80 oneway=no route_bicycle_ncn=yes", "", "14522", "2092647"],
          ["9756417", "46599116", "1628", "4", "6856", "0", "0", "0", "0", "reversedirection=yes highway=secondary surface=asphalt maxspeed=80 foot=yes oneway=no route_bicycle_ncn=yes", "", "14524", "2092932"],
          ["9756871", "46597956", "1640", "171", "6856", "0", "12", "0", "0", "reversedirection=yes highway=secondary surface=asphalt maxspeed=80 oneway=no route_bicycle_ncn=yes", "estimated_crossing_class=1", "14617", "2106922"],
          ["9756975", "46597959", "1639", "8", "6856", "0", "0", "0", "0", "reversedirection=yes highway=secondary surface=asphalt maxspeed=80 oneway=no route_bicycle_ncn=yes", "", "14619", "2107259"],
          ["9757186", "46597964", "1639", "16", "6856", "0", "0", "0", "0", "reversedirection=yes highway=secondary surface=asphalt maxspeed=80 foot=yes oneway=no route_bicycle_ncn=yes", "", "14623", "2107831"],
          ["9757653", "46597855", "1646", "38", "6856", "0", "3", "0", "0", "reversedirection=yes highway=secondary surface=asphalt maxspeed=80 oneway=no route_bicycle_ncn=yes", "estimated_crossing_class=1", "14640", "2110287"],
          ["9758167", "46596321", "1663", "182", "6856", "0", "9", "0", "0", "reversedirection=yes highway=secondary surface=asphalt maxspeed=80 oneway=no route_bicycle_ncn=yes", "estimated_crossing_class=1", "14740", "2125417"],
          ["9758418", "46595971", "1668", "46", "6856", "0", "6", "0", "0", "reversedirection=yes highway=secondary surface=asphalt maxspeed=80 oneway=no route_bicycle_ncn=yes", "estimated_crossing_class=1", "14768", "2129571"],
          ["9759812", "46595378", "1683", "126", "6856", "0", "2", "0", "0", "reversedirection=yes highway=secondary surface=asphalt maxspeed=80 oneway=no route_bicycle_ncn=yes", "highway=passing_place", "14860", "2143273"],
          ["9759488", "46594185", "1696", "157", "6856", "0", "36", "0", "0", "reversedirection=yes highway=secondary surface=asphalt maxspeed=80 oneway=no route_bicycle_ncn=yes", "estimated_crossing_class=1", "14946", "2156221"],
          ["9762126", "46592621", "1746", "542", "6856", "0", "100", "0", "0", "reversedirection=yes highway=secondary surface=asphalt maxspeed=80 oneway=no route_bicycle_ncn=yes", "estimated_crossing_class=1", "15280", "2206275"],
          ["9762275", "46592623", "1747", "11", "6856", "0", "8", "0", "0", "reversedirection=yes highway=secondary surface=asphalt maxspeed=80 oneway=no route_bicycle_ncn=yes", "", "15283", "2206833"],
          ["9762508", "46592744", "1752", "23", "6856", "0", "4", "0", "0", "reversedirection=yes highway=secondary surface=asphalt maxspeed=80 route_bicycle_ncn=yes", "estimated_crossing_class=1", "15294", "2208437"],
          ["9764432", "46592596", "1754", "151", "6856", "0", "14", "139", "0", "reversedirection=yes highway=secondary surface=asphalt maxspeed=80 route_bicycle_ncn=yes", "barrier=lift_gate access=yes", "15351", "2216970"],
          ["9764827", "46592420", "1753", "37", "6856", "0", "4", "0", "0", "reversedirection=yes highway=secondary surface=asphalt maxspeed=80 route_bicycle_ncn=yes", "estimated_crossing_class=1", "15357", "2217901"],
          ["9764885", "46592331", "1754", "11", "6856", "0", "1", "0", "0", "reversedirection=yes highway=secondary surface=asphalt maxspeed=80 route_bicycle_ncn=yes", "estimated_crossing_class=1", "15359", "2218207"],
          ["9766343", "46591546", "1760", "155", "6856", "0", "1", "0", "0", "reversedirection=yes highway=secondary surface=asphalt maxspeed=80 route_bicycle_ncn=yes", "estimated_crossing_class=1", "15396", "2223692"],
          ["9769653", "46591375", "1769", "265", "6856", "0", "1", "0", "0", "reversedirection=yes highway=secondary surface=asphalt maxspeed=80 route_bicycle_ncn=yes", "estimated_crossing_class=1", "15467", "2234404"],
          ["9772738", "46591474", "1780", "244", "6856", "0", "0", "0", "0", "reversedirection=yes highway=secondary surface=asphalt maxspeed=80 route_bicycle_ncn=yes", "estimated_crossing_class=1", "15536", "2244708"],
          ["9773377", "46591190", "1781", "58", "6856", "0", "0", "0", "0", "reversedirection=yes highway=secondary surface=asphalt maxspeed=80 route_bicycle_ncn=yes", "estimated_crossing_class=1", "15553", "2247290"],
          ["9774339", "46590759", "1786", "88", "6856", "0", "0", "0", "0", "reversedirection=yes highway=secondary surface=asphalt maxspeed=80 route_bicycle_ncn=yes", "", "15585", "2252169"],
          ["9774689", "46590590", "1787", "33", "4897", "0", "0", "0", "0", "reversedirection=yes highway=secondary surface=asphalt maxspeed=50 route_bicycle_ncn=yes", "estimated_crossing_class=1", "15595", "2253543"],
          ["9774934", "46590310", "1788", "37", "4897", "0", "1", "0", "0", "reversedirection=yes highway=secondary surface=asphalt maxspeed=50 route_bicycle_ncn=yes", "estimated_crossing_class=1", "15604", "2254953"],
          ["9775049", "46590108", "1790", "24", "4897", "0", "0", "0", "0", "reversedirection=yes highway=secondary surface=asphalt maxspeed=50 route_bicycle_ncn=yes", "estimated_crossing_class=1", "15611", "2255991"],
          ["9775344", "46589780", "1790", "43", "4897", "0", "0", "0", "0", "reversedirection=yes highway=secondary surface=asphalt maxspeed=50 route_bicycle_ncn=yes", "estimated_crossing_class=1", "15622", "2257658"],
          ["9775588", "46589575", "1792", "30", "4897", "0", "0", "0", "0", "reversedirection=yes highway=secondary surface=asphalt maxspeed=50 route_bicycle_ncn=yes", "estimated_crossing_class=1", "15630", "2258812"],
          ["9775848", "46589461", "1795", "24", "4897", "0", "1", "0", "0", "reversedirection=yes highway=secondary surface=asphalt maxspeed=50 route_bicycle_ncn=yes", "estimated_crossing_class=1", "15638", "2260041"],
          ["9775987", "46589446", "1795", "11", "4897", "0", "2", "0", "0", "reversedirection=yes highway=secondary surface=asphalt maxspeed=50 route_bicycle_ncn=yes", "estimated_crossing_class=1", "15642", "2260611"],
          ["9776149", "46589447", "1796", "12", "4897", "0", "1", "0", "0", "reversedirection=yes highway=secondary surface=asphalt maxspeed=50 route_bicycle_ncn=yes", "estimated_crossing_class=1", "15646", "2261226"],
          ["9776725", "46589476", "1798", "44", "4897", "0", "1", "0", "0", "reversedirection=yes highway=secondary surface=asphalt maxspeed=50 route_bicycle_ncn=yes", "estimated_crossing_class=1", "15661", "2263549"],
          ["9777542", "46589223", "1801", "68", "4897", "0", "2", "0", "0", "highway=secondary surface=asphalt maxspeed=50 route_bicycle_ncn=yes", "", "15686", "2267264"],
          ["9779698", "46587431", "1817", "265", "6856", "0", "7", "0", "0", "highway=secondary surface=asphalt maxspeed=80 route_bicycle_ncn=yes", "estimated_crossing_class=1", "15784", "2281981"],
          ["9779898", "46586928", "1821", "58", "6856", "0", "0", "0", "0", "highway=secondary surface=asphalt maxspeed=80 route_bicycle_ncn=yes", "estimated_crossing_class=1", "15810", "2285864"],
          ["9780483", "46586177", "1829", "97", "6856", "0", "0", "139", "0", "highway=secondary surface=asphalt maxspeed=80 route_bicycle_ncn=yes", "barrier=lift_gate access=yes", "15850", "2291912"],
          ["9784354", "46585285", "1857", "328", "6856", "0", "12", "0", "0", "highway=secondary surface=asphalt maxspeed=80 route_bicycle_ncn=yes", "estimated_crossing_class=1", "16028", "2318629"],
          ["9784683", "46585263", "1859", "25", "6856", "0", "0", "0", "0", "highway=secondary surface=asphalt maxspeed=80 route_bicycle_ncn=yes", "estimated_crossing_class=1", "16041", "2320469"],
          ["9784695", "46585072", "1863", "54", "6856", "0", "40", "0", "0", "highway=secondary surface=asphalt maxspeed=80 route_bicycle_ncn=yes", "estimated_crossing_class=1", "16065", "2324099"],
          ["9781715", "46585252", "1880", "237", "6856", "0", "1", "0", "0", "highway=secondary surface=asphalt maxspeed=80 route_bicycle_ncn=yes", "estimated_crossing_class=1", "16177", "2340912"],
          ["9778832", "46584952", "1895", "231", "6856", "0", "9", "0", "0", "highway=secondary surface=asphalt maxspeed=80 route_bicycle_ncn=yes", "estimated_crossing_class=1", "16272", "2355176"],
          ["9781930", "46583415", "1915", "308", "6856", "0", "18", "0", "0", "highway=secondary surface=asphalt maxspeed=80 route_bicycle_ncn=yes", "estimated_crossing_class=1", "16414", "2376491"],
          ["9783164", "46582889", "1924", "114", "6856", "0", "4", "139", "0", "highway=secondary surface=asphalt maxspeed=80 route_bicycle_ncn=yes", "barrier=lift_gate access=yes", "16468", "2384558"],
          ["9787361", "46582659", "1950", "336", "6856", "0", "1", "0", "0", "highway=secondary surface=asphalt maxspeed=80 route_bicycle_ncn=yes", "highway=passing_place", "16634", "2409392"],
          ["9791325", "46582786", "1973", "306", "6856", "0", "0", "0", "0", "highway=secondary surface=asphalt maxspeed=80 route_bicycle_ncn=yes", "estimated_crossing_class=1", "16779", "2431173"],
          ["9799724", "46581820", "2024", "683", "6856", "0", "1", "0", "0", "highway=secondary surface=asphalt maxspeed=80 route_bicycle_ncn=yes", "estimated_crossing_class=1", "17110", "2480815"],
          ["9799949", "46581650", "2026", "26", "6856", "0", "0", "0", "0", "highway=secondary surface=asphalt maxspeed=80 route_bicycle_ncn=yes", "estimated_crossing_class=1", "17120", "2482418"],
          ["9800022", "46581570", "2027", "11", "6856", "0", "1", "0", "0", "highway=secondary surface=asphalt maxspeed=80 route_bicycle_ncn=yes", "estimated_crossing_class=1", "17125", "2483084"],
          ["9800033", "46581556", "2027", "2", "6856", "0", "0", "0", "0", "highway=secondary surface=asphalt maxspeed=80 route_bicycle_ncn=yes", "", "17126", "2483199"],
          ["9800084", "46581475", "2027", "10", "6856", "0", "0", "0", "0", "highway=secondary surface=asphalt maxspeed=80 foot=yes route_bicycle_ncn=yes", "", "17129", "2483745"],
          ["9800137", "46581400", "2027", "9", "6856", "0", "0", "0", "0", "highway=secondary surface=asphalt maxspeed=80 route_bicycle_ncn=yes", "estimated_crossing_class=1", "17132", "2484201"],
          ["9800758", "46578663", "2055", "388", "6856", "0", "11", "0", "0", "highway=secondary surface=asphalt maxspeed=80 route_bicycle_ncn=yes", "estimated_crossing_class=1", "17303", "2509768"],
          ["9800572", "46577980", "2064", "78", "6856", "0", "0", "0", "0", "highway=secondary surface=asphalt maxspeed=80 route_bicycle_ncn=yes", "estimated_crossing_class=1", "17349", "2516694"],
          ["9800644", "46577738", "2066", "28", "6856", "0", "0", "0", "0", "highway=secondary surface=asphalt maxspeed=80 route_bicycle_ncn=yes", "estimated_crossing_class=1", "17364", "2519047"],
          ["9801079", "46576922", "2074", "97", "6856", "0", "1", "0", "0", "highway=secondary surface=asphalt maxspeed=80 route_bicycle_ncn=yes", "estimated_crossing_class=1", "17420", "2527378"],
          ["9801303", "46576572", "2077", "44", "6856", "0", "3", "0", "0", "highway=secondary surface=asphalt maxspeed=80 route_bicycle_ncn=yes", "estimated_crossing_class=1", "17442", "2530725"],
          ["9801345", "46576365", "2074", "23", "6856", "0", "1", "0", "0", "highway=secondary surface=asphalt maxspeed=80 route_bicycle_ncn=yes", "estimated_crossing_class=1", "17449", "2531739"],
          ["9801686", "46576183", "2079", "34", "6856", "0", "4", "139", "0", "highway=secondary surface=asphalt maxspeed=80 route_bicycle_ncn=yes", "barrier=lift_gate access=yes", "17455", "2532691"],
          ["9813114", "46577398", "2170", "1145", "6856", "0", "88", "0", "0", "highway=secondary surface=asphalt maxspeed=80 route_bicycle_ncn=yes", "estimated_crossing_class=1", "18039", "2620228"],
          ["9819196", "46579085", "2210", "576", "6856", "0", "21", "0", "0", "highway=secondary surface=asphalt maxspeed=80 route_bicycle_ncn=yes", "estimated_crossing_class=1", "18314", "2661512"],
          ["9821153", "46579074", "2217", "161", "6856", "0", "10", "0", "0", "highway=secondary surface=asphalt maxspeed=80 route_bicycle_ncn=yes", "estimated_crossing_class=1", "18368", "2669517"],
          ["9821340", "46579047", "2218", "15", "6856", "0", "0", "0", "0", "highway=secondary surface=asphalt maxspeed=80 route_bicycle_ncn=yes", "", "18371", "2670095"],
          ["9822935", "46578931", "2224", "123", "6856", "0", "0", "0", "0", "highway=secondary surface=asphalt maxspeed=80 oneway=no route_bicycle_ncn=yes", "", "18415", "2676624"],
          ["9837361", "46581851", "2305", "1232", "6856", "0", "11", "0", "0", "highway=secondary surface=asphalt maxspeed=80 route_bicycle_ncn=yes", "", "18929", "2753732"],
          ["9837621", "46582085", "2309", "33", "5387", "0", "3", "0", "0", "highway=secondary surface=asphalt maxspeed=60 route_bicycle_ncn=yes", "estimated_crossing_class=1", "18945", "2756151"],
          ["9837676", "46582231", "2311", "17", "5387", "0", "0", "50", "0", "highway=secondary surface=asphalt maxspeed=60 route_bicycle_ncn=yes", "barrier=swing_gate access=yes", "18954", "2757499"],
          ["9837715", "46582348", "2311", "13", "5387", "0", "0", "0", "0", "highway=secondary surface=asphalt maxspeed=60 route_bicycle_ncn=yes", "estimated_crossing_class=1", "18960", "2758451"],
          ["9837918", "46582575", "2309", "31", "5387", "0", "3", "0", "0", "highway=secondary surface=asphalt maxspeed=60 route_bicycle_ncn=yes", "estimated_crossing_class=1", "18971", "2760085"],
          ["9837953", "46582592", "2309", "3", "5387", "0", "1", "0", "0", "highway=secondary surface=asphalt maxspeed=60 route_bicycle_ncn=yes", "estimated_crossing_class=1", "18972", "2760199"],
          ["9838258", "46582691", "2308", "32", "2882", "0", "39", "0", "20", "highway=service surface=asphalt", "estimated_crossing_class=1", "18978", "2761142"],
          ["9843404", "46582684", "2301", "442", "12971", "0", "233", "0", "0", "highway=path surface=fine_gravel mtb:scale=1", "", "19041", "2770449"],
          ["9838258", "46582691", "2308", "442", "12971", "0", "210", "0", "0", "reversedirection=yes highway=path surface=fine_gravel mtb:scale=1", "estimated_crossing_class=1", "19121", "2782364"],
          ["9839302", "46582913", "2307", "84", "5387", "0", "55", "0", "400", "highway=secondary surface=asphalt maxspeed=60 route_bicycle_ncn=yes", "", "19132", "2784023"],
          ["9843274", "46583528", "2303", "315", "6856", "0", "0", "0", "0", "highway=secondary surface=asphalt maxspeed=80 route_bicycle_ncn=yes", "estimated_crossing_class=1", "19173", "2790242"],
          ["9857665", "46587115", "2298", "1186", "6856", "0", "0", "0", "0", "highway=secondary surface=asphalt maxspeed=80 route_bicycle_ncn=yes", "estimated_crossing_class=1", "19325", "2812104"],
          ["9858738", "46587102", "2292", "88", "6856", "0", "4", "0", "0", "highway=secondary surface=asphalt maxspeed=80 route_bicycle_ncn=yes", "estimated_crossing_class=1", "19334", "2813424"],
          ["9869074", "46588013", "2259", "840", "6856", "0", "3", "0", "0", "highway=secondary surface=asphalt maxspeed=80 route_bicycle_ncn=yes", "estimated_crossing_class=1", "19424", "2818266"],
          ["9872561", "46588715", "2251", "280", "6856", "0", "0", "0", "0", "highway=secondary surface=asphalt maxspeed=80 route_bicycle_ncn=yes", "estimated_crossing_class=1", "19454", "2820403"],
          ["9884577", "46588974", "2178", "977", "6856", "0", "10", "0", "0", "highway=secondary surface=asphalt maxspeed=80 route_bicycle_ncn=yes", "estimated_crossing_class=1", "19556", "2822322"],
          ["9887777", "46588963", "2157", "259", "6856", "0", "5", "0", "0", "highway=secondary surface=asphalt maxspeed=80 route_bicycle_ncn=yes", "estimated_crossing_class=1", "19582", "2822322"],
          ["9896036", "46587727", "2098", "661", "6856", "0", "3", "0", "0", "highway=secondary surface=asphalt maxspeed=80 route_bicycle_ncn=yes", "estimated_crossing_class=1", "19650", "2822322"],
          ["9898417", "46587065", "2080", "198", "6856", "0", "1", "0", "0", "highway=secondary surface=asphalt maxspeed=80 route_bicycle_ncn=yes", "estimated_crossing_class=1", "19671", "2822322"],
          ["9901306", "46585811", "2040", "456", "6856", "0", "64", "50", "0", "highway=secondary surface=asphalt maxspeed=80 route_bicycle_ncn=yes", "barrier=swing_gate access=yes", "19718", "2822386"],
          ["9901397", "46585676", "2039", "17", "6856", "0", "0", "0", "0", "highway=secondary surface=asphalt maxspeed=80 route_bicycle_ncn=yes", "estimated_crossing_class=1", "19719", "2822386"],
          ["9901523", "46585496", "2035", "22", "6856", "0", "0", "0", "0", "highway=secondary surface=asphalt maxspeed=80 route_bicycle_ncn=yes", "estimated_crossing_class=1", "19722", "2822386"],
          ["9901699", "46585360", "2033", "20", "6856", "0", "1", "0", "0", "highway=secondary surface=asphalt maxspeed=80 route_bicycle_ncn=yes", "estimated_crossing_class=1", "19724", "2822386"],
          ["9910476", "46583517", "1964", "749", "6856", "0", "23", "0", "0", "highway=secondary surface=asphalt maxspeed=80 route_bicycle_ncn=yes", "estimated_crossing_class=1", "19801", "2822593"],
          ["9906798", "46582650", "1938", "305", "6856", "0", "33", "0", "0", "highway=secondary surface=asphalt maxspeed=80 route_bicycle_ncn=yes", "estimated_crossing_class=1", "19832", "2822593"],
          ["9910068", "46582569", "1909", "288", "6856", "0", "60", "0", "0", "highway=secondary surface=asphalt maxspeed=80 route_bicycle_ncn=yes", "estimated_crossing_class=1", "19862", "2822593"],
          ["9909404", "46581817", "1897", "98", "6856", "0", "0", "0", "0", "highway=secondary surface=asphalt maxspeed=80 route_bicycle_ncn=yes", "estimated_crossing_class=1", "19872", "2822593"],
          ["9916751", "46582570", "1835", "631", "6856", "0", "33", "0", "0", "highway=secondary surface=asphalt maxspeed=80 route_bicycle_ncn=yes", "highway=passing_place", "19937", "2822593"],
          ["9918093", "46582780", "1823", "105", "6856", "0", "1", "0", "0", "highway=secondary surface=asphalt maxspeed=80 route_bicycle_ncn=yes", "highway=passing_place", "19947", "2822593"],
          ["9919181", "46583103", "1815", "94", "6856", "0", "15", "0", "0", "highway=secondary surface=asphalt maxspeed=80 route_bicycle_ncn=yes", "estimated_crossing_class=1", "19957", "2822593"],
          ["9919048", "46582874", "1811", "32", "6856", "0", "29", "0", "0", "highway=secondary surface=asphalt maxspeed=80 route_bicycle_ncn=yes", "highway=passing_place", "19960", "2822593"],
          ["9919084", "46581974", "1789", "289", "6856", "0", "32", "0", "0", "highway=secondary surface=asphalt maxspeed=80 route_bicycle_ncn=yes", "highway=passing_place", "19990", "2822593"],
          ["9920259", "46582332", "1779", "99", "6856", "0", "0", "0", "0", "highway=secondary surface=asphalt maxspeed=80 route_bicycle_ncn=yes", "highway=passing_place", "20000", "2822593"],
          ["9921121", "46582535", "1773", "69", "6856", "0", "1", "0", "0", "highway=secondary surface=asphalt maxspeed=80 route_bicycle_ncn=yes", "estimated_crossing_class=1", "20007", "2822593"],
          ["9920781", "46582104", "1766", "64", "6856", "0", "35", "0", "0", "highway=secondary surface=asphalt maxspeed=80 route_bicycle_ncn=yes", "highway=passing_place", "20014", "2822593"],
          ["9920232", "46581421", "1759", "86", "6856", "0", "0", "0", "0", "highway=secondary surface=asphalt maxspeed=80 route_bicycle_ncn=yes", "highway=passing_place", "20023", "2822593"],
          ["9919991", "46580604", "1749", "93", "6856", "0", "0", "0", "0", "highway=secondary surface=asphalt maxspeed=80 route_bicycle_ncn=yes", "", "20032", "2822593"],
          ["9919940", "46580463", "1747", "16", "4897", "0", "1", "0", "0", "highway=secondary surface=asphalt maxspeed=50 route_bicycle_ncn=yes", "estimated_crossing_class=1", "20034", "2822593"],
          ["9919443", "46579810", "1740", "86", "4897", "0", "9", "0", "0", "highway=secondary surface=asphalt maxspeed=50 route_bicycle_ncn=yes", "estimated_crossing_class=1", "20043", "2822593"],
          ["9920572", "46579665", "1729", "106", "4897", "0", "10", "0", "0", "highway=secondary surface=asphalt maxspeed=50 route_bicycle_ncn=yes", "estimated_crossing_class=1", "20054", "2822593"],
          ["9920971", "46579813", "1726", "35", "4897", "0", "0", "0", "0", "highway=secondary surface=asphalt maxspeed=50 route_bicycle_ncn=yes", "estimated_crossing_class=1", "20057", "2822593"],
          ["9921882", "46580064", "1719", "76", "4897", "0", "0", "0", "0", "highway=secondary surface=asphalt maxspeed=50 route_bicycle_ncn=yes", "estimated_crossing_class=1", "20065", "2822593"],
          ["9923777", "46580059", "1704", "148", "4897", "0", "1", "0", "0", "highway=secondary surface=asphalt maxspeed=50 route_bicycle_ncn=yes", "estimated_crossing_class=1", "20080", "2822593"],
          ["9923929", "46580030", "1703", "12", "4897", "0", "0", "20", "0", "highway=secondary surface=asphalt maxspeed=50 route_bicycle_ncn=yes", "highway=crossing estimated_crossing_class=0 crossing=uncontrolled", "20082", "2822593"],
          ["9924571", "46579885", "1697", "52", "4897", "0", "0", "0", "0", "highway=secondary surface=asphalt maxspeed=50 route_bicycle_ncn=yes", "estimated_crossing_class=1", "20087", "2822593"],
          ["9924757", "46579806", "1696", "17", "4897", "0", "0", "300", "0", "highway=secondary surface=asphalt maxspeed=50 route_bicycle_ncn=yes", "railway=level_crossing", "20089", "2822593"],
          ["9925043", "46579603", "1692", "32", "4897", "0", "2", "20", "0", "highway=secondary surface=asphalt maxspeed=50 route_bicycle_ncn=yes", "highway=crossing estimated_crossing_class=0 crossing=marked", "20092", "2822593"],
          ["9925077", "46579546", "1692", "7", "4897", "0", "1", "0", "0", "highway=secondary surface=asphalt maxspeed=50 route_bicycle_ncn=yes", "estimated_crossing_class=0", "20093", "2822593"],
          ["9925212", "46579273", "1689", "32", "4897", "0", "0", "0", "0", "highway=secondary surface=asphalt maxspeed=50 route_bicycle_ncn=yes", "estimated_crossing_class=1", "20096", "2822593"],
          ["9925248", "46579199", "1688", "9", "4897", "0", "0", "0", "0", "highway=secondary surface=asphalt maxspeed=50 route_bicycle_ncn=yes", "estimated_crossing_class=1", "20097", "2822593"],
          ["9925364", "46579010", "1686", "23", "4897", "0", "3", "0", "0", "highway=secondary surface=asphalt maxspeed=50 route_bicycle_ncn=yes", "highway=stop direction=unknown", "20099", "2822593"],
          ["9925418", "46578992", "1686", "5", "4897", "0", "4", "0", "0", "highway=secondary surface=asphalt maxspeed=50 route_bicycle_ncn=yes", "estimated_crossing_class=2", "20100", "2822593"],
          ["9925473", "46578979", "1685", "4", "1632", "0", "0", "0", "20", "reversedirection=yes highway=unclassified surface=asphalt route_bicycle_ncn=yes", "highway=give_way direction=backward", "20100", "2822593"],
          ["9926031", "46578795", "1684", "47", "1632", "0", "1", "0", "0", "reversedirection=yes highway=unclassified surface=asphalt route_bicycle_ncn=yes", "", "20105", "2822593"],
          ["9926481", "46578584", "1686", "42", "1632", "0", "1", "0", "0", "highway=unclassified surface=asphalt route_bicycle_rcn=yes", "", "20109", "2822689"],
          ["9926448", "46578545", "1686", "5", "2565", "0", "60", "20", "0", "highway=residential surface=asphalt route_bicycle_rcn=yes", "highway=crossing", "20110", "2822733"],
          ["9925709", "46577671", "1686", "112", "2565", "0", "0", "0", "0", "highway=residential surface=asphalt route_bicycle_rcn=yes", "", "20123", "2824566"],
          ["9925604", "46577570", "1686", "14", "1696", "0", "0", "0", "0", "highway=track surface=wood tracktype=grade1 foot=yes bicycle=yes route_bicycle_rcn=yes", "", "20124", "2824839"],
          ["9925309", "46577015", "1686", "66", "1749", "0", "1", "0", "0", "highway=track surface=gravel tracktype=grade2 foot=yes bicycle=yes route_bicycle_rcn=yes", "", "20133", "2826054"],
          ["9922318", "46575254", "1685", "317", "1399", "0", "42", "0", "0", "highway=track surface=fine_gravel tracktype=grade2 foot=yes bicycle=yes route_bicycle_rcn=yes", "", "20169", "2831588"],
          ["9909667", "46564687", "1689", "1526", "1632", "0", "2", "0", "0", "highway=track surface=unpaved tracktype=grade2 foot=yes bicycle=yes route_bicycle_rcn=yes", "", "20384", "2863771"],
          ["9907876", "46557959", "1690", "818", "1516", "0", "24", "0", "0", "highway=track surface=fine_gravel tracktype=grade2 smoothness=intermediate route_bicycle_rcn=yes", "highway=passing_place", "20500", "2881114"],
          ["9908667", "46555209", "1691", "311", "1516", "0", "1", "0", "0", "highway=track surface=fine_gravel tracktype=grade2 smoothness=intermediate route_bicycle_rcn=yes", "", "20544", "2887773"],
          ["9908726", "46555114", "1691", "12", "2035", "0", "7", "0", "0", "highway=track surface=unpaved tracktype=grade3 foot=yes bicycle=yes route_bicycle_rcn=yes", "", "20546", "2888021"],
          ["9908790", "46555079", "1691", "6", "4961", "0", "1", "0", "0", "highway=track surface=unpaved foot=yes bicycle=yes route_bicycle_rcn=yes", "", "20546", "2888150"],
          ["9908894", "46555053", "1691", "9", "1399", "0", "8", "0", "0", "reversedirection=yes highway=track surface=compacted tracktype=grade2 route_bicycle_rcn=yes", "", "20548", "2888355"],
          ["9903244", "46551975", "1693", "575", "1632", "0", "65", "0", "0", "highway=unclassified surface=asphalt foot=yes bicycle=yes route_bicycle_rcn=yes", "highway=passing_place", "20633", "2901154"],
          ["9902723", "46551820", "1693", "44", "1632", "0", "0", "0", "0", "highway=unclassified surface=asphalt foot=yes bicycle=yes route_bicycle_rcn=yes", "", "20639", "2902001"],
          ["9901060", "46547934", "1699", "458", "1399", "0", "44", "0", "0", "highway=track surface=compacted tracktype=grade2 route_bicycle_rcn=yes", "", "20713", "2913184"],
          ["9901034", "46547837", "1699", "11", "2205", "0", "1", "0", "0", "highway=track surface=wood route_bicycle_rcn=yes", "", "20715", "2913457"],
          ["9893123", "46542625", "1697", "1009", "1399", "0", "47", "0", "0", "highway=track surface=compacted tracktype=grade2 route_bicycle_rcn=yes", "", "20856", "2934606"],
          ["9893057", "46542623", "1697", "5", "2205", "0", "0", "0", "0", "highway=track surface=wood route_bicycle_rcn=yes", "", "20857", "2934696"],
          ["9892504", "46542322", "1701", "59", "1399", "0", "5", "0", "0", "highway=track surface=compacted tracktype=grade2 route_bicycle_rcn=yes", "", "20868", "2936342"],
          ["9892460", "46542201", "1701", "14", "1166", "0", "0", "0", "0", "highway=track surface=asphalt tracktype=grade1 route_bicycle_rcn=yes", "", "20871", "2936784"],
          ["9891231", "46539986", "1704", "282", "2565", "0", "86", "0", "0", "highway=residential surface=asphalt route_bicycle_rcn=yes", "", "20920", "2944212"],
          ["9890208", "46538288", "1703", "207", "1749", "0", "2", "0", "0", "reversedirection=yes highway=track surface=gravel tracktype=grade2 route_bicycle_rcn=yes", "", "20947", "2948178"],
          ["9878132", "46513888", "1720", "3061", "1632", "0", "116", "0", "0", "highway=track surface=unpaved tracktype=grade2 foot=yes bicycle=yes route_bicycle_rcn=yes", "", "21404", "3016861"],
          ["9877079", "46511539", "1724", "276", "1166", "0", "10", "0", "0", "highway=track surface=asphalt tracktype=grade1 foot=yes bicycle=yes route_bicycle_rcn=yes", "", "21451", "3023912"],
          ["9879296", "46508282", "1730", "405", "1201", "0", "25", "0", "0", "highway=track surface=asphalt tracktype=grade1", "", "21533", "3036143"],
          ["9880768", "46507437", "1731", "148", "1310", "0", "6", "0", "0", "highway=track tracktype=grade1", "", "21559", "3039995"],
          ["9887227", "46500624", "1749", "960", "1441", "0", "27", "0", "0", "reversedirection=yes highway=track surface=fine_gravel tracktype=grade2", "", "21749", "3068621"],
          ["9890345", "46496334", "1766", "534", "1441", "0", "0", "0", "0", "highway=track surface=fine_gravel tracktype=grade2", "", "21861", "3085397"],
          ["9893410", "46493338", "1769", "411", "1681", "0", "3", "0", "0", "reversedirection=yes highway=track tracktype=grade2", "", "21931", "3095929"],
          ["9893599", "46493434", "1768", "18", "1681", "0", "68", "0", "0", "reversedirection=yes highway=track tracktype=grade2 foot=yes", "", "21935", "3096384"],
          ["9894724", "46492444", "1773", "145", "1681", "0", "19", "0", "0", "reversedirection=yes highway=track tracktype=grade2 foot=yes bicycle=yes", "", "21961", "3100311"],
          ["9895474", "46491825", "1772", "90", "2882", "0", "0", "0", "0", "reversedirection=yes highway=service", "", "21976", "3102586"],
          ["9896633", "46490643", "1773", "162", "2642", "0", "35", "20", "0", "reversedirection=yes highway=residential surface=asphalt", "highway=crossing crossing=uncontrolled", "22000", "3106264"],
          ["9897096", "46490273", "1774", "55", "2642", "0", "3", "0", "0", "reversedirection=yes highway=residential surface=asphalt", "", "22009", "3107491"],
          ["9897309", "46490250", "1774", "17", "2642", "0", "2", "20", "0", "reversedirection=yes highway=residential surface=asphalt oneway=no", "highway=crossing crossing=marked", "22011", "3107895"],
          ["9898511", "46490487", "1778", "97", "2642", "0", "7", "0", "0", "reversedirection=yes highway=residential surface=asphalt oneway=no", "", "22029", "3110553"],
          ["9899641", "46490515", "1782", "89", "4324", "0", "45", "0", "400", "highway=tertiary surface=asphalt oneway=no", "", "22058", "3114900"],
          ["9899639", "46490383", "1783", "15", "9007", "0", "71", "0", "20", "highway=service surface=asphalt service=parking_aisle foot=yes sac_scale=hiking", "", "22062", "3115580"],
          ["9899287", "46490230", "1784", "37", "9826", "35", "26", "0", "0", "highway=path surface=gravel foot=yes bicycle=yes sac_scale=hiking", "", "22073", "3117172"],
          ["9899785", "46489875", "1793", "57", "1922", "649", "112", "0", "0", "highway=path bicycle=yes", "", "22100", "3121150"],
          ["9904963", "46486985", "1818", "595", "1441", "0", "107", "0", "0", "reversedirection=yes highway=track surface=compacted tracktype=grade2 bicycle=yes", "", "22336", "3156571"],
          ["9905334", "46486179", "1820", "98", "2642", "0", "23", "0", "0", "highway=residential surface=asphalt", "", "22353", "3159098"],
          ["9905758", "46485992", "1818", "39", "2642", "0", "1", "0", "0", "reversedirection=yes highway=residential", "", "22359", "3160102"],
          ["9913015", "46481772", "1823", "768", "1321", "0", "20", "0", "0", "highway=track surface=compacted tracktype=grade2 foot=yes bicycle=yes smoothness=good", "", "22480", "3178100"],
          ["9914478", "46480786", "1826", "158", "1441", "0", "0", "0", "0", "highway=track surface=compacted tracktype=grade2 foot=yes bicycle=yes", "", "22507", "3182262"],
          ["9914420", "46480746", "1826", "6", "1681", "0", "75", "300", "0", "reversedirection=yes highway=track tracktype=grade2", "railway=level_crossing", "22508", "3182424"],
          ["9914249", "46480622", "1828", "19", "1681", "0", "0", "0", "0", "reversedirection=yes highway=track tracktype=grade2", "", "22511", "3182845"],
          ["9917074", "46477976", "1839", "372", "1441", "0", "76", "0", "0", "highway=track surface=compacted tracktype=grade2 foot=yes bicycle=yes", "", "22598", "3195826"],
          ["9917529", "46477219", "1838", "91", "1441", "0", "0", "0", "0", "reversedirection=yes highway=track surface=compacted tracktype=grade2 foot=yes bicycle=yes", "", "22613", "3198133"],
          ["9920908", "46472699", "1845", "600", "1441", "0", "12", "0", "0", "highway=track surface=compacted tracktype=grade2 foot=yes bicycle=yes", "", "22727", "3215205"],
          ["9923217", "46472771", "1842", "179", "1441", "0", "46", "300", "0", "highway=track surface=fine_gravel tracktype=grade2 foot=yes bicycle=yes", "crossing=uncontrolled railway=level_crossing", "22749", "3218560"],
          ["9925102", "46471837", "1842", "183", "1441", "0", "19", "0", "0", "highway=track surface=fine_gravel tracktype=grade2 foot=yes bicycle=yes", "", "22771", "3221722"],
          ["9925692", "46471880", "1843", "45", "1681", "0", "0", "0", "0", "highway=track tracktype=grade2 foot=yes bicycle=yes", "", "22777", "3222597"],
          ["9926658", "46470551", "1851", "168", "1441", "0", "55", "0", "0", "reversedirection=yes highway=track surface=compacted tracktype=grade2 foot=yes bicycle=yes", "", "22809", "3227400"],
          ["9926809", "46470452", "1852", "16", "1441", "0", "19", "0", "0", "highway=path surface=compacted", "", "22813", "3227994"],
          ["9926837", "46470422", "1852", "4", "2882", "0", "8", "0", "0", "reversedirection=yes highway=path surface=asphalt foot=yes bicycle=yes", "", "22814", "3228152"],
          ["9926876", "46470386", "1853", "5", "3668", "0", "0", "0", "0", "reversedirection=yes highway=path surface=paved foot=yes bicycle=yes", "", "22815", "3228352"],
          ["9930785", "46465382", "1859", "686", "3144", "0", "47", "0", "0", "reversedirection=yes highway=path surface=compacted foot=yes bicycle=yes", "", "22951", "3248690"],
          ["9932495", "46463578", "1862", "253", "2882", "0", "53", "0", "0", "highway=service surface=asphalt foot=yes bicycle=yes", "", "22991", "3254740"],
          ["9932658", "46463468", "1862", "18", "2882", "0", "2", "0", "0", "highway=path surface=asphalt foot=yes bicycle=yes", "entrance=secondary bicycle=yes foot=yes", "22994", "3255183"],
          ["9932730", "46463164", "1862", "35", "2882", "0", "3", "0", "0", "highway=path surface=asphalt foot=yes bicycle=yes", "", "22999", "3255980"],
          ["9932785", "46463181", "1863", "5", "2882", "0", "83", "0", "0", "highway=service surface=asphalt", "", "23000", "3256101"],
          ["9934954", "46462099", "1867", "223", "2882", "0", "8", "0", "0", "reversedirection=yes highway=service surface=asphalt", "", "23044", "3262628"],
          ["9935309", "46462482", "1875", "54", "6223", "0", "85", "200", "0", "reversedirection=yes highway=path surface=pebblestone", "entrance=secondary foot=yes vehicle=no", "23057", "3264663"],
          ["9935321", "46462747", "1879", "29", "6223", "292", "0", "0", "0", "reversedirection=yes highway=path surface=pebblestone", "", "23071", "3266703"],
          ["9935308", "46462904", "1880", "18", "3123", "0", "9", "0", "0", "reversedirection=yes highway=unclassified surface=asphalt", "estimated_crossing_class=1", "23078", "3267831"],
          ["9942387", "46456687", "1938", "930", "8071", "0", "125", "0", "400", "reversedirection=yes highway=primary surface=asphalt maxspeed=80", "estimated_crossing_class=1", "23452", "3323921"],
          ["9942311", "46458148", "1950", "181", "8071", "0", "32", "0", "0", "reversedirection=yes highway=primary surface=asphalt maxspeed=80", "estimated_crossing_class=1", "23529", "3335449"],
          ["9942677", "46457459", "1956", "86", "8071", "0", "17", "0", "0", "reversedirection=yes highway=primary surface=asphalt maxspeed=80", "estimated_crossing_class=1", "23571", "3341728"],
          ["9942734", "46457397", "1957", "8", "8071", "0", "0", "300", "0", "reversedirection=yes highway=primary surface=asphalt maxspeed=80", "railway=level_crossing", "23575", "3342299"],
          ["9942815", "46457281", "1958", "15", "8071", "0", "1", "0", "0", "reversedirection=yes highway=primary surface=asphalt maxspeed=80", "estimated_crossing_class=1", "23582", "3343358"],
          ["9943037", "46456919", "1960", "44", "8071", "0", "1", "0", "0", "reversedirection=yes highway=primary surface=asphalt maxspeed=80", "estimated_crossing_class=1", "23600", "3346063"],
          ["9948567", "46453161", "2005", "620", "8071", "0", "6", "0", "0", "reversedirection=yes highway=primary surface=asphalt maxspeed=80", "estimated_crossing_class=1", "23903", "3391470"],
          ["9951381", "46452598", "2019", "249", "8071", "0", "5", "0", "0", "reversedirection=yes highway=primary surface=asphalt maxspeed=80", "estimated_crossing_class=1", "23996", "3405510"],
          ["9953721", "46450855", "2020", "275", "8071", "0", "0", "0", "0", "reversedirection=yes highway=primary surface=asphalt maxspeed=80", "estimated_crossing_class=1", "24050", "3413555"],
          ["9953663", "46450828", "2020", "5", "1201", "0", "65", "0", "20", "highway=track surface=asphalt tracktype=grade1 access=private foot=yes bicycle=yes", "", "24051", "3413728"],
          ["9953405", "46450699", "2021", "24", "1310", "0", "0", "0", "0", "highway=track tracktype=grade1 access=private foot=yes bicycle=yes", "", "24055", "3414256"],
          ["9953056", "46450625", "2021", "29", "1681", "0", "4", "0", "0", "highway=track tracktype=grade2", "", "24059", "3414935"],
          ["9966937", "46445542", "2043", "1258", "5855", "0", "223", "0", "0", "reversedirection=yes highway=path surface=compacted bicycle=yes smoothness=intermediate mtb:scale=0 sac_scale=hiking", "", "24299", "3450900"],
          ["9969011", "46444964", "2046", "172", "5241", "0", "6", "300", "0", "highway=track tracktype=grade3 sac_scale=hiking", "railway=level_crossing", "24330", "3455532"],
          ["9969706", "46444904", "2048", "56", "5241", "0", "72", "300", "0", "highway=track tracktype=grade3 sac_scale=hiking", "railway=level_crossing", "24342", "3457354"],
          ["9969709", "46444922", "2047", "2", "5241", "0", "0", "300", "0", "highway=track tracktype=grade3 sac_scale=hiking", "crossing=uncontrolled railway=level_crossing", "24342", "3457405"],
          ["9969719", "46444958", "2046", "4", "5241", "0", "0", "300", "0", "highway=track tracktype=grade3 sac_scale=hiking", "railway=level_crossing", "24343", "3457492"],
          ["9969748", "46445071", "2045", "13", "5241", "0", "0", "0", "0", "highway=track tracktype=grade3 sac_scale=hiking", "estimated_crossing_class=1", "24345", "3457878"],
          ["9969808", "46445062", "2046", "5", "8071", "0", "67", "0", "400", "reversedirection=yes highway=primary surface=asphalt maxspeed=80", "estimated_crossing_class=1", "24346", "3458036"],
          ["9969971", "46445040", "2046", "13", "8071", "0", "0", "20", "0", "reversedirection=yes highway=primary surface=asphalt maxspeed=80", "highway=crossing estimated_crossing_class=1 crossing=unmarked", "24349", "3458487"],
          ["9975256", "46442847", "2062", "484", "8071", "0", "0", "0", "0", "reversedirection=yes highway=primary surface=asphalt maxspeed=80", "estimated_crossing_class=1", "24461", "3475287"],
          ["9978593", "46442887", "2070", "263", "8071", "0", "0", "0", "0", "reversedirection=yes highway=primary surface=asphalt maxspeed=80", "estimated_crossing_class=1", "24525", "3484791"],
          ["9983441", "46442182", "2080", "423", "2882", "0", "30", "0", "20", "highway=service surface=asphalt oneway=yes", "highway=give_way direction=forward", "24629", "3500421"],
          ["9983445", "46442212", "2080", "3", "2882", "0", "1", "0", "0", "highway=service surface=asphalt oneway=yes", "estimated_crossing_class=1", "24630", "3500510"],
          ["9985404", "46442013", "2080", "153", "8071", "0", "65", "0", "400", "reversedirection=yes highway=primary surface=asphalt maxspeed=80", "estimated_crossing_class=1", "24651", "3503780"],
          ["9987390", "46440251", "2087", "261", "8071", "0", "4", "0", "0", "reversedirection=yes highway=primary surface=asphalt maxspeed=80", "estimated_crossing_class=1", "24701", "3511237"],
          ["9992779", "46437002", "2099", "550", "8071", "0", "0", "0", "0", "reversedirection=yes highway=primary surface=asphalt maxspeed=80", "estimated_crossing_class=1", "24810", "3527598"],
          ["9994141", "46436429", "2105", "122", "8071", "0", "0", "0", "0", "reversedirection=yes highway=primary surface=asphalt maxspeed=80", "estimated_crossing_class=1", "24852", "3533859"],
          ["9994181", "46436412", "2105", "4", "8071", "0", "0", "0", "0", "reversedirection=yes highway=primary surface=asphalt maxspeed=80", "estimated_crossing_class=1", "24853", "3534001"],
          ["9994521", "46436272", "2107", "30", "8071", "0", "0", "0", "0", "reversedirection=yes highway=primary surface=asphalt maxspeed=80", "estimated_crossing_class=1", "24861", "3535200"],
          ["9995934", "46434927", "2117", "191", "8071", "0", "0", "0", "0", "reversedirection=yes highway=primary surface=asphalt maxspeed=80", "estimated_crossing_class=1", "24921", "3544310"],
          ["9996263", "46434555", "2118", "48", "8071", "0", "0", "0", "0", "reversedirection=yes highway=primary surface=asphalt maxspeed=80", "estimated_crossing_class=1", "24937", "3546656"],
          ["9997449", "46432847", "2129", "216", "8071", "0", "5", "0", "0", "reversedirection=yes highway=primary surface=asphalt maxspeed=80", "estimated_crossing_class=1", "25012", "3557833"],
          ["9998929", "46430469", "2136", "299", "8071", "0", "8", "0", "0", "reversedirection=yes highway=primary surface=asphalt maxspeed=80", "estimated_crossing_class=1", "25080", "3568091"],
          ["10004345", "46419817", "2224", "1296", "8071", "0", "1", "0", "0", "reversedirection=yes highway=primary surface=asphalt maxspeed=80", "estimated_crossing_class=1", "25638", "3651817"],
          ["10012938", "46417049", "2260", "768", "8071", "0", "5", "0", "0", "reversedirection=yes highway=primary surface=asphalt maxspeed=80", "estimated_crossing_class=1", "25893", "3690072"],
          ["10013158", "46416819", "2261", "31", "8071", "0", "0", "0", "0", "reversedirection=yes highway=primary surface=asphalt maxspeed=80", "estimated_crossing_class=1", "25902", "3691467"],
          ["10018235", "46415779", "2273", "469", "8071", "0", "3", "0", "0", "reversedirection=yes highway=primary surface=asphalt maxspeed=80", "estimated_crossing_class=1", "26018", "3708879"],
          ["10020698", "46416738", "2284", "220", "8071", "0", "4", "0", "0", "reversedirection=yes highway=primary surface=asphalt maxspeed=80", "estimated_crossing_class=1", "26084", "3718690"],
          ["10021022", "46416551", "2286", "34", "8071", "0", "5", "0", "0", "reversedirection=yes highway=primary surface=asphalt maxspeed=80", "estimated_crossing_class=1", "26093", "3720042"],
          ["10021417", "46412602", "2297", "457", "8071", "0", "9", "0", "0", "reversedirection=yes highway=primary surface=asphalt maxspeed=80", "estimated_crossing_class=1", "26201", "3736251"],
          ["10021379", "46412116", "2300", "55", "8071", "0", "1", "0", "0", "reversedirection=yes highway=primary surface=asphalt maxspeed=80", "estimated_crossing_class=1", "26213", "3738099"],
          ["10021326", "46411987", "2301", "15", "8071", "0", "0", "0", "0", "reversedirection=yes highway=primary surface=asphalt maxspeed=80", "estimated_crossing_class=1", "26218", "3738752"],
          ["10021257", "46411589", "2303", "45", "8071", "0", "1", "0", "0", "reversedirection=yes highway=primary surface=asphalt maxspeed=80", "estimated_crossing_class=1", "26231", "3740821"],
          ["10021267", "46411521", "2303", "8", "8071", "0", "0", "0", "0", "reversedirection=yes highway=primary surface=asphalt maxspeed=80", "estimated_crossing_class=1", "26234", "3741188"],
          ["10021543", "46411105", "2305", "52", "8071", "0", "1", "0", "0", "reversedirection=yes highway=primary surface=asphalt maxspeed=80", "estimated_crossing_class=1", "26249", "3743481"],
          ["10022751", "46410746", "2306", "104", "8071", "0", "0", "0", "0", "reversedirection=yes highway=primary surface=asphalt maxspeed=80", "estimated_crossing_class=1", "26272", "3746959"],
          ["10022813", "46410745", "2306", "5", "8071", "0", "0", "0", "0", "reversedirection=yes highway=primary surface=asphalt maxspeed=80", "estimated_crossing_class=1", "26273", "3747096"],
          ["10023300", "46410723", "2305", "37", "8071", "0", "0", "0", "0", "reversedirection=yes highway=primary surface=asphalt maxspeed=80", "estimated_crossing_class=1", "26279", "3747914"],
          ["10027097", "46410834", "2326", "295", "8071", "0", "0", "0", "0", "reversedirection=yes highway=primary surface=asphalt maxspeed=80", "estimated_crossing_class=1", "26385", "3763847"],
          ["10027250", "46410859", "2326", "12", "8071", "0", "0", "0", "0", "reversedirection=yes highway=primary surface=asphalt maxspeed=80", "estimated_crossing_class=1", "26389", "3764540"],
          ["10037809", "46414307", "2246", "968", "8071", "0", "20", "0", "0", "reversedirection=yes highway=primary surface=asphalt maxspeed=80", "estimated_crossing_class=1", "26504", "3770663"],
          ["10045182", "46413137", "2136", "1465", "8071", "0", "98", "0", "0", "reversedirection=yes highway=primary surface=asphalt maxspeed=80", "estimated_crossing_class=1", "26655", "3770906"],
          ["10047429", "46413281", "2106", "359", "8071", "0", "35", "0", "0", "reversedirection=yes highway=primary surface=asphalt maxspeed=80", "estimated_crossing_class=1", "26692", "3770906"],
          ["10047741", "46412500", "2087", "198", "8071", "0", "47", "0", "0", "reversedirection=yes highway=primary surface=asphalt maxspeed=80", "estimated_crossing_class=1", "26712", "3770906"],
          ["10050749", "46411370", "2055", "370", "8071", "0", "14", "0", "0", "reversedirection=yes highway=primary surface=asphalt maxspeed=80", "", "26750", "3770906"],
          ["10050726", "46411407", "2055", "4", "5044", "0", "61", "0", "0", "reversedirection=yes highway=secondary surface=asphalt maxspeed=50", "highway=give_way direction=forward", "26751", "3770906"],
          ["10050702", "46411447", "2055", "5", "5044", "0", "0", "0", "0", "reversedirection=yes highway=secondary surface=asphalt maxspeed=50", "", "26751", "3770906"],
          ["10050604", "46411808", "2055", "41", "5044", "0", "5", "139", "0", "highway=secondary surface=asphalt maxspeed=50 oneway=yes cycleway:right=no", "barrier=border_control", "26756", "3770906"],
          ["10050513", "46411943", "2056", "17", "5044", "0", "0", "0", "0", "highway=secondary surface=asphalt maxspeed=50 oneway=yes cycleway:right=no", "estimated_crossing_class=1", "26757", "3771042"],
          ["10050435", "46412147", "2057", "23", "5044", "0", "1", "0", "0", "highway=secondary surface=asphalt maxspeed=50 oneway=yes cycleway:right=no", "", "26760", "3771394"],
          ["10051419", "46423218", "2083", "1304", "7062", "0", "46", "0", "0", "reversedirection=yes highway=secondary surface=asphalt maxspeed=80", "estimated_crossing_class=1", "27043", "3813481"],
          ["10052103", "46423366", "2087", "56", "7062", "0", "1", "0", "0", "reversedirection=yes highway=secondary surface=asphalt maxspeed=80", "estimated_crossing_class=1", "27051", "3814613"],
          ["10051941", "46426280", "2122", "360", "7062", "0", "6", "0", "0", "reversedirection=yes highway=secondary surface=asphalt maxspeed=80", "estimated_crossing_class=1", "27228", "3841208"],
          ["10051511", "46433520", "2203", "828", "7062", "0", "6", "0", "0", "reversedirection=yes highway=secondary surface=asphalt maxspeed=80", "highway=passing_place", "27728", "3916179"],
          ["10050443", "46434848", "2239", "414", "7062", "0", "47", "0", "0", "reversedirection=yes highway=secondary surface=asphalt maxspeed=80", "highway=passing_place", "27962", "3951271"],
          ["10050849", "46434903", "2242", "33", "7062", "0", "2", "0", "0", "reversedirection=yes highway=secondary surface=asphalt maxspeed=80", "highway=passing_place", "27979", "3953807"],
          ["10056157", "46440860", "2314", "826", "7062", "0", "17", "50", "0", "reversedirection=yes highway=secondary surface=asphalt maxspeed=80", "barrier=swing_gate access=yes", "28444", "4023602"],
          ["10056181", "46440919", "2314", "7", "7062", "0", "0", "0", "0", "reversedirection=yes highway=secondary surface=asphalt maxspeed=80", "estimated_crossing_class=1", "28447", "4024002"],
          ["10056190", "46440941", "2314", "3", "7062", "0", "0", "0", "0", "reversedirection=yes highway=secondary surface=asphalt maxspeed=80", "estimated_crossing_class=1", "28448", "4024166"],
          ["10056245", "46441115", "2313", "20", "5044", "0", "3", "139", "0", "highway=secondary surface=asphalt maxspeed=50 oneway=yes", "barrier=border_control bicycle=yes foot=yes motorcar=yes motorcycle=yes", "28454", "4025087"],
          ["10056105", "46441248", "2311", "18", "5044", "0", "7", "0", "0", "highway=secondary surface=asphalt maxspeed=50 oneway=yes", "estimated_crossing_class=1", "28457", "4025570"],
          ["10056021", "46441276", "2310", "7", "5044", "0", "2", "0", "0", "highway=secondary surface=asphalt maxspeed=50 oneway=yes", "", "28458", "4025733"],
          ["10055901", "46441358", "2308", "13", "5044", "0", "3", "0", "0", "reversedirection=yes highway=secondary surface=asphalt maxspeed=50", "estimated_crossing_class=0", "28461", "4026088"],
          ["10055768", "46441423", "2306", "13", "5044", "0", "1", "20", "0", "reversedirection=yes highway=secondary surface=asphalt maxspeed=50", "highway=crossing crossing=uncontrolled", "28462", "4026318"],
          ["10055660", "46441477", "2304", "10", "5044", "0", "0", "0", "0", "reversedirection=yes highway=secondary surface=asphalt maxspeed=50", "estimated_crossing_class=0", "28463", "4026444"],
          ["10055386", "46441697", "2304", "33", "5044", "0", "1", "0", "0", "reversedirection=yes highway=secondary surface=asphalt maxspeed=50", "estimated_crossing_class=1", "28467", "4026882"],
          ["10056099", "46448596", "2246", "787", "5044", "0", "6", "0", "0", "reversedirection=yes highway=secondary surface=asphalt maxspeed=50", "estimated_crossing_class=1", "28548", "4027520"],
          ["10068981", "46461431", "2108", "2087", "5044", "0", "12", "0", "0", "reversedirection=yes highway=secondary surface=asphalt maxspeed=50", "estimated_crossing_class=1", "28763", "4028109"],
          ["10069711", "46461566", "2103", "58", "5044", "0", "0", "0", "0", "reversedirection=yes highway=secondary surface=asphalt maxspeed=50", "estimated_crossing_class=1", "28769", "4028109"],
          ["10093549", "46468320", "1976", "2211", "5044", "0", "22", "50", "0", "reversedirection=yes highway=secondary surface=asphalt maxspeed=50", "barrier=swing_gate access=yes", "28996", "4028232"],
          ["10093683", "46468382", "1976", "12", "5044", "0", "0", "0", "0", "reversedirection=yes highway=secondary surface=asphalt maxspeed=50", "estimated_crossing_class=1", "28997", "4028304"],
          ["10095218", "46469422", "1972", "169", "5044", "0", "4", "0", "0", "reversedirection=yes highway=secondary surface=asphalt maxspeed=50", "estimated_crossing_class=1", "29015", "4029204"],
          ["10096286", "46472323", "1946", "361", "2358", "0", "36", "0", "20", "reversedirection=yes highway=track surface=fine_gravel tracktype=grade3 foot=yes bicycle=yes mtb:scale=0", "", "29052", "4030317"],
          ["10096379", "46472351", "1946", "8", "3406", "0", "0", "0", "0", "reversedirection=yes highway=track surface=wood foot=yes bicycle=yes mtb:scale=0", "", "29053", "4030317"],
          ["10097709", "46473399", "1941", "156", "2358", "0", "8", "0", "0", "reversedirection=yes highway=track surface=fine_gravel tracktype=grade3 foot=yes bicycle=yes mtb:scale=0", "", "29069", "4030317"],
          ["10101304", "46478367", "1928", "623", "2522", "0", "4", "0", "0", "reversedirection=yes highway=track surface=unpaved tracktype=grade2 mtb:scale=0", "", "29135", "4035942"],
          ["10103481", "46481279", "1919", "374", "2882", "435", "20", "0", "0", "reversedirection=yes highway=path bicycle=yes mtb:scale=0", "", "29179", "4040898"],
          ["10103120", "46481282", "1919", "28", "2882", "0", "121", "0", "0", "highway=path bicycle=yes mtb:scale=0", "estimated_crossing_class=1", "29182", "4041242"],
          ["10103186", "46481335", "1919", "8", "6557", "0", "107", "0", "400", "reversedirection=yes highway=secondary surface=asphalt maxspeed=70", "estimated_crossing_class=1", "29183", "4041351"],
          ["10104140", "46482469", "1916", "147", "1681", "0", "21", "0", "20", "reversedirection=yes highway=track tracktype=grade2", "", "29198", "4042589"],
          ["10104222", "46482560", "1915", "12", "3123", "0", "0", "20", "0", "reversedirection=yes highway=unclassified", "highway=crossing", "29199", "4042781"],
          ["10109079", "46487051", "1902", "624", "3123", "0", "0", "0", "0", "reversedirection=yes highway=unclassified", "", "29264", "4050671"],
          ["10108392", "46487288", "1902", "59", "3123", "0", "77", "0", "0", "highway=unclassified", "", "29271", "4051741"],
          ["10108167", "46487369", "1904", "20", "2882", "0", "0", "0", "0", "highway=service", "", "29273", "4052014"],
          ["10117572", "46502837", "1874", "1955", "2882", "0", "115", "0", "0", "reversedirection=yes highway=path surface=asphalt foot=designated bicycle=designated", "", "29495", "4083919"],
          ["10117888", "46503013", "1873", "31", "2882", "0", "6", "0", "0", "highway=path surface=asphalt foot=designated bicycle=designated segregated=no", "", "29498", "4084332"],
          ["10117988", "46503093", "1872", "12", "3406", "0", "0", "0", "0", "highway=path surface=concrete foot=designated bicycle=designated segregated=no", "", "29500", "4084449"],
          ["10120764", "46506141", "1865", "418", "2882", "0", "26", "0", "0", "highway=path surface=asphalt foot=designated bicycle=designated segregated=no", "", "29544", "4090090"],
          ["10122728", "46511065", "1858", "604", "2882", "0", "63", "0", "0", "highway=cycleway surface=asphalt foot=yes", "", "29613", "4100432"],
          ["10122954", "46510926", "1858", "23", "3144", "0", "54", "0", "0", "highway=cycleway foot=yes", "", "29615", "4100827"],
          ["10123977", "46509371", "1865", "224", "2774", "0", "67", "0", "0", "highway=cycleway surface=asphalt foot=yes cycleway=track", "", "29646", "4105245"],
          ["10126017", "46518292", "1848", "1030", "2882", "0", "47", "0", "0", "highway=cycleway surface=asphalt foot=yes segregated=no", "", "29785", "4123113"],
          ["10126010", "46518364", "1848", "8", "3144", "0", "0", "0", "0", "highway=cycleway foot=yes", "", "29786", "4123269"],
          ["10126180", "46519354", "1845", "123", "2882", "0", "12", "0", "0", "highway=cycleway surface=asphalt foot=yes segregated=no", "", "29799", "4125190"],
          ["10126192", "46519515", "1845", "18", "1201", "0", "44", "0", "0", "reversedirection=yes highway=cycleway surface=asphalt", "", "29801", "4125504"],
          ["10126153", "46519632", "1845", "13", "1747", "0", "0", "0", "0", "reversedirection=yes highway=cycleway surface=wood", "", "29802", "4125743"],
          ["10130445", "46527551", "1832", "1014", "1201", "0", "54", "0", "0", "reversedirection=yes highway=cycleway surface=asphalt", "", "29920", "4142951"],
          ["10130513", "46527624", "1832", "18", "1201", "0", "23", "0", "0", "highway=cycleway surface=asphalt junction=roundabout", "", "29921", "4143225"],
          ["10140782", "46536944", "1818", "1345", "2882", "0", "101", "0", "0", "highway=cycleway surface=asphalt foot=yes bicycle=yes segregated=no", "", "30079", "4166089"],
          ["10140818", "46537205", "1818", "29", "2882", "0", "4", "20", "0", "highway=cycleway surface=asphalt foot=yes bicycle=yes", "highway=crossing estimated_crossing_class=2 crossing=uncontrolled", "30082", "4166665"],
          ["10140952", "46537188", "1818", "10", "5044", "0", "67", "0", "400", "highway=secondary surface=asphalt maxspeed=50", "", "30084", "4166862"],
          ["10141154", "46537170", "1818", "16", "5044", "0", "0", "0", "0", "highway=secondary surface=asphalt maxspeed=50 oneway=yes", "", "30086", "4167155"],
          ["10141350", "46537116", "1818", "19", "9079", "0", "8", "0", "0", "highway=secondary surface=asphalt junction=roundabout", "", "30088", "4167441"],
          ["10141441", "46537102", "1819", "7", "5044", "0", "7", "0", "0", "highway=secondary surface=asphalt maxspeed=50 oneway=yes", "estimated_crossing_class=1", "30089", "4167554"],
          ["10141573", "46537083", "1821", "10", "5044", "0", "0", "0", "0", "highway=secondary surface=asphalt maxspeed=50 oneway=yes", "", "30090", "4167757"],
          ["10141760", "46536978", "1825", "18", "5044", "0", "7", "0", "0", "reversedirection=yes highway=secondary surface=asphalt maxspeed=50", "estimated_crossing_class=3", "30093", "4168208"],
          ["10141811", "46537017", "1826", "6", "4324", "0", "61", "0", "20", "highway=service surface=asphalt mtb:scale=0", "highway=stop direction=backward", "30094", "4168369"],
          ["10142160", "46537174", "1830", "32", "4324", "0", "2", "0", "0", "highway=service surface=asphalt mtb:scale=0", "", "30104", "4169915"],
          ["10142782", "46537272", "1836", "50", "5896", "0", "28", "0", "0", "highway=service surface=gravel mtb:scale=0", "", "30127", "4173343"],
          ["10145372", "46537004", "1874", "209", "2702", "0", "28", "0", "0", "highway=track surface=gravel tracktype=grade2 mtb:scale=0", "ford=yes", "30308", "4200498"],
          ["10164275", "46538405", "2204", "1901", "2702", "0", "185", "0", "0", "highway=track surface=gravel tracktype=grade2 mtb:scale=0", "estimated_crossing_class=1", "32315", "4501506"],
          ["10164575", "46538347", "2204", "24", "6557", "0", "6", "0", "400", "reversedirection=yes highway=secondary surface=asphalt maxspeed=70", "estimated_crossing_class=1", "32334", "4504356"],
          ["10165106", "46538237", "2207", "43", "6557", "0", "0", "0", "0", "reversedirection=yes highway=secondary surface=asphalt maxspeed=70", "", "32366", "4509092"],
          ["10165323", "46538197", "2208", "17", "5044", "0", "0", "20", "0", "reversedirection=yes highway=secondary surface=asphalt maxspeed=50", "highway=crossing crossing=unmarked", "32376", "4510635"],
          ["10165798", "46538149", "2209", "37", "5044", "0", "1", "0", "0", "reversedirection=yes highway=secondary surface=asphalt maxspeed=50", "estimated_crossing_class=1", "32395", "4513455"],
          ["10166243", "46537984", "2211", "39", "16213", "0", "12", "0", "20", "reversedirection=yes highway=track surface=gravel tracktype=grade2 bicycle=yes mtb:scale=1", "", "32412", "4516033"],
          ["10170999", "46531644", "2139", "862", "2522", "0", "92", "0", "0", "highway=track tracktype=grade2 mtb:scale=0", "estimated_crossing_class=1", "32526", "4523901"],
          ["10172699", "46529896", "2121", "245", "5044", "0", "36", "0", "400", "reversedirection=yes highway=secondary surface=asphalt maxspeed=50", "estimated_crossing_class=1", "32551", "4523901"],
          ["10172799", "46529702", "2119", "23", "5044", "0", "0", "0", "0", "reversedirection=yes highway=secondary surface=asphalt maxspeed=50", "estimated_crossing_class=1", "32553", "4523901"],
          ["10173043", "46529361", "2118", "42", "5044", "0", "0", "20", "0", "reversedirection=yes highway=secondary surface=asphalt maxspeed=50", "highway=crossing crossing=uncontrolled wheelchair=yes", "32558", "4523901"],
          ["10173673", "46528612", "2110", "96", "5044", "0", "0", "0", "0", "reversedirection=yes highway=secondary surface=asphalt maxspeed=50", "highway=milestone", "32567", "4523901"],
          ["10174380", "46528037", "2103", "83", "5044", "0", "0", "0", "0", "reversedirection=yes highway=secondary surface=asphalt maxspeed=50", "", "32576", "4523901"],
          ["10174622", "46527276", "2098", "89", "9079", "0", "5", "0", "0", "reversedirection=yes highway=secondary surface=asphalt maxspeed=30", "estimated_crossing_class=0", "32585", "4523901"],
          ["10176638", "46526832", "2075", "251", "2642", "0", "181", "0", "20", "reversedirection=yes highway=residential", "", "32611", "4523901"],
          ["10179925", "46521949", "2022", "659", "2642", "0", "112", "0", "0", "reversedirection=yes highway=residential surface=asphalt", "highway=stop direction=backward", "32680", "4525671"],
          ["10179970", "46521925", "2021", "4", "2642", "0", "0", "0", "0", "reversedirection=yes highway=residential surface=asphalt", "", "32680", "4525671"],
          ["10179968", "46521982", "2021", "6", "2642", "0", "106", "0", "0", "reversedirection=yes highway=residential", "", "32681", "4525671"],
          ["10180011", "46521952", "2020", "5", "2642", "0", "112", "0", "0", "highway=residential", "highway=stop direction=backward", "32681", "4525671"],
          ["10182240", "46519123", "2002", "364", "2642", "0", "27", "0", "0", "highway=residential", "", "32719", "4525835"],
          ["10180116", "46516169", "2022", "393", "3963", "0", "89", "0", "0", "reversedirection=yes highway=residential mtb:scale=0", "highway=stop direction=backward", "32805", "4538803"],
          ["10180061", "46516149", "2022", "5", "3963", "0", "3", "0", "0", "reversedirection=yes highway=residential mtb:scale=0", "estimated_crossing_class=1", "32807", "4538974"],
          ["10182891", "46517533", "2042", "289", "5044", "0", "127", "0", "400", "reversedirection=yes highway=secondary surface=asphalt maxspeed=50", "estimated_crossing_class=1", "32919", "4555869"],
          ["10183841", "46517692", "2048", "79", "5044", "0", "6", "0", "0", "reversedirection=yes highway=secondary surface=asphalt maxspeed=50", "estimated_crossing_class=1", "32952", "4560793"],
          ["10184957", "46518098", "2056", "120", "5044", "0", "11", "0", "0", "reversedirection=yes highway=secondary surface=asphalt maxspeed=50", "estimated_crossing_class=1", "33005", "4568769"],
          ["10185961", "46517519", "2062", "101", "5044", "0", "1", "0", "0", "reversedirection=yes highway=secondary surface=asphalt maxspeed=50", "estimated_crossing_class=0", "33050", "4575532"],
          ["10186098", "46517423", "2063", "15", "5044", "0", "0", "0", "0", "reversedirection=yes highway=secondary surface=asphalt maxspeed=50", "estimated_crossing_class=0", "33056", "4576421"],
          ["10186110", "46517415", "2063", "1", "5044", "0", "0", "20", "0", "reversedirection=yes highway=secondary surface=asphalt maxspeed=50", "highway=crossing estimated_crossing_class=0 crossing=uncontrolled", "33057", "4576477"],
          ["10186144", "46517391", "2063", "4", "5044", "0", "0", "0", "0", "reversedirection=yes highway=secondary surface=asphalt maxspeed=50", "estimated_crossing_class=0", "33058", "4576694"],
          ["10186219", "46517339", "2063", "8", "5044", "0", "0", "0", "0", "reversedirection=yes highway=secondary surface=asphalt maxspeed=50", "estimated_crossing_class=1", "33061", "4577116"],
          ["10186561", "46517108", "2066", "37", "5044", "0", "0", "0", "0", "reversedirection=yes highway=secondary surface=asphalt maxspeed=50", "estimated_crossing_class=1", "33076", "4579346"],
          ["10187160", "46516655", "2071", "68", "5044", "0", "0", "0", "0", "reversedirection=yes highway=secondary surface=asphalt maxspeed=50", "", "33108", "4584141"],
          ["10197239", "46509991", "2157", "1135", "6557", "0", "20", "0", "0", "reversedirection=yes highway=secondary surface=asphalt maxspeed=70", "estimated_crossing_class=1", "33654", "4666102"],
          ["10199362", "46507363", "2181", "337", "6557", "0", "0", "0", "0", "reversedirection=yes highway=secondary surface=asphalt maxspeed=70", "estimated_crossing_class=1", "33823", "4691499"],
          ["10200079", "46506115", "2186", "149", "6557", "0", "0", "0", "0", "reversedirection=yes highway=secondary surface=asphalt maxspeed=70", "estimated_crossing_class=1", "33871", "4698705"],
          ["10206309", "46499632", "2266", "1274", "6557", "0", "63", "0", "0", "reversedirection=yes highway=secondary surface=asphalt maxspeed=70", "estimated_crossing_class=1", "34383", "4775399"],
          ["10206957", "46497805", "2278", "212", "6557", "0", "22", "0", "0", "reversedirection=yes highway=secondary surface=asphalt maxspeed=70", "highway=milestone", "34454", "4786168"],
          ["10207198", "46497294", "2282", "60", "6557", "0", "0", "0", "0", "reversedirection=yes highway=secondary surface=asphalt maxspeed=70", "estimated_crossing_class=1", "34483", "4790540"],
          ["10207859", "46496356", "2289", "116", "6557", "0", "1", "0", "0", "reversedirection=yes highway=secondary surface=asphalt maxspeed=70", "", "34537", "4798544"],
          ["10208533", "46495406", "2287", "118", "9079", "0", "0", "0", "0", "reversedirection=yes highway=secondary surface=asphalt", "estimated_crossing_class=1", "34559", "4801920"],
          ["10208681", "46495267", "2287", "19", "9079", "0", "0", "0", "0", "reversedirection=yes highway=secondary surface=asphalt", "", "34564", "4802552"],
          ["10208860", "46495012", "2286", "32", "9079", "0", "4", "139", "0", "highway=secondary surface=asphalt oneway=yes", "barrier=border_control", "34569", "4803426"],
          ["10209161", "46494846", "2284", "30", "9079", "0", "2", "0", "0", "highway=secondary surface=asphalt oneway=yes", "", "34573", "4803999"],
          ["10212971", "46492764", "2258", "372", "6557", "0", "1", "0", "0", "reversedirection=yes highway=secondary surface=asphalt maxspeed=70", "", "34612", "4804726"],
          ["10215173", "46491303", "2245", "236", "9079", "0", "1", "0", "0", "reversedirection=yes highway=secondary surface=asphalt", "estimated_crossing_class=1", "34636", "4804726"],
          ["10215209", "46491254", "2245", "6", "9079", "0", "0", "0", "0", "reversedirection=yes highway=secondary surface=asphalt", "estimated_crossing_class=1", "34637", "4804726"],
          ["10215755", "46490508", "2240", "93", "9079", "0", "0", "0", "0", "reversedirection=yes highway=secondary surface=asphalt", "estimated_crossing_class=1", "34646", "4804726"],
          ["10220681", "46487945", "2208", "507", "6557", "0", "16", "0", "0", "reversedirection=yes highway=secondary surface=asphalt maxspeed=70", "", "34699", "4805470"],
          ["10221701", "46484863", "2186", "358", "9079", "0", "14", "0", "0", "reversedirection=yes highway=secondary surface=asphalt", "", "34736", "4805935"],
          ["10222396", "46483390", "2169", "207", "5549", "0", "25", "0", "0", "reversedirection=yes highway=secondary surface=asphalt maxspeed=60", "estimated_crossing_class=1", "34757", "4805935"],
          ["10222529", "46483407", "2168", "10", "5549", "0", "0", "0", "0", "reversedirection=yes highway=secondary surface=asphalt maxspeed=60", "", "34758", "4805935"],
          ["10234552", "46483709", "2127", "969", "9079", "0", "14", "0", "0", "reversedirection=yes highway=secondary surface=asphalt", "estimated_crossing_class=1", "34858", "4809606"],
          ["10235313", "46483548", "2123", "62", "9079", "0", "1", "0", "0", "reversedirection=yes highway=secondary surface=asphalt", "estimated_crossing_class=1", "34865", "4809671"],
          ["10241745", "46481261", "2092", "577", "9079", "0", "6", "0", "0", "reversedirection=yes highway=secondary surface=asphalt", "", "34924", "4812101"],
          ["10247318", "46478738", "2054", "549", "6557", "0", "13", "0", "0", "reversedirection=yes highway=secondary surface=asphalt maxspeed=70", "estimated_crossing_class=1", "34981", "4812101"],
          ["10248806", "46477813", "2042", "179", "3144", "0", "30", "0", "20", "reversedirection=yes highway=service surface=compacted", "estimated_crossing_class=1", "34999", "4812101"],
          ["10247345", "46467850", "1953", "1387", "6557", "0", "52", "0", "400", "reversedirection=yes highway=secondary surface=asphalt maxspeed=70", "estimated_crossing_class=1", "35142", "4812237"],
          ["10246737", "46466277", "1938", "193", "6557", "0", "3", "0", "0", "reversedirection=yes highway=secondary surface=asphalt maxspeed=70", "estimated_crossing_class=1", "35162", "4812237"],
          ["10242958", "46460340", "1895", "737", "6557", "0", "3", "0", "0", "reversedirection=yes highway=secondary surface=asphalt maxspeed=70", "estimated_crossing_class=1", "35237", "4812237"],
          ["10242872", "46460236", "1894", "13", "6557", "0", "0", "0", "0", "reversedirection=yes highway=secondary surface=asphalt maxspeed=70", "estimated_crossing_class=1", "35239", "4812440"],
          ["10242593", "46459923", "1891", "41", "6557", "0", "0", "0", "0", "reversedirection=yes highway=secondary surface=asphalt maxspeed=70", "estimated_crossing_class=1", "35243", "4812440"],
          ["10241673", "46459133", "1885", "114", "6557", "0", "0", "0", "0", "reversedirection=yes highway=secondary surface=asphalt maxspeed=70", "estimated_crossing_class=1", "35255", "4812446"],
          ["10241578", "46459032", "1886", "13", "5044", "0", "3", "0", "0", "reversedirection=yes highway=secondary surface=asphalt maxspeed=50", "estimated_crossing_class=1", "35256", "4812525"],
          ["10241571", "46458954", "1884", "9", "5044", "0", "2", "0", "0", "reversedirection=yes highway=secondary surface=asphalt maxspeed=50", "estimated_crossing_class=1", "35257", "4812541"],
          ["10242278", "46459059", "1879", "69", "5044", "0", "21", "0", "0", "reversedirection=yes highway=secondary surface=asphalt maxspeed=50", "estimated_crossing_class=1", "35264", "4812541"],
          ["10242778", "46459333", "1876", "49", "5044", "0", "0", "0", "0", "reversedirection=yes highway=secondary surface=asphalt maxspeed=50", "estimated_crossing_class=1", "35269", "4812541"],
          ["10250547", "46464262", "1818", "832", "9079", "0", "1", "0", "0", "reversedirection=yes highway=secondary surface=asphalt smoothness=good", "estimated_crossing_class=1", "35355", "4812541"],
          ["10251825", "46465149", "1797", "146", "43235", "3212", "14", "0", "20", "highway=path bicycle=yes mtb:scale=1 sac_scale=hiking", "", "35370", "4812541"],
          ["10255567", "46468568", "1733", "521", "1681", "0", "101", "0", "0", "highway=track tracktype=grade2 bicycle=yes", "estimated_crossing_class=1", "35423", "4812541"],
          ["10261829", "46473735", "1626", "782", "1681", "0", "72", "0", "0", "highway=track tracktype=grade2 bicycle=yes", "", "35504", "4813254"],
          ["10264114", "46475215", "1586", "248", "2642", "0", "35", "0", "0", "reversedirection=yes highway=residential surface=asphalt", "estimated_crossing_class=1", "35529", "4813254"],
          ["10264285", "46475402", "1584", "24", "5044", "0", "26", "0", "400", "reversedirection=yes highway=secondary surface=asphalt maxspeed=50", "estimated_crossing_class=1", "35532", "4813254"],
          ["10264336", "46475359", "1584", "6", "2882", "0", "89", "0", "20", "highway=service surface=asphalt", "", "35532", "4813254"],
          ["10264520", "46476033", "1573", "77", "3123", "0", "100", "0", "0", "highway=unclassified surface=asphalt", "", "35540", "4813254"],
          ["10264869", "46476502", "1567", "60", "2642", "0", "4", "0", "0", "reversedirection=yes highway=residential surface=asphalt access=permissive", "", "35546", "4813254"],
          ["10269586", "46482264", "1413", "1685", "2642", "0", "578", "0", "0", "reversedirection=yes highway=residential surface=asphalt", "", "35720", "4815329"],
          ["10272671", "46483515", "1392", "289", "2882", "0", "35", "0", "0", "reversedirection=yes highway=cycleway surface=asphalt foot=yes segregated=no", "", "35750", "4815329"],
          ["10272655", "46483626", "1391", "12", "1747", "0", "8", "0", "0", "reversedirection=yes highway=cycleway surface=wood", "", "35751", "4815329"],
          ["10276722", "46486134", "1380", "438", "1201", "0", "61", "0", "0", "reversedirection=yes highway=cycleway surface=asphalt", "", "35797", "4817762"],
          ["10276799", "46486184", "1382", "8", "1747", "0", "0", "0", "0", "highway=cycleway surface=wood", "", "35798", "4817882"],
          ["10279103", "46486335", "1371", "190", "1201", "0", "8", "0", "0", "reversedirection=yes highway=cycleway surface=asphalt", "", "35818", "4819470"],
          ["10282832", "46486979", "1364", "297", "3123", "0", "5", "0", "0", "reversedirection=yes highway=unclassified surface=asphalt maxspeed=50 foot=yes bicycle=yes oneway=no", "", "35849", "4821731"],
          ["10288190", "46488827", "1357", "495", "2642", "0", "12", "0", "0", "reversedirection=yes highway=residential surface=asphalt maxspeed=50 oneway=no", "", "35903", "4829124"],
          ["10288587", "46488754", "1356", "32", "2642", "0", "0", "0", "0", "highway=residential surface=asphalt maxspeed=50", "", "35906", "4829659"],
          ["10288470", "46488659", "1354", "14", "2642", "0", "89", "0", "0", "reversedirection=yes highway=residential surface=asphalt maxspeed=50 cycleway=no oneway=no", "", "35908", "4829768"],
          ["10296354", "46488290", "1343", "636", "2882", "0", "89", "0", "0", "reversedirection=yes highway=cycleway surface=asphalt foot=designated bicycle=designated segregated=no", "", "35988", "4837333"],
          ["10296427", "46488336", "1343", "8", "2620", "0", "5", "0", "0", "highway=cycleway surface=asphalt foot=designated bicycle=designated smoothness=excellent segregated=no", "", "35989", "4837481"],
          ["10296578", "46488355", "1341", "12", "2882", "0", "10", "0", "0", "highway=cycleway surface=asphalt foot=designated bicycle=designated segregated=no", "", "35991", "4837635"],
          ["10296762", "46488389", "1340", "15", "2620", "0", "0", "0", "0", "highway=cycleway surface=asphalt foot=designated bicycle=designated smoothness=excellent segregated=no", "", "35992", "4837713"],
          ["10298948", "46488917", "1339", "178", "2642", "0", "0", "0", "0", "highway=residential surface=asphalt smoothness=good", "", "36011", "4840529"],
          ["10299298", "46489458", "1340", "84", "1321", "0", "51", "0", "0", "highway=path surface=asphalt", "", "36021", "4841908"],
          ["10299806", "46489534", "1340", "40", "2642", "0", "64", "0", "0", "highway=residential surface=asphalt oneway=yes", "", "36025", "4842550"],
          ["10299803", "46489562", "1340", "3", "2642", "0", "56", "0", "0", "highway=residential surface=asphalt", "highway=stop direction=backward", "36025", "4842601"],
          ["10299792", "46489624", "1340", "7", "2642", "0", "0", "0", "0", "highway=residential surface=asphalt", "highway=give_way direction=forward", "36026", "4842719"],
          ["10298408", "46490249", "1345", "137", "2642", "0", "37", "0", "0", "highway=residential surface=asphalt", "", "36046", "4845705"],
          ["10304974", "46490402", "1392", "513", "2642", "0", "112", "0", "0", "reversedirection=yes highway=residential surface=asphalt maxspeed=50", "", "36307", "4884866"],
          ["10312543", "46489740", "1439", "656", "2642", "0", "73", "0", "0", "reversedirection=yes highway=residential surface=asphalt", "", "36622", "4932053"],
          ["10328063", "46486259", "1398", "1285", "2642", "0", "22", "0", "0", "highway=residential surface=asphalt", "", "36787", "4948444"],
          ["10338603", "46485598", "1343", "820", "2642", "0", "6", "0", "0", "highway=residential", "", "36871", "4948727"],
          ["10341160", "46485218", "1328", "208", "2642", "0", "7", "0", "0", "reversedirection=yes highway=residential", "", "36893", "4948727"],
          ["10344062", "46484631", "1311", "232", "2642", "0", "0", "0", "0", "highway=residential", "highway=stop direction=forward", "36916", "4948727"],
          ["10344129", "46484609", "1311", "6", "2642", "0", "0", "0", "0", "highway=residential", "estimated_crossing_class=1", "36917", "4948727"],
          ["10344177", "46484590", "1311", "4", "3123", "0", "0", "0", "0", "reversedirection=yes highway=unclassified surface=asphalt", "highway=stop direction=forward", "36918", "4948727"],
          ["10351320", "46485211", "1265", "608", "3123", "0", "29", "0", "0", "reversedirection=yes highway=unclassified surface=asphalt", "", "36980", "4948727"],
          ["10352909", "46484577", "1252", "203", "3123", "0", "100", "20", "0", "highway=unclassified surface=asphalt maxspeed=50 oneway=yes", "highway=traffic_signals", "37001", "4948727"],
          ["10352931", "46484599", "1252", "3", "3123", "0", "0", "0", "0", "highway=unclassified surface=asphalt maxspeed=50 oneway=yes", "", "37001", "4948727"],
          ["10353349", "46484145", "1241", "122", "3123", "0", "124", "0", "0", "reversedirection=yes highway=unclassified surface=asphalt", "", "37014", "4948727"],
          ["10353647", "46484038", "1229", "26", "3123", "0", "0", "0", "0", "reversedirection=yes highway=unclassified", "", "37016", "4948727"],
          ["10353847", "46483776", "1232", "34", "3123", "0", "6", "20", "0", "reversedirection=yes highway=unclassified surface=asphalt", "highway=traffic_signals", "37020", "4948727"],
          ["10359444", "46479591", "1239", "692", "3123", "0", "7", "0", "0", "reversedirection=yes highway=unclassified surface=asphalt", "", "37110", "4959946"],
          ["10362691", "46476816", "1246", "408", "3123", "0", "3", "0", "0", "reversedirection=yes highway=unclassified surface=asphalt maxspeed=50", "", "37185", "4971159"],
          ["10363997", "46474783", "1250", "247", "3123", "0", "0", "20", "0", "reversedirection=yes highway=unclassified surface=asphalt", "highway=crossing", "37231", "4978096"],
          ["10365860", "46472642", "1247", "280", "3123", "0", "4", "0", "0", "reversedirection=yes highway=unclassified surface=asphalt", "highway=stop direction=backward", "37269", "4983818"],
          ["10365913", "46472641", "1247", "4", "3123", "0", "6", "0", "0", "reversedirection=yes highway=unclassified surface=asphalt", "estimated_crossing_class=2", "37270", "4983917"],
          ["10366561", "46471402", "1236", "146", "5044", "0", "42", "0", "400", "reversedirection=yes highway=secondary surface=asphalt maxspeed=50", "estimated_crossing_class=2", "37285", "4985021"],
          ["10367015", "46471047", "1233", "53", "5044", "0", "2", "20", "0", "reversedirection=yes highway=secondary surface=asphalt maxspeed=50", "highway=crossing crossing=uncontrolled wheelchair=limited", "37290", "4985060"],
          ["10368113", "46470256", "1226", "122", "5044", "0", "0", "0", "0", "reversedirection=yes highway=secondary surface=asphalt maxspeed=50", "estimated_crossing_class=2", "37303", "4985060"],
          ["10368321", "46470108", "1225", "23", "5044", "0", "0", "20", "0", "reversedirection=yes highway=secondary surface=asphalt maxspeed=50", "highway=crossing crossing=uncontrolled wheelchair=no", "37305", "4985060"],
          ["10368786", "46469785", "1222", "51", "5044", "0", "0", "0", "0", "reversedirection=yes highway=secondary surface=asphalt maxspeed=50", "estimated_crossing_class=2", "37310", "4985060"],
          ["10368725", "46469733", "1222", "7", "2642", "0", "58", "0", "20", "highway=residential surface=asphalt", "", "37311", "4985060"],
          ["10368417", "46467702", "1201", "229", "2642", "0", "61", "0", "0", "highway=residential oneway=yes", "", "37335", "4985060"],
          ["10370160", "46468158", "1204", "144", "2642", "0", "62", "0", "0", "reversedirection=yes highway=residential", "", "37351", "4987088"]
        ],
        "times": [0,4.997,8.605,10.334,12.259,14.689,17.154,20.472,21.662,22.106,23.578,24.894,28.781,36.782,40.224,45.527,47.512,48.2,51.098,53.002,56.612,61.277,61.611,63.537,66.829,67.652,68.063,68.322,68.581,69.481,69.921,73.684,74.887,76.46,79.751,80.574,80.882,82.22,83.703,90.635,90.969,91.731,92.657,93.745,94.248,94.491,94.997,95.129,102.9,104.444,107.583,109.846,110.154,111.443,115.298,116.244,116.784,119.15,120.02,120.876,122.473,124.208,126.303,131.291,138.689,139.286,140.857,141.919,142.725,143.423,145.075,147.193,148.366,149.169,150.477,152.767,154.345,156.376,158.43,160.859,161.767,164.559,165.363,166.036,168.145,171.079,171.865,173.914,175.148,176.074,176.588,177.206,179.777,182.451,183.634,184.843,185.177,185.401,190.506,191.468,191.953,192.305,192.658,193.369,193.714,194.06,194.409,194.747,195.086,195.428,196.54,199.757,204.908,207.506,209.661,213.553,218.349,220.296,220.911,221.53,222.489,225.354,227.182,228.164,230.117,231.571,232.253,233.172,241.157,242.242,242.921,243.464,244.143,246.5,247.026,247.948,248.608,249.269,249.931,250.329,251.525,254.592,258.348,258.842,261.65,262.319,263.595,266.094,269.855,270.889,284.331,285.264,285.971,286.463,287.204,287.72,288.626,289.977,292.412,294.805,295.567,296.895,311.811,317.605,319.972,320.896,321.823,322.088,322.486,323.549,324.348,324.881,326.082,326.905,327.728,328.242,328.765,329.189,330.046,330.698,332.64,337.838,343.054,345.24,346.884,347.943,350.202,364.098,364.943,369.645,373.14,375.214,377.941,388.13,390.688,393.37,394.073,397.041,402.144,404.259,410.181,412.771,413.295,413.689,414.32,416.46,420.622,445.364,447.251,449.357,455.059,473.713,481.081,489.235,495.264,500.289,508.442,510.199,510.673,519.53,520.385,522.872,529.145,533.709,539.1,541.592,542.745,543.644,544.836,550.358,556.556,560.214,563.145,565.301,567.69,571.601,574.549,577.401,579.143,582.561,588.956,590.241,592.508,594.843,595.53,596.245,596.817,597.529,598.24,598.95,599.766,600.55,602.916,603.496,604.484,605.826,607.312,614.035,616.973,621.267,625.042,634.46,638.981,643.88,645.187,646.116,654.512,663.54,667.848,672.104,682.738,700.211,702.74,733.145,744.638,767.615,779.312,784.953,786.238,787.519,788.795,790.268,793.038,796.546,798.752,803.156,804.158,805.053,812.782,814.107,816.042,818.767,819.809,822.496,824.581,832.143,833.094,833.943,834.533,835.708,837.861,838.249,838.898,840.251,841.943,844.862,848.902,850.375,851.691,855.601,861.742,863.399,866.191,868.348,875.217,876.397,880.855,881.722,890.818,891.463,892.099,893.549,898.41,900.06,901.594,905.384,921.754,925.641,929.7,940.324,969.146,972.159,974.088,988.812,996.992,1006.247,1021.143,1027.616,1037.153,1053.756,1058.232,1062.695,1066.266,1070.785,1085.653,1089.247,1094.963,1096.655,1104.253,1108.717,1113.119,1115.017,1117.972,1119.052,1119.97,1123.563,1124.778,1126.081,1127.405,1137.641,1142.063,1154.123,1162.14,1172.427,1189.835,1261.352,1296.541,1307.792,1361.053,1370.146,1393.888,1409.526,1417.564,1443.55,1455.238,1465.992,1473.402,1477.236,1482.097,1501.266,1525.252,1535.938,1542.815,1547.077,1559.855,1580.337,1598.432,1611.472,1617.271,1621.479,1688.355,1698.266,1709.718,1721.727,1723.375,1724.426,1724.84,1725.485,1726.644,1727.55,1728.438,1729.8,1739.546,1741.803,1743.478,1744.8,1746.644,1747.902,1749.012,1752.398,1753.98,1769.026,1771.809,1773.571,1775.411,1782.182,1783.288,1787.347,1788.228,1789.606,1795.142,1800.633,1805.375,1813.929,1817.7,1823.935,1832.623,1838.467,1845.592,1870.89,1879.325,1891.113,1905.302,1919.891,1934.002,1955.206,1963.776,1975.091,1999.349,2005.081,2009.849,2013.505,2018.411,2024.702,2033.839,2038.76,2040.558,2043.218,2045.814,2049.928,2051.06,2053.725,2056.913,2058.868,2059.793,2060.822,2065.759,2076.045,2077.793,2079.645,2083.965,2088.182,2090.342,2091.576,2093.119,2096.513,2098.262,2100.216,2101.759,2105.356,2109.225,2111.113,2112.885,2114.691,2116.131,2117.16,2118.291,2119.32,2123.434,2124.36,2125.388,2128.062,2129.194,2130.12,2130.942,2131.765,2132.896,2134.234,2134.851,2135.365,2136.188,2137.422,2139.377,2140.199,2141.022,2142.359,2144.211,2145.754,2147.399,2148.222,2148.839,2151.616,2152.484,2152.923,2153.643,2157.86,2158.889,2160.226,2161.152,2162.797,2165.986,2167.426,2168.985,2172.605,2174.045,2178.879,2180.217,2180.992,2183.709,2185.438,2187.148,2190.839,2193.208,2194.957,2196.011,2201.338,2203.595,2206.369,2211.747,2217.331,2225.331,2226.085,2234.571,2241.949,2245.344,2250.427,2251.94,2254.1,2257.417,2261.285,2265.343,2273.626,2282.748,2288.173,2290.431,2293.232,2295.748,2297.816,2299.973,2302.737,2308.497,2310.788,2316.568,2319.339,2321.013,2324.416,2328.879,2333.617,2337.8,2340.331,2344.14,2346.609,2350.003,2355.13,2359.438,2371.216,2376.9,2382.557,2391.266,2398.851,2403.343,2407.879,2410.361,2416.298,2420.823,2426.927,2437.407,2445.286,2448.299,2457.076,2465.557,2475.122,2476.801,2483.533,2486.913,2489.747,2496.159,2498.143,2500.849,2504.412,2528.196,2533.85,2544.958,2556.816,2559.465,2562.161,2563.9,2566.147,2570.589,2576.481,2580.693,2587.555,2590.994,2600.004,2604.18,2609.28,2614.862,2625.074,2633.68,2635.797,2645.162,2651.603,2657.059,2660.357,2663.496,2668.271,2675.652,2679.601,2687.603,2689.503,2695.359,2698.357,2699.102,2701.695,2703.984,2707.409,2716.95,2719.115,2738.529,2745.189,2748.378,2753.315,2755.206,2760.587,2763.12,2768.674,2779.885,2787.682,2792.105,2798.585,2805.579,2810.619,2812.882,2813.499,2813.911,2816.585,2825.533,2832.528,2835.408,2838.905,2845.076,2850.116,2856.39,2858.036,2858.962,2859.888,2863.679,2876.58,2880.344,2884.582,2889.12,2891.104,2891.78,2892.959,2893.679,2894.09,2894.605,2895.119,2895.942,2897.279,2902.561,2903.262,2904.407,2905.618,2906.74,2907.92,2910.241,2912.673,2913.891,2915.38,2916.615,2921.49,2922.785,2927.703,2931.581,2934.737,2938.964,2940.042,2940.894,2941.839,2942.803,2943.862,2944.944,2951.619,2960.335,2962.406,2967.505,2980.341,2995.865,2996.506,2997.115,3011.208,3025.793,3039.149,3043.815,3045.473,3046.452,3052.214,3059.827,3069.293,3072.806,3081.546,3091.602,3101.692,3105.639,3109.672,3113.412,3116.923,3120.076,3127,3129.766,3134.974,3138.249,3140.614,3143.616,3144.51,3145.448,3149.061,3155.597,3157.536,3158.701,3164.335,3166.897,3168.748,3171.851,3174.641,3176.317,3181.385,3183.219,3190.188,3192.224,3196.853,3201.338,3232.01,3240.68,3241.487,3244.887,3246.462,3248.095,3249.993,3253.116,3256.055,3257.127,3258.691,3262.65,3266.073,3269.159,3273.471,3277.507,3279.26,3281.986,3284.763,3285.656,3302.664,3305.302,3307.981,3310.175,3313.698,3328.823,3336.862,3351.46,3365.885,3368.571,3372.386,3374.249,3376.558,3390.018,3395.926,3400.36,3404.324,3419.306,3426.705,3444.287,3448.267,3452.444,3455.396,3465.658,3473.064,3474.634,3477.754,3495.616,3500.291,3515.167,3517.114,3518.391,3536.83,3542.438,3552.903,3553.816,3557.391,3565.351,3570.844,3577.032,3578.87,3581.113,3582.444,3587.077,3588.613,3590.579,3595.557,3603.816,3605.806,3607.652,3610.408,3624.958,3638.759,3665.659,3674.481,3677.176,3680.333,3681.789,3682.748,3683.905,3685.775,3750.703,3806.69,3826.664,3866.55,3877.214,3882.642,3900.793,3918.51,3930.639,3945.598,3961.781,3967.756,3971.198,3983.713,3998.265,3999.804,4000.566,4001.324,4002.571,4003.719,4008.611,4009.455,4010.124,4010.599,4011.118,4013.448,4016.659,4022.064,4023.208,4024.016,4024.657,4025.927,4031.64,4032.912,4034.99,4045.204,4056.093,4076.98,4080.634,4082.677,4121.847,4141.85,4169.917,4173.177,4174.84,4176.546,4177.347,4178.458,4181.724,4183.097,4184.832,4186.843,4187.803,4188.625,4190.479,4196.191,4200.208,4204.647,4208.049,4209.313,4210.096,4211.137,4212.907,4215.039,4216.297,4217.231,4219.082,4220.969,4222.907,4226.468,4234.012,4236.235,4245.689,4246.335,4250.877,4252.983,4257.668,4259.867,4262.477,4264.202,4276.073,4281.733,4293.107,4300.498,4314.147,4322.104,4325.163,4326.974,4331.699,4339.54,4340.498,4341.525,4342.575,4343.38,4345.454,4346.757,4349.998,4353.482,4355.123,4357.009,4359.133,4362.609,4364.992,4366.246,4371.797,4374.276,4376.813,4379.18,4380.581,4382.997,4386.571,4414.11,4421.594,4427.496,4432.185,4439.161,4451.665,4496.516,4513.367,4519.979,4537.318,4612.454,4629.319,4652.258,4678.991,4717.002,4750.038,4766.605,4786.452,4806.005,4840.455,4853.882,4858.488,4863.634,4873.458,4878.752,4884.418,4890,4895.882,4915.444,4922.956,4931.863,4940.466,4987.231,4997.736,5006.952,5011.739,5021.864,5025.582,5029.952,5032.233,5033.596,5050.8,5052.257,5095.948,5118.62,5139.225,5162.684,5168.739,5172.99,5176.746,5183.467,5192.504,5262.123,5297.487,5322.968,5337.707,5340.282,5342.438,5344.485,5346.227,5349.378,5353.563,5368.48,5378.208,5386.563,5395.406,5406.968,5414.037,5439.348,5462.396,5474.865,5507.985,5528.732,5555.692,5573.377,5601.323,5635.564,5650.57,5671.17,5678.208,5688.66,5694.367,5706.859,5712.046,5719.744,5726.674,5733.362,5740.968,5771.073,5776.231,5783.647,5791.309,5797.723,5819.371,5822.041,5833.339,5864.565,5880.53,5884.29,5887.591,5896.821,5904.278,5920.736,5950.569,5954.658,5960.437,5961.843,5962.832,5964.132,5968.459,5970.467,5972.025,5975.592,5978.658,5986.239,5988.662,6002.629,6019.653,6041.247,6045.926,6049.786,6052.836,6061.679,6065.199,6069.872,6072.666,6078.38,6082.13,6085.384,6101.039,6103.922,6115.96,6120.009,6132.067,6136.062,6143.276,6148.46,6153.747,6159.733,6162.545,6166.175,6170.289,6174.198,6176.724,6179.008,6184.048,6187.794,6191.497,6207.185,6210.52,6212.869,6214.38,6215.731,6218.306,6221.544,6223.553,6225.015,6227.485,6229.13,6233.965,6238.593,6240.65,6242.09,6244.97,6247.645,6254.125,6255.667,6258.547,6259.37,6259.782,6260.193,6265.13,6267.805,6270.479,6272.948,6278.502,6280.147,6282.102,6284.159,6285.188,6286.113,6286.936,6290.433,6294.239,6296.09,6297.633,6301.13,6303.084,6304.216,6305.553,6307.815,6309.358,6311.93,6313.164,6314.81,6325.712,6327.873,6330.217,6332.928,6335.32,6337.526,6340.338,6344.761,6347.656,6349.338,6350.881,6352.218,6356.641,6359.057,6361.177,6363.725,6366.381,6373.854,6376.473,6378.919,6381.889,6383.293,6385.841,6404.464,6412.885,6418.896,6423.55,6428.162,6432.467,6437.581,6442.814,6449.817,6455.709,6460.029,6461.357,6463.415,6465.78,6468.66,6471.838,6475.371,6479.177,6483.989,6486.792,6488.026,6489.158,6490.632,6492.482,6493.938,6495.427,6496.709,6497.841,6501.324,6513.646,6515.892,6518.216,6521.432,6523.171,6524.868,6528.965,6534.344,6539.469,6545.291,6557.549,6563.417,6570.769,6577.078,6585.91,6686.172,6692.456,6698.74,6705.16,6715.035,6717.092,6718.635,6720.383,6722.44,6724.703,6726.246,6727.789,6730.058,6732.332,6740.754,6749.703,6751.451,6753.508,6755.751,6758.039,6759.495,6760.8,6762.651,6763.294,6764.537,6764.943,6767.081,6767.74,6768.07,6768.379,6768.688,6768.996,6770.468,6771.085,6773.965,6774.377,6774.686,6774.891,6775.405,6778.594,6809.147,6811.817,6817.816,6820.094,6823.308,6824.572,6825.556,6831.012,6832.385,6836.473,6850.604,6854.042,6860.119,6864.639,6868.704,6873.042,6877.465,6883.869,6891.938,6903.792,6911.902,6917.915,6927.693,6938.691,6953.825,6972.011,6994.576,7008.601,7022.719,7036.135,7037.548,7039.134,7041.894,7048.43,7051.872,7054.955,7057.725,7060.742,7063.597,7075.196,7079.562,7083.708,7108.123,7129.854,7144.842,7148.761,7153.359,7162.059,7166.454,7177.188,7186.396,7193.794,7203.746,7209.832,7221.052,7224.397,7251.192,7266.87,7290.228,7294.908,7298.981,7307.36,7313.056,7318.177,7327.257,7376.421,7384.282,7387.841,7393.498,7396.927,7404.508,7415.123,7430.23,7454.227,7457.729,7473.317,7479.986,7490.907,7499.928,7511.257,7513.837,7516.269,7524.633,7530.304,7536.791,7548.711,7561.54,7573.53,7579.718,7587.262,7631.274,7649.754,7655.998,7673.292,7692.003,7701.082,7707.616,7711.392,7717.157,7723.155,7747.882,7751.057,7754.396,7776.545,7780.583,7790.558,7794.406,7797.126,7801.536,7804.507,7806.727,7810.268,7813.364,7825.097,7828.826,7833.415,7848.665,7850.377,7854.986,7855.833,7859.335,7864.886,7866.26,7867.415,7871.494,7873.346,7874.271,7878.836,7882.23,7883.875,7884.698,7885.521,7886.241,7887.99,7891.076,7894.264,7896.527,7900.436,7903.933,7905.784,7907.944,7912.162,7913.499,7917.613,7918.642,7920.699,7923.27,7927.281,7928.413,7929.544,7931.498,7933.658,7937.875,7938.081,7939.212,7939.624,7943.635,7949.338,7952.665,7959.487,7961.928,7966.372,7969.838,7982.66,7986.536,7991.728,7998.429,8012.947,8014.944,8017.761,8019.786,8021.086,8024.667,8026.399,8028.435,8030.207,8034.116,8034.333,8035.746,8037.061,8038.112,8038.86,8039.683,8040.968,8044.156,8045.596,8046.522,8050.945,8053.928,8057.322,8064.933,8068.085,8072.334,8073.987,8075.118,8076.25,8077.998,8079.541,8081.084,8082.936,8086.947,8088.695,8090.547,8092.192,8097.027,8098.878,8101.45,8104.741,8106.695,8108.341,8109.986,8111.632,8117.289,8118.729,8120.478,8122.535,8124.489,8125.003,8125.929,8127.472,8134.157,8137.037,8142.283,8144.134,8146.191,8147.528,8148.249,8149.277,8151.438,8152.569,8153.083,8153.906,8154.729,8155.243,8155.86,8157.3,8160.591,8163.369,8168.203,8169.643,8170.877,8179.826,8182.295,8189.289,8191.963,8196.078,8198.341,8202.455,8203.483,8206.055,8206.774,8207.598,8208.523,8209.86,8217.555,8218.795,8219.844,8225.568,8228.5,8229.924,8231.07,8231.729,8232.199,8232.51,8232.921,8233.466,8233.969,8234.455,8234.943,8235.453,8236.07,8236.729,8237.084,8237.81,8239.98,8241.085,8243.024,8245.067,8253.778,8264.539,8267.066,8273.839,8292.204,8297.604,8300.822,8304.051,8307.764,8314.188,8364.487,8369.364,8374.72,8380.786,8388.45,8427.298,8431.164,8434.736,8438.014,8443.163,8446.813,8458.175,8461.92,8467.721,8482.092,8500.827,8504.105,8507.712,8511.919,8517.212,8522.557,8527.378,8534.317,8540.776,8543.202,8548.072,8566.242,8572.825,8575.299,8579.592,8587.869,8605.149,8607.969,8611.76,8622.21,8623.5,8625.606,8627.517,8630.844,8634.188,8637.578,8640.158,8644.2,8645.935,8652.465,8656.107,8659.088,8661.145,8662.747,8664.479,8668.457,8679.798,8687.148,8693.046,8695.338,8696.842,8698.55,8700.646,8728.32,8731.841,8742.062,8744.649,8746.604,8752.055,8753.911,8754.631,8755.351,8757.202,8758.128,8759.156,8760.391,8761.522,8762.654,8764.506,8767.592,8770.883,8773.004,8773.777,8776.657,8777.377,8780.359,8781.696,8782.107,8785.193,8786.912,8789.04,8791.706,8794.822,8796.169,8798.305,8800.371,8802.421,8804.32,8809.673,8813.784,8822.553,8830.048,8832.382,8837.35,8840.979,8842.27,8848.738,8860.643,8862.664,8869.955,8883.765,8886.361,8889.777,8897.821,8912.98,8916.886,8918.828,8926.151,8927.761,8928.839,8929.812,8931.112,8931.944,8935.313,8945.334,8950.061,8962.457,8973.268,8981.5,8986.899,8992.467,8998.454,9001.858,9003.583,9005.808,9011.231,9031.481,9034.375,9035.591,9036.974,9038.258,9040.376,9046.838,9053.204,9055.905,9058.814,9061.077,9066.616,9075.582,9076.745,9078.554,9079.983,9089.472,9091.478,9092.436,9096.857,9100.47,9101.246,9106.504,9110.265,9119.41,9122.962,9129.289,9131.246,9144.751,9152.262,9161.336,9172.884,9176.86,9181.576,9188.552,9193.294,9208.428,9218.292,9223.74,9225.326,9243.255,9249.767,9253.389,9255.791,9259.371,9262.309,9273.436,9277.506,9281.522,9288.358,9301.182,9304.675,9306.125,9309.411,9323.305,9327.933,9335.097,9337.351,9340.46,9343.156,9365.666,9369.479,9369.964,9370.446,9371.817,9374.05,9375.331,9376.91,9378.537,9379.915,9380.787,9382.037,9382.73,9391.762,9403.325,9405.657,9409.214,9412.933,9414.822,9416.553,9417.7,9422.273,9423.483,9426.125,9427.911,9431.541,9433.354,9436.639,9439.228,9451.933,9457.33,9467.368,9468.301,9469.334,9470.361,9477.689,9479.981,9489.369,9497.387,9503.568,9511.227,9514.962,9519.358,9522.754,9532.471,9543.832,9547.618,9552.998,9565.38,9566.469,9571.53,9574.827,9577.619,9593.483,9598.872,9601.06,9610.583,9611.633,9612.956,9620.668,9623.714,9628.726,9629.598,9630.42,9631.758,9646.871,9653.091,9660.626,9661.523,9662.584,9666.021,9666.979,9669.024,9673.646,9684.843,9711.046,9717.472,9721.373,9724.107,9730.597,9735.156,9749.678,9753.965,9756.589,9762.329,9768.561,9773.767,9778.264,9792.311,9799.627,9807.685,9810.472,9814.378,9822.696,9824.276,9825.321,9826.508,9831.984,9850.185,9852.23,9854.385,9856.923,9860.872,9876.394,9880.762,9882.331,9883.571,9884.187,9900.527,9901.572,9903.535,9905.099,9905.782,9906.429,9909.019,9911.627,9920.396,9927.887,9933.838,9939.503,9953.268,9959.501,9965.474,9975.02,9980.248,9984.229,9987.756,9993.553,9998.043,10000.247,10014.394,10018.256,10020.496,10024.937,10026.387,10027.979,10033.99,10039.689,10043.232,10045.87,10047.431,10048.922,10056.15,10058.37,10063.942,10079.599,10081.999,10083.09,10084.281,10086.22,10090.812,10093.36,10099.838,10110.301,10119.007,10123.402,10126.121,10128.899,10133.219,10138.367,10140.538,10142.616,10148.417,10153.667,10168.274,10171.531,10206.639,10214.235,10227.214,10242.873,10244.905,10250.448,10266.182,10274.328,10290.928,10296.128,10301.058,10306.834,10309.601,10313.198,10314.165,10337.963,10342.216,10352.168,10357.765,10364.641,10372.855,10376.992,10378.372,10381.812,10393.36,10397.912,10403.991,10408.331,10411.379,10416.759,10423.616,10431.731,10487.917,10490.995,10537.182,10563.791,10581.918,10609.637,10627.66,10646.457,10650.394,10672.111,10717.418,10726.149,10731.227,10734.778,10737.015,10739.465,10743.648,10746.122,10748.137,10752.041,10754.172,10757.322,10759.988,10762.879,10766.301,10769.711,10772.141,10773.894,10776.558,10778.278,10789.14,10790.418,10792.236,10794.159,10811.284,10848.243,10852.662,10855.756,10859.33,10862.895,10866.511,10869.308,10872.111,10878.281,10881.636,10895.584,10899.7,10921.358,10934.352,10940.24,10946.728,10952.953,10960.324,10970.384,10980.726,10984.053,10990.579,10997.335,11000.05,11003.758,11004.85,11006.09,11009.274,11011.479,11014.694,11021.421,11023.234,11025.854,11027.808,11029.208,11030.541,11038.879,11042.79,11045.21,11051.436,11058.895,11061.51,11065.676,11078.019,11079.97,11081.359,11084.569,11088.194,11088.836,11090.504,11097.996,11099.795,11118.723,11119.928,11120.824,11121.485,11123.112,11125.721,11136.596,11144.521,11148.652,11189.421,11193.149,11202.278,11207.475,11218.837,11255.384,11262.48,11267,11272.087,11275.842,11286.59,11312.851,11323.026,11355.01,11402.095,11408.24,11411.074,11417.115,11431.168,11434.048,11439.236,11445.797,11487.54,11493.834,11502.61,11511.046,11524.601,11526.121,11527.434,11531.231,11532.999,11535.564,11537.556,11539.577,11556.916,11561.01,11564.752,11583.747,11589.083,11594.995,11600.114,11600.993,11601.929,11604.529,11605.988,11607.62,11609.464,11611.6,11613.848,11618.853,11669.879,11678.05,11681.458,11697.438,11701.93,11706.106,11710.829,11753.356,11846.429,11903.678,11909.727,11914.975,11920.823,11926.068,11935.449,11943.544,11949.546,11954.992,11966.862,11973.744,11984.679,12001.392,12006.675,12011.787,12016.324,12021.206,12025.387,12033.737,12042.591,12051.258,12063.436,12069.619,12072.318,12077.423,12085.816,12087.758,12092.534,12094.49,12100.96,12102.991,12117.05,12138.437,12145.963,12152.159,12153.677,12156.063,12160.986,12178.076,12186.856,12189.104,12190.907,12204.518,12215.826,12219.418,12225.437,12249.142,12250.948,12252.644,12264.827,12267.68,12271.103,12293.087,12343.234,12349.387,12359.774,12415.105,12428.829,12431.499,12447.861,12450.466,12453.327,12455.426,12457.509,12484.255,12498.498,12500.903,12509.974,12512.14,12518.261,12522.356,12527.945,12530.594,12543.164,12546.863,12552.487,12570.292,12573.34,12581.7,12594.237,12606.011,12608.291,12610.65,12612.77,12614.084,12615.429,12627.592,12637.156,12640.181,12642.982,12646.283,12657.908,12660.522,12662.898,12665.243,12667.629,12669.052,12671.301,12675.604,12676.018,12677.192,12677.346,12678.95,12680.659,12688.469,12702.82,12706.927,12708.327,12708.742,12709.671,12710.171,12717.975,12718.958,12719.961,12721.744,12723.638,12755.148,12756.087,12757.59,12758.356,12762.275,12763.707,12765.439,12778.271,12781.315,12784.158,12789.217,12797.267,12800.729,12804.035,12809.033,12813.339,12817.893,12823.417,12824.807,12825.752,12830.859,12833.12,12837.272,12840.361,12843.502,12856.388,12860.363,12862.849,12863.4,12863.872,12866.4,12869.539,12872.435,12874.021,12876.498,12881.698,12883.935,12886.337,12888.172,12889.586,12891.284,12894.802,12896.193,12897.26,12899.54,12900.059,12905.407,12906.333,12907.567,12908.827,12915.275,12917.101,12917.941,12920.269,12920.991,12922.786,12925.13,12926.231,12926.806,12928.595,12929.684,12930.364,12931.411,12933.311,12934.418,12937.602,12938.186,12939.841,12940.711,12942.96,12944.565,12947.665,12948.576,12953.922,12956.218,12957.555,12958.995,12961.447,12963.121,12967.306,12970.597,12973.875,12976.097,12980.832,12987.656,12989.962,12993.361,12999.003,13007.704,13010.356,13012.495,13014.004,13018.592,13022.897,13026.059,13039.956,13059.341,13068.013,13071.986,13148.648,13158.233,13166.239,13169.836,13180.994,13204.44,13206.868,13208.749,13211.106,13212.779,13222.034,13226.672,13231.891,13239.221,13246.407,13249.108,13254.894,13261.339,13268.393,13298.624,13303.922,13309.721,13313.432,13322.789,13345.351,13358.834,13361.994,13365.784,13367.487,13374.159,13386.029,13390.634,13395.55,13398.824,13408.599,13413.052,13415.079,13418.999,13464.51,13495.611,13498.255,13502.902,13515.089,13520.854,13529.824,13539.548,13547.886,13551.269,13560.582,13564.974,13572.651,13575.406,13580.285,13592.442,13613.127,13616.424,13620.169,13624.899,13647.699,13651.577,13657.546,13662.462,13670.739,13694.987,13735.569,13747.586,13779.957,13790.818,13796.339,13821.946,13828.963,13834.509,13840.953,13874.496,13885.806,13898.16,13905.403,13914.071,13923.855,13965.104,13972.426,13974.728,13985.831,14015.474,14028.128,14044.764,14047.75,14055.434,14059.847,14064.69,14074.299,14090.199,14129.439,14140.066,14157.884,14164.62,14171.879,14176.991,14193.074,14200.183,14207.692,14213.482,14218.383,14222.219,14226.012,14230.173,14242.663,14244.396,14246.062,14254.865,14258.479,14260.738,14263.882,14271.934,14287.381,14299.839,14305.907,14311.716,14331.585,14338.784,14342.711,14351.358,14380.576,14384.42,14401.61,14405.825,14422.618,14454.149,14463.061,14485.312,14501.729,14509.62,14517.633,14522.541,14524.441,14532.879,14535.992,14541.367,14544.087,14546.826,14568.028,14574.583,14579.599,14585.395,14591.637,14597.34,14600.143,14605,14607.532,14609.815,14614.437,14617.703,14619.95,14623.762,14625.308,14631.864,14637.189,14640.131,14643.252,14650.687,14656.624,14659.622,14667.72,14689.172,14694.666,14697.441,14702.222,14720.599,14723.797,14730.276,14740.992,14749.695,14756.539,14760.448,14768.686,14815.938,14827.089,14850.886,14856.476,14860.036,14866.239,14879.944,14890.471,14897.785,14907.535,14921.204,14924.922,14930.114,14934.406,14939.062,14941.747,14943.122,14944.629,14946.35,14948.237,14950.9,14958.662,14965.8,14974.647,14989.52,14993.745,14995.474,14999.044,15005.4,15012.621,15016.251,15018.028,15026.007,15028.389,15032.448,15034.485,15041.44,15043.385,15061.54,15072.882,15076.003,15078.853,15081.882,15083.354,15084.741,15087.885,15098.842,15102.715,15108.384,15124.372,15131.153,15138.021,15149.354,15152.732,15168.812,15176.613,15231.157,15238.244,15241.255,15247.427,15276.395,15278.287,15280.038,15282.377,15283.763,15286.727,15293.361,15294.455,15298.715,15302.405,15307.696,15314.921,15320.697,15325.88,15336.232,15341.099,15345.366,15351.334,15353.621,15354.746,15355.723,15357.541,15359.581,15363.626,15364.636,15366.998,15370.182,15374.212,15379.36,15382.857,15384.784,15387.536,15390.227,15391.567,15392.925,15396.148,15404.646,15408.198,15413.992,15417.809,15422.621,15427.643,15430.954,15447.306,15449.477,15452.574,15455.844,15459.085,15464.224,15467.548,15483.483,15490.568,15494.922,15514.454,15517.886,15522.811,15526.746,15528.748,15530.536,15536.223,15553.433,15585.954,15591.274,15595.113,15596.461,15599.157,15601.103,15604.509,15611.428,15617.613,15622.543,15624.142,15626.07,15628.812,15630.236,15635.308,15638.425,15642.229,15646.325,15658.096,15661.811,15666.126,15675.294,15686.571,15688.539,15694.874,15697.246,15699.685,15707.234,15712.776,15715.891,15720.844,15735.162,15737.639,15739.812,15742.042,15745.061,15757.115,15758.85,15762.252,15770.952,15776.682,15779.772,15784.667,15810.553,15825.588,15830.354,15835.65,15839.386,15844.511,15850.872,15852.687,15860.536,15864.239,15872.48,15878.704,15898.287,15907.592,15916.199,15926.637,15939.19,15948.533,15954.139,15956.212,15960.471,15974.386,15978.909,15984.529,16009.666,16018.293,16028.972,16041.238,16046.237,16049.021,16050.595,16052.76,16054.14,16056.035,16059.003,16065.437,16099.829,16103.135,16108.772,16111.235,16117.186,16136.483,16141.99,16151.904,16159,16161.396,16166.153,16177.517,16188.851,16193.891,16198.034,16202.677,16205.113,16207.255,16212.353,16223.267,16227.048,16231.256,16262.062,16265.189,16267.644,16269.8,16272.595,16275.577,16278.653,16281.651,16284.952,16288.056,16292.862,16299.507,16305.555,16315.026,16319.579,16322.701,16324.54,16328.5,16353.572,16365.921,16385.113,16396.047,16414.686,16419.961,16422.729,16426.525,16435.047,16439.697,16444.109,16455.209,16461.01,16464.592,16468.457,16480.434,16487.715,16503.113,16522.367,16546.145,16554.262,16557.791,16574.01,16577.947,16582.098,16584.18,16600.57,16606.598,16634,16672.043,16706.137,16710.664,16714.729,16737.664,16742.588,16748.24,16772.938,16779.203,16812.439,16818.963,16824.502,16837.777,16863.613,16874.281,16881.248,16886.764,16915.877,16922.658,16940.896,16950.65,16957.9,16964.865,16968.744,16991.221,17005.932,17022.811,17027.352,17031.422,17038.814,17053.387,17060.129,17065.82,17099.771,17110.125,17120.809,17125.252,17126.018,17129.658,17132.697,17136.111,17139.258,17159.385,17165.309,17167.441,17182.715,17222.732,17227.195,17231.492,17235.992,17242.059,17247.588,17252.688,17257.242,17263.383,17282.303,17285.156,17289.285,17293.467,17296.689,17303.127,17333.199,17341.691,17349.305,17356.787,17364.988,17408.408,17413.637,17420.527,17428.609,17432.312,17436.598,17442.84,17447.49,17449.604,17450.193,17451.354,17452.303,17455.947,17456.488,17463.928,17477.998,17492.598,17508.135,17525.141,17534.936,17542.664,17545.848,17550.244,17554.793,17574.471,17598.518,17604.852,17611.682,17617.936,17630.664,17632.186,17634.029,17634.957,17636.145,17639.107,17659.166,17665.449,17678.984,17683.834,17688.83,17712.873,17718.713,17736.945,17744.061,17751.895,17763.691,17768.279,17771.674,17776.031,17778.15,17780.477,17782.25,17784.654,17799.473,17801.373,17803.264,17804.883,17807.104,17809.033,17811.008,17814.428,17817.141,17820.643,17853.439,17868.377,17877.584,17879.045,17880.08,17887.201,17892.344,17895.166,17899.199,17903.469,17922.391,17925.416,17927.887,17940.014,17946.709,17951.85,17959.826,17962.973,17966.314,17979.064,17995.043,18000.486,18005.404,18009.615,18012.391,18015.309,18019.178,18024.625,18032.76,18039.484,18042.525,18046.436,18048.805,18054.756,18071.783,18076.637,18079.377,18082.205,18087.627,18090.16,18102.061,18104.113,18110.889,18127.521,18131.639,18137.066,18142.57,18225.99,18273.879,18275.789,18280.289,18283.15,18286.607,18293.096,18311.92,18314.693,18317.359,18320.252,18322.041,18333.355,18340.727,18343.986,18345.402,18347.863,18349.844,18359.59,18362.256,18366.291,18368.047,18371.902,18415.422,18424.793,18442.75,18466.846,18498.658,18522.523,18528.035,18532.576,18537.562,18542.238,18547.828,18552.797,18556.371,18560.17,18564.125,18566.691,18576.873,18581.066,18583.1,18585.6,18590.494,18632.914,18640.699,18647.889,18680.9,18686.162,18689.488,18702.18,18707.287,18715.359,18722.098,18738.553,18743.395,18761.977,18772.582,18778.76,18781.961,18787.746,18800.197,18808.848,18820.912,18828.908,18864.379,18870.533,18881.447,18901.203,18921.596,18929.412,18932.088,18934.42,18939.941,18945.541,18954.523,18960.873,18964.861,18967.838,18971.764,18972.523,18974.229,18975.02,18975.799,18976.566,18977.512,18978.809,18979.896,18981.59,18981.908,18982.068,18982.566,18983.719,18984.65,18986.627,18991.812,18993.568,18995.406,18999.705,19001.543,19006.211,19012.965,19015.99,19019.691,19023.178,19027.707,19028.762,19029.219,19030.658,19034.178,19035.863,19037.742,19038.605,19040.045,19041.691,19044.533,19047.143,19048.801,19052.418,19055.416,19058.885,19061.389,19062.121,19063.662,19071.98,19076.158,19080.943,19085.318,19091.578,19097.941,19099.773,19103.621,19105.164,19107.506,19112.795,19115.16,19116.199,19117.391,19117.873,19118.033,19118.369,19120.1,19121.119,19132.178,19153.182,19154.645,19157.182,19158.924,19162.691,19164.787,19166.662,19173.629,19179.707,19203.775,19205.523,19207.848,19216.648,19218.502,19220.094,19223.152,19257.48,19261.229,19266.865,19269.42,19272.801,19275.975,19278.486,19280.25,19282.225,19284.199,19288.111,19300.486,19304.867,19308.404,19313.109,19325.018,19327.994,19328.824,19329.543,19330.572,19331.91,19333.725,19334.658,19335.699,19338.271,19340.123,19340.842,19342.385,19343.207,19344.031,19344.957,19346.91,19348.453,19351.951,19353.699,19364.91,19368.613,19372.008,19381.162,19383.426,19399.574,19402.523,19404.346,19408.16,19412.768,19414.428,19423.043,19424.084,19424.85,19426.393,19427.627,19446.861,19449.33,19454.053,19461.355,19462.486,19463.309,19470.006,19470.955,19471.713,19472.844,19476.752,19477.885,19479.119,19480.559,19481.279,19483.027,19484.775,19486.627,19487.244,19487.861,19488.992,19490.33,19518.719,19521.188,19522.832,19530.238,19540.936,19542.066,19543.096,19543.918,19544.947,19545.77,19547.107,19548.443,19549.061,19552.25,19553.072,19554.719,19556.158,19556.879,19557.701,19559.039,19560.375,19561.713,19562.947,19563.564,19567.268,19568.193,19569.119,19569.529,19570.662,19571.689,19576.422,19577.965,19582.799,19584.752,19588.25,19589.279,19590.102,19591.336,19594.113,19595.656,19609.336,19611.084,19612.936,19613.861,19614.787,19618.695,19620.238,19622.295,19625.896,19627.336,19630.936,19634.33,19637.107,19642.662,19644.41,19646.055,19646.98,19649.039,19649.861,19650.787,19651.404,19665.598,19667.348,19669.713,19671.152,19675.268,19676.502,19676.811,19677.119,19677.736,19678.045,19678.455,19678.867,19679.279,19679.793,19681.232,19686.066,19686.891,19687.199,19687.508,19687.816,19688.227,19688.535,19688.844,19689.359,19690.078,19692.238,19693.268,19698.307,19700.775,19704.17,19705.508,19706.434,19713.221,19714.764,19715.689,19716.514,19718.057,19719.805,19721.039,19722.066,19722.787,19724.125,19725.873,19734.924,19737.701,19741.404,19743.359,19745.211,19763.004,19763.621,19764.445,19770.41,19771.336,19772.262,19774.113,19775.143,19777.816,19780.285,19792.627,19794.273,19795.301,19796.434,19798.182,19799.312,19799.621,19800.137,19800.65,19800.857,19801.166,19801.371,19801.885,19802.297,19802.707,19804.867,19806,19807.748,19808.777,19809.703,19813.816,19814.537,19815.771,19818.754,19825.852,19826.777,19827.496,19828.422,19829.039,19831.611,19831.92,19832.125,19832.537,19832.846,19833.051,19833.564,19834.389,19835.006,19835.52,19836.445,19840.766,19843.543,19846.012,19847.039,19848.17,19848.787,19852.389,19853.93,19854.855,19858.559,19859.176,19859.691,19860.102,19860.309,19860.719,19861.336,19862.16,19864.01,19872.238,19872.855,19873.371,19873.988,19874.297,19874.811,19875.324,19875.84,19876.457,19876.766,19877.484,19879.543,19880.57,19881.6,19882.627,19883.656,19893.736,19894.457,19896,19900.01,19901.451,19902.686,19904.537,19905.668,19907.312,19910.193,19911.119,19914.926,19916.775,19917.805,19918.936,19920.273,19920.994,19922.846,19925.004,19930.354,19930.971,19931.793,19932.719,19933.543,19934.262,19936.422,19937.143,19937.656,19944.65,19947.941,19950.41,19951.953,19952.982,19953.496,19956.787,19957.199,19957.611,19958.125,19958.434,19958.742,19959.359,19960.902,19970.057,19971.291,19975.096,19977.256,19978.078,19978.387,19978.902,19979.416,19980.033,19980.547,19981.062,19981.576,19983.84,19985.074,19986.205,19990.627,20000.811,20005.85,20007.6,20007.908,20008.113,20008.525,20008.936,20009.348,20009.861,20013.359,20014.49,20016.033,20023.336,20024.158,20024.982,20032.902,20034.238,20034.547,20035.473,20036.09,20037.941,20038.766,20039.691,20040.719,20042.262,20042.674,20043.393,20044.217,20045.143,20046.377,20047.713,20048.947,20049.668,20050.285,20050.902,20054.297,20057.896,20061.6,20063.656,20065.713,20071.68,20073.736,20074.766,20075.793,20080.936,20082.17,20085.359,20086.387,20087.52,20089.268,20090.297,20091.223,20092.559,20093.279,20096.57,20097.496,20099.039,20099.451,20099.861,20100.375,20100.787,20101.713,20104.49,20105.621,20109.941,20110.455,20115.188,20117.629,20122.594,20123.09,20124.908,20125.561,20126.607,20133.006,20133.607,20134.307,20136.512,20137.271,20137.908,20138.688,20139.27,20140.451,20146.48,20152.844,20156.729,20160.768,20169.9,20175.297,20176.467,20178.307,20192.889,20195.48,20212.27,20219.799,20238.701,20260.174,20284.68,20291.406,20298.535,20325.686,20338.146,20351.439,20355.234,20359.422,20371.072,20377.158,20381.133,20382.951,20384.412,20386.166,20390.893,20399.336,20401.148,20403.512,20407.943,20414.012,20429.77,20441.623,20443.203,20444.061,20444.607,20445.291,20446.475,20447.266,20451.91,20453.244,20454.016,20454.955,20455.627,20456.188,20456.748,20462.52,20470.293,20473.09,20478.094,20480.723,20491.229,20500.002,20500.832,20502.162,20504.898,20518.492,20522.785,20544.385,20545.486,20546.037,20546.898,20547.348,20547.793,20548.26,20550.609,20551.758,20554.445,20556.938,20558.316,20559.48,20566.639,20569.85,20571.814,20573.26,20574.686,20576.557,20628.914,20633.584,20639.232,20640.924,20647.416,20649.689,20655.23,20661.201,20668.16,20674.805,20679.137,20683.811,20692.893,20701.072,20703.301,20704.92,20705.48,20706.18,20708.584,20713.785,20715.6,20716.641,20718.602,20719.695,20720.516,20722.02,20722.703,20726.646,20727.873,20730.945,20731.615,20739.818,20740.648,20742.582,20744.449,20747.299,20750.713,20753.301,20757.592,20760.406,20768.951,20778.65,20784.605,20788.346,20791.494,20794.375,20798.354,20802.676,20807.799,20808.34,20813.051,20816.793,20821.002,20825.182,20831.932,20836.531,20840.105,20843.988,20849.229,20852.088,20854.133,20856.582,20857.18,20859.004,20860.744,20861.867,20862.881,20863.715,20866.248,20868.152,20871.102,20871.951,20872.609,20874.256,20874.805,20875.521,20876.611,20878.219,20879.33,20881.98,20885.131,20890.689,20901.01,20905.102,20910.145,20920.615,20926.59,20933.084,20937.109,20939.926,20942.172,20947.053,20948.842,20950.227,20950.797,20956.053,20956.715,20962.377,20966.451,20971.869,20975.828,20979.266,20985.904,20989.59,20993.832,21006.078,21009.213,21011.893,21017.25,21023.158,21030.5,21034.396,21035.797,21037.678,21039.865,21049.564,21052.051,21054.652,21056.607,21060.701,21064.684,21065.568,21068.76,21071.996,21073.104,21076.82,21081.387,21084.328,21092.504,21099.348,21100.564,21104.156,21106.557,21108.594,21111.1,21123.471,21140.555,21141.879,21143.709,21146.855,21148.414,21151.783,21153.895,21154.896,21161.887,21163.729,21168.258,21185.658,21191.6,21192.662,21194.324,21204.082,21207.494,21211.1,21213.393,21216.213,21219.42,21225.727,21233.91,21242.035,21247.33,21251.396,21254.869,21261.502,21269.725,21277.145,21279.23,21280.85,21287.301,21289.893,21293.461,21298.135,21300.973,21303.068,21314.357,21320.088,21333.877,21339.133,21347.666,21349.086,21350.926,21359.305,21363.543,21365.594,21370.223,21392.971,21396.539,21397.82,21398.771,21400.646,21404.896,21407.256,21412.727,21423.119,21424.783,21427.162,21430.734,21435.434,21438.084,21441.576,21445.398,21451.232,21451.904,21452.816,21459.748,21461.248,21463.408,21464.871,21466.688,21467.475,21480.967,21505.305,21507.93,21516.504,21521.074,21523.037,21533.438,21537.158,21549.854,21559.117,21568.178,21578.789,21579.645,21583.996,21587.246,21591.023,21597.611,21613.176,21619.859,21624.994,21632.006,21636.129,21639.387,21643.002,21647.709,21656.592,21661.033,21662.316,21667.654,21675.924,21685.852,21688.295,21692.562,21696.359,21706.115,21710.699,21714.486,21727.547,21745.693,21749.938,21758.496,21769.414,21784.531,21789.414,21794.061,21805.188,21841.752,21861.768,21868.594,21874.543,21885.977,21898.316,21910.645,21922.219,21926.943,21931.973,21932.926,21933.758,21935.008,21936.117,21936.811,21937.498,21938.387,21939.998,21951.049,21952.719,21954.936,21956.398,21961.188,21968.973,21976.355,21977.062,21978.051,21979.08,21981.564,21990.166,21992.117,21993.01,22000.869,22001.467,22006.904,22008.111,22009.053,22010.141,22011.746,22014.309,22015.381,22021.762,22023.568,22025.479,22029.465,22031.818,22033.35,22036.088,22037.91,22049.744,22053.682,22058.436,22062.967,22065.572,22066.73,22073.584,22074.439,22075.023,22078.32,22087.844,22100.098,22111.328,22125.52,22136.5,22146.062,22155.969,22158.916,22161.873,22175.953,22189.117,22206.818,22211.461,22216.471,22238.725,22243.957,22259.867,22265.535,22271.281,22273.777,22280.17,22281.707,22283.547,22284.711,22285.258,22286.191,22293.844,22296.906,22299.479,22301.457,22303.898,22310.148,22317.523,22320.381,22327.344,22328.148,22336.227,22338.82,22343.434,22348.791,22350.08,22353.07,22358.27,22359.762,22360.898,22367.398,22368.078,22368.779,22370.496,22371.205,22373.004,22373.654,22374.312,22378.428,22381.41,22388.539,22392.092,22396.902,22401.109,22404.658,22423.965,22424.76,22425.516,22427.24,22428.111,22429.24,22430.875,22432.582,22434.105,22435.834,22437.451,22440.398,22447.715,22453.783,22455.092,22456.551,22462.219,22468.318,22469.902,22477.734,22480.055,22489.174,22492.273,22503.719,22507.801,22508.887,22511.688,22530.971,22535.055,22549.842,22554.59,22566.197,22573.807,22586.223,22589.07,22598.217,22599.961,22610.025,22613.602,22618.254,22623.326,22641.758,22649.322,22651.699,22655.41,22659.594,22662.422,22668.371,22673.496,22693.188,22696.754,22716.328,22721.482,22725.102,22727.402,22732.322,22736.246,22747.168,22748.535,22749.764,22750.287,22750.904,22753.682,22754.902,22755.576,22756.26,22758.779,22762.354,22767.395,22770.387,22771.141,22771.627,22773.303,22777.459,22778.881,22779.832,22780.375,22787.551,22796.494,22797.914,22801.184,22809.473,22810.613,22811.082,22813.434,22814.484,22815.82,22818.367,22825.924,22827.836,22839.469,22840.879,22842.521,22848.453,22849.855,22850.641,22851.652,22854.127,22854.91,22862.252,22867.1,22878.102,22891.541,22898.129,22899.605,22901.699,22905.451,22916.418,22922.307,22925.311,22930.814,22942.693,22950.535,22951.393,22964.359,22974.951,22981.643,22986.469,22989.18,22991.729,22993.545,22994.682,22995.324,22999.99,23000.799,23004.232,23005.328,23014.51,23016.316,23021.727,23022.613,23035.449,23038.57,23044.309,23047.719,23054.303,23057.873,23071.473,23075.691,23076.93,23078.992,23093.475,23103.336,23115.539,23167.279,23173.148,23200.914,23208.953,23212.406,23221.062,23229.594,23238.715,23250.004,23260.984,23268.67,23279.047,23298.748,23303.02,23320.348,23334.318,23341.723,23352.875,23362.334,23371.602,23375.205,23378.68,23380.633,23382.875,23392.059,23397.975,23400.281,23408.693,23411.113,23417.824,23431.422,23438.035,23445.203,23448.158,23449.297,23450.531,23451.902,23452.879,23455.734,23457.516,23463.654,23481.453,23487.664,23492.203,23498.418,23501.48,23508.932,23518.039,23520.812,23524.445,23526.248,23528.211,23529.723,23531.844,23533.426,23537.443,23550.768,23556.656,23562.775,23571.578,23575.389,23579.268,23582.445,23592.66,23598.031,23600.48,23603.184,23610.221,23620.555,23651.018,23654.344,23660.377,23666.395,23673.08,23681.254,23700.594,23708.539,23714.633,23724.109,23736.605,23742.617,23748.684,23755.609,23763.32,23793.832,23801.871,23806.258,23811.285,23815.715,23822.689,23903.172,23913.922,23918.807,23921.791,23924.482,23942.234,23945.574,23948.193,23950.668,23953.541,23956.443,23961.629,23988.371,23993.539,23996.758,23999.43,24002.211,24006.303,24008.672,24014.363,24016.619,24019.857,24023.09,24031.23,24046.719,24050.383,24051.537,24055.059,24057.422,24058.043,24059.582,24068.221,24075.455,24080.277,24090.043,24100.047,24115.053,24119.645,24122.012,24128.848,24131.879,24137.775,24142.895,24144.309,24148.502,24156.662,24160.426,24163.832,24167.145,24173.172,24177.422,24184.801,24189.965,24193.467,24196.422,24198.402,24201.84,24204.805,24207.336,24214.697,24221.15,24229.559,24233.115,24234.73,24237.445,24240.785,24243.318,24245.402,24249.832,24254.168,24256.164,24258.711,24267.578,24270.117,24271.936,24278.902,24286.453,24293.463,24299.332,24302.293,24315.367,24319.043,24326.559,24328.938,24330.215,24330.807,24341.586,24342.174,24342.359,24342.693,24343.275,24343.553,24343.996,24345.85,24346.898,24349.91,24354.527,24362.613,24367.361,24371.734,24376.383,24383.178,24388.336,24398.527,24405.564,24412.426,24429.754,24431.771,24438.432,24442.594,24444.564,24455.408,24461.891,24465.93,24470.66,24472.572,24474.055,24476.684,24482.66,24486.822,24500.777,24508.168,24511.258,24515.545,24518.023,24522.936,24525.242,24532.895,24544.596,24549.121,24551.123,24557.844,24565.07,24572.406,24575.182,24613.582,24620.629,24621.492,24622.18,24624.652,24629.424,24630.012,24635.018,24637.373,24644.949,24646.594,24648.117,24651.812,24655.379,24656.969,24660.154,24661.75,24664.246,24675.18,24679.008,24680.648,24682.977,24686.211,24689.258,24693.371,24701.525,24704.568,24709.629,24716.467,24723.52,24757.762,24782.645,24799.123,24810.59,24815.559,24852.32,24853.268,24861.262,24870.324,24875,24878.848,24883.119,24886.32,24890.77,24896.293,24921.98,24928.412,24937.617,24952.795,24960.512,24964.184,24967.125,24987.947,24992.58,24996.785,25004.404,25012.119,25018.23,25020.527,25022.805,25025.549,25027.896,25040.623,25042.547,25045.574,25047.873,25061.09,25063.547,25068.686,25080.496,25099.205,25113.383,25130.227,25135.58,25141.434,25222.494,25227.178,25232.643,25241.797,25306.896,25359.887,25424.834,25442.691,25454.449,25583.941,25592.621,25595.375,25602.119,25605.492,25609.092,25615.654,25622.703,25625.916,25632.244,25638.617,25647.451,25652.053,25656.973,25696.254,25699.414,25708.723,25715.561,25721.848,25727.137,25730.027,25735.576,25753.488,25759.016,25762.373,25771.75,25786.301,25788.529,25791.111,25793.648,25796.143,25819.996,25822.93,25828.145,25833.59,25840.113,25846.66,25849.387,25852.371,25855.389,25858.432,25864.803,25893.605,25902.902,25906.426,25912.148,25914.488,25927.561,25929.51,25931.508,25933.605,25935.799,25952.82,25956.834,25959.42,25965.045,26000.494,26002.43,26004.225,26005.762,26018.963,26024.18,26027.221,26044.262,26076.371,26079.168,26081.104,26083.033,26084.359,26087.256,26088.566,26090.156,26091.758,26093.369,26094.99,26099.643,26101.848,26111.746,26115.027,26118.605,26121.531,26128.783,26131.643,26160.105,26162.93,26163.961,26167.129,26168.826,26170.65,26173.713,26176.564,26177.604,26178.73,26182.115,26198.902,26201.414,26203.996,26207.176,26209.707,26213.736,26218.084,26221.395,26226.633,26231.875,26234.326,26238.797,26243.002,26247.25,26249.605,26253.416,26255.16,26257.402,26261.113,26264.125,26265.762,26269.617,26272.793,26273.703,26279.156,26313.094,26323.062,26332.93,26344.576,26356.82,26373.57,26385.363,26389.98,26399.477,26408.096,26411.355,26414.148,26415.959,26421.4,26422.812,26424.074,26425.119,26425.947,26426.77,26429.082,26431.035,26432.166,26433.092,26434.018,26435.047,26436.383,26439.264,26440.703,26442.145,26446.361,26447.904,26449.035,26450.475,26451.914,26453.664,26456.955,26459.629,26460.762,26461.789,26466.727,26467.652,26468.988,26470.121,26471.664,26475.572,26477.527,26479.48,26481.742,26484.623,26487.914,26490.074,26494.086,26495.834,26497.273,26498.406,26499.846,26502.623,26504.578,26504.887,26505.914,26507.355,26509.104,26514.348,26515.789,26517.742,26520.828,26522.68,26525.457,26527.824,26531.834,26532.656,26533.395,26534.012,26534.629,26535.348,26535.965,26536.994,26542.445,26544.709,26547.795,26549.131,26551.188,26559.211,26561.783,26564.148,26566,26571.656,26578.344,26579.68,26581.223,26582.457,26583.793,26585.027,26586.262,26587.496,26588.629,26589.965,26591.303,26592.537,26596.65,26597.68,26598.811,26600.662,26603.645,26604.879,26605.908,26607.039,26608.377,26609.199,26613.418,26616.914,26620.102,26620.617,26621.439,26622.365,26623.291,26624.217,26625.143,26629.566,26630.801,26631.418,26632.137,26633.062,26638.516,26639.441,26640.367,26640.881,26642.115,26647.977,26649.006,26650.035,26650.961,26651.783,26652.605,26653.121,26655.59,26657.75,26658.676,26659.293,26660.012,26660.424,26661.246,26661.658,26663.613,26667.008,26667.83,26668.652,26669.578,26670.092,26671.018,26672.148,26673.898,26676.881,26678.012,26678.527,26679.246,26680.275,26681.305,26681.715,26682.332,26682.949,26683.258,26684.082,26684.699,26685.316,26685.625,26686.139,26692.516,26693.646,26694.469,26695.086,26695.395,26696.219,26696.629,26699.201,26699.922,26700.744,26701.566,26701.979,26702.287,26703.008,26703.625,26703.934,26704.551,26705.168,26705.477,26708.664,26711.236,26711.957,26712.367,26712.883,26713.602,26714.322,26732.426,26733.762,26734.996,26735.613,26737.055,26737.568,26738.082,26739.008,26740.344,26741.373,26741.887,26742.916,26743.328,26744.357,26748.574,26749.705,26750.426,26750.939,26751.352,26751.865,26753.203,26754.746,26755.363,26756.082,26757.215,26757.832,26758.963,26760.393,26761.068,26761.48,26762.443,26764.195,26766.959,26767.428,26768.459,26769.385,26770.414,26773.727,26774.293,26775.402,26777.635,26778.938,26783.648,26784.266,26785.615,26786.875,26787.637,26788.459,26789.387,26791.537,26792.621,26794.371,26794.885,26795.854,26798.117,26798.631,26799.043,26801.668,26803.809,26805.146,26806.277,26806.793,26807.203,26809.701,26810.883,26811.953,26812.496,26816.184,26817.838,26818.586,26819.367,26819.961,26822.611,26824.604,26826.975,26829.137,26829.939,26830.734,26831.6,26834.281,26839.859,26847.379,26849.309,26851.463,26855.07,26860.418,26863.865,26865.943,26873.668,26876.859,26879.73,26890.01,26893.217,26902.543,26906.752,26908.371,26911.277,26929.072,26936.029,26949.408,26964.225,26977.781,26982.109,27002.57,27012.084,27019.246,27023.809,27034.768,27036.953,27039.834,27040.91,27041.836,27042.912,27043.875,27045.125,27046.02,27051.428,27053.225,27054.777,27057.086,27061.402,27064.391,27070.199,27076.32,27078.807,27081.74,27088.055,27095.836,27111.105,27118.785,27139.113,27156.797,27163.004,27169.875,27175.301,27182.252,27192.465,27200.008,27207.248,27217.67,27228.715,27253.445,27279.621,27293.633,27300.41,27306.18,27311.852,27318.186,27321.055,27336.078,27348.457,27352.992,27380.32,27384.977,27392.145,27425.209,27499.811,27514.086,27532.506,27542.457,27590.016,27598.148,27613.941,27622.979,27678.252,27685.924,27692.848,27701.836,27712.059,27728.5,27746.582,27748.953,27751.236,27753.383,27756.625,27759.863,27763.717,27774.141,27777.449,27780.746,27789.449,27803.58,27809.691,27815.148,27822.422,27831.012,27835.023,27838.516,27841.354,27855.932,27859.215,27860.434,27861.701,27864.967,27866.703,27869.918,27871.861,27873.793,27887.469,27904.328,27917.266,27932.582,27949.895,27958.297,27962.441,27968.121,27971.742,27974.756,27979.352,27985.406,27995.287,27997.594,28001.727,28004.197,28006.805,28009.205,28012.082,28023.648,28028.34,28036.762,28045.918,28054.602,28075.074,28085.242,28090.795,28095.75,28098.402,28101.148,28109.99,28114.062,28116.465,28118.832,28123.449,28134.789,28152.727,28201.914,28209.438,28235.473,28250.174,28254.812,28275.93,28313.27,28316.172,28327.273,28332.953,28338.195,28344.057,28349.438,28357.074,28392.59,28408.012,28437.021,28444.635,28446.176,28447.297,28448.391,28451.73,28453.465,28454.533,28455.9,28456.77,28457.752,28458.836,28461.207,28462.736,28463.766,28465,28465.719,28466.445,28467.207,28467.777,28468.695,28469.789,28489.332,28491.184,28493.137,28495.297,28499.926,28503.73,28507.125,28508.463,28509.492,28510.727,28512.27,28514.941,28516.383,28518.234,28523.789,28526.051,28528.006,28532.43,28538.91,28548.371,28552.486,28558.658,28560.305,28561.848,28564.934,28573.16,28576.555,28580.875,28584.578,28586.738,28589.002,28590.236,28591.676,28593.527,28606.898,28608.75,28612.043,28617.082,28618.727,28623.973,28627.162,28629.219,28631.277,28633.027,28635.496,28637.656,28642.285,28644.137,28645.988,28648.559,28650.719,28658.639,28667.895,28669.85,28671.496,28673.039,28685.072,28697.723,28699.678,28700.912,28702.455,28704.41,28715.004,28717.164,28718.809,28722.924,28724.158,28725.701,28727.039,28735.164,28736.707,28738.148,28739.691,28761.188,28763.039,28764.789,28765.303,28766.023,28769.004,28778.262,28782.273,28784.332,28786.08,28787.932,28789.887,28791.43,28792.766,28793.793,28799.76,28800.891,28802.434,28804.285,28806.137,28807.783,28815.602,28821.258,28830.824,28832.16,28833.395,28834.73,28845.635,28846.766,28847.898,28849.133,28851.703,28853.658,28855.406,28858.699,28862.402,28864.355,28866.105,28870.734,28872.895,28876.184,28877.418,28878.551,28879.684,28881.637,28887.293,28890.07,28892.23,28894.598,28895.934,28896.859,28898.195,28899.43,28902.105,28903.648,28905.191,28909.715,28911.258,28913.008,28915.27,28920.207,28922.471,28924.734,28927.406,28936.355,28940.059,28943.967,28946.023,28948.492,28952.607,28956.619,28957.854,28959.293,28965.156,28969.375,28972.973,28977.088,28984.906,28986.037,28987.066,28988.197,28989.637,28996.426,28997.66,29008.562,29010.621,29015.051,29016.08,29017.623,29019.578,29022.047,29025.336,29027.6,29030.273,29033.152,29034.799,29036.855,29039.016,29041.896,29043.645,29044.879,29046.938,29048.273,29049.92,29051.258,29052.184,29053.006,29054.035,29057.324,29061.748,29069.051,29073.988,29085.303,29088.389,29093.84,29120.377,29127.568,29135.561,29137.029,29138.434,29141.516,29144.875,29148.758,29151.385,29157.93,29163.516,29166.484,29169.363,29173.375,29176.359,29179.547,29182.426,29183.25,29184.691,29186.439,29198.371,29199.65,29200.193,29207.598,29211.096,29213.977,29219.633,29228.992,29248.021,29264.109,29271.24,29272.578,29273.398,29277.863,29282.816,29287.604,29292.68,29305.166,29307.738,29311.605,29315.252,29318.586,29326.406,29329.801,29333.033,29337.445,29340.807,29344.613,29352.594,29357.316,29365.75,29368.012,29373.307,29382.664,29387.277,29392.117,29395.629,29398.352,29403.375,29415.926,29420.301,29425.445,29429.25,29433.605,29438.363,29439.803,29445.125,29454.555,29459.846,29465.977,29469.312,29477.039,29482.389,29491.998,29495.598,29496.523,29498.785,29500.02,29500.74,29505.986,29507.324,29513.65,29526.609,29532.574,29537.16,29540.156,29541.266,29542.852,29544.242,29545.148,29549.264,29554.688,29560.156,29566.848,29571.977,29574.67,29575.967,29578.672,29583.031,29590.734,29594.863,29596.762,29599.277,29603.363,29604.947,29608.459,29612.15,29613.23,29615.863,29616.836,29617.852,29618.746,29620.16,29620.83,29623.195,29624.803,29627.324,29630.41,29634.871,29639.422,29642.062,29643.738,29646.102,29648.723,29663.039,29667.191,29669.893,29675.518,29679.285,29684.682,29691.723,29692.346,29694.352,29704.43,29722.441,29728.1,29737.371,29740.012,29742.07,29745.566,29748.859,29749.477,29754.105,29756.574,29760.688,29764.287,29768.195,29769.242,29777.789,29782.098,29785.191,29786.23,29790.551,29791.848,29793.352,29794.492,29795.42,29796.504,29797.947,29798.625,29799.309,29801.047,29801.4,29802.998,29803.494,29804.242,29805.057,29805.852,29807.082,29808.104,29813.422,29820.537,29824.299,29827.592,29842.496,29846.09,29848.934,29854.383,29860,29866.131,29870.816,29877.611,29881.785,29883.945,29885.355,29887.43,29892.68,29896.523,29897.654,29898.963,29901.953,29905.365,29912.703,29918.396,29920.082,29920.406,29920.715,29921.023,29921.23,29921.541,29921.75,29921.961,29922.383,29927.73,29945.164,29948.309,29952.062,29956.961,29959.146,29960.457,29963.004,29965.959,29972.037,29973.271,29975.535,29976.049,29976.461,29983.418,29985.363,29989.879,29993.947,30004.709,30015.359,30018.508,30026.068,30032.512,30033.629,30037.154,30040.23,30042.934,30045.352,30055.004,30068.83,30076.811,30079.059,30081.137,30082.902,30084.211,30086.166,30086.551,30087.086,30087.621,30088.031,30088.443,30089.199,30090.555,30093.559,30094.629,30104.934,30105.502,30108.748,30112.477,30127.789,30134.094,30154.631,30173.289,30187.654,30203.074,30213.703,30238.449,30244.283,30251.277,30271.445,30280.688,30306.992,30308.816,30315.32,30323.191,30333.254,30338.477,30363.977,30380.312,30390.215,30443.998,30458.328,30484.441,30561.312,30574.949,30846.062,30890.504,30954.676,31094.805,31142.068,31229.336,31241.514,31250.102,31256.238,31262.668,31276.025,31307.078,31373.1,31416.754,31425.885,31431.441,31440.203,31510.059,31544.578,31583.766,31595.146,31611.498,31628.469,31666.283,31674.066,31681.947,31695.893,31722.672,31736.969,31754.895,31779.852,31786.424,31794.881,31804.73,31856.484,31900.273,31904.977,31912.684,31921.713,31943.781,31974.797,31985.594,32001.344,32069.822,32092.469,32102.875,32112.121,32141.939,32151.092,32158.482,32171.85,32202.707,32222.637,32239.453,32247.59,32265.672,32274.035,32283.633,32300.723,32315.531,32334.525,32366.102,32376.387,32387.617,32391.477,32395.184,32402.914,32409.844,32412.371,32423.273,32446.074,32458.029,32466.566,32471.812,32483.848,32488.168,32491.457,32503.699,32507.402,32513.367,32516.658,32516.967,32517.275,32517.584,32518.922,32519.641,32520.875,32525.504,32526.121,32527.047,32529.309,32531.572,32534.762,32536.818,32539.391,32541.859,32543.711,32551.32,32553.688,32558.008,32564.281,32566.031,32567.883,32572.203,32576.418,32578.373,32579.916,32585.574,32588.145,32589.172,32589.996,32592.465,32592.98,32593.289,32593.598,32596.477,32597.195,32597.607,32598.225,32599.355,32600.693,32601.928,32602.34,32602.957,32603.574,32610.156,32611.391,32613.756,32614.682,32617.762,32619.297,32619.699,32620.969,32621.895,32622.758,32623.453,32625.098,32629.521,32632.607,32633.842,32636.002,32638.162,32644.334,32645.465,32646.186,32646.699,32647.729,32648.758,32649.58,32653.387,32654.414,32655.547,32657.604,32660.277,32661.203,32663.98,32665.422,32666.656,32667.375,32669.328,32671.18,32674.473,32676.836,32679.717,32680.438,32680.848,32681.465,32681.98,32682.391,32683.727,32687.533,32692.574,32695.555,32696.996,32699.055,32704.504,32709.441,32711.705,32713.352,32717.156,32719.418,32724,32729.51,32738.809,32744.941,32748.949,32752.611,32756.926,32768.754,32787.078,32791.941,32795.957,32800.438,32805.867,32807.012,32810.859,32815.82,32820.117,32823.855,32826.992,32830.59,32834.18,32842.758,32850.125,32862.445,32898.113,32902.582,32907.258,32912.695,32916.23,32919.629,32925.699,32932.055,32937.461,32942.98,32947.633,32952.453,32976.891,32979.781,32982.344,32985.52,32988.918,32990.996,32994.137,33000.613,33005.617,33030.492,33037.352,33050.703,33056.629,33057,33058.445,33059.852,33061.262,33068.891,33071.188,33076.129,33084.383,33108.094,33118.617,33124.746,33137,33146.688,33201.219,33208.484,33217.871,33223.09,33234.922,33243.215,33257.094,33264.484,33271.125,33282.344,33304.562,33310.125,33355.539,33414.391,33435.883,33463.547,33484.473,33506.469,33509.977,33515.762,33599.625,33605.578,33613.578,33629.805,33638.652,33646.969,33654.453,33721.734,33739.383,33784.184,33793.562,33803.703,33823.758,33871.793,33959.613,33967.074,33973.355,34001.691,34019.715,34053.836,34078.297,34101.828,34124.465,34131.176,34144.137,34172.586,34198.461,34213.484,34235.133,34276.582,34284.055,34288.648,34292.258,34295.812,34300.004,34304.523,34309.793,34355.492,34363.141,34379.043,34380.051,34381.078,34382.445,34383.031,34384.273,34384.91,34386.516,34393.438,34409.406,34424.926,34428.98,34431.844,34454.812,34483.957,34531.348,34537.312,34542.227,34546.625,34555.309,34557.602,34559.816,34564.031,34568.094,34569.855,34571.52,34573.676,34575.828,34578.523,34600.535,34607.223,34612.262,34616.477,34624.605,34628.719,34631.086,34633.348,34636.535,34637.152,34646.719,34654.637,34656.898,34657.637,34658.617,34660.051,34661.285,34666.016,34668.586,34671.469,34673.73,34682.473,34684.117,34685.867,34689.98,34691.938,34693.172,34694.199,34699.238,34701.707,34702.84,34705,34705.746,34706.465,34709.859,34710.684,34714.797,34720.66,34721.895,34723.027,34726.523,34728.066,34729.609,34736.09,34738.047,34741.543,34744.012,34748.844,34750.387,34751.93,34753.68,34755.531,34757.383,34758.41,34763.246,34765.305,34767.461,34776.102,34777.953,34780.012,34782.688,34785.461,34786.801,34788.137,34790.09,34801.199,34803.359,34805.727,34806.961,34809.324,34812.41,34817.25,34823.406,34827.84,34834.32,34836.375,34840.695,34845.84,34847.898,34853.965,34857.875,34858.695,34860.344,34863.016,34865.074,34866.102,34871.141,34873.098,34877.418,34878.961,34887.289,34889.348,34891.305,34895.234,34903.77,34908.914,34910.66,34912.82,34914.773,34924.754,34930.82,34932.773,34934.938,34937.199,34938.227,34942.34,34944.09,34945.016,34947.176,34948.203,34949.129,34953.859,34956.434,34959.004,34964.148,34967.027,34967.953,34971.551,34973.301,34974.535,34975.871,34981.219,34982.559,34984.305,34985.336,34986.879,34988.625,34989.555,34991.918,34993.152,34994.387,34996.031,34999.633,35007.758,35008.992,35010.125,35011.461,35013.004,35013.828,35015.371,35016.09,35017.531,35022.055,35022.672,35023.391,35026.477,35027.301,35028.125,35028.844,35029.668,35030.492,35035.324,35042.113,35046.125,35049.211,35051.883,35054.457,35056,35057.133,35057.852,35063.508,35064.434,35066.492,35067.828,35069.578,35073.691,35079.141,35082.023,35083.359,35084.801,35086.035,35087.27,35093.852,35095.602,35096.938,35098.273,35101.875,35103.828,35106.5,35118.742,35121.312,35123.781,35125.84,35128,35132.73,35133.758,35134.688,35140.859,35142.297,35144.355,35145.488,35146.617,35147.75,35148.883,35150.734,35153.613,35154.539,35155.875,35157.215,35162.152,35164.211,35165.75,35166.984,35168.117,35169.148,35170.07,35171.617,35174.086,35178.301,35180.152,35181.18,35182.211,35183.648,35185.191,35188.793,35190.129,35191.672,35198.664,35200.414,35202.266,35204.324,35206.484,35237.961,35239.312,35243.531,35244.457,35248.672,35255.258,35256.18,35256.594,35257.004,35257.52,35258.137,35258.547,35259.062,35259.68,35260.297,35261.016,35264.617,35269.656,35275.312,35280.66,35284.055,35291.461,35293.211,35295.473,35312.137,35314.605,35317.074,35318.516,35319.852,35322.629,35327.461,35332.195,35340.523,35342.477,35344.434,35346.492,35349.266,35355.234,35360.066,35362.844,35365.828,35368.398,35370.25,35373.539,35376.625,35380.641,35385.883,35387.223,35398.328,35404.707,35410.363,35412.523,35415.711,35418.18,35419.93,35422.707,35423.84,35428.777,35434.949,35438.547,35443.797,35448.938,35454.184,35457.375,35468.996,35473.934,35476.508,35489.363,35492.656,35504.277,35505.406,35506.848,35508.699,35511.578,35513.125,35515.797,35517.445,35518.473,35522.07,35523.203,35525.469,35529.066,35529.789,35531.434,35532.258,35532.875,35533.902,35535.031,35536.781,35539.047,35540.793,35542.027,35542.75,35546.965,35547.992,35549.434,35551.078,35553.859,35554.578,35557.664,35558.898,35559.617,35561.676,35563.219,35564.867,35566.922,35567.953,35569.188,35570.008,35570.727,35573.812,35574.637,35580.191,35580.914,35581.324,35581.734,35582.047,35582.457,35583.281,35584.516,35585.027,35585.852,35587.086,35589.965,35590.688,35591.098,35591.82,35592.438,35593.156,35594.699,35595.727,35598.195,35599.742,35602.004,35602.727,35606.531,35607.148,35610.133,35610.852,35611.672,35612.086,35612.5,35615.07,35616.102,35616.719,35617.746,35618.773,35620.113,35621.242,35622.273,35623.094,35623.918,35625.047,35627.105,35628.648,35629.469,35630.5,35632.555,35635.023,35635.539,35636.156,35638.316,35643.973,35645.207,35646.234,35656.828,35658.887,35660.016,35664.648,35666.91,35667.836,35668.453,35669.07,35670.508,35671.23,35672.258,35675.141,35675.656,35676.375,35677.961,35679.223,35679.793,35680.863,35683.25,35683.969,35686.746,35687.469,35689.215,35690.961,35693.328,35693.945,35696.617,35697.648,35698.062,35698.367,35698.883,35702.484,35708.445,35709.992,35711.43,35713.797,35715.852,35716.883,35718.836,35719.453,35720.891,35723.773,35725.828,35731.281,35738.586,35742.082,35744.758,35749.695,35750.617,35751.852,35753.398,35757.719,35759.258,35764.195,35769.445,35778.391,35781.992,35785.18,35793.73,35797.969,35798.793,35803.969,35807.156,35810.469,35818.492,35829.086,35835.609,35841.367,35842.867,35849.551,35864.727,35871.305,35875.008,35885.707,35891.324,35892.766,35894.922,35896.742,35898.32,35901.008,35903.328,35905.562,35906.895,35908.336,35910.492,35911.832,35924.688,35928.438,35933.047,35937.922,35951.176,35953.316,35955.582,35958.562,35960.668,35963.449,35964.785,35969.926,35972.5,35980.008,35982.988,35988.895,35989.879,35991.113,35992.656,35993.582,35994.816,35999.246,36011.902,36016.426,36021.094,36025.371,36025.707,36026.496,36026.723,36027.754,36031.785,36033.652,36035.676,36037.434,36038.59,36039.785,36041.359,36043.703,36044.422,36045.047,36046.402,36065.168,36070.258,36077.512,36084.367,36111.59,36117.527,36123.125,36133.512,36139.031,36146.746,36194.652,36234.824,36249.723,36253.836,36275.574,36279.793,36288.543,36298.781,36307.453,36314.145,36326.805,36332.223,36348.855,36359.949,36370.07,36376.762,36382.723,36389.402,36396.457,36398.738,36415.793,36435.809,36489.871,36498.824,36502.184,36509.262,36519.91,36524.387,36532.145,36537.371,36541.668,36544.527,36547.004,36582.801,36584.457,36586.848,36590.668,36594.598,36601.145,36604.527,36610.473,36614.387,36618.398,36622.012,36625.73,36628.492,36631.762,36634.918,36641.129,36644.691,36647.77,36650.301,36652.598,36658.801,36661.137,36668.449,36670.566,36673.605,36676.391,36678.012,36680.027,36682.191,36685.676,36689.711,36695.363,36697.129,36699.957,36703.754,36706.855,36710.059,36711.082,36715.895,36718.074,36719.723,36721.988,36724.457,36726.777,36732.145,36733.48,36735.129,36739.344,36742.738,36746.543,36754.879,36760.84,36762.59,36767.527,36769.688,36780.281,36782.238,36784.191,36787.379,36790.055,36791.801,36796.02,36798.074,36801.984,36805.688,36810.934,36811.652,36813.301,36816.078,36820.809,36825.438,36833.461,36840.25,36846.215,36848.168,36858.457,36862.465,36870.285,36871.723,36874.91,36878.203,36880.055,36882.012,36883.656,36888.902,36890.754,36893.121,36894.355,36897.234,36900.938,36916.363,36916.98,36917.598,36918.012,36918.32,36918.832,36919.246,36920.48,36924.184,36930.766,36935.191,36941.465,36942.801,36944.449,36946.812,36947.84,36951.133,36952.984,36954.941,36963.066,36966.047,36967.59,36968.723,36970.367,36972.426,36975.613,36976.645,36977.566,36978.391,36980.035,36980.551,36983.535,36986.105,36988.059,36995.566,36995.98,36996.496,36997.215,36998.141,37001.434,37001.738,37002.152,37002.668,37003.285,37005.137,37005.441,37005.648,37005.855,37006.059,37006.262,37006.574,37009.348,37010.789,37011.512,37013.465,37014.082,37014.285,37016.961,37017.578,37018.707,37020.457,37024.469,37025.496,37027.965,37031.363,37035.578,37050.164,37052.566,37053.91,37063.016,37069.996,37078.512,37083.02,37102.027,37110.371,37136.637,37143.66,37147.582,37163.766,37169.637,37181.215,37185.121,37199.762,37211.441,37223.359,37231.363,37233.391,37249.625,37256.125,37263.168,37265.582,37266.027,37267.66,37269.504,37270.164,37281.066,37285.184,37286.418,37290.633,37303.184,37305.547,37310.793,37311.512,37312.129,37323.754,37334.555,37335.066,37336.918,37347.574,37351.277]
      },
      "geometry": {
        "type": "LineString",
        "coordinates": [
          [9.528974, 46.849897, 592.75],
          [9.529038, 46.849590, 593.25],
          [9.528701, 46.849558, 593.0],
          [9.528722, 46.849453, 593.25],
          [9.528538, 46.849435, 593.0],
          [9.528554, 46.849285, 593.25],
          [9.528569, 46.849142, 593.75],
          [9.528602, 46.848942, 593.75],
          [9.528577, 46.848873, 593.75],
          [9.528549, 46.848856, 593.75],
          [9.528435, 46.848898, 593.75],
          [9.528335, 46.848944, 593.75],
          [9.528021, 46.849107, 593.0],
          [9.527342, 46.849478, 592.25],
          [9.527037, 46.849636, 591.75],
          [9.526544, 46.849898, 590.75],
          [9.526371, 46.849997, 590.75],
          [9.526315, 46.850029, 590.5],
          [9.526046, 46.850184, 589.75],
          [9.525880, 46.850280, 589.75],
          [9.525565, 46.850462, 589.75],
          [9.525124, 46.850716, 588.5],
          [9.525092, 46.850734, 588.5],
          [9.524935, 46.850628, 588.5],
          [9.524656, 46.850413, 587.0],
          [9.524592, 46.850358, 586.25],
          [9.524567, 46.850326, 585.75],
          [9.524556, 46.850305, 585.25],
          [9.524548, 46.850292, 585.25],
          [9.524447, 46.850303, 584.25],
          [9.524399, 46.850308, 584.0],
          [9.523952, 46.850366, 583.5],
          [9.523829, 46.850396, 584.0],
          [9.523687, 46.850452, 584.5],
          [9.523358, 46.850626, 584.75],
          [9.523277, 46.850669, 584.25],
          [9.523242, 46.850689, 584.25],
          [9.523109, 46.850760, 584.25],
          [9.523022, 46.850875, 584.5],
          [9.522376, 46.851244, 584.0],
          [9.522340, 46.851260, 583.75],
          [9.522254, 46.851271, 583.5],
          [9.522137, 46.851255, 582.75],
          [9.522039, 46.851227, 581.75],
          [9.521987, 46.851220, 581.25],
          [9.521957, 46.851222, 581.0],
          [9.521912, 46.851239, 581.25],
          [9.521910, 46.851240, 581.5],
          [9.521337, 46.851631, 584.0],
          [9.521222, 46.851701, 584.0],
          [9.520961, 46.851832, 583.75],
          [9.520716, 46.851931, 581.25],
          [9.520688, 46.851943, 580.75],
          [9.520569, 46.851993, 579.5],
          [9.520238, 46.852138, 580.0],
          [9.520162, 46.852171, 580.25],
          [9.520124, 46.852150, 580.25],
          [9.519887, 46.852021, 581.0],
          [9.519805, 46.851978, 581.25],
          [9.519724, 46.851940, 582.0],
          [9.519590, 46.851882, 582.5],
          [9.519451, 46.851836, 583.0],
          [9.519272, 46.851793, 583.25],
          [9.518842, 46.851720, 583.25],
          [9.518047, 46.851602, 581.75],
          [9.517992, 46.851579, 581.5],
          [9.517875, 46.851497, 581.5],
          [9.517789, 46.851547, 581.25],
          [9.517723, 46.851584, 581.0],
          [9.517659, 46.851618, 581.0],
          [9.517520, 46.851694, 581.0],
          [9.517337, 46.851778, 581.25],
          [9.517213, 46.851818, 580.75],
          [9.517131, 46.851841, 580.5],
          [9.516987, 46.851880, 580.0],
          [9.516729, 46.851950, 579.75],
          [9.516554, 46.851996, 579.75],
          [9.516451, 46.851864, 580.0],
          [9.516313, 46.851731, 579.5],
          [9.516128, 46.851577, 579.0],
          [9.516057, 46.851525, 579.0],
          [9.515843, 46.851365, 579.0],
          [9.515797, 46.851315, 578.75],
          [9.515735, 46.851289, 578.5],
          [9.515539, 46.851186, 578.25],
          [9.515255, 46.851040, 577.75],
          [9.515176, 46.851007, 577.75],
          [9.514942, 46.850940, 577.25],
          [9.514781, 46.850936, 576.25],
          [9.514670, 46.850916, 575.75],
          [9.514609, 46.850905, 575.75],
          [9.514539, 46.850892, 575.75],
          [9.514227, 46.850835, 575.0],
          [9.513903, 46.850776, 574.75],
          [9.513861, 46.850875, 575.0],
          [9.513724, 46.850856, 575.0],
          [9.513686, 46.850866, 575.0],
          [9.513671, 46.850880, 575.0],
          [9.513491, 46.851256, 575.0],
          [9.513391, 46.851234, 575.0],
          [9.513343, 46.851224, 575.0],
          [9.513319, 46.851244, 574.75],
          [9.513287, 46.851259, 574.75],
          [9.513210, 46.851266, 574.75],
          [9.513175, 46.851258, 574.5],
          [9.513144, 46.851243, 574.5],
          [9.513121, 46.851223, 574.5],
          [9.513107, 46.851199, 574.25],
          [9.513104, 46.851174, 574.25],
          [9.513112, 46.851149, 574.25],
          [9.512989, 46.851121, 574.0],
          [9.512646, 46.851041, 574.0],
          [9.512100, 46.850918, 573.75],
          [9.511829, 46.850847, 573.5],
          [9.511612, 46.850766, 573.0],
          [9.511257, 46.850594, 573.0],
          [9.510842, 46.850392, 573.0],
          [9.510666, 46.850314, 572.75],
          [9.510602, 46.850292, 572.75],
          [9.510544, 46.850276, 572.75],
          [9.510452, 46.850252, 572.5],
          [9.510137, 46.850192, 572.0],
          [9.509950, 46.850131, 571.75],
          [9.509858, 46.850085, 571.25],
          [9.509663, 46.849990, 571.0],
          [9.509524, 46.849921, 571.0],
          [9.509461, 46.849896, 571.0],
          [9.509361, 46.849867, 571.0],
          [9.508625, 46.849699, 569.0],
          [9.508528, 46.849677, 569.0],
          [9.508475, 46.849655, 569.0],
          [9.508440, 46.849627, 569.0],
          [9.508408, 46.849586, 569.0],
          [9.508325, 46.849434, 568.75],
          [9.508314, 46.849397, 568.75],
          [9.508318, 46.849330, 568.75],
          [9.508258, 46.849311, 568.75],
          [9.508220, 46.849275, 568.75],
          [9.508214, 46.849230, 568.75],
          [9.508225, 46.849208, 568.75],
          [9.508109, 46.849177, 568.75],
          [9.507832, 46.849103, 568.75],
          [9.507444, 46.849014, 568.0],
          [9.507390, 46.849002, 568.0],
          [9.507088, 46.848936, 567.5],
          [9.507011, 46.848920, 567.0],
          [9.506860, 46.848886, 566.5],
          [9.506559, 46.848820, 566.0],
          [9.506140, 46.848727, 566.0],
          [9.506026, 46.848748, 566.0],
          [9.504464, 46.848404, 564.25],
          [9.504359, 46.848394, 564.0],
          [9.504286, 46.848398, 564.0],
          [9.504240, 46.848421, 564.25],
          [9.504214, 46.848469, 564.25],
          [9.504208, 46.848504, 564.5],
          [9.504115, 46.848517, 564.5],
          [9.504003, 46.848555, 564.75],
          [9.503846, 46.848439, 564.75],
          [9.503684, 46.848310, 564.25],
          [9.503631, 46.848276, 564.25],
          [9.503515, 46.848233, 564.5],
          [9.502127, 46.847922, 564.5],
          [9.501536, 46.847793, 563.75],
          [9.501312, 46.847744, 564.0],
          [9.501229, 46.847726, 564.0],
          [9.501138, 46.847702, 564.0],
          [9.501114, 46.847687, 564.0],
          [9.501106, 46.847659, 564.0],
          [9.501132, 46.847589, 564.0],
          [9.501160, 46.847537, 564.0],
          [9.501187, 46.847510, 564.0],
          [9.501284, 46.847464, 564.0],
          [9.501342, 46.847407, 564.25],
          [9.501376, 46.847342, 564.5],
          [9.501390, 46.847300, 564.5],
          [9.501393, 46.847257, 564.75],
          [9.501383, 46.847221, 564.75],
          [9.501330, 46.847158, 564.75],
          [9.501309, 46.847103, 564.75],
          [9.501074, 46.847063, 564.5],
          [9.500533, 46.846971, 565.0],
          [9.499973, 46.846875, 564.5],
          [9.499735, 46.846831, 564.0],
          [9.499577, 46.846785, 564.5],
          [9.499489, 46.846747, 564.75],
          [9.499312, 46.846655, 564.75],
          [9.498548, 46.846195, 567.0],
          [9.498486, 46.846174, 567.25],
          [9.498091, 46.846187, 567.0],
          [9.497780, 46.846222, 566.75],
          [9.497581, 46.846236, 566.5],
          [9.497328, 46.846241, 566.75],
          [9.496413, 46.846236, 567.0],
          [9.496174, 46.846229, 567.0],
          [9.495926, 46.846217, 567.0],
          [9.495867, 46.846216, 567.0],
          [9.495573, 46.846217, 566.75],
          [9.495063, 46.846241, 566.5],
          [9.494859, 46.846233, 566.5],
          [9.494914, 46.845904, 567.75],
          [9.494953, 46.845732, 567.0],
          [9.494941, 46.845699, 566.75],
          [9.494908, 46.845681, 566.75],
          [9.494850, 46.845671, 566.5],
          [9.494616, 46.845646, 566.0],
          [9.494184, 46.845588, 566.0],
          [9.491783, 46.845157, 566.0],
          [9.491628, 46.845092, 566.0],
          [9.491573, 46.844964, 566.25],
          [9.491726, 46.844638, 566.75],
          [9.490420, 46.844143, 568.0],
          [9.489934, 46.843946, 569.0],
          [9.489259, 46.843886, 569.0],
          [9.488634, 46.843851, 567.75],
          [9.488202, 46.843754, 568.5],
          [9.487592, 46.843504, 569.0],
          [9.487473, 46.843448, 569.5],
          [9.487442, 46.843433, 569.5],
          [9.486960, 46.843162, 570.75],
          [9.486897, 46.843144, 570.75],
          [9.486645, 46.843151, 569.25],
          [9.486187, 46.843129, 571.25],
          [9.485926, 46.843074, 572.75],
          [9.485645, 46.842981, 573.5],
          [9.485438, 46.842907, 574.25],
          [9.485351, 46.842860, 574.5],
          [9.485331, 46.842806, 574.75],
          [9.485345, 46.842744, 575.5],
          [9.485416, 46.842577, 578.75],
          [9.485584, 46.842481, 581.0],
          [9.485692, 46.842436, 581.75],
          [9.485748, 46.842379, 582.25],
          [9.485744, 46.842329, 582.5],
          [9.485685, 46.842279, 582.5],
          [9.485522, 46.842230, 581.75],
          [9.485367, 46.842211, 581.5],
          [9.485176, 46.842233, 580.5],
          [9.485048, 46.842207, 580.25],
          [9.484790, 46.842085, 579.25],
          [9.484397, 46.841911, 577.75],
          [9.484327, 46.841853, 577.5],
          [9.484257, 46.841731, 577.25],
          [9.484125, 46.841603, 576.75],
          [9.484158, 46.841565, 576.75],
          [9.484178, 46.841526, 577.0],
          [9.484183, 46.841489, 577.0],
          [9.484185, 46.841447, 577.0],
          [9.484171, 46.841403, 577.0],
          [9.484144, 46.841362, 577.0],
          [9.484083, 46.841323, 576.75],
          [9.484019, 46.841296, 576.5],
          [9.483768, 46.841238, 575.75],
          [9.483708, 46.841211, 575.5],
          [9.483645, 46.841146, 575.0],
          [9.483494, 46.841148, 575.0],
          [9.483329, 46.841131, 575.0],
          [9.482647, 46.841040, 575.5],
          [9.482422, 46.840936, 576.0],
          [9.482055, 46.840789, 575.75],
          [9.481701, 46.840649, 575.0],
          [9.480843, 46.840294, 574.75],
          [9.480481, 46.840102, 574.75],
          [9.480102, 46.839838, 574.0],
          [9.480010, 46.839760, 573.75],
          [9.479937, 46.839703, 573.5],
          [9.479336, 46.839240, 573.5],
          [9.478739, 46.838712, 573.0],
          [9.478393, 46.838476, 572.25],
          [9.478039, 46.838268, 572.0],
          [9.477280, 46.837802, 572.75],
          [9.475960, 46.837042, 572.5],
          [9.475772, 46.836949, 572.75],
          [9.473690, 46.835920, 574.25],
          [9.472830, 46.835560, 574.75],
          [9.471052, 46.835107, 576.0],
          [9.470097, 46.834895, 576.5],
          [9.469591, 46.834825, 576.5],
          [9.469468, 46.834815, 576.5],
          [9.469344, 46.834814, 576.5],
          [9.469229, 46.834822, 576.5],
          [9.469102, 46.834840, 576.75],
          [9.468901, 46.834885, 577.75],
          [9.468627, 46.834960, 577.25],
          [9.468431, 46.835009, 576.75],
          [9.468038, 46.835111, 576.75],
          [9.467946, 46.835130, 577.0],
          [9.467863, 46.835133, 577.25],
          [9.467312, 46.835098, 578.75],
          [9.467186, 46.835109, 577.25],
          [9.467015, 46.835148, 577.5],
          [9.466785, 46.835211, 577.75],
          [9.466692, 46.835221, 578.0],
          [9.466461, 46.835288, 577.75],
          [9.466253, 46.835322, 577.25],
          [9.465482, 46.835379, 577.0],
          [9.465401, 46.835407, 577.25],
          [9.465352, 46.835447, 577.5],
          [9.465309, 46.835430, 577.75],
          [9.465218, 46.835404, 577.75],
          [9.465029, 46.835352, 577.25],
          [9.465017, 46.835326, 577.0],
          [9.465028, 46.835279, 577.0],
          [9.465075, 46.835191, 577.25],
          [9.465145, 46.835092, 577.5],
          [9.465227, 46.834920, 577.75],
          [9.465286, 46.834680, 578.0],
          [9.465314, 46.834596, 578.0],
          [9.465352, 46.834516, 578.0],
          [9.465486, 46.834302, 578.25],
          [9.465744, 46.833964, 578.25],
          [9.465830, 46.833869, 578.0],
          [9.465945, 46.833759, 579.75],
          [9.466013, 46.833674, 580.25],
          [9.466287, 46.833287, 581.75],
          [9.466313, 46.833220, 582.0],
          [9.466344, 46.832991, 583.0],
          [9.466374, 46.832949, 583.25],
          [9.466657, 46.832646, 585.25],
          [9.466664, 46.832618, 585.5],
          [9.466656, 46.832588, 585.5],
          [9.466615, 46.832529, 585.5],
          [9.466418, 46.832352, 585.5],
          [9.466338, 46.832291, 585.5],
          [9.466243, 46.832237, 585.25],
          [9.465988, 46.832114, 585.0],
          [9.464858, 46.831533, 585.25],
          [9.464649, 46.831355, 585.75],
          [9.464415, 46.831158, 585.5],
          [9.463866, 46.830676, 586.25],
          [9.461973, 46.829394, 586.25],
          [9.461772, 46.829267, 586.5],
          [9.461670, 46.829177, 586.75],
          [9.460705, 46.828651, 584.5],
          [9.459936, 46.828484, 583.75],
          [9.459032, 46.828219, 583.0],
          [9.457637, 46.827731, 582.5],
          [9.457207, 46.827438, 583.0],
          [9.456513, 46.827180, 584.0],
          [9.455108, 46.826841, 584.0],
          [9.454737, 46.826687, 583.75],
          [9.454391, 46.826498, 583.5],
          [9.454095, 46.826403, 584.0],
          [9.453852, 46.826251, 585.5],
          [9.452912, 46.826046, 587.0],
          [9.452632, 46.825938, 586.25],
          [9.452297, 46.825765, 587.5],
          [9.452182, 46.825727, 587.5],
          [9.451424, 46.825577, 585.75],
          [9.451115, 46.825492, 587.75],
          [9.450822, 46.825434, 588.5],
          [9.450688, 46.825422, 588.75],
          [9.450466, 46.825418, 588.5],
          [9.450371, 46.825431, 588.0],
          [9.450294, 46.825452, 588.0],
          [9.450338, 46.825264, 588.75],
          [9.450326, 46.825200, 589.0],
          [9.450288, 46.825129, 588.75],
          [9.450213, 46.825064, 588.25],
          [9.449524, 46.824660, 588.5],
          [9.449232, 46.824453, 588.25],
          [9.448653, 46.824056, 593.75],
          [9.448395, 46.823847, 596.5],
          [9.448269, 46.823602, 599.5],
          [9.448153, 46.823279, 603.75],
          [9.447369, 46.822609, 616.5],
          [9.446766, 46.822266, 621.75],
          [9.446491, 46.822172, 623.5],
          [9.445509, 46.821763, 631.25],
          [9.445354, 46.821666, 635.0],
          [9.445113, 46.821376, 639.0],
          [9.444774, 46.821246, 640.0],
          [9.444693, 46.821133, 642.75],
          [9.444636, 46.820793, 647.5],
          [9.444564, 46.820653, 650.5],
          [9.444369, 46.820570, 650.75],
          [9.444238, 46.820476, 651.0],
          [9.444193, 46.820416, 651.0],
          [9.444196, 46.820337, 652.75],
          [9.444384, 46.820120, 657.25],
          [9.444657, 46.819932, 662.75],
          [9.444771, 46.819825, 664.0],
          [9.444815, 46.819719, 663.0],
          [9.444787, 46.819659, 664.5],
          [9.444651, 46.819512, 667.0],
          [9.444368, 46.819350, 670.75],
          [9.444032, 46.819332, 673.25],
          [9.443737, 46.819375, 673.5],
          [9.443592, 46.819406, 673.5],
          [9.443478, 46.819383, 674.0],
          [9.442273, 46.818827, 683.0],
          [9.441924, 46.818764, 683.75],
          [9.441401, 46.818767, 684.0],
          [9.440753, 46.818589, 684.25],
          [9.440649, 46.818575, 684.5],
          [9.440589, 46.818556, 684.75],
          [9.440563, 46.818545, 684.75],
          [9.440542, 46.818524, 685.0],
          [9.440534, 46.818483, 685.5],
          [9.440486, 46.818465, 685.5],
          [9.440447, 46.818439, 685.5],
          [9.440409, 46.818396, 685.75],
          [9.440286, 46.818055, 687.0],
          [9.440239, 46.817977, 687.75],
          [9.440185, 46.817921, 687.75],
          [9.440122, 46.817883, 687.5],
          [9.440010, 46.817833, 686.75],
          [9.439947, 46.817783, 686.75],
          [9.439909, 46.817737, 687.0],
          [9.439828, 46.817580, 687.0],
          [9.439820, 46.817510, 687.75],
          [9.439874, 46.817102, 691.75],
          [9.439860, 46.817012, 692.0],
          [9.439833, 46.816950, 691.75],
          [9.439787, 46.816883, 691.5],
          [9.439598, 46.816633, 691.75],
          [9.439576, 46.816591, 692.25],
          [9.439558, 46.816480, 695.0],
          [9.439524, 46.816460, 694.5],
          [9.439435, 46.816441, 692.5],
          [9.439178, 46.816392, 694.75],
          [9.438938, 46.816337, 695.75],
          [9.438740, 46.816258, 696.25],
          [9.438515, 46.816126, 699.0],
          [9.438390, 46.816087, 700.0],
          [9.438215, 46.816114, 702.0],
          [9.437977, 46.816233, 702.25],
          [9.437815, 46.816288, 703.75],
          [9.437606, 46.816300, 705.25],
          [9.436828, 46.816224, 707.5],
          [9.436636, 46.816149, 711.25],
          [9.436440, 46.816021, 714.0],
          [9.436105, 46.815870, 714.25],
          [9.435883, 46.815651, 717.0],
          [9.435585, 46.815489, 719.25],
          [9.435188, 46.815198, 722.0],
          [9.434921, 46.815109, 722.25],
          [9.434571, 46.814916, 723.0],
          [9.434043, 46.814525, 727.25],
          [9.433864, 46.814436, 728.0],
          [9.433679, 46.814371, 728.0],
          [9.433547, 46.814297, 728.25],
          [9.433423, 46.814189, 729.75],
          [9.433168, 46.814101, 729.75],
          [9.432501, 46.813997, 725.0],
          [9.432040, 46.813897, 723.75],
          [9.431828, 46.813870, 722.5],
          [9.431592, 46.813793, 723.5],
          [9.431287, 46.813798, 719.25],
          [9.430775, 46.813708, 716.0],
          [9.430651, 46.813654, 715.25],
          [9.430455, 46.813487, 717.0],
          [9.430080, 46.813383, 711.5],
          [9.429870, 46.813283, 713.5],
          [9.429751, 46.813274, 711.75],
          [9.429624, 46.813305, 711.0],
          [9.429134, 46.813583, 707.5],
          [9.428294, 46.814279, 698.25],
          [9.428067, 46.814281, 699.0],
          [9.427878, 46.814182, 698.5],
          [9.427588, 46.813856, 695.0],
          [9.427400, 46.813514, 693.75],
          [9.427159, 46.813431, 692.5],
          [9.427049, 46.813354, 691.25],
          [9.426977, 46.813227, 688.75],
          [9.427042, 46.812935, 689.5],
          [9.426981, 46.812791, 686.75],
          [9.426829, 46.812650, 686.5],
          [9.426630, 46.812625, 684.75],
          [9.426525, 46.812356, 689.25],
          [9.426291, 46.812120, 692.25],
          [9.426228, 46.812024, 693.75],
          [9.426178, 46.811897, 692.0],
          [9.426164, 46.811761, 689.0],
          [9.426129, 46.811639, 686.25],
          [9.426080, 46.811555, 686.25],
          [9.426015, 46.811464, 685.75],
          [9.425940, 46.811386, 684.5],
          [9.425595, 46.811111, 681.75],
          [9.425529, 46.811041, 680.75],
          [9.425483, 46.810953, 680.0],
          [9.425429, 46.810724, 681.75],
          [9.425375, 46.810629, 681.25],
          [9.425310, 46.810563, 678.75],
          [9.425244, 46.810505, 679.0],
          [9.425160, 46.810458, 679.25],
          [9.425022, 46.810418, 677.5],
          [9.424855, 46.810395, 674.0],
          [9.424779, 46.810376, 673.25],
          [9.424717, 46.810353, 672.75],
          [9.424636, 46.810311, 672.75],
          [9.424533, 46.810235, 673.0],
          [9.424404, 46.810088, 673.0],
          [9.424345, 46.810029, 672.5],
          [9.424276, 46.809975, 672.5],
          [9.424148, 46.809901, 671.25],
          [9.423947, 46.809815, 669.0],
          [9.423783, 46.809733, 668.25],
          [9.423630, 46.809641, 666.25],
          [9.423562, 46.809591, 666.0],
          [9.423515, 46.809546, 666.0],
          [9.423350, 46.809336, 668.75],
          [9.423297, 46.809273, 669.75],
          [9.423256, 46.809249, 669.75],
          [9.423174, 46.809227, 668.75],
          [9.422633, 46.809201, 664.25],
          [9.422504, 46.809204, 663.5],
          [9.422332, 46.809195, 661.5],
          [9.422224, 46.809173, 660.75],
          [9.422041, 46.809110, 661.25],
          [9.421731, 46.808936, 661.5],
          [9.421581, 46.808865, 661.5],
          [9.421430, 46.808812, 663.5],
          [9.420996, 46.808721, 665.0],
          [9.420820, 46.808673, 663.75],
          [9.420293, 46.808453, 663.5],
          [9.420164, 46.808381, 663.0],
          [9.420114, 46.808329, 663.5],
          [9.420119, 46.808191, 666.5],
          [9.420090, 46.808115, 667.0],
          [9.420003, 46.808028, 665.5],
          [9.419654, 46.807878, 664.25],
          [9.419471, 46.807774, 664.75],
          [9.419351, 46.807640, 662.25],
          [9.419360, 46.807562, 663.5],
          [9.419519, 46.807336, 669.5],
          [9.419470, 46.807249, 667.75],
          [9.419355, 46.807157, 667.75],
          [9.419036, 46.806938, 669.5],
          [9.418644, 46.806897, 667.75],
          [9.418028, 46.806571, 666.25],
          [9.417960, 46.806550, 665.75],
          [9.417088, 46.806245, 661.5],
          [9.416544, 46.805885, 664.75],
          [9.416142, 46.805764, 658.0],
          [9.415672, 46.805479, 658.75],
          [9.415567, 46.805384, 659.0],
          [9.415399, 46.805235, 660.25],
          [9.415120, 46.805115, 659.25],
          [9.414799, 46.804898, 661.0],
          [9.414413, 46.804710, 657.5],
          [9.413866, 46.804314, 661.5],
          [9.413175, 46.803881, 658.0],
          [9.412798, 46.803525, 659.5],
          [9.412739, 46.803372, 660.0],
          [9.412685, 46.803181, 660.0],
          [9.412664, 46.803041, 661.25],
          [9.412558, 46.802942, 661.0],
          [9.412393, 46.802819, 659.25],
          [9.412243, 46.802680, 663.75],
          [9.411725, 46.802329, 657.5],
          [9.411654, 46.802214, 660.25],
          [9.411635, 46.801980, 662.25],
          [9.411480, 46.801892, 664.75],
          [9.411278, 46.801859, 658.25],
          [9.411100, 46.801712, 664.0],
          [9.410846, 46.801624, 662.5],
          [9.410618, 46.801302, 659.5],
          [9.410753, 46.801106, 664.75],
          [9.410761, 46.801019, 667.0],
          [9.410693, 46.800876, 663.75],
          [9.410510, 46.800700, 656.0],
          [9.410416, 46.800409, 655.0],
          [9.410548, 46.800201, 665.5],
          [9.410537, 46.800014, 663.0],
          [9.410263, 46.799425, 662.75],
          [9.410024, 46.799093, 662.0],
          [9.409882, 46.798605, 659.25],
          [9.409870, 46.798139, 662.25],
          [9.409939, 46.797601, 660.75],
          [9.410107, 46.797348, 664.5],
          [9.410170, 46.797054, 664.25],
          [9.410160, 46.796907, 665.0],
          [9.409842, 46.796614, 661.75],
          [9.409743, 46.796321, 661.5],
          [9.409849, 46.795968, 662.25],
          [9.410297, 46.795547, 666.75],
          [9.410542, 46.795102, 666.25],
          [9.410567, 46.794919, 666.5],
          [9.410596, 46.794450, 667.5],
          [9.410734, 46.793950, 667.25],
          [9.410999, 46.793483, 668.5],
          [9.411027, 46.793383, 668.25],
          [9.411020, 46.793008, 668.75],
          [9.411090, 46.792806, 668.5],
          [9.411221, 46.792676, 669.0],
          [9.411512, 46.792454, 667.5],
          [9.411620, 46.792392, 667.5],
          [9.411707, 46.792253, 667.0],
          [9.411731, 46.792040, 666.75],
          [9.411746, 46.790631, 667.5],
          [9.411898, 46.790291, 667.5],
          [9.412244, 46.789661, 668.0],
          [9.412513, 46.789053, 669.25],
          [9.412550, 46.788921, 670.0],
          [9.412477, 46.788709, 667.25],
          [9.412489, 46.788600, 668.75],
          [9.412594, 46.788491, 669.0],
          [9.412831, 46.788207, 667.75],
          [9.413124, 46.787993, 670.0],
          [9.413318, 46.787737, 668.5],
          [9.413614, 46.787528, 671.5],
          [9.413697, 46.787388, 671.75],
          [9.413776, 46.786919, 671.5],
          [9.413967, 46.786745, 672.0],
          [9.414205, 46.786594, 676.25],
          [9.414365, 46.786317, 672.75],
          [9.415037, 46.785913, 675.5],
          [9.415230, 46.785388, 675.5],
          [9.415272, 46.785307, 674.75],
          [9.415431, 46.785192, 684.5],
          [9.415891, 46.784960, 677.5],
          [9.416289, 46.784831, 678.25],
          [9.416615, 46.784808, 674.25],
          [9.416965, 46.784831, 673.25],
          [9.417383, 46.784834, 674.75],
          [9.418015, 46.784688, 674.75],
          [9.418337, 46.784508, 673.75],
          [9.418833, 46.784124, 674.5],
          [9.418857, 46.784023, 675.75],
          [9.418757, 46.783643, 674.5],
          [9.418694, 46.783453, 674.5],
          [9.418633, 46.783411, 672.75],
          [9.418409, 46.783253, 672.25],
          [9.418302, 46.783079, 672.25],
          [9.418232, 46.782811, 672.25],
          [9.418254, 46.782095, 672.0],
          [9.418307, 46.781960, 672.5],
          [9.419155, 46.780919, 673.25],
          [9.418920, 46.780428, 671.75],
          [9.418857, 46.780157, 669.75],
          [9.419064, 46.779748, 669.0],
          [9.419019, 46.779586, 668.75],
          [9.418883, 46.779160, 668.75],
          [9.418809, 46.778985, 666.25],
          [9.418900, 46.778502, 662.75],
          [9.419819, 46.777747, 659.75],
          [9.420235, 46.777427, 665.75],
          [9.420493, 46.777083, 656.25],
          [9.420780, 46.776553, 653.25],
          [9.421009, 46.775964, 648.25],
          [9.421112, 46.775526, 643.5],
          [9.421185, 46.775332, 642.0],
          [9.421179, 46.775280, 641.0],
          [9.421207, 46.775249, 640.0],
          [9.421447, 46.775077, 639.0],
          [9.422280, 46.774538, 638.0],
          [9.422818, 46.774047, 634.5],
          [9.422894, 46.773797, 632.75],
          [9.422866, 46.773488, 628.0],
          [9.422696, 46.772965, 624.25],
          [9.422634, 46.772524, 622.0],
          [9.422748, 46.771978, 621.25],
          [9.422797, 46.771842, 620.25],
          [9.422850, 46.771765, 620.0],
          [9.422924, 46.771701, 620.5],
          [9.423258, 46.771508, 621.75],
          [9.424207, 46.771091, 626.5],
          [9.424572, 46.770908, 624.25],
          [9.425019, 46.770703, 623.25],
          [9.425428, 46.770528, 621.0],
          [9.425614, 46.770430, 620.0],
          [9.425677, 46.770391, 620.0],
          [9.425776, 46.770315, 619.5],
          [9.425826, 46.770257, 618.75],
          [9.425842, 46.770226, 618.5],
          [9.425843, 46.770183, 618.25],
          [9.425818, 46.770141, 617.75],
          [9.425913, 46.770116, 618.25],
          [9.426060, 46.770059, 618.0],
          [9.426493, 46.769805, 619.25],
          [9.426546, 46.769761, 618.75],
          [9.426620, 46.769678, 617.75],
          [9.426671, 46.769583, 618.0],
          [9.426701, 46.769492, 618.0],
          [9.426707, 46.769403, 618.25],
          [9.426703, 46.769237, 618.75],
          [9.426702, 46.769077, 619.0],
          [9.426711, 46.768992, 619.0],
          [9.426735, 46.768898, 619.0],
          [9.426780, 46.768798, 619.5],
          [9.427048, 46.768516, 621.5],
          [9.427114, 46.768447, 622.0],
          [9.427341, 46.768260, 623.5],
          [9.427009, 46.768082, 621.25],
          [9.426720, 46.767947, 620.75],
          [9.426264, 46.767777, 619.5],
          [9.426158, 46.767730, 619.25],
          [9.426081, 46.767678, 619.0],
          [9.426007, 46.767617, 618.75],
          [9.425962, 46.767538, 618.75],
          [9.425931, 46.767453, 618.5],
          [9.425921, 46.767362, 618.5],
          [9.425988, 46.766896, 619.5],
          [9.426054, 46.766428, 621.25],
          [9.426056, 46.766322, 621.75],
          [9.426031, 46.766092, 622.75],
          [9.425823, 46.765447, 626.0],
          [9.425588, 46.764684, 627.25],
          [9.425575, 46.764648, 627.25],
          [9.425565, 46.764613, 627.0],
          [9.425418, 46.763702, 626.5],
          [9.425420, 46.762952, 628.5],
          [9.425496, 46.762261, 629.5],
          [9.425519, 46.762056, 628.0],
          [9.425535, 46.761966, 627.25],
          [9.425548, 46.761909, 627.25],
          [9.425626, 46.761568, 630.0],
          [9.425813, 46.761100, 629.75],
          [9.426168, 46.760558, 630.0],
          [9.426350, 46.760384, 630.25],
          [9.426755, 46.759994, 631.25],
          [9.427425, 46.759550, 630.75],
          [9.428027, 46.759215, 629.25],
          [9.428313, 46.759140, 629.75],
          [9.428658, 46.759037, 628.75],
          [9.428979, 46.758988, 629.25],
          [9.429258, 46.758910, 629.5],
          [9.429529, 46.758850, 629.25],
          [9.430162, 46.758792, 629.25],
          [9.430394, 46.758724, 629.5],
          [9.430791, 46.758564, 629.75],
          [9.431023, 46.758496, 630.75],
          [9.431165, 46.758427, 631.25],
          [9.431328, 46.758314, 631.0],
          [9.431371, 46.758270, 630.5],
          [9.431385, 46.758203, 629.0],
          [9.431670, 46.758005, 628.75],
          [9.432291, 46.757644, 627.25],
          [9.432454, 46.757541, 627.25],
          [9.432518, 46.757459, 627.25],
          [9.432579, 46.757026, 627.0],
          [9.432565, 46.756821, 626.25],
          [9.432516, 46.756665, 625.25],
          [9.432355, 46.756440, 625.5],
          [9.432222, 46.756211, 624.5],
          [9.432203, 46.756077, 624.75],
          [9.432252, 46.755744, 626.0],
          [9.432213, 46.755603, 624.75],
          [9.432032, 46.755193, 626.25],
          [9.431947, 46.755057, 625.5],
          [9.431682, 46.754840, 626.5],
          [9.431498, 46.754659, 627.75],
          [9.432046, 46.754255, 640.0],
          [9.432384, 46.754049, 638.0],
          [9.432419, 46.754021, 637.5],
          [9.432470, 46.753877, 635.0],
          [9.432534, 46.753808, 634.25],
          [9.432635, 46.753744, 634.0],
          [9.432789, 46.753684, 633.0],
          [9.433021, 46.753559, 633.0],
          [9.433169, 46.753415, 633.5],
          [9.433218, 46.753347, 633.0],
          [9.433265, 46.753237, 632.25],
          [9.433349, 46.752984, 630.0],
          [9.433404, 46.752756, 629.75],
          [9.433446, 46.752486, 630.0],
          [9.433475, 46.752126, 627.25],
          [9.433484, 46.751803, 627.0],
          [9.433414, 46.751679, 627.0],
          [9.433255, 46.751515, 627.25],
          [9.433140, 46.751334, 627.25],
          [9.433138, 46.751268, 627.25],
          [9.433738, 46.749954, 628.0],
          [9.433790, 46.749765, 628.0],
          [9.433825, 46.749581, 628.0],
          [9.433838, 46.749424, 628.0],
          [9.433930, 46.749194, 628.0],
          [9.434442, 46.748347, 629.0],
          [9.434646, 46.747888, 629.5],
          [9.434971, 46.747058, 630.0],
          [9.435097, 46.746253, 631.0],
          [9.435168, 46.746095, 631.0],
          [9.435330, 46.745909, 631.5],
          [9.435389, 46.745823, 632.0],
          [9.435383, 46.745693, 632.0],
          [9.435174, 46.745071, 633.5],
          [9.435192, 46.744814, 634.75],
          [9.435223, 46.744601, 634.75],
          [9.435328, 46.744391, 634.25],
          [9.435913, 46.743760, 635.75],
          [9.436171, 46.743358, 638.5],
          [9.436683, 46.742530, 637.25],
          [9.436776, 46.742261, 636.0],
          [9.436797, 46.741973, 636.0],
          [9.436833, 46.741759, 635.5],
          [9.437274, 46.741124, 635.75],
          [9.437522, 46.740637, 635.5],
          [9.437534, 46.740539, 636.0],
          [9.437560, 46.740345, 636.0],
          [9.437544, 46.739249, 636.5],
          [9.437631, 46.738968, 636.75],
          [9.438447, 46.738177, 639.5],
          [9.438508, 46.738076, 640.5],
          [9.438533, 46.738005, 640.5],
          [9.437104, 46.737711, 641.25],
          [9.436599, 46.737586, 640.75],
          [9.435906, 46.737378, 639.75],
          [9.435850, 46.737362, 640.25],
          [9.435536, 46.737270, 641.75],
          [9.434666, 46.737015, 636.75],
          [9.434288, 46.736880, 639.0],
          [9.433890, 46.736720, 639.75],
          [9.433784, 46.736653, 639.75],
          [9.433710, 46.736530, 639.25],
          [9.433682, 46.736452, 639.25],
          [9.433573, 46.736165, 639.0],
          [9.433551, 46.736068, 639.0],
          [9.433584, 46.735949, 639.5],
          [9.433753, 46.735612, 638.25],
          [9.434025, 46.735068, 638.25],
          [9.434025, 46.734938, 638.75],
          [9.434006, 46.734827, 639.25],
          [9.433963, 46.734685, 640.0],
          [9.433626, 46.733885, 640.0],
          [9.433245, 46.733062, 640.0],
          [9.432865, 46.731476, 641.0],
          [9.432761, 46.730934, 641.25],
          [9.432742, 46.730762, 641.25],
          [9.432656, 46.730601, 642.25],
          [9.432596, 46.730527, 642.25],
          [9.432561, 46.730477, 642.25],
          [9.432527, 46.730419, 642.5],
          [9.432537, 46.730317, 642.75],
          [9.435228, 46.726845, 646.75],
          [9.437520, 46.723926, 649.0],
          [9.438341, 46.722881, 650.0],
          [9.439937, 46.720895, 652.0],
          [9.440347, 46.720361, 653.0],
          [9.440556, 46.720077, 653.25],
          [9.441125, 46.719056, 653.5],
          [9.441755, 46.718101, 654.25],
          [9.442201, 46.717473, 655.0],
          [9.442712, 46.716786, 653.5],
          [9.443340, 46.716145, 655.25],
          [9.443532, 46.715909, 656.5],
          [9.443631, 46.715766, 656.75],
          [9.443946, 46.715266, 658.0],
          [9.444363, 46.714414, 660.0],
          [9.444382, 46.714323, 660.5],
          [9.444379, 46.714280, 660.5],
          [9.444362, 46.714236, 660.5],
          [9.444307, 46.714163, 660.0],
          [9.444257, 46.714129, 659.75],
          [9.444007, 46.713989, 659.25],
          [9.443960, 46.713955, 658.75],
          [9.443937, 46.713925, 658.75],
          [9.443930, 46.713902, 658.5],
          [9.443936, 46.713877, 659.0],
          [9.444022, 46.713760, 661.5],
          [9.444206, 46.713602, 661.25],
          [9.444406, 46.713397, 660.25],
          [9.444472, 46.713353, 659.5],
          [9.444504, 46.713315, 659.5],
          [9.444519, 46.713284, 659.5],
          [9.444525, 46.713214, 659.5],
          [9.444496, 46.712857, 659.0],
          [9.444503, 46.712774, 659.0],
          [9.444530, 46.712659, 659.75],
          [9.444725, 46.712090, 660.0],
          [9.444918, 46.711570, 661.5],
          [9.445314, 46.710435, 662.0],
          [9.445354, 46.710214, 662.0],
          [9.445355, 46.710099, 662.5],
          [9.445094, 46.707716, 666.0],
          [9.444988, 46.706628, 667.75],
          [9.444782, 46.705043, 669.0],
          [9.444772, 46.704856, 669.5],
          [9.444797, 46.704764, 670.0],
          [9.444834, 46.704676, 670.25],
          [9.444877, 46.704637, 670.0],
          [9.444944, 46.704596, 670.0],
          [9.445191, 46.704514, 670.0],
          [9.445281, 46.704468, 670.0],
          [9.445378, 46.704381, 669.75],
          [9.445450, 46.704262, 669.75],
          [9.445474, 46.704204, 669.5],
          [9.445476, 46.704150, 669.5],
          [9.445454, 46.704037, 669.75],
          [9.445318, 46.703700, 670.0],
          [9.445294, 46.703450, 670.0],
          [9.445288, 46.703189, 670.5],
          [9.445297, 46.703004, 671.0],
          [9.445311, 46.702933, 671.0],
          [9.445340, 46.702893, 671.0],
          [9.445398, 46.702846, 670.75],
          [9.445509, 46.702774, 670.75],
          [9.445658, 46.702698, 671.0],
          [9.445722, 46.702640, 671.25],
          [9.445753, 46.702589, 671.25],
          [9.445822, 46.702506, 671.75],
          [9.445927, 46.702423, 671.5],
          [9.446043, 46.702348, 671.75],
          [9.446168, 46.702203, 672.75],
          [9.446352, 46.701953, 674.75],
          [9.446557, 46.701936, 672.25],
          [9.447337, 46.701778, 670.0],
          [9.447373, 46.701753, 670.5],
          [9.447225, 46.701448, 669.0],
          [9.447272, 46.701327, 670.0],
          [9.447693, 46.701258, 672.75],
          [9.447888, 46.701273, 673.0],
          [9.448110, 46.701316, 673.0],
          [9.448267, 46.701337, 673.0],
          [9.449166, 46.701101, 674.0],
          [9.449494, 46.701003, 673.0],
          [9.450164, 46.700837, 674.0],
          [9.450655, 46.700701, 674.25],
          [9.451858, 46.700368, 676.0],
          [9.452378, 46.700227, 678.0],
          [9.452606, 46.700178, 678.0],
          [9.452752, 46.700157, 678.0],
          [9.453077, 46.700139, 679.0],
          [9.453480, 46.700137, 681.25],
          [9.453535, 46.700129, 681.5],
          [9.453575, 46.700113, 682.0],
          [9.453615, 46.700086, 682.25],
          [9.453644, 46.700066, 682.5],
          [9.453719, 46.700118, 682.5],
          [9.453782, 46.700133, 682.75],
          [9.453936, 46.700169, 683.25],
          [9.454117, 46.700163, 683.25],
          [9.454208, 46.700146, 683.25],
          [9.454299, 46.700111, 683.5],
          [9.454388, 46.700058, 683.75],
          [9.454528, 46.699965, 684.0],
          [9.454612, 46.699894, 684.5],
          [9.454648, 46.699858, 685.0],
          [9.454722, 46.699712, 687.0],
          [9.454770, 46.699649, 687.25],
          [9.454844, 46.699600, 687.75],
          [9.454933, 46.699581, 688.5],
          [9.454986, 46.699577, 689.0],
          [9.455062, 46.699584, 690.25],
          [9.455161, 46.699606, 691.5],
          [9.455822, 46.699787, 695.25],
          [9.456030, 46.699873, 695.75],
          [9.456156, 46.699977, 696.75],
          [9.456228, 46.700070, 697.5],
          [9.456314, 46.700208, 698.75],
          [9.456496, 46.700387, 702.25],
          [9.457435, 46.700810, 707.25],
          [9.457813, 46.700960, 711.5],
          [9.457974, 46.701009, 713.25],
          [9.458388, 46.701101, 715.5],
          [9.460103, 46.701299, 724.75],
          [9.460594, 46.701383, 728.5],
          [9.461276, 46.701520, 731.5],
          [9.462050, 46.701587, 735.75],
          [9.463148, 46.701695, 741.0],
          [9.464072, 46.701871, 746.5],
          [9.464502, 46.701877, 751.0],
          [9.464972, 46.701817, 754.5],
          [9.465486, 46.701798, 757.0],
          [9.466524, 46.701991, 760.0],
          [9.466984, 46.702055, 762.5],
          [9.467139, 46.702047, 764.0],
          [9.467280, 46.702017, 766.25],
          [9.467461, 46.701943, 770.0],
          [9.467544, 46.701889, 770.75],
          [9.467628, 46.701816, 771.25],
          [9.467695, 46.701736, 772.0],
          [9.467752, 46.701648, 772.5],
          [9.467851, 46.701309, 774.25],
          [9.467881, 46.701164, 775.5],
          [9.467891, 46.701014, 777.75],
          [9.467873, 46.700882, 780.0],
          [9.467756, 46.700212, 785.75],
          [9.467743, 46.700026, 787.75],
          [9.467763, 46.699866, 789.5],
          [9.467793, 46.699780, 790.0],
          [9.467899, 46.699609, 791.25],
          [9.467969, 46.699553, 792.0],
          [9.467869, 46.699513, 793.0],
          [9.467807, 46.699509, 793.0],
          [9.467768, 46.699513, 793.25],
          [9.467419, 46.699669, 796.25],
          [9.467385, 46.699669, 796.75],
          [9.466622, 46.699917, 804.0],
          [9.466198, 46.700130, 807.25],
          [9.465835, 46.700373, 810.0],
          [9.465413, 46.700676, 813.0],
          [9.465260, 46.700743, 814.0],
          [9.465148, 46.700778, 815.5],
          [9.465057, 46.700797, 817.25],
          [9.464908, 46.700813, 818.5],
          [9.464707, 46.700797, 820.5],
          [9.463742, 46.700525, 832.25],
          [9.463114, 46.700458, 837.75],
          [9.462688, 46.700308, 842.0],
          [9.462258, 46.700170, 840.25],
          [9.462178, 46.700134, 840.75],
          [9.462140, 46.700097, 842.25],
          [9.462140, 46.700060, 844.0],
          [9.462156, 46.700034, 845.5],
          [9.462213, 46.700021, 846.75],
          [9.462289, 46.700022, 848.5],
          [9.462538, 46.700116, 849.75],
          [9.462727, 46.700176, 850.5],
          [9.462906, 46.700193, 851.75],
          [9.463106, 46.700190, 853.0],
          [9.463417, 46.700154, 852.75],
          [9.463593, 46.700104, 854.0],
          [9.464085, 46.699946, 859.25],
          [9.464446, 46.699734, 863.5],
          [9.464647, 46.699593, 865.0],
          [9.465047, 46.699236, 870.5],
          [9.465395, 46.699035, 873.5],
          [9.465776, 46.698776, 878.5],
          [9.466050, 46.698570, 880.5],
          [9.466573, 46.698130, 882.0],
          [9.467053, 46.697687, 889.0],
          [9.467252, 46.697479, 892.25],
          [9.467467, 46.697150, 894.75],
          [9.467593, 46.697034, 895.5],
          [9.467808, 46.696899, 897.5],
          [9.467896, 46.696815, 898.75],
          [9.468033, 46.696622, 901.0],
          [9.468119, 46.696543, 901.5],
          [9.468261, 46.696454, 903.25],
          [9.468408, 46.696392, 904.75],
          [9.468534, 46.696318, 905.5],
          [9.468632, 46.696203, 906.5],
          [9.468852, 46.695815, 912.25],
          [9.468911, 46.695750, 913.5],
          [9.469059, 46.695682, 913.75],
          [9.469239, 46.695644, 915.25],
          [9.469367, 46.695653, 918.0],
          [9.469928, 46.695846, 917.0],
          [9.470019, 46.695837, 917.5],
          [9.470354, 46.695734, 919.0],
          [9.470940, 46.695433, 925.25],
          [9.471370, 46.695225, 926.0],
          [9.471447, 46.695152, 927.0],
          [9.471430, 46.695089, 929.25],
          [9.471624, 46.694984, 930.5],
          [9.471813, 46.694936, 932.0],
          [9.472296, 46.694895, 933.0],
          [9.474302, 46.694529, 930.75],
          [9.474540, 46.694527, 930.0],
          [9.474940, 46.694579, 929.5],
          [9.475050, 46.694581, 929.5],
          [9.475127, 46.694564, 929.25],
          [9.475205, 46.694520, 929.25],
          [9.475354, 46.694357, 930.75],
          [9.475437, 46.694305, 931.5],
          [9.475532, 46.694285, 931.0],
          [9.475807, 46.694255, 930.5],
          [9.476027, 46.694203, 930.75],
          [9.476480, 46.693992, 934.5],
          [9.476602, 46.693919, 935.5],
          [9.476961, 46.693536, 938.25],
          [9.477395, 46.693179, 941.5],
          [9.477941, 46.692790, 945.0],
          [9.478059, 46.692676, 945.5],
          [9.478121, 46.692558, 945.75],
          [9.478150, 46.692462, 946.25],
          [9.478166, 46.692267, 949.5],
          [9.478231, 46.692194, 949.5],
          [9.478372, 46.692133, 950.25],
          [9.478501, 46.692126, 949.25],
          [9.478839, 46.692126, 948.5],
          [9.479073, 46.692104, 948.75],
          [9.479272, 46.692058, 949.0],
          [9.479974, 46.691802, 951.5],
          [9.480076, 46.691717, 952.25],
          [9.480283, 46.691487, 956.5],
          [9.480409, 46.691427, 956.5],
          [9.480870, 46.691323, 957.5],
          [9.480975, 46.691243, 958.75],
          [9.481258, 46.691098, 958.25],
          [9.481486, 46.691056, 959.5],
          [9.481793, 46.691127, 958.5],
          [9.482225, 46.691314, 954.25],
          [9.482509, 46.691309, 953.25],
          [9.482865, 46.691254, 953.25],
          [9.483388, 46.691303, 947.75],
          [9.483880, 46.691254, 944.75],
          [9.484021, 46.691127, 951.25],
          [9.484305, 46.691116, 949.0],
          [9.484948, 46.691146, 944.5],
          [9.485404, 46.691176, 944.5],
          [9.485846, 46.691283, 943.25],
          [9.487276, 46.691259, 948.5],
          [9.487551, 46.691182, 948.75],
          [9.487661, 46.691099, 950.5],
          [9.487753, 46.691066, 950.5],
          [9.487839, 46.691064, 950.75],
          [9.487995, 46.691078, 951.5],
          [9.488253, 46.691129, 950.0],
          [9.488446, 46.691134, 949.25],
          [9.488610, 46.691134, 948.0],
          [9.488872, 46.691145, 948.5],
          [9.489079, 46.691184, 946.25],
          [9.489685, 46.691213, 939.5],
          [9.490270, 46.691203, 933.5],
          [9.490508, 46.691139, 933.25],
          [9.490680, 46.691110, 933.0],
          [9.491039, 46.691133, 930.25],
          [9.491378, 46.691134, 928.5],
          [9.492176, 46.691289, 921.5],
          [9.492360, 46.691242, 919.25],
          [9.492633, 46.691068, 919.5],
          [9.492731, 46.691056, 918.25],
          [9.492779, 46.691070, 916.5],
          [9.492752, 46.691097, 916.0],
          [9.492268, 46.691370, 915.0],
          [9.491966, 46.691486, 911.75],
          [9.491711, 46.691634, 908.5],
          [9.491397, 46.691674, 905.75],
          [9.490688, 46.691682, 899.25],
          [9.490540, 46.691783, 896.0],
          [9.490381, 46.691909, 892.0],
          [9.490148, 46.691997, 890.25],
          [9.490059, 46.692068, 889.25],
          [9.490073, 46.692145, 887.5],
          [9.490157, 46.692181, 886.0],
          [9.490598, 46.692208, 882.0],
          [9.491076, 46.692175, 879.25],
          [9.491315, 46.692195, 878.0],
          [9.491490, 46.692254, 876.5],
          [9.491845, 46.692437, 873.5],
          [9.492088, 46.692445, 871.0],
          [9.492231, 46.692468, 869.0],
          [9.492384, 46.692528, 868.5],
          [9.492660, 46.692586, 866.25],
          [9.492859, 46.692574, 863.25],
          [9.493077, 46.692410, 861.75],
          [9.493236, 46.692388, 861.0],
          [9.493448, 46.692402, 858.0],
          [9.494220, 46.691608, 859.75],
          [9.494391, 46.691462, 859.5],
          [9.494584, 46.691343, 861.0],
          [9.494813, 46.691245, 861.5],
          [9.495063, 46.691174, 860.5],
          [9.495324, 46.691136, 860.0],
          [9.495626, 46.691122, 860.5],
          [9.496193, 46.691125, 861.5],
          [9.496525, 46.691110, 862.0],
          [9.496732, 46.691077, 861.0],
          [9.496919, 46.691025, 859.75],
          [9.497073, 46.690970, 856.0],
          [9.497537, 46.690754, 859.0],
          [9.497739, 46.690644, 860.0],
          [9.497879, 46.690538, 860.5],
          [9.497996, 46.690407, 861.25],
          [9.498080, 46.690255, 861.25],
          [9.498253, 46.689820, 863.25],
          [9.498327, 46.689669, 864.0],
          [9.498415, 46.689531, 864.75],
          [9.498559, 46.689380, 865.75],
          [9.498618, 46.689326, 865.75],
          [9.498728, 46.689236, 865.5],
          [9.499623, 46.688442, 864.0],
          [9.500083, 46.688039, 863.25],
          [9.500463, 46.687761, 862.75],
          [9.500783, 46.687565, 862.5],
          [9.501155, 46.687413, 862.0],
          [9.501521, 46.687294, 861.5],
          [9.501983, 46.687197, 861.0],
          [9.502479, 46.687145, 860.75],
          [9.503140, 46.687157, 860.0],
          [9.503696, 46.687196, 859.5],
          [9.504044, 46.687208, 859.0],
          [9.504205, 46.687210, 859.25],
          [9.504466, 46.687189, 858.0],
          [9.504752, 46.687141, 857.25],
          [9.505094, 46.687048, 856.75],
          [9.505386, 46.686913, 857.75],
          [9.505675, 46.686744, 857.75],
          [9.505983, 46.686484, 855.75],
          [9.506279, 46.686212, 857.0],
          [9.506502, 46.686066, 859.25],
          [9.506625, 46.686004, 859.25],
          [9.506744, 46.685957, 859.25],
          [9.506907, 46.685909, 859.25],
          [9.507118, 46.685865, 859.25],
          [9.507281, 46.685844, 859.25],
          [9.507450, 46.685837, 859.25],
          [9.507599, 46.685846, 859.25],
          [9.507734, 46.685865, 859.25],
          [9.507988, 46.685925, 859.5],
          [9.508784, 46.686184, 860.75],
          [9.509012, 46.686234, 859.0],
          [9.509252, 46.686260, 858.75],
          [9.509568, 46.686255, 859.25],
          [9.509698, 46.686240, 860.75],
          [9.509820, 46.686221, 860.75],
          [9.510065, 46.686156, 862.0],
          [9.510329, 46.686046, 863.0],
          [9.510611, 46.685880, 862.5],
          [9.510883, 46.685696, 863.5],
          [9.511497, 46.685281, 862.25],
          [9.511841, 46.685059, 861.75],
          [9.512323, 46.684780, 861.0],
          [9.512774, 46.684549, 860.25],
          [9.513471, 46.684270, 859.25],
          [9.522222, 46.681628, 847.75],
          [9.522784, 46.681489, 847.0],
          [9.523369, 46.681404, 846.25],
          [9.523981, 46.681356, 845.5],
          [9.525235, 46.681271, 843.75],
          [9.525496, 46.681261, 844.0],
          [9.525686, 46.681242, 843.0],
          [9.525907, 46.681202, 842.5],
          [9.526155, 46.681135, 842.75],
          [9.526410, 46.681042, 842.75],
          [9.526568, 46.680963, 842.75],
          [9.526716, 46.680876, 842.5],
          [9.526889, 46.680751, 844.5],
          [9.527034, 46.680626, 844.75],
          [9.527535, 46.680156, 844.75],
          [9.528212, 46.679530, 841.75],
          [9.528366, 46.679423, 838.25],
          [9.528573, 46.679317, 839.75],
          [9.528780, 46.679244, 841.25],
          [9.529031, 46.679195, 843.5],
          [9.529182, 46.679183, 843.75],
          [9.529322, 46.679181, 843.5],
          [9.529553, 46.679206, 837.0],
          [9.529581, 46.679162, 840.25],
          [9.529634, 46.679084, 843.0],
          [9.529659, 46.679063, 843.5],
          [9.529853, 46.678980, 843.0],
          [9.529898, 46.679009, 840.25],
          [9.529935, 46.679017, 839.0],
          [9.529971, 46.679017, 838.25],
          [9.530003, 46.679007, 837.75],
          [9.530026, 46.678991, 836.5],
          [9.530132, 46.678886, 841.25],
          [9.530191, 46.678857, 840.75],
          [9.530522, 46.678747, 813.5],
          [9.530576, 46.678735, 812.5],
          [9.530614, 46.678733, 813.0],
          [9.530644, 46.678738, 812.0],
          [9.530696, 46.678764, 807.5],
          [9.530923, 46.678993, 820.5],
          [9.531344, 46.679478, 844.0],
          [9.531348, 46.679545, 844.5],
          [9.531298, 46.679677, 845.5],
          [9.531278, 46.679729, 845.75],
          [9.531261, 46.679830, 844.5],
          [9.531267, 46.679874, 844.0],
          [9.531286, 46.679905, 844.0],
          [9.531454, 46.680037, 845.0],
          [9.531496, 46.680081, 844.5],
          [9.531588, 46.680239, 844.5],
          [9.531786, 46.680550, 849.0],
          [9.531873, 46.680657, 847.75],
          [9.532021, 46.680781, 850.25],
          [9.532142, 46.680849, 851.75],
          [9.532245, 46.680893, 853.75],
          [9.532335, 46.680923, 856.0],
          [9.532422, 46.680936, 858.25],
          [9.532540, 46.680937, 860.5],
          [9.532699, 46.680929, 861.0],
          [9.532963, 46.680895, 860.75],
          [9.533210, 46.680832, 859.5],
          [9.533331, 46.680735, 861.0],
          [9.533432, 46.680578, 863.75],
          [9.533604, 46.680407, 864.75],
          [9.533947, 46.680194, 866.0],
          [9.534351, 46.679968, 869.0],
          [9.534859, 46.679783, 873.25],
          [9.535225, 46.679681, 875.25],
          [9.535609, 46.679636, 877.5],
          [9.535985, 46.679613, 879.5],
          [9.535984, 46.679639, 880.75],
          [9.535967, 46.679667, 882.0],
          [9.535912, 46.679698, 882.75],
          [9.535740, 46.679733, 882.0],
          [9.535625, 46.679765, 881.25],
          [9.535538, 46.679821, 881.0],
          [9.535493, 46.679887, 881.5],
          [9.535490, 46.679961, 882.5],
          [9.535508, 46.680020, 883.5],
          [9.535609, 46.680227, 886.0],
          [9.535624, 46.680308, 887.25],
          [9.535606, 46.680382, 888.5],
          [9.535373, 46.680714, 892.25],
          [9.535090, 46.681015, 895.0],
          [9.535020, 46.681211, 900.25],
          [9.534979, 46.681255, 901.25],
          [9.534902, 46.681296, 902.0],
          [9.534720, 46.681337, 901.75],
          [9.534627, 46.681368, 902.25],
          [9.534412, 46.681473, 903.25],
          [9.534282, 46.681589, 905.5],
          [9.534267, 46.681683, 908.5],
          [9.534313, 46.681815, 909.75],
          [9.534422, 46.681778, 911.25],
          [9.534572, 46.681652, 911.75],
          [9.534647, 46.681626, 911.75],
          [9.535242, 46.681560, 914.75],
          [9.535591, 46.681508, 918.0],
          [9.536058, 46.681365, 921.5],
          [9.536176, 46.681350, 922.25],
          [9.536278, 46.681379, 922.75],
          [9.536412, 46.681490, 924.0],
          [9.536519, 46.681552, 925.0],
          [9.536653, 46.681567, 925.75],
          [9.536873, 46.681501, 926.75],
          [9.537812, 46.680960, 932.25],
          [9.537978, 46.680813, 933.5],
          [9.538004, 46.680728, 934.0],
          [9.537999, 46.680577, 934.25],
          [9.538048, 46.680481, 934.5],
          [9.538262, 46.680367, 936.25],
          [9.538563, 46.680257, 938.5],
          [9.539013, 46.680132, 940.5],
          [9.539705, 46.680036, 944.25],
          [9.539828, 46.680061, 944.5],
          [9.540171, 46.680231, 948.5],
          [9.540344, 46.680268, 950.0],
          [9.540628, 46.680238, 951.75],
          [9.540848, 46.680146, 952.5],
          [9.541105, 46.679973, 953.25],
          [9.541207, 46.679959, 952.75],
          [9.541314, 46.679969, 952.75],
          [9.541566, 46.680061, 955.0],
          [9.541733, 46.680106, 956.5],
          [9.541948, 46.680088, 957.0],
          [9.542334, 46.679973, 958.25],
          [9.542742, 46.679830, 960.0],
          [9.543149, 46.679756, 962.0],
          [9.543375, 46.679701, 962.75],
          [9.543594, 46.679576, 963.75],
          [9.544319, 46.678862, 970.25],
          [9.544635, 46.678483, 973.25],
          [9.544791, 46.678387, 975.25],
          [9.545166, 46.678196, 978.75],
          [9.545574, 46.677890, 980.25],
          [9.545774, 46.677762, 982.75],
          [9.545947, 46.677691, 984.0],
          [9.546048, 46.677642, 984.5],
          [9.546170, 46.677519, 983.75],
          [9.546309, 46.677393, 984.5],
          [9.546960, 46.677005, 987.75],
          [9.547078, 46.676951, 988.0],
          [9.547207, 46.676910, 988.75],
          [9.548069, 46.676702, 991.0],
          [9.548244, 46.676645, 991.75],
          [9.548669, 46.676406, 992.0],
          [9.548533, 46.676271, 992.25],
          [9.548458, 46.676165, 992.5],
          [9.548658, 46.676080, 993.75],
          [9.548766, 46.676017, 994.75],
          [9.548835, 46.675964, 995.25],
          [9.548905, 46.675868, 996.0],
          [9.548946, 46.675786, 996.75],
          [9.549046, 46.675497, 998.75],
          [9.549105, 46.675400, 999.0],
          [9.549201, 46.675284, 999.5],
          [9.549549, 46.674943, 1001.5],
          [9.549604, 46.674903, 1001.75],
          [9.549746, 46.674797, 1002.25],
          [9.549775, 46.674775, 1002.5],
          [9.549650, 46.674712, 1003.0],
          [9.549510, 46.674403, 1000.0],
          [9.549511, 46.674348, 999.25],
          [9.549545, 46.674300, 998.5],
          [9.549935, 46.674083, 994.75],
          [9.550144, 46.674004, 993.75],
          [9.550237, 46.673954, 993.5],
          [9.550505, 46.673674, 991.75],
          [9.550825, 46.673469, 989.25],
          [9.550988, 46.673382, 988.25],
          [9.551086, 46.673347, 988.0],
          [9.551189, 46.673337, 986.75],
          [9.551280, 46.673349, 985.75],
          [9.551492, 46.673397, 984.75],
          [9.551872, 46.673460, 982.75],
          [9.552246, 46.673565, 980.75],
          [9.552527, 46.673619, 978.5],
          [9.552978, 46.673768, 974.5],
          [9.553365, 46.673925, 971.75],
          [9.553589, 46.673982, 970.0],
          [9.553860, 46.673992, 969.0],
          [9.554395, 46.673970, 965.75],
          [9.554565, 46.673981, 964.0],
          [9.555066, 46.674075, 959.75],
          [9.555174, 46.674130, 958.75],
          [9.555378, 46.674249, 959.0],
          [9.555688, 46.674308, 956.0],
          [9.556136, 46.674474, 951.25],
          [9.556276, 46.674490, 951.25],
          [9.556413, 46.674479, 950.0],
          [9.556622, 46.674382, 947.75],
          [9.556806, 46.674238, 944.25],
          [9.557241, 46.674016, 942.0],
          [9.557257, 46.674003, 941.75],
          [9.557384, 46.673955, 940.75],
          [9.557431, 46.673945, 940.5],
          [9.557939, 46.673947, 942.5],
          [9.558503, 46.673934, 946.25],
          [9.558900, 46.673895, 947.5],
          [9.559353, 46.673826, 954.0],
          [9.559492, 46.673797, 955.25],
          [9.559824, 46.673720, 954.0],
          [9.560012, 46.673667, 952.75],
          [9.560894, 46.673364, 955.25],
          [9.561135, 46.673289, 956.5],
          [9.561445, 46.673136, 956.5],
          [9.561792, 46.673016, 958.25],
          [9.562117, 46.673180, 964.5],
          [9.562174, 46.673156, 964.5],
          [9.562267, 46.673101, 963.25],
          [9.562326, 46.673036, 961.75],
          [9.562354, 46.672990, 961.75],
          [9.562418, 46.672819, 961.0],
          [9.562445, 46.672713, 960.0],
          [9.562462, 46.672632, 959.5],
          [9.562480, 46.672550, 959.0],
          [9.562553, 46.672210, 954.5],
          [9.562556, 46.672195, 954.75],
          [9.562593, 46.672089, 955.25],
          [9.562649, 46.671998, 955.25],
          [9.562710, 46.671930, 955.0],
          [9.562771, 46.671884, 954.25],
          [9.562848, 46.671838, 953.25],
          [9.562949, 46.671785, 952.25],
          [9.563272, 46.671624, 950.0],
          [9.563414, 46.671548, 948.5],
          [9.563499, 46.671493, 947.75],
          [9.563884, 46.671215, 943.25],
          [9.564119, 46.671006, 941.75],
          [9.564348, 46.670758, 940.75],
          [9.564838, 46.670182, 939.25],
          [9.565039, 46.669960, 940.25],
          [9.565345, 46.669653, 939.25],
          [9.565453, 46.669538, 939.25],
          [9.565542, 46.669458, 938.0],
          [9.565641, 46.669381, 938.0],
          [9.565797, 46.669274, 936.25],
          [9.565953, 46.669188, 935.0],
          [9.566107, 46.669111, 932.75],
          [9.566309, 46.669035, 932.75],
          [9.566766, 46.668884, 929.25],
          [9.566965, 46.668809, 927.0],
          [9.567163, 46.668722, 927.0],
          [9.567326, 46.668632, 924.75],
          [9.567774, 46.668343, 921.25],
          [9.567959, 46.668236, 918.5],
          [9.568234, 46.668113, 916.5],
          [9.568554, 46.667930, 912.0],
          [9.568763, 46.667843, 910.75],
          [9.568956, 46.667781, 909.0],
          [9.569140, 46.667710, 907.0],
          [9.569298, 46.667620, 907.0],
          [9.569762, 46.667245, 903.0],
          [9.569906, 46.667168, 901.25],
          [9.570093, 46.667090, 902.0],
          [9.570302, 46.666985, 900.75],
          [9.570467, 46.666860, 903.25],
          [9.570499, 46.666826, 903.0],
          [9.570564, 46.666756, 901.75],
          [9.570638, 46.666635, 895.75],
          [9.570860, 46.666066, 893.0],
          [9.570979, 46.665825, 892.0],
          [9.571239, 46.665403, 891.0],
          [9.571282, 46.665247, 889.0],
          [9.571315, 46.665068, 890.25],
          [9.571332, 46.664950, 889.5],
          [9.571330, 46.664891, 888.75],
          [9.571310, 46.664803, 888.0],
          [9.571247, 46.664618, 886.5],
          [9.571214, 46.664523, 886.5],
          [9.571208, 46.664481, 887.0],
          [9.571221, 46.664408, 887.25],
          [9.571257, 46.664337, 886.75],
          [9.571286, 46.664300, 886.75],
          [9.571335, 46.664260, 887.0],
          [9.571479, 46.664183, 886.0],
          [9.571834, 46.664023, 882.75],
          [9.572127, 46.663892, 882.0],
          [9.572654, 46.663671, 877.25],
          [9.572806, 46.663604, 876.0],
          [9.572898, 46.663518, 872.0],
          [9.573864, 46.663108, 868.25],
          [9.574152, 46.663024, 863.5],
          [9.574999, 46.662836, 860.0],
          [9.575321, 46.662752, 856.75],
          [9.575784, 46.662581, 852.0],
          [9.576058, 46.662535, 850.5],
          [9.576573, 46.662598, 845.25],
          [9.576535, 46.662683, 847.75],
          [9.576853, 46.662717, 847.5],
          [9.576939, 46.662713, 847.25],
          [9.577036, 46.662695, 847.5],
          [9.577146, 46.662664, 847.75],
          [9.577297, 46.662610, 848.75],
          [9.577927, 46.662325, 850.5],
          [9.578033, 46.662275, 850.0],
          [9.578134, 46.662227, 849.5],
          [9.578721, 46.661951, 851.25],
          [9.578924, 46.661843, 853.0],
          [9.579007, 46.661787, 853.5],
          [9.579063, 46.661721, 853.0],
          [9.579100, 46.661685, 852.5],
          [9.579082, 46.661655, 851.75],
          [9.579077, 46.661624, 850.75],
          [9.579086, 46.661592, 850.0],
          [9.579107, 46.661564, 849.5],
          [9.579140, 46.661541, 849.0],
          [9.579180, 46.661525, 848.75],
          [9.579226, 46.661518, 848.75],
          [9.579272, 46.661521, 849.0],
          [9.579339, 46.661543, 849.5],
          [9.579384, 46.661584, 850.75],
          [9.579395, 46.661608, 851.25],
          [9.579392, 46.661657, 852.5],
          [9.579495, 46.661709, 854.75],
          [9.579575, 46.661739, 856.25],
          [9.579689, 46.661765, 858.0],
          [9.579805, 46.661783, 858.5],
          [9.580420, 46.661893, 857.75],
          [9.580929, 46.661989, 861.0],
          [9.581046, 46.662020, 861.5],
          [9.581313, 46.662116, 863.0],
          [9.581784, 46.662344, 867.25],
          [9.581967, 46.662410, 867.5],
          [9.582071, 46.662437, 868.5],
          [9.582187, 46.662458, 869.0],
          [9.582310, 46.662476, 869.75],
          [9.582545, 46.662482, 870.25],
          [9.583703, 46.662429, 879.0],
          [9.583863, 46.662417, 880.0],
          [9.584023, 46.662398, 881.5],
          [9.584187, 46.662368, 882.75],
          [9.584357, 46.662327, 885.25],
          [9.585158, 46.662111, 890.0],
          [9.585276, 46.662075, 889.5],
          [9.585381, 46.662034, 890.25],
          [9.585472, 46.661991, 891.0],
          [9.585586, 46.661922, 892.0],
          [9.585669, 46.661861, 892.25],
          [9.585883, 46.661682, 894.0],
          [9.585979, 46.661617, 894.0],
          [9.586142, 46.661533, 894.5],
          [9.586586, 46.661346, 896.0],
          [9.587117, 46.661137, 899.25],
          [9.587233, 46.661100, 899.5],
          [9.587361, 46.661063, 900.0],
          [9.587515, 46.661029, 901.0],
          [9.587680, 46.661001, 902.75],
          [9.587832, 46.660985, 904.25],
          [9.587988, 46.660975, 904.25],
          [9.588295, 46.660972, 903.0],
          [9.588909, 46.660988, 899.5],
          [9.589130, 46.660983, 899.75],
          [9.589474, 46.660945, 901.25],
          [9.590350, 46.660798, 904.75],
          [9.590732, 46.660746, 905.25],
          [9.590900, 46.660732, 905.0],
          [9.591224, 46.660718, 904.75],
          [9.591879, 46.660704, 902.0],
          [9.593354, 46.660713, 902.25],
          [9.593590, 46.660708, 902.75],
          [9.593844, 46.660694, 904.0],
          [9.594766, 46.660630, 903.0],
          [9.594889, 46.660633, 903.0],
          [9.595057, 46.660659, 903.75],
          [9.595198, 46.660694, 904.25],
          [9.595437, 46.660747, 904.5],
          [9.595691, 46.660773, 904.5],
          [9.595982, 46.660783, 904.25],
          [9.596246, 46.660781, 903.25],
          [9.596660, 46.660798, 903.0],
          [9.596852, 46.660783, 902.25],
          [9.597570, 46.660664, 901.75],
          [9.597939, 46.660593, 902.0],
          [9.598196, 46.660557, 903.0],
          [9.598378, 46.660537, 903.0],
          [9.598527, 46.660537, 903.0],
          [9.598665, 46.660549, 903.5],
          [9.599025, 46.660612, 903.0],
          [9.600251, 46.660891, 901.0],
          [9.601145, 46.661073, 899.0],
          [9.601712, 46.661195, 900.0],
          [9.601904, 46.661245, 900.5],
          [9.602039, 46.661287, 900.25],
          [9.602167, 46.661346, 900.5],
          [9.602327, 46.661435, 900.0],
          [9.603713, 46.662368, 906.5],
          [9.603899, 46.662524, 906.75],
          [9.604438, 46.663176, 902.0],
          [9.604586, 46.663376, 900.25],
          [9.604691, 46.663530, 899.0],
          [9.604938, 46.663975, 895.25],
          [9.605020, 46.664127, 895.0],
          [9.605058, 46.664184, 894.5],
          [9.605108, 46.664235, 893.75],
          [9.605269, 46.664348, 892.25],
          [9.605365, 46.664397, 892.5],
          [9.605481, 46.664445, 892.5],
          [9.605625, 46.664491, 892.75],
          [9.605761, 46.664522, 892.75],
          [9.605904, 46.664540, 892.25],
          [9.606144, 46.664549, 891.0],
          [9.606535, 46.664516, 890.5],
          [9.606936, 46.664474, 891.0],
          [9.607175, 46.664449, 891.0],
          [9.607162, 46.664386, 890.75],
          [9.607168, 46.664133, 889.75],
          [9.607154, 46.664067, 889.5],
          [9.607048, 46.663821, 888.5],
          [9.607025, 46.663704, 887.75],
          [9.607038, 46.663666, 887.5],
          [9.607154, 46.663416, 888.25],
          [9.607202, 46.663302, 889.5],
          [9.607444, 46.663321, 888.25],
          [9.607731, 46.663396, 888.25],
          [9.608073, 46.663426, 888.25],
          [9.608212, 46.663463, 888.25],
          [9.608422, 46.663471, 888.75],
          [9.608668, 46.663400, 889.75],
          [9.608914, 46.663366, 889.75],
          [9.609142, 46.663369, 889.75],
          [9.609628, 46.663265, 891.0],
          [9.609971, 46.663131, 891.0],
          [9.610626, 46.663388, 891.75],
          [9.611232, 46.663545, 892.0],
          [9.611409, 46.663615, 892.0],
          [9.611699, 46.663746, 893.5],
          [9.611936, 46.663876, 893.0],
          [9.612023, 46.663919, 893.25],
          [9.612413, 46.664161, 893.5],
          [9.613031, 46.664474, 895.5],
          [9.613115, 46.664572, 894.75],
          [9.613562, 46.664831, 895.25],
          [9.614700, 46.665294, 897.5],
          [9.614934, 46.665363, 897.5],
          [9.615254, 46.665371, 897.5],
          [9.615973, 46.665240, 897.75],
          [9.616671, 46.665071, 902.25],
          [9.616923, 46.665026, 901.75],
          [9.617059, 46.664990, 901.5],
          [9.617513, 46.664828, 902.25],
          [9.617589, 46.664780, 903.0],
          [9.617633, 46.664743, 903.5],
          [9.617634, 46.664705, 904.25],
          [9.617620, 46.664661, 904.75],
          [9.617601, 46.664639, 905.25],
          [9.617773, 46.664592, 904.75],
          [9.618279, 46.664553, 906.0],
          [9.618511, 46.664492, 906.75],
          [9.619033, 46.664311, 908.5],
          [9.619484, 46.664269, 910.75],
          [9.619759, 46.664171, 912.75],
          [9.619977, 46.664141, 913.25],
          [9.620232, 46.664129, 913.25],
          [9.620622, 46.664206, 912.0],
          [9.620877, 46.664220, 911.75],
          [9.621011, 46.664205, 912.0],
          [9.621134, 46.664157, 913.0],
          [9.621353, 46.664018, 914.25],
          [9.622157, 46.663709, 917.25],
          [9.622292, 46.663640, 917.25],
          [9.622343, 46.663602, 917.0],
          [9.622418, 46.663562, 917.0],
          [9.622499, 46.663534, 916.75],
          [9.622656, 46.663502, 916.25],
          [9.623091, 46.663253, 916.0],
          [9.623490, 46.663090, 914.25],
          [9.623693, 46.663040, 914.0],
          [9.623923, 46.663018, 914.25],
          [9.624114, 46.663054, 914.0],
          [9.624573, 46.663199, 913.75],
          [9.625357, 46.663231, 914.25],
          [9.625462, 46.663218, 914.25],
          [9.625599, 46.663163, 914.5],
          [9.625700, 46.663102, 914.25],
          [9.626078, 46.662763, 916.5],
          [9.626225, 46.662691, 915.25],
          [9.626288, 46.662647, 915.0],
          [9.626435, 46.662393, 915.5],
          [9.626663, 46.662243, 915.75],
          [9.626728, 46.662231, 916.0],
          [9.627146, 46.662256, 916.5],
          [9.627435, 46.662190, 916.75],
          [9.628062, 46.662105, 918.0],
          [9.628341, 46.662101, 918.0],
          [9.628797, 46.662152, 918.75],
          [9.628943, 46.662169, 919.0],
          [9.629909, 46.662477, 919.25],
          [9.630521, 46.662575, 919.5],
          [9.631125, 46.662772, 920.75],
          [9.631960, 46.662910, 921.5],
          [9.632265, 46.662881, 921.75],
          [9.632573, 46.662919, 923.0],
          [9.633055, 46.663070, 922.75],
          [9.633363, 46.663119, 924.0],
          [9.634346, 46.663604, 926.75],
          [9.634782, 46.663773, 930.25],
          [9.635139, 46.663883, 926.25],
          [9.635238, 46.663884, 927.0],
          [9.636618, 46.663958, 927.0],
          [9.637046, 46.664113, 928.0],
          [9.637323, 46.664192, 927.75],
          [9.637387, 46.664324, 928.0],
          [9.637533, 46.664500, 928.0],
          [9.637721, 46.664585, 928.75],
          [9.638307, 46.665064, 928.75],
          [9.638590, 46.665130, 929.75],
          [9.638790, 46.665284, 930.0],
          [9.639299, 46.665426, 930.0],
          [9.640114, 46.665756, 931.25],
          [9.640371, 46.665779, 931.75],
          [9.640491, 46.665760, 931.5],
          [9.640746, 46.665807, 931.75],
          [9.641743, 46.665721, 933.0],
          [9.642107, 46.665643, 933.0],
          [9.642571, 46.665841, 933.75],
          [9.642751, 46.665839, 933.75],
          [9.642970, 46.665764, 934.0],
          [9.643172, 46.665695, 934.0],
          [9.644816, 46.665843, 935.75],
          [9.645098, 46.665780, 936.25],
          [9.645140, 46.665777, 936.25],
          [9.645185, 46.665781, 936.25],
          [9.645284, 46.665825, 936.0],
          [9.645398, 46.665910, 936.75],
          [9.645392, 46.665984, 936.5],
          [9.645365, 46.666070, 936.5],
          [9.645311, 46.666156, 936.75],
          [9.645429, 46.666151, 936.5],
          [9.645504, 46.666141, 936.25],
          [9.645614, 46.666113, 936.0],
          [9.645682, 46.666119, 936.0],
          [9.646270, 46.666406, 937.25],
          [9.647083, 46.666625, 941.25],
          [9.647259, 46.666708, 940.75],
          [9.647473, 46.666806, 942.0],
          [9.647709, 46.666944, 941.5],
          [9.647825, 46.667032, 941.25],
          [9.647924, 46.667116, 941.25],
          [9.647978, 46.667177, 941.25],
          [9.648105, 46.667370, 940.0],
          [9.648152, 46.667421, 939.75],
          [9.648269, 46.667526, 940.0],
          [9.648360, 46.667593, 940.25],
          [9.648620, 46.667740, 939.0],
          [9.648750, 46.667802, 939.5],
          [9.649019, 46.667894, 939.25],
          [9.649248, 46.667960, 939.0],
          [9.650236, 46.668204, 940.25],
          [9.650614, 46.668308, 941.25],
          [9.651361, 46.668495, 941.5],
          [9.651437, 46.668514, 941.5],
          [9.651529, 46.668526, 941.25],
          [9.651620, 46.668531, 941.25],
          [9.652169, 46.668533, 942.5],
          [9.652354, 46.668541, 942.5],
          [9.653007, 46.668575, 943.75],
          [9.653560, 46.668623, 944.5],
          [9.654045, 46.668760, 944.0],
          [9.654569, 46.668850, 945.5],
          [9.654829, 46.668870, 946.0],
          [9.655133, 46.668873, 946.5],
          [9.655381, 46.668857, 946.5],
          [9.656085, 46.668744, 947.0],
          [9.656833, 46.668648, 948.5],
          [9.657111, 46.668641, 948.75],
          [9.657472, 46.668655, 949.5],
          [9.658418, 46.668775, 949.5],
          [9.658515, 46.668767, 949.5],
          [9.658802, 46.668631, 950.75],
          [9.659027, 46.668581, 951.0],
          [9.659236, 46.668564, 951.0],
          [9.660265, 46.668621, 952.75],
          [9.660680, 46.668615, 952.75],
          [9.660849, 46.668599, 953.0],
          [9.661516, 46.668397, 953.5],
          [9.661596, 46.668388, 954.0],
          [9.661690, 46.668403, 954.5],
          [9.662292, 46.668679, 956.0],
          [9.662498, 46.668738, 957.5],
          [9.662836, 46.668781, 958.25],
          [9.662895, 46.668796, 958.0],
          [9.662956, 46.668812, 957.75],
          [9.663065, 46.668840, 957.25],
          [9.663892, 46.669199, 956.75],
          [9.664266, 46.669298, 957.75],
          [9.664765, 46.669379, 958.25],
          [9.664818, 46.669407, 958.25],
          [9.664859, 46.669453, 958.25],
          [9.664945, 46.669636, 958.0],
          [9.665016, 46.669656, 958.0],
          [9.665179, 46.669664, 958.0],
          [9.665552, 46.669628, 958.25],
          [9.666245, 46.669628, 960.5],
          [9.667730, 46.669831, 966.25],
          [9.668267, 46.670023, 962.0],
          [9.668599, 46.670028, 962.75],
          [9.668830, 46.670026, 962.75],
          [9.669236, 46.670181, 964.0],
          [9.669527, 46.670258, 964.75],
          [9.670724, 46.670443, 967.25],
          [9.671046, 46.670479, 968.25],
          [9.671224, 46.670546, 968.25],
          [9.671520, 46.670684, 970.0],
          [9.671951, 46.670817, 969.5],
          [9.672295, 46.670966, 969.75],
          [9.672600, 46.671064, 970.25],
          [9.673449, 46.671221, 972.25],
          [9.673898, 46.671244, 973.5],
          [9.674359, 46.671216, 974.75],
          [9.674530, 46.671229, 975.0],
          [9.674754, 46.671232, 975.75],
          [9.675371, 46.671276, 975.0],
          [9.675499, 46.671294, 974.75],
          [9.675579, 46.671320, 974.5],
          [9.675670, 46.671362, 974.5],
          [9.675919, 46.671590, 975.5],
          [9.676877, 46.671974, 978.0],
          [9.677012, 46.671999, 978.25],
          [9.677166, 46.671993, 978.25],
          [9.677347, 46.671976, 978.5],
          [9.677681, 46.671914, 977.75],
          [9.678842, 46.671822, 979.25],
          [9.679183, 46.671776, 979.5],
          [9.679249, 46.671853, 979.5],
          [9.679313, 46.671907, 979.5],
          [9.679360, 46.671909, 979.5],
          [9.680473, 46.671811, 981.5],
          [9.680543, 46.671833, 981.75],
          [9.680632, 46.671906, 982.0],
          [9.680750, 46.671909, 982.0],
          [9.680805, 46.671909, 982.0],
          [9.680857, 46.671895, 981.75],
          [9.681046, 46.671820, 981.5],
          [9.681246, 46.671766, 982.0],
          [9.681769, 46.671677, 984.0],
          [9.682292, 46.671589, 984.0],
          [9.682697, 46.671501, 984.5],
          [9.683083, 46.671453, 985.25],
          [9.683737, 46.671314, 988.25],
          [9.684084, 46.671289, 988.75],
          [9.684438, 46.671298, 989.25],
          [9.684936, 46.671365, 990.75],
          [9.685205, 46.671382, 991.75],
          [9.685431, 46.671378, 992.0],
          [9.685660, 46.671340, 991.5],
          [9.686099, 46.671243, 991.0],
          [9.686367, 46.671172, 992.5],
          [9.686497, 46.671126, 992.75],
          [9.687004, 46.670912, 996.25],
          [9.687206, 46.670849, 995.75],
          [9.687291, 46.670805, 997.25],
          [9.687462, 46.670690, 997.0],
          [9.687524, 46.670636, 995.75],
          [9.687587, 46.670568, 995.75],
          [9.687713, 46.670386, 998.5],
          [9.687873, 46.670228, 999.25],
          [9.688036, 46.670136, 998.75],
          [9.688146, 46.670040, 998.25],
          [9.688219, 46.669975, 998.0],
          [9.688255, 46.669903, 998.5],
          [9.688340, 46.669655, 1000.75],
          [9.688376, 46.669588, 1001.75],
          [9.688582, 46.669369, 1000.25],
          [9.688964, 46.668843, 1002.75],
          [9.689051, 46.668767, 1003.25],
          [9.689104, 46.668731, 1002.5],
          [9.689157, 46.668671, 1001.5],
          [9.689208, 46.668579, 1002.5],
          [9.689322, 46.668424, 1004.5],
          [9.689386, 46.668321, 1004.25],
          [9.689485, 46.668044, 1004.5],
          [9.689697, 46.667706, 1006.75],
          [9.689899, 46.667434, 1008.0],
          [9.690112, 46.667270, 1007.0],
          [9.690224, 46.667162, 1007.25],
          [9.690313, 46.667033, 1007.25],
          [9.690445, 46.666889, 1009.0],
          [9.690637, 46.666717, 1009.25],
          [9.690718, 46.666624, 1008.75],
          [9.690769, 46.666508, 1008.25],
          [9.690852, 46.666138, 1007.5],
          [9.690924, 46.665958, 1011.0],
          [9.691300, 46.665467, 1012.0],
          [9.691386, 46.665293, 1011.0],
          [9.692425, 46.664230, 1016.0],
          [9.692777, 46.664028, 1014.5],
          [9.693502, 46.663647, 1014.75],
          [9.694297, 46.663188, 1019.5],
          [9.694414, 46.663105, 1019.0],
          [9.694642, 46.662872, 1020.0],
          [9.695260, 46.662343, 1022.0],
          [9.695657, 46.662157, 1023.5],
          [9.696242, 46.661810, 1026.5],
          [9.696538, 46.661703, 1026.0],
          [9.696727, 46.661603, 1028.25],
          [9.697027, 46.661532, 1028.25],
          [9.697274, 46.661502, 1026.0],
          [9.697613, 46.661461, 1025.75],
          [9.697694, 46.661441, 1025.75],
          [9.698719, 46.660649, 1029.25],
          [9.698830, 46.660461, 1030.0],
          [9.699005, 46.660116, 1032.25],
          [9.699121, 46.659957, 1034.0],
          [9.699336, 46.659818, 1035.25],
          [9.699714, 46.659683, 1035.25],
          [9.699999, 46.659628, 1034.25],
          [9.700079, 46.659589, 1034.25],
          [9.700229, 46.659466, 1035.0],
          [9.700547, 46.659079, 1037.0],
          [9.700666, 46.658917, 1037.75],
          [9.700842, 46.658773, 1039.75],
          [9.701011, 46.658672, 1039.75],
          [9.701185, 46.658602, 1039.0],
          [9.701421, 46.658532, 1041.0],
          [9.701758, 46.658476, 1041.5],
          [9.702221, 46.658364, 1041.5],
          [9.704418, 46.657693, 1049.0],
          [9.704587, 46.657611, 1049.5],
          [9.705973, 46.656800, 1056.75],
          [9.707251, 46.656190, 1059.0],
          [9.707993, 46.655944, 1063.0],
          [9.709083, 46.655709, 1067.0],
          [9.709724, 46.655401, 1069.75],
          [9.710814, 46.655143, 1070.25],
          [9.711011, 46.655049, 1071.5],
          [9.711595, 46.654706, 1076.5],
          [9.712546, 46.654121, 1083.75],
          [9.712836, 46.653926, 1084.0],
          [9.712971, 46.653847, 1086.5],
          [9.713096, 46.653819, 1087.0],
          [9.713153, 46.653780, 1087.75],
          [9.713189, 46.653731, 1088.75],
          [9.713286, 46.653660, 1088.75],
          [9.713366, 46.653624, 1088.75],
          [9.713439, 46.653616, 1088.75],
          [9.713607, 46.653633, 1088.5],
          [9.713696, 46.653626, 1089.0],
          [9.713796, 46.653591, 1090.25],
          [9.713873, 46.653554, 1091.25],
          [9.713965, 46.653537, 1092.25],
          [9.714067, 46.653536, 1093.0],
          [9.714167, 46.653544, 1093.5],
          [9.714249, 46.653569, 1092.5],
          [9.714319, 46.653598, 1091.75],
          [9.714483, 46.653693, 1089.0],
          [9.714450, 46.653626, 1090.5],
          [9.714260, 46.653440, 1095.75],
          [9.714241, 46.653413, 1096.5],
          [9.714240, 46.653374, 1097.25],
          [9.714260, 46.653345, 1098.0],
          [9.714533, 46.653163, 1101.5],
          [9.715047, 46.652757, 1106.5],
          [9.715168, 46.652702, 1105.75],
          [9.715274, 46.652663, 1105.25],
          [9.715481, 46.652670, 1103.25],
          [9.715647, 46.652603, 1104.0],
          [9.715895, 46.652587, 1103.25],
          [9.716105, 46.652552, 1102.75],
          [9.716260, 46.652484, 1101.0],
          [9.716487, 46.652181, 1103.25],
          [9.716563, 46.652021, 1104.0],
          [9.716525, 46.651693, 1109.5],
          [9.716545, 46.651610, 1112.25],
          [9.716785, 46.651401, 1119.0],
          [9.716945, 46.651288, 1121.75],
          [9.716987, 46.651220, 1123.5],
          [9.717109, 46.651182, 1123.0],
          [9.717148, 46.651118, 1126.25],
          [9.717267, 46.651059, 1125.5],
          [9.717322, 46.650942, 1127.75],
          [9.717496, 46.650844, 1127.5],
          [9.717589, 46.650855, 1126.25],
          [9.717742, 46.650813, 1127.5],
          [9.718134, 46.650880, 1120.0],
          [9.718334, 46.650802, 1121.5],
          [9.718726, 46.650868, 1117.0],
          [9.718786, 46.650826, 1118.5],
          [9.718825, 46.650768, 1119.25],
          [9.719030, 46.650623, 1121.25],
          [9.719194, 46.650528, 1121.0],
          [9.719458, 46.650311, 1115.75],
          [9.719857, 46.649955, 1114.25],
          [9.719998, 46.649854, 1113.0],
          [9.720166, 46.649704, 1113.5],
          [9.720274, 46.649547, 1114.5],
          [9.720323, 46.649440, 1115.5],
          [9.720324, 46.649331, 1115.0],
          [9.720167, 46.648967, 1118.75],
          [9.720123, 46.648783, 1119.0],
          [9.720123, 46.648630, 1117.75],
          [9.720319, 46.648313, 1118.75],
          [9.720631, 46.647881, 1121.0],
          [9.720786, 46.647749, 1121.0],
          [9.721043, 46.647585, 1121.75],
          [9.721580, 46.647348, 1125.25],
          [9.721705, 46.647302, 1124.25],
          [9.721836, 46.647318, 1123.0],
          [9.721997, 46.647436, 1121.5],
          [9.722175, 46.647526, 1122.75],
          [9.722215, 46.647525, 1123.0],
          [9.722355, 46.647479, 1123.75],
          [9.722712, 46.647445, 1127.75],
          [9.722784, 46.647458, 1129.0],
          [9.722160, 46.647735, 1131.25],
          [9.722111, 46.647762, 1130.75],
          [9.722070, 46.647791, 1130.5],
          [9.722049, 46.647816, 1130.5],
          [9.722035, 46.647871, 1131.75],
          [9.722036, 46.647937, 1134.0],
          [9.722262, 46.647816, 1137.25],
          [9.722468, 46.647732, 1137.75],
          [9.722576, 46.647696, 1139.0],
          [9.723410, 46.647467, 1145.25],
          [9.723501, 46.647435, 1146.25],
          [9.723693, 46.647349, 1148.0],
          [9.723805, 46.647283, 1148.5],
          [9.724029, 46.647120, 1149.5],
          [9.724624, 46.646616, 1154.5],
          [9.724785, 46.646508, 1156.0],
          [9.724884, 46.646454, 1157.5],
          [9.724991, 46.646406, 1159.25],
          [9.725086, 46.646368, 1159.25],
          [9.725356, 46.646294, 1160.75],
          [9.725938, 46.646177, 1165.25],
          [9.726192, 46.646114, 1166.5],
          [9.726773, 46.645909, 1172.75],
          [9.727583, 46.645667, 1180.25],
          [9.727725, 46.645613, 1181.0],
          [9.727791, 46.645581, 1181.0],
          [9.727902, 46.645509, 1182.25],
          [9.728128, 46.645289, 1183.25],
          [9.728184, 46.645245, 1183.5],
          [9.728311, 46.645176, 1184.5],
          [9.728487, 46.645114, 1185.5],
          [9.729319, 46.644851, 1192.5],
          [9.729463, 46.644790, 1194.0],
          [9.729627, 46.644680, 1195.25],
          [9.729755, 46.644552, 1196.75],
          [9.729933, 46.644268, 1196.75],
          [9.729966, 46.644245, 1197.5],
          [9.730004, 46.644230, 1198.75],
          [9.730090, 46.644231, 1201.0],
          [9.730127, 46.644244, 1202.25],
          [9.730157, 46.644270, 1203.5],
          [9.730167, 46.644296, 1204.25],
          [9.730164, 46.644327, 1204.75],
          [9.730097, 46.644554, 1206.25],
          [9.730068, 46.644617, 1206.5],
          [9.730030, 46.644677, 1206.25],
          [9.729820, 46.644916, 1209.5],
          [9.729746, 46.644986, 1210.0],
          [9.729616, 46.645064, 1209.5],
          [9.729424, 46.645140, 1207.5],
          [9.729394, 46.645156, 1207.75],
          [9.729373, 46.645177, 1208.25],
          [9.729367, 46.645228, 1210.75],
          [9.729376, 46.645254, 1212.0],
          [9.729396, 46.645276, 1213.25],
          [9.729428, 46.645292, 1214.75],
          [9.729471, 46.645302, 1216.75],
          [9.729515, 46.645300, 1217.75],
          [9.729592, 46.645270, 1217.75],
          [9.730328, 46.644846, 1222.5],
          [9.730485, 46.644733, 1223.0],
          [9.730537, 46.644680, 1224.0],
          [9.730679, 46.644474, 1228.25],
          [9.730729, 46.644414, 1228.5],
          [9.730790, 46.644354, 1228.5],
          [9.730865, 46.644294, 1229.25],
          [9.731439, 46.643955, 1237.0],
          [9.732602, 46.643251, 1250.0],
          [9.733514, 46.642758, 1259.0],
          [9.733632, 46.642683, 1261.0],
          [9.733718, 46.642621, 1262.25],
          [9.733798, 46.642541, 1263.25],
          [9.733860, 46.642463, 1264.0],
          [9.733932, 46.642324, 1266.25],
          [9.733962, 46.642202, 1267.5],
          [9.733969, 46.642110, 1269.0],
          [9.733965, 46.642031, 1270.0],
          [9.733911, 46.641865, 1271.75],
          [9.733865, 46.641768, 1273.25],
          [9.733772, 46.641625, 1275.0],
          [9.733601, 46.641421, 1277.25],
          [9.733555, 46.641347, 1278.0],
          [9.733518, 46.641269, 1278.5],
          [9.733497, 46.641203, 1279.25],
          [9.733488, 46.641131, 1280.75],
          [9.733494, 46.641064, 1281.25],
          [9.733536, 46.640943, 1282.25],
          [9.733597, 46.640829, 1284.25],
          [9.733634, 46.640711, 1286.25],
          [9.733638, 46.640540, 1287.5],
          [9.733621, 46.640462, 1289.75],
          [9.733603, 46.640428, 1290.25],
          [9.733540, 46.640369, 1290.25],
          [9.733319, 46.640268, 1287.5],
          [9.733261, 46.640229, 1286.5],
          [9.733126, 46.640120, 1286.5],
          [9.733084, 46.640076, 1287.5],
          [9.732972, 46.639867, 1286.75],
          [9.732911, 46.639782, 1282.5],
          [9.732790, 46.639546, 1293.0],
          [9.732712, 46.639363, 1304.75],
          [9.732672, 46.639300, 1305.75],
          [9.732537, 46.639187, 1297.25],
          [9.732510, 46.639148, 1296.25],
          [9.732488, 46.639068, 1295.75],
          [9.732512, 46.638982, 1300.5],
          [9.732709, 46.638722, 1302.75],
          [9.732788, 46.638563, 1303.75],
          [9.732841, 46.638485, 1300.0],
          [9.732896, 46.638422, 1300.25],
          [9.733068, 46.638261, 1308.75],
          [9.733215, 46.638052, 1307.5],
          [9.733260, 46.637998, 1310.0],
          [9.733319, 46.637948, 1316.75],
          [9.733691, 46.637733, 1315.5],
          [9.733750, 46.637710, 1312.5],
          [9.733819, 46.637692, 1311.25],
          [9.734083, 46.637644, 1317.75],
          [9.734149, 46.637626, 1318.75],
          [9.734213, 46.637602, 1319.25],
          [9.734455, 46.637488, 1328.75],
          [9.734931, 46.637308, 1338.25],
          [9.735003, 46.637286, 1339.75],
          [9.735170, 46.637251, 1337.25],
          [9.736156, 46.637111, 1341.75],
          [9.736527, 46.637021, 1342.25],
          [9.736604, 46.637009, 1343.25],
          [9.737080, 46.636963, 1344.75],
          [9.737186, 46.636948, 1344.0],
          [9.737295, 46.636926, 1344.25],
          [9.737378, 46.636901, 1344.25],
          [9.737462, 46.636867, 1344.5],
          [9.738613, 46.636343, 1345.75],
          [9.738964, 46.636161, 1351.5],
          [9.739076, 46.636095, 1348.75],
          [9.739383, 46.635883, 1350.75],
          [9.739450, 46.635815, 1350.75],
          [9.739634, 46.635599, 1350.75],
          [9.739786, 46.635468, 1351.25],
          [9.739961, 46.635340, 1353.25],
          [9.740055, 46.635278, 1353.5],
          [9.740633, 46.634952, 1353.5],
          [9.740824, 46.634857, 1354.0],
          [9.741046, 46.634757, 1356.25],
          [9.741500, 46.634537, 1360.75],
          [9.741617, 46.634464, 1359.0],
          [9.741879, 46.634279, 1360.5],
          [9.742545, 46.633896, 1359.5],
          [9.743264, 46.633492, 1356.75],
          [9.743429, 46.633372, 1355.5],
          [9.743594, 46.633220, 1354.5],
          [9.743724, 46.633060, 1353.75],
          [9.743782, 46.632963, 1353.75],
          [9.743830, 46.632859, 1353.75],
          [9.744093, 46.632201, 1356.25],
          [9.744278, 46.631728, 1357.5],
          [9.744347, 46.631580, 1358.0],
          [9.744429, 46.631461, 1358.5],
          [9.744595, 46.631285, 1357.25],
          [9.745083, 46.630802, 1359.0],
          [9.745237, 46.630667, 1358.0],
          [9.745366, 46.630573, 1359.25],
          [9.745488, 46.630492, 1359.75],
          [9.745671, 46.630401, 1358.5],
          [9.745792, 46.630354, 1358.0],
          [9.745978, 46.630297, 1358.5],
          [9.746230, 46.630210, 1360.5],
          [9.746240, 46.630226, 1361.0],
          [9.746342, 46.630210, 1362.25],
          [9.746353, 46.630216, 1362.5],
          [9.746440, 46.630255, 1364.0],
          [9.746536, 46.630221, 1364.5],
          [9.746855, 46.630252, 1367.25],
          [9.747294, 46.630350, 1370.75],
          [9.747241, 46.630217, 1369.5],
          [9.747256, 46.630164, 1369.0],
          [9.747272, 46.630146, 1368.5],
          [9.747322, 46.630122, 1368.0],
          [9.747359, 46.630116, 1367.5],
          [9.747996, 46.630136, 1367.5],
          [9.748085, 46.630114, 1367.0],
          [9.748166, 46.630130, 1368.0],
          [9.748282, 46.630145, 1369.0],
          [9.748401, 46.630142, 1369.5],
          [9.749634, 46.629887, 1374.5],
          [9.749682, 46.629883, 1374.75],
          [9.749763, 46.629893, 1375.25],
          [9.749791, 46.629908, 1375.5],
          [9.749956, 46.630015, 1375.25],
          [9.750000, 46.630058, 1375.75],
          [9.750038, 46.630103, 1377.0],
          [9.750211, 46.630362, 1380.25],
          [9.750280, 46.630428, 1380.25],
          [9.750351, 46.630483, 1381.0],
          [9.750495, 46.630572, 1381.25],
          [9.750680, 46.630672, 1384.25],
          [9.750780, 46.630718, 1384.0],
          [9.750892, 46.630762, 1383.5],
          [9.751117, 46.630828, 1382.75],
          [9.751272, 46.630853, 1385.25],
          [9.751435, 46.630860, 1385.75],
          [9.751723, 46.630839, 1384.5],
          [9.751801, 46.630841, 1384.5],
          [9.751808, 46.630806, 1384.75],
          [9.751766, 46.630691, 1388.25],
          [9.751690, 46.630656, 1387.5],
          [9.751389, 46.630553, 1384.0],
          [9.751210, 46.630474, 1385.25],
          [9.751094, 46.630383, 1386.75],
          [9.750821, 46.630059, 1389.25],
          [9.750654, 46.629936, 1388.25],
          [9.750479, 46.629828, 1386.25],
          [9.750452, 46.629797, 1386.25],
          [9.750448, 46.629766, 1387.0],
          [9.750506, 46.629656, 1388.25],
          [9.750596, 46.629519, 1388.25],
          [9.750667, 46.629365, 1387.75],
          [9.750696, 46.629265, 1387.25],
          [9.750715, 46.629170, 1386.75],
          [9.750727, 46.628866, 1385.0],
          [9.750754, 46.628729, 1385.0],
          [9.750801, 46.628583, 1384.75],
          [9.750810, 46.628473, 1385.25],
          [9.750671, 46.628467, 1384.25],
          [9.750473, 46.628419, 1382.75],
          [9.750189, 46.628280, 1381.0],
          [9.750076, 46.628224, 1380.75],
          [9.749985, 46.628171, 1380.25],
          [9.749760, 46.628042, 1379.0],
          [9.749711, 46.628013, 1378.75],
          [9.749190, 46.627711, 1377.0],
          [9.749099, 46.627664, 1376.75],
          [9.748968, 46.627600, 1376.5],
          [9.748838, 46.627544, 1376.75],
          [9.748185, 46.627313, 1380.0],
          [9.748275, 46.627215, 1381.0],
          [9.748305, 46.627168, 1381.0],
          [9.748392, 46.627040, 1381.25],
          [9.748426, 46.627005, 1381.25],
          [9.748539, 46.626916, 1381.0],
          [9.748696, 46.626805, 1381.0],
          [9.748762, 46.626747, 1381.0],
          [9.748766, 46.626713, 1381.25],
          [9.748748, 46.626604, 1381.5],
          [9.748660, 46.626565, 1381.0],
          [9.748613, 46.626533, 1381.0],
          [9.748565, 46.626473, 1380.75],
          [9.748492, 46.626346, 1380.5],
          [9.748459, 46.626271, 1380.25],
          [9.748404, 46.626022, 1379.5],
          [9.748401, 46.625974, 1379.5],
          [9.748416, 46.625846, 1379.5],
          [9.748438, 46.625783, 1379.75],
          [9.748534, 46.625656, 1380.5],
          [9.748587, 46.625567, 1380.75],
          [9.748388, 46.625400, 1380.0],
          [9.748399, 46.625333, 1380.0],
          [9.748759, 46.625051, 1376.75],
          [9.748883, 46.624907, 1376.25],
          [9.748954, 46.624796, 1374.75],
          [9.749002, 46.624679, 1374.25],
          [9.749166, 46.624528, 1375.25],
          [9.749248, 46.624416, 1375.25],
          [9.749371, 46.624136, 1375.5],
          [9.749449, 46.623852, 1376.0],
          [9.749665, 46.623659, 1377.25],
          [9.749760, 46.623533, 1378.0],
          [9.749861, 46.623240, 1378.25],
          [9.749975, 46.622845, 1378.75],
          [9.750003, 46.622710, 1379.0],
          [9.750054, 46.622542, 1380.0],
          [9.750206, 46.622319, 1381.25],
          [9.750340, 46.621949, 1382.0],
          [9.750411, 46.621840, 1382.5],
          [9.750480, 46.621759, 1383.0],
          [9.750571, 46.621678, 1383.75],
          [9.750791, 46.621560, 1383.5],
          [9.751054, 46.621402, 1385.25],
          [9.751253, 46.621317, 1386.0],
          [9.751560, 46.621206, 1394.0],
          [9.751907, 46.620866, 1395.0],
          [9.752069, 46.620696, 1396.25],
          [9.752175, 46.620550, 1394.0],
          [9.753062, 46.619098, 1406.0],
          [9.753191, 46.618924, 1411.0],
          [9.753300, 46.618804, 1413.5],
          [9.753363, 46.618745, 1413.5],
          [9.753604, 46.618560, 1413.75],
          [9.754183, 46.618178, 1416.25],
          [9.754267, 46.618138, 1416.5],
          [9.754342, 46.618115, 1417.0],
          [9.754429, 46.618101, 1417.75],
          [9.754498, 46.618098, 1418.0],
          [9.754866, 46.618101, 1418.75],
          [9.755047, 46.618090, 1419.75],
          [9.755220, 46.618060, 1421.25],
          [9.755407, 46.618005, 1423.75],
          [9.755572, 46.617939, 1425.25],
          [9.755639, 46.617906, 1425.5],
          [9.755776, 46.617824, 1425.5],
          [9.755916, 46.617713, 1426.25],
          [9.756035, 46.617588, 1427.5],
          [9.756529, 46.617016, 1430.5],
          [9.756647, 46.616894, 1431.5],
          [9.756786, 46.616779, 1432.5],
          [9.756879, 46.616720, 1433.75],
          [9.757107, 46.616605, 1435.75],
          [9.757612, 46.616377, 1439.5],
          [9.757960, 46.616213, 1441.0],
          [9.758039, 46.616164, 1441.75],
          [9.758116, 46.616099, 1442.75],
          [9.758144, 46.616067, 1443.25],
          [9.758222, 46.615943, 1444.25],
          [9.758297, 46.615724, 1446.25],
          [9.758321, 46.615633, 1447.25],
          [9.758314, 46.615534, 1447.75],
          [9.758297, 46.615468, 1448.75],
          [9.758210, 46.615293, 1449.75],
          [9.758193, 46.615191, 1449.75],
          [9.758198, 46.615147, 1450.25],
          [9.758217, 46.615068, 1451.25],
          [9.758473, 46.614348, 1457.75],
          [9.758686, 46.613843, 1463.25],
          [9.758696, 46.613794, 1464.0],
          [9.758696, 46.613702, 1465.0],
          [9.758653, 46.613479, 1466.75],
          [9.758648, 46.613374, 1468.0],
          [9.758657, 46.613218, 1470.0],
          [9.758628, 46.613042, 1470.75],
          [9.758574, 46.612888, 1471.75],
          [9.758543, 46.612833, 1473.0],
          [9.758445, 46.612710, 1475.75],
          [9.758396, 46.612647, 1476.25],
          [9.758314, 46.612508, 1475.5],
          [9.758295, 46.612442, 1475.25],
          [9.758269, 46.612325, 1475.5],
          [9.758237, 46.612089, 1478.5],
          [9.758151, 46.611746, 1482.25],
          [9.758141, 46.611680, 1483.0],
          [9.758144, 46.611606, 1483.5],
          [9.758167, 46.611520, 1484.25],
          [9.758303, 46.611167, 1488.0],
          [9.758316, 46.611096, 1488.75],
          [9.758314, 46.610987, 1489.75],
          [9.758297, 46.610902, 1490.5],
          [9.758232, 46.610763, 1492.0],
          [9.758003, 46.610442, 1496.25],
          [9.757706, 46.609922, 1502.5],
          [9.757623, 46.609744, 1505.0],
          [9.757433, 46.609237, 1508.5],
          [9.757339, 46.609059, 1511.0],
          [9.757276, 46.608971, 1512.0],
          [9.756995, 46.608635, 1516.25],
          [9.756920, 46.608534, 1517.75],
          [9.756876, 46.608452, 1519.0],
          [9.756843, 46.608358, 1520.5],
          [9.756731, 46.607889, 1524.75],
          [9.756666, 46.607704, 1526.5],
          [9.756555, 46.607535, 1529.25],
          [9.756475, 46.607433, 1530.25],
          [9.756403, 46.607302, 1531.25],
          [9.756385, 46.607143, 1532.75],
          [9.756399, 46.606558, 1538.75],
          [9.756366, 46.606428, 1539.75],
          [9.756342, 46.606383, 1540.0],
          [9.756207, 46.606233, 1542.75],
          [9.755814, 46.605896, 1547.25],
          [9.755670, 46.605728, 1549.75],
          [9.755488, 46.605493, 1551.75],
          [9.755460, 46.605444, 1552.25],
          [9.755420, 46.605319, 1554.0],
          [9.755410, 46.605247, 1555.0],
          [9.755414, 46.605167, 1555.5],
          [9.755452, 46.605026, 1557.75],
          [9.755591, 46.604730, 1557.25],
          [9.755788, 46.604224, 1565.75],
          [9.755845, 46.604071, 1568.0],
          [9.755901, 46.603871, 1573.5],
          [9.755912, 46.603791, 1575.0],
          [9.755906, 46.603697, 1575.75],
          [9.755888, 46.603623, 1575.25],
          [9.755798, 46.603384, 1576.25],
          [9.755741, 46.603279, 1578.0],
          [9.755670, 46.603183, 1579.75],
          [9.755590, 46.603107, 1580.0],
          [9.755507, 46.603045, 1580.25],
          [9.755434, 46.603007, 1581.0],
          [9.755349, 46.602974, 1581.5],
          [9.755256, 46.602950, 1581.75],
          [9.754857, 46.602898, 1585.25],
          [9.754795, 46.602880, 1585.75],
          [9.754750, 46.602846, 1586.25],
          [9.754575, 46.602600, 1589.75],
          [9.754555, 46.602557, 1590.5],
          [9.754551, 46.602526, 1590.5],
          [9.754554, 46.602486, 1591.5],
          [9.754594, 46.602403, 1592.75],
          [9.754726, 46.602239, 1593.5],
          [9.754874, 46.602108, 1595.0],
          [9.754966, 46.602045, 1595.0],
          [9.755071, 46.601991, 1595.5],
          [9.755440, 46.601834, 1598.0],
          [9.755567, 46.601752, 1599.25],
          [9.755620, 46.601706, 1600.25],
          [9.755713, 46.601594, 1602.25],
          [9.755961, 46.601224, 1606.0],
          [9.755997, 46.601170, 1606.75],
          [9.756143, 46.600930, 1609.25],
          [9.756174, 46.600858, 1609.75],
          [9.756260, 46.600610, 1612.75],
          [9.756388, 46.600199, 1618.0],
          [9.756395, 46.600066, 1619.75],
          [9.756342, 46.599747, 1622.75],
          [9.756320, 46.599492, 1625.25],
          [9.756325, 46.599365, 1626.75],
          [9.756370, 46.599234, 1627.5],
          [9.756404, 46.599150, 1627.75],
          [9.756417, 46.599116, 1628.0],
          [9.756465, 46.598980, 1629.75],
          [9.756475, 46.598929, 1630.5],
          [9.756473, 46.598837, 1631.5],
          [9.756459, 46.598789, 1632.25],
          [9.756437, 46.598749, 1632.75],
          [9.756245, 46.598498, 1636.75],
          [9.756191, 46.598406, 1637.75],
          [9.756176, 46.598322, 1638.0],
          [9.756189, 46.598234, 1639.25],
          [9.756235, 46.598142, 1640.0],
          [9.756306, 46.598063, 1641.0],
          [9.756351, 46.598033, 1641.5],
          [9.756450, 46.597987, 1641.75],
          [9.756515, 46.597969, 1641.75],
          [9.756584, 46.597959, 1641.25],
          [9.756735, 46.597952, 1640.5],
          [9.756871, 46.597956, 1640.0],
          [9.756975, 46.597959, 1639.5],
          [9.757186, 46.597964, 1639.0],
          [9.757265, 46.597963, 1639.75],
          [9.757457, 46.597932, 1643.75],
          [9.757591, 46.597888, 1645.5],
          [9.757653, 46.597855, 1646.25],
          [9.757707, 46.597820, 1647.25],
          [9.757806, 46.597721, 1649.0],
          [9.757846, 46.597629, 1649.5],
          [9.757857, 46.597578, 1649.5],
          [9.757854, 46.597430, 1650.5],
          [9.757792, 46.597105, 1654.5],
          [9.757800, 46.597012, 1655.75],
          [9.757813, 46.596971, 1656.5],
          [9.757868, 46.596885, 1655.75],
          [9.758097, 46.596625, 1658.75],
          [9.758130, 46.596577, 1660.25],
          [9.758159, 46.596484, 1662.0],
          [9.758167, 46.596321, 1663.5],
          [9.758187, 46.596192, 1665.5],
          [9.758220, 46.596100, 1666.75],
          [9.758270, 46.596048, 1666.5],
          [9.758418, 46.595971, 1668.0],
          [9.759028, 46.595681, 1677.0],
          [9.759248, 46.595600, 1677.25],
          [9.759658, 46.595464, 1681.75],
          [9.759757, 46.595420, 1683.0],
          [9.759812, 46.595378, 1683.25],
          [9.759904, 46.595281, 1682.0],
          [9.760025, 46.595081, 1685.25],
          [9.760066, 46.594933, 1688.0],
          [9.760064, 46.594829, 1689.25],
          [9.760020, 46.594676, 1690.0],
          [9.759919, 46.594482, 1692.25],
          [9.759877, 46.594426, 1692.5],
          [9.759787, 46.594355, 1693.0],
          [9.759684, 46.594316, 1693.0],
          [9.759568, 46.594283, 1693.5],
          [9.759503, 46.594262, 1693.75],
          [9.759475, 46.594241, 1694.25],
          [9.759469, 46.594213, 1695.25],
          [9.759488, 46.594185, 1696.75],
          [9.759523, 46.594167, 1698.0],
          [9.759568, 46.594156, 1699.0],
          [9.759701, 46.594136, 1701.75],
          [9.759815, 46.594124, 1703.25],
          [9.759962, 46.594114, 1704.75],
          [9.760246, 46.594135, 1704.5],
          [9.760330, 46.594152, 1704.75],
          [9.760357, 46.594165, 1704.75],
          [9.760403, 46.594206, 1705.5],
          [9.760451, 46.594298, 1706.0],
          [9.760483, 46.594418, 1706.0],
          [9.760526, 46.594486, 1705.75],
          [9.760560, 46.594513, 1706.0],
          [9.760696, 46.594589, 1709.75],
          [9.760728, 46.594614, 1710.25],
          [9.760772, 46.594672, 1710.5],
          [9.760787, 46.594711, 1709.75],
          [9.760781, 46.594833, 1710.25],
          [9.760792, 46.594867, 1710.75],
          [9.760941, 46.595115, 1714.5],
          [9.760984, 46.595307, 1715.25],
          [9.761022, 46.595339, 1718.25],
          [9.761067, 46.595345, 1720.25],
          [9.761112, 46.595333, 1721.5],
          [9.761131, 46.595315, 1721.5],
          [9.761136, 46.595300, 1721.0],
          [9.761138, 46.595257, 1720.25],
          [9.761096, 46.595087, 1720.5],
          [9.761098, 46.595020, 1721.25],
          [9.761124, 46.594932, 1722.25],
          [9.761216, 46.594721, 1725.75],
          [9.761245, 46.594632, 1727.75],
          [9.761257, 46.594539, 1729.0],
          [9.761261, 46.594374, 1729.5],
          [9.761281, 46.594323, 1729.5],
          [9.761425, 46.594123, 1732.5],
          [9.761459, 46.594018, 1734.5],
          [9.761559, 46.593336, 1741.25],
          [9.761585, 46.593229, 1743.5],
          [9.761604, 46.593185, 1744.5],
          [9.761655, 46.593102, 1745.5],
          [9.762029, 46.592673, 1746.75],
          [9.762071, 46.592642, 1746.5],
          [9.762126, 46.592621, 1746.25],
          [9.762218, 46.592614, 1746.25],
          [9.762275, 46.592623, 1747.0],
          [9.762371, 46.592662, 1749.0],
          [9.762485, 46.592733, 1752.0],
          [9.762508, 46.592744, 1752.0],
          [9.762602, 46.592761, 1753.5],
          [9.762683, 46.592758, 1754.25],
          [9.762791, 46.592730, 1754.5],
          [9.762951, 46.592669, 1754.25],
          [9.763120, 46.592645, 1754.0],
          [9.763299, 46.592642, 1753.5],
          [9.763706, 46.592657, 1754.0],
          [9.763916, 46.592658, 1754.5],
          [9.764106, 46.592646, 1754.75],
          [9.764432, 46.592596, 1754.25],
          [9.764583, 46.592565, 1753.75],
          [9.764667, 46.592537, 1753.0],
          [9.764744, 46.592496, 1752.25],
          [9.764827, 46.592420, 1753.25],
          [9.764885, 46.592331, 1754.0],
          [9.764967, 46.592163, 1754.75],
          [9.764994, 46.592118, 1755.0],
          [9.765062, 46.592033, 1755.5],
          [9.765183, 46.591924, 1755.75],
          [9.765341, 46.591816, 1756.75],
          [9.765560, 46.591687, 1757.25],
          [9.765727, 46.591609, 1757.75],
          [9.765815, 46.591576, 1758.25],
          [9.765947, 46.591541, 1758.75],
          [9.766070, 46.591524, 1759.5],
          [9.766135, 46.591521, 1759.75],
          [9.766200, 46.591524, 1760.0],
          [9.766343, 46.591546, 1760.75],
          [9.766776, 46.591656, 1760.5],
          [9.766975, 46.591699, 1760.75],
          [9.767259, 46.591728, 1762.25],
          [9.767425, 46.591725, 1763.5],
          [9.767628, 46.591704, 1764.25],
          [9.767851, 46.591668, 1764.5],
          [9.768004, 46.591634, 1765.0],
          [9.768589, 46.591439, 1767.5],
          [9.768695, 46.591412, 1767.0],
          [9.768883, 46.591377, 1766.5],
          [9.769066, 46.591355, 1767.5],
          [9.769238, 46.591345, 1768.25],
          [9.769486, 46.591354, 1769.25],
          [9.769653, 46.591375, 1769.5],
          [9.770350, 46.591528, 1771.5],
          [9.770677, 46.591581, 1772.75],
          [9.770880, 46.591599, 1773.5],
          [9.771779, 46.591644, 1775.5],
          [9.771977, 46.591645, 1775.75],
          [9.772210, 46.591625, 1777.25],
          [9.772382, 46.591592, 1778.0],
          [9.772465, 46.591570, 1778.5],
          [9.772542, 46.591547, 1779.0],
          [9.772738, 46.591474, 1780.25],
          [9.773377, 46.591190, 1781.25],
          [9.774339, 46.590759, 1786.5],
          [9.774541, 46.590667, 1787.25],
          [9.774689, 46.590590, 1787.75],
          [9.774738, 46.590558, 1788.0],
          [9.774825, 46.590480, 1787.75],
          [9.774874, 46.590415, 1788.0],
          [9.774934, 46.590310, 1788.75],
          [9.775049, 46.590108, 1790.0],
          [9.775198, 46.589928, 1790.5],
          [9.775344, 46.589780, 1790.75],
          [9.775398, 46.589730, 1790.75],
          [9.775457, 46.589675, 1791.25],
          [9.775544, 46.589603, 1792.25],
          [9.775588, 46.589575, 1792.75],
          [9.775743, 46.589494, 1794.25],
          [9.775848, 46.589461, 1795.0],
          [9.775987, 46.589446, 1795.5],
          [9.776149, 46.589447, 1796.0],
          [9.776582, 46.589481, 1797.5],
          [9.776725, 46.589476, 1798.25],
          [9.776880, 46.589447, 1799.25],
          [9.777154, 46.589360, 1801.0],
          [9.777542, 46.589223, 1801.5],
          [9.777614, 46.589178, 1801.25],
          [9.777791, 46.589030, 1802.25],
          [9.777864, 46.588978, 1802.75],
          [9.777940, 46.588934, 1803.25],
          [9.778244, 46.588790, 1803.25],
          [9.778403, 46.588688, 1805.25],
          [9.778477, 46.588622, 1806.25],
          [9.778557, 46.588519, 1807.5],
          [9.778711, 46.588232, 1809.75],
          [9.778746, 46.588177, 1809.75],
          [9.778789, 46.588131, 1810.25],
          [9.778838, 46.588093, 1810.75],
          [9.778918, 46.588046, 1811.25],
          [9.779218, 46.587931, 1814.0],
          [9.779258, 46.587911, 1814.5],
          [9.779328, 46.587861, 1814.75],
          [9.779490, 46.587706, 1815.5],
          [9.779586, 46.587600, 1816.5],
          [9.779637, 46.587533, 1816.75],
          [9.779698, 46.587431, 1817.75],
          [9.779898, 46.586928, 1821.0],
          [9.780048, 46.586581, 1822.75],
          [9.780118, 46.586470, 1824.0],
          [9.780205, 46.586372, 1825.5],
          [9.780266, 46.586318, 1827.25],
          [9.780357, 46.586251, 1828.75],
          [9.780483, 46.586177, 1829.25],
          [9.780524, 46.586157, 1829.25],
          [9.780689, 46.586088, 1831.25],
          [9.780779, 46.586063, 1832.25],
          [9.780960, 46.586040, 1834.25],
          [9.781098, 46.586044, 1835.0],
          [9.781593, 46.586087, 1836.25],
          [9.781846, 46.586092, 1838.0],
          [9.782049, 46.586073, 1840.25],
          [9.782278, 46.586030, 1842.5],
          [9.782567, 46.585966, 1843.75],
          [9.782784, 46.585911, 1845.0],
          [9.782912, 46.585862, 1846.0],
          [9.782949, 46.585841, 1846.75],
          [9.783015, 46.585785, 1847.5],
          [9.783165, 46.585605, 1850.25],
          [9.783243, 46.585551, 1851.0],
          [9.783356, 46.585499, 1851.75],
          [9.783876, 46.585340, 1854.5],
          [9.784079, 46.585304, 1856.5],
          [9.784354, 46.585285, 1857.5],
          [9.784683, 46.585263, 1859.0],
          [9.784844, 46.585251, 1859.0],
          [9.784930, 46.585236, 1859.25],
          [9.784967, 46.585213, 1859.5],
          [9.784983, 46.585171, 1860.5],
          [9.784970, 46.585145, 1861.25],
          [9.784933, 46.585124, 1861.75],
          [9.784856, 46.585102, 1862.5],
          [9.784695, 46.585072, 1863.25],
          [9.783892, 46.584930, 1867.5],
          [9.783788, 46.584919, 1868.0],
          [9.783612, 46.584915, 1868.5],
          [9.783530, 46.584920, 1869.25],
          [9.783359, 46.584945, 1870.75],
          [9.782850, 46.585040, 1873.25],
          [9.782672, 46.585082, 1873.5],
          [9.782388, 46.585183, 1874.75],
          [9.782221, 46.585235, 1878.0],
          [9.782164, 46.585246, 1878.25],
          [9.782028, 46.585254, 1878.75],
          [9.781715, 46.585252, 1880.0],
          [9.781400, 46.585259, 1881.75],
          [9.781261, 46.585269, 1882.75],
          [9.781148, 46.585279, 1883.5],
          [9.781004, 46.585288, 1883.5],
          [9.780922, 46.585289, 1883.75],
          [9.780852, 46.585283, 1884.5],
          [9.780708, 46.585251, 1885.0],
          [9.780313, 46.585135, 1884.5],
          [9.780152, 46.585098, 1884.75],
          [9.779977, 46.585076, 1885.5],
          [9.779093, 46.585057, 1891.25],
          [9.778994, 46.585048, 1892.5],
          [9.778924, 46.585030, 1893.25],
          [9.778870, 46.584998, 1894.0],
          [9.778832, 46.584952, 1895.0],
          [9.778817, 46.584900, 1896.0],
          [9.778825, 46.584849, 1896.75],
          [9.778857, 46.584803, 1897.0],
          [9.778926, 46.584760, 1897.0],
          [9.779004, 46.584728, 1897.0],
          [9.779136, 46.584689, 1897.5],
          [9.779336, 46.584657, 1898.0],
          [9.779528, 46.584635, 1898.75],
          [9.779851, 46.584610, 1899.5],
          [9.780021, 46.584587, 1900.0],
          [9.780132, 46.584553, 1900.5],
          [9.780189, 46.584525, 1901.25],
          [9.780278, 46.584467, 1903.0],
          [9.780688, 46.584182, 1907.5],
          [9.780932, 46.584035, 1909.25],
          [9.781309, 46.583802, 1911.75],
          [9.781537, 46.583667, 1913.75],
          [9.781930, 46.583415, 1915.75],
          [9.782051, 46.583352, 1917.25],
          [9.782116, 46.583326, 1918.25],
          [9.782207, 46.583297, 1919.0],
          [9.782404, 46.583252, 1921.0],
          [9.782510, 46.583219, 1921.75],
          [9.782610, 46.583169, 1922.0],
          [9.782834, 46.583019, 1922.75],
          [9.782958, 46.582945, 1923.75],
          [9.783048, 46.582910, 1924.5],
          [9.783164, 46.582889, 1924.75],
          [9.783480, 46.582865, 1927.25],
          [9.783666, 46.582834, 1928.5],
          [9.784055, 46.582730, 1930.25],
          [9.784556, 46.582628, 1933.0],
          [9.785096, 46.582461, 1937.25],
          [9.785308, 46.582409, 1938.75],
          [9.785408, 46.582394, 1939.0],
          [9.785858, 46.582369, 1941.0],
          [9.785985, 46.582370, 1941.25],
          [9.786110, 46.582386, 1942.25],
          [9.786175, 46.582401, 1942.75],
          [9.786546, 46.582522, 1946.25],
          [9.786699, 46.582560, 1947.5],
          [9.787361, 46.582659, 1950.75],
          [9.788317, 46.582798, 1955.75],
          [9.789227, 46.582843, 1961.0],
          [9.789389, 46.582847, 1961.75],
          [9.789538, 46.582843, 1962.25],
          [9.790174, 46.582771, 1966.25],
          [9.790326, 46.582761, 1967.25],
          [9.790490, 46.582762, 1968.5],
          [9.791132, 46.582785, 1972.25],
          [9.791325, 46.582786, 1973.0],
          [9.792222, 46.582772, 1977.5],
          [9.792437, 46.582772, 1979.0],
          [9.792600, 46.582784, 1980.25],
          [9.792933, 46.582826, 1983.25],
          [9.793565, 46.582847, 1986.75],
          [9.793847, 46.582840, 1988.75],
          [9.794046, 46.582817, 1989.75],
          [9.794209, 46.582786, 1990.0],
          [9.794953, 46.582616, 1994.0],
          [9.795159, 46.582580, 1995.5],
          [9.795637, 46.582517, 1998.75],
          [9.795922, 46.582495, 2000.0],
          [9.796138, 46.582490, 2001.0],
          [9.796346, 46.582493, 2002.25],
          [9.796466, 46.582505, 2003.0],
          [9.796972, 46.582602, 2007.5],
          [9.797326, 46.582649, 2009.75],
          [9.797778, 46.582674, 2011.5],
          [9.797898, 46.582673, 2013.5],
          [9.798001, 46.582658, 2014.25],
          [9.798173, 46.582615, 2015.5],
          [9.798533, 46.582488, 2016.25],
          [9.798706, 46.582418, 2017.5],
          [9.798837, 46.582348, 2018.25],
          [9.799498, 46.581966, 2023.0],
          [9.799724, 46.581820, 2024.75],
          [9.799949, 46.581650, 2026.0],
          [9.800022, 46.581570, 2027.0],
          [9.800033, 46.581556, 2027.0],
          [9.800084, 46.581475, 2027.0],
          [9.800137, 46.581400, 2027.0],
          [9.800200, 46.581329, 2028.25],
          [9.800268, 46.581271, 2029.0],
          [9.800656, 46.580994, 2032.25],
          [9.800801, 46.580879, 2032.0],
          [9.800855, 46.580825, 2031.75],
          [9.801118, 46.580523, 2034.75],
          [9.801770, 46.579842, 2040.25],
          [9.801837, 46.579748, 2042.0],
          [9.801873, 46.579653, 2043.0],
          [9.801878, 46.579550, 2044.0],
          [9.801851, 46.579429, 2045.25],
          [9.801786, 46.579319, 2046.0],
          [9.801711, 46.579235, 2047.5],
          [9.801636, 46.579177, 2049.0],
          [9.801500, 46.579108, 2049.25],
          [9.801081, 46.578982, 2052.5],
          [9.801013, 46.578956, 2053.0],
          [9.800920, 46.578906, 2053.25],
          [9.800848, 46.578838, 2054.0],
          [9.800811, 46.578783, 2054.5],
          [9.800758, 46.578663, 2055.25],
          [9.800597, 46.578247, 2061.25],
          [9.800570, 46.578105, 2062.5],
          [9.800572, 46.577980, 2064.0],
          [9.800597, 46.577865, 2065.75],
          [9.800644, 46.577738, 2066.5],
          [9.800912, 46.577116, 2072.0],
          [9.800976, 46.577027, 2073.25],
          [9.801079, 46.576922, 2074.5],
          [9.801201, 46.576821, 2076.5],
          [9.801252, 46.576764, 2077.25],
          [9.801286, 46.576699, 2078.0],
          [9.801303, 46.576572, 2077.25],
          [9.801317, 46.576445, 2076.0],
          [9.801345, 46.576365, 2074.5],
          [9.801363, 46.576343, 2074.75],
          [9.801411, 46.576306, 2075.75],
          [9.801467, 46.576278, 2076.5],
          [9.801686, 46.576183, 2079.25],
          [9.801709, 46.576173, 2079.5],
          [9.801886, 46.576088, 2079.75],
          [9.802232, 46.575905, 2081.25],
          [9.802496, 46.575774, 2086.25],
          [9.802749, 46.575663, 2090.25],
          [9.803095, 46.575544, 2091.0],
          [9.803300, 46.575485, 2093.25],
          [9.803512, 46.575440, 2092.5],
          [9.803623, 46.575433, 2091.5],
          [9.803737, 46.575449, 2094.5],
          [9.803843, 46.575483, 2095.5],
          [9.804223, 46.575654, 2098.5],
          [9.804667, 46.575809, 2103.25],
          [9.804786, 46.575882, 2103.75],
          [9.804881, 46.575976, 2104.75],
          [9.804947, 46.576081, 2105.0],
          [9.805027, 46.576344, 2105.5],
          [9.805050, 46.576381, 2105.75],
          [9.805108, 46.576433, 2103.75],
          [9.805151, 46.576452, 2103.25],
          [9.805209, 46.576467, 2103.5],
          [9.805341, 46.576475, 2105.0],
          [9.805908, 46.576468, 2110.0],
          [9.806077, 46.576475, 2112.25],
          [9.806409, 46.576501, 2114.5],
          [9.806552, 46.576500, 2114.5],
          [9.806695, 46.576471, 2115.5],
          [9.807195, 46.576325, 2120.0],
          [9.807331, 46.576277, 2120.75],
          [9.807673, 46.576129, 2124.5],
          [9.807821, 46.576074, 2125.75],
          [9.808007, 46.576037, 2126.5],
          [9.808271, 46.576012, 2129.25],
          [9.808381, 46.576016, 2130.25],
          [9.808450, 46.576037, 2130.75],
          [9.808521, 46.576088, 2131.0],
          [9.808541, 46.576121, 2131.25],
          [9.808547, 46.576158, 2132.5],
          [9.808543, 46.576189, 2133.0],
          [9.808527, 46.576223, 2133.5],
          [9.808296, 46.576460, 2132.5],
          [9.808266, 46.576504, 2132.25],
          [9.808252, 46.576546, 2132.5],
          [9.808255, 46.576584, 2133.25],
          [9.808272, 46.576625, 2134.25],
          [9.808306, 46.576652, 2135.25],
          [9.808346, 46.576669, 2135.75],
          [9.808441, 46.576691, 2135.0],
          [9.808530, 46.576703, 2134.75],
          [9.808643, 46.576695, 2135.25],
          [9.809377, 46.576477, 2141.0],
          [9.809720, 46.576394, 2144.5],
          [9.810007, 46.576351, 2144.0],
          [9.810064, 46.576337, 2142.75],
          [9.810109, 46.576319, 2142.25],
          [9.810304, 46.576203, 2144.75],
          [9.810404, 46.576151, 2148.5],
          [9.810462, 46.576132, 2150.0],
          [9.810555, 46.576126, 2150.75],
          [9.810640, 46.576144, 2152.0],
          [9.811036, 46.576289, 2153.0],
          [9.811110, 46.576309, 2153.75],
          [9.811176, 46.576322, 2154.0],
          [9.811397, 46.576327, 2159.0],
          [9.811531, 46.576344, 2159.75],
          [9.811650, 46.576385, 2158.0],
          [9.811826, 46.576475, 2158.25],
          [9.811901, 46.576506, 2158.75],
          [9.811989, 46.576533, 2159.75],
          [9.812282, 46.576606, 2162.0],
          [9.812615, 46.576665, 2165.75],
          [9.812717, 46.576709, 2167.25],
          [9.812787, 46.576760, 2168.25],
          [9.812841, 46.576808, 2168.75],
          [9.812870, 46.576845, 2168.5],
          [9.812896, 46.576898, 2167.75],
          [9.812917, 46.576990, 2166.5],
          [9.812959, 46.577116, 2167.25],
          [9.813041, 46.577277, 2169.0],
          [9.813114, 46.577398, 2170.5],
          [9.813156, 46.577453, 2171.0],
          [9.813225, 46.577524, 2170.75],
          [9.813299, 46.577564, 2170.25],
          [9.813492, 46.577622, 2171.5],
          [9.813867, 46.577716, 2176.5],
          [9.813971, 46.577759, 2178.0],
          [9.814012, 46.577788, 2178.75],
          [9.814050, 46.577827, 2179.5],
          [9.814095, 46.577911, 2179.75],
          [9.814107, 46.577958, 2179.75],
          [9.814122, 46.578205, 2179.75],
          [9.814133, 46.578250, 2180.25],
          [9.814189, 46.578366, 2182.25],
          [9.814373, 46.578630, 2184.5],
          [9.814445, 46.578686, 2186.25],
          [9.814559, 46.578731, 2187.5],
          [9.814684, 46.578763, 2188.5],
          [9.816368, 46.579113, 2198.25],
          [9.817639, 46.579395, 2205.25],
          [9.817716, 46.579409, 2205.75],
          [9.817880, 46.579427, 2206.75],
          [9.817990, 46.579428, 2207.5],
          [9.818122, 46.579404, 2207.75],
          [9.818384, 46.579329, 2207.5],
          [9.819065, 46.579110, 2210.0],
          [9.819196, 46.579085, 2210.5],
          [9.819316, 46.579084, 2211.25],
          [9.819446, 46.579106, 2211.5],
          [9.819521, 46.579129, 2212.0],
          [9.819838, 46.579251, 2215.0],
          [9.820056, 46.579322, 2216.5],
          [9.820188, 46.579341, 2215.75],
          [9.820259, 46.579342, 2215.25],
          [9.820365, 46.579330, 2216.0],
          [9.820436, 46.579313, 2216.75],
          [9.820770, 46.579182, 2217.75],
          [9.820888, 46.579140, 2217.25],
          [9.821068, 46.579090, 2217.75],
          [9.821153, 46.579074, 2217.75],
          [9.821340, 46.579047, 2218.25],
          [9.822935, 46.578931, 2224.25],
          [9.823328, 46.578903, 2226.75],
          [9.824204, 46.578823, 2227.75],
          [9.825120, 46.578747, 2232.25],
          [9.826426, 46.578649, 2236.0],
          [9.827343, 46.578583, 2240.25],
          [9.827602, 46.578571, 2241.0],
          [9.827829, 46.578582, 2241.5],
          [9.828081, 46.578620, 2241.75],
          [9.828333, 46.578689, 2241.75],
          [9.828540, 46.578761, 2244.25],
          [9.828714, 46.578839, 2245.0],
          [9.828874, 46.578930, 2243.75],
          [9.829001, 46.579019, 2245.25],
          [9.829104, 46.579118, 2246.0],
          [9.829163, 46.579188, 2246.5],
          [9.829332, 46.579436, 2248.5],
          [9.829417, 46.579544, 2248.75],
          [9.829470, 46.579592, 2249.0],
          [9.829552, 46.579629, 2249.75],
          [9.829715, 46.579668, 2251.5],
          [9.830939, 46.579886, 2256.75],
          [9.831199, 46.579924, 2259.25],
          [9.831398, 46.579946, 2262.0],
          [9.832150, 46.579985, 2267.0],
          [9.832298, 46.580003, 2267.5],
          [9.832395, 46.580025, 2267.75],
          [9.832720, 46.580126, 2270.0],
          [9.832852, 46.580159, 2271.25],
          [9.833061, 46.580194, 2273.0],
          [9.833246, 46.580210, 2273.75],
          [9.833656, 46.580203, 2276.5],
          [9.833773, 46.580223, 2278.25],
          [9.834084, 46.580325, 2283.25],
          [9.834283, 46.580401, 2284.0],
          [9.834401, 46.580460, 2284.25],
          [9.834449, 46.580497, 2284.5],
          [9.834522, 46.580572, 2286.0],
          [9.834655, 46.580730, 2288.25],
          [9.834776, 46.580851, 2288.5],
          [9.834958, 46.580988, 2290.75],
          [9.835137, 46.581085, 2290.5],
          [9.835791, 46.581414, 2296.0],
          [9.835926, 46.581471, 2298.0],
          [9.836135, 46.581541, 2301.0],
          [9.836592, 46.581649, 2302.25],
          [9.837141, 46.581784, 2304.0],
          [9.837361, 46.581851, 2305.75],
          [9.837432, 46.581882, 2306.75],
          [9.837481, 46.581912, 2307.5],
          [9.837565, 46.581993, 2308.75],
          [9.837621, 46.582085, 2309.75],
          [9.837676, 46.582231, 2311.25],
          [9.837715, 46.582348, 2311.75],
          [9.837750, 46.582426, 2311.75],
          [9.837798, 46.582486, 2311.0],
          [9.837918, 46.582575, 2309.75],
          [9.837953, 46.582592, 2309.5],
          [9.837978, 46.582663, 2308.75],
          [9.838011, 46.582686, 2308.5],
          [9.838062, 46.582705, 2308.5],
          [9.838110, 46.582716, 2308.5],
          [9.838175, 46.582719, 2308.5],
          [9.838258, 46.582691, 2308.5],
          [9.838269, 46.582640, 2308.5],
          [9.838311, 46.582558, 2308.25],
          [9.838333, 46.582557, 2308.0],
          [9.838342, 46.582563, 2308.0],
          [9.838358, 46.582592, 2308.25],
          [9.838420, 46.582633, 2308.25],
          [9.838503, 46.582639, 2308.0],
          [9.838656, 46.582577, 2307.5],
          [9.839067, 46.582668, 2308.25],
          [9.839197, 46.582732, 2308.0],
          [9.839292, 46.582755, 2307.5],
          [9.839566, 46.582754, 2307.25],
          [9.839688, 46.582796, 2307.0],
          [9.840130, 46.582805, 2308.5],
          [9.840616, 46.582958, 2309.75],
          [9.840883, 46.582982, 2309.25],
          [9.841168, 46.583046, 2307.0],
          [9.841542, 46.583062, 2305.25],
          [9.842079, 46.583120, 2304.0],
          [9.842175, 46.583169, 2304.25],
          [9.842220, 46.583158, 2304.0],
          [9.842334, 46.583054, 2302.5],
          [9.842597, 46.582915, 2305.0],
          [9.842763, 46.582880, 2304.5],
          [9.842947, 46.582816, 2303.75],
          [9.843041, 46.582797, 2303.0],
          [9.843204, 46.582736, 2302.25],
          [9.843404, 46.582684, 2301.75],
          [9.843204, 46.582736, 2302.25],
          [9.843041, 46.582797, 2303.0],
          [9.842947, 46.582816, 2303.75],
          [9.842763, 46.582880, 2304.5],
          [9.842597, 46.582915, 2305.0],
          [9.842334, 46.583054, 2302.5],
          [9.842220, 46.583158, 2304.0],
          [9.842175, 46.583169, 2304.25],
          [9.842079, 46.583120, 2304.0],
          [9.841542, 46.583062, 2305.25],
          [9.841168, 46.583046, 2307.0],
          [9.840883, 46.582982, 2309.25],
          [9.840616, 46.582958, 2309.75],
          [9.840130, 46.582805, 2308.5],
          [9.839688, 46.582796, 2307.0],
          [9.839566, 46.582754, 2307.25],
          [9.839292, 46.582755, 2307.5],
          [9.839197, 46.582732, 2308.0],
          [9.839067, 46.582668, 2308.25],
          [9.838656, 46.582577, 2307.5],
          [9.838503, 46.582639, 2308.0],
          [9.838420, 46.582633, 2308.25],
          [9.838358, 46.582592, 2308.25],
          [9.838342, 46.582563, 2308.0],
          [9.838333, 46.582557, 2308.0],
          [9.838311, 46.582558, 2308.25],
          [9.838269, 46.582640, 2308.5],
          [9.838258, 46.582691, 2308.5],
          [9.839302, 46.582913, 2307.0],
          [9.841156, 46.583307, 2307.5],
          [9.841290, 46.583330, 2307.25],
          [9.841536, 46.583355, 2307.25],
          [9.841703, 46.583363, 2307.25],
          [9.842116, 46.583361, 2306.25],
          [9.842365, 46.583377, 2305.5],
          [9.842598, 46.583408, 2304.75],
          [9.843274, 46.583528, 2303.0],
          [9.843981, 46.583655, 2301.25],
          [9.846933, 46.584184, 2296.25],
          [9.847107, 46.584222, 2296.25],
          [9.847333, 46.584290, 2296.0],
          [9.848186, 46.584619, 2295.25],
          [9.848375, 46.584681, 2294.75],
          [9.848529, 46.584724, 2295.0],
          [9.848868, 46.584803, 2294.25],
          [9.852469, 46.585512, 2295.75],
          [9.852776, 46.585563, 2296.75],
          [9.853234, 46.585622, 2297.0],
          [9.853485, 46.585646, 2296.25],
          [9.853824, 46.585667, 2296.0],
          [9.854152, 46.585700, 2295.75],
          [9.854356, 46.585743, 2297.0],
          [9.854473, 46.585774, 2297.75],
          [9.854586, 46.585813, 2298.5],
          [9.854692, 46.585853, 2299.25],
          [9.854895, 46.585944, 2299.25],
          [9.855759, 46.586388, 2301.0],
          [9.856035, 46.586520, 2302.0],
          [9.856273, 46.586624, 2302.0],
          [9.856593, 46.586752, 2299.5],
          [9.857665, 46.587115, 2298.0],
          [9.857999, 46.587216, 2296.25],
          [9.858105, 46.587235, 2295.75],
          [9.858200, 46.587242, 2295.5],
          [9.858325, 46.587238, 2295.0],
          [9.858495, 46.587207, 2294.25],
          [9.858653, 46.587147, 2293.5],
          [9.858738, 46.587102, 2292.75],
          [9.858826, 46.587040, 2291.75],
          [9.859025, 46.586863, 2288.75],
          [9.859186, 46.586745, 2287.5],
          [9.859258, 46.586708, 2287.75],
          [9.859433, 46.586645, 2288.5],
          [9.859531, 46.586627, 2288.25],
          [9.859639, 46.586616, 2287.75],
          [9.859754, 46.586613, 2287.25],
          [9.860004, 46.586621, 2286.25],
          [9.860202, 46.586637, 2286.0],
          [9.860632, 46.586702, 2283.5],
          [9.860843, 46.586748, 2282.25],
          [9.862165, 46.587098, 2277.0],
          [9.862610, 46.587207, 2273.5],
          [9.863030, 46.587277, 2271.0],
          [9.864174, 46.587409, 2264.0],
          [9.864454, 46.587455, 2262.0],
          [9.866398, 46.587905, 2261.0],
          [9.866716, 46.587973, 2261.0],
          [9.866888, 46.588002, 2261.75],
          [9.867250, 46.588046, 2262.0],
          [9.867705, 46.588063, 2261.75],
          [9.867869, 46.588059, 2261.5],
          [9.868867, 46.588008, 2260.0],
          [9.868984, 46.588007, 2259.75],
          [9.869074, 46.588013, 2259.25],
          [9.869260, 46.588040, 2257.25],
          [9.869407, 46.588073, 2255.0],
          [9.871716, 46.588616, 2252.75],
          [9.872016, 46.588665, 2251.5],
          [9.872561, 46.588715, 2251.75],
          [9.873484, 46.588791, 2248.5],
          [9.873628, 46.588793, 2247.0],
          [9.873735, 46.588787, 2248.0],
          [9.874393, 46.588722, 2249.75],
          [9.874501, 46.588714, 2249.0],
          [9.874596, 46.588716, 2248.25],
          [9.874744, 46.588730, 2247.0],
          [9.875235, 46.588799, 2240.75],
          [9.875378, 46.588813, 2240.5],
          [9.875530, 46.588806, 2239.75],
          [9.875709, 46.588778, 2238.75],
          [9.875798, 46.588754, 2238.25],
          [9.875997, 46.588680, 2238.0],
          [9.876177, 46.588590, 2236.5],
          [9.876357, 46.588490, 2236.0],
          [9.876428, 46.588459, 2236.0],
          [9.876498, 46.588437, 2235.5],
          [9.876637, 46.588415, 2234.5],
          [9.876804, 46.588411, 2233.5],
          [9.880402, 46.588523, 2209.0],
          [9.880719, 46.588509, 2206.75],
          [9.880927, 46.588488, 2205.75],
          [9.881849, 46.588357, 2200.5],
          [9.883188, 46.588222, 2190.25],
          [9.883326, 46.588210, 2189.75],
          [9.883460, 46.588207, 2189.5],
          [9.883562, 46.588217, 2189.25],
          [9.883689, 46.588247, 2188.75],
          [9.883785, 46.588278, 2187.75],
          [9.883919, 46.588343, 2186.5],
          [9.884032, 46.588431, 2185.25],
          [9.884071, 46.588477, 2184.5],
          [9.884244, 46.588730, 2179.5],
          [9.884296, 46.588792, 2178.5],
          [9.884434, 46.588897, 2180.0],
          [9.884577, 46.588974, 2178.75],
          [9.884651, 46.589005, 2178.25],
          [9.884746, 46.589032, 2177.75],
          [9.884907, 46.589060, 2176.75],
          [9.885071, 46.589065, 2175.75],
          [9.885243, 46.589053, 2174.75],
          [9.885397, 46.589024, 2173.75],
          [9.885461, 46.589001, 2173.0],
          [9.885863, 46.588829, 2169.25],
          [9.885969, 46.588796, 2168.25],
          [9.886083, 46.588775, 2167.5],
          [9.886141, 46.588771, 2167.25],
          [9.886278, 46.588773, 2165.75],
          [9.886403, 46.588785, 2165.0],
          [9.886980, 46.588887, 2162.25],
          [9.887174, 46.588914, 2160.5],
          [9.887777, 46.588963, 2157.0],
          [9.888019, 46.588987, 2155.25],
          [9.888448, 46.589054, 2153.75],
          [9.888573, 46.589067, 2152.25],
          [9.888683, 46.589068, 2152.0],
          [9.888832, 46.589052, 2151.75],
          [9.889171, 46.588986, 2150.5],
          [9.889360, 46.588957, 2148.25],
          [9.891083, 46.588799, 2134.5],
          [9.891296, 46.588773, 2132.75],
          [9.891513, 46.588724, 2131.25],
          [9.891618, 46.588690, 2130.5],
          [9.891717, 46.588651, 2130.25],
          [9.892123, 46.588460, 2127.5],
          [9.892308, 46.588411, 2125.75],
          [9.892558, 46.588371, 2123.5],
          [9.893012, 46.588335, 2121.0],
          [9.893192, 46.588312, 2119.75],
          [9.893634, 46.588228, 2116.5],
          [9.894047, 46.588135, 2113.5],
          [9.894374, 46.588047, 2111.25],
          [9.895028, 46.587856, 2106.75],
          [9.895242, 46.587807, 2104.75],
          [9.895443, 46.587786, 2103.5],
          [9.895559, 46.587785, 2103.0],
          [9.895821, 46.587765, 2100.5],
          [9.895924, 46.587751, 2099.75],
          [9.896036, 46.587727, 2098.75],
          [9.896114, 46.587710, 2098.25],
          [9.897729, 46.587170, 2085.5],
          [9.897947, 46.587126, 2084.0],
          [9.898240, 46.587094, 2081.75],
          [9.898417, 46.587065, 2080.0],
          [9.898922, 46.586971, 2077.0],
          [9.899062, 46.586931, 2076.75],
          [9.899092, 46.586917, 2076.75],
          [9.899117, 46.586894, 2076.25],
          [9.899133, 46.586837, 2074.75],
          [9.899127, 46.586814, 2074.0],
          [9.899101, 46.586788, 2073.5],
          [9.899063, 46.586769, 2073.0],
          [9.899010, 46.586757, 2072.75],
          [9.898943, 46.586756, 2073.0],
          [9.898768, 46.586771, 2072.25],
          [9.898170, 46.586840, 2073.5],
          [9.898071, 46.586839, 2074.0],
          [9.898029, 46.586828, 2073.75],
          [9.897994, 46.586808, 2073.25],
          [9.897971, 46.586782, 2072.5],
          [9.897964, 46.586749, 2071.25],
          [9.897968, 46.586720, 2070.25],
          [9.897986, 46.586693, 2069.0],
          [9.898036, 46.586662, 2067.75],
          [9.898127, 46.586644, 2066.5],
          [9.898391, 46.586613, 2065.0],
          [9.898512, 46.586590, 2064.0],
          [9.899112, 46.586445, 2060.5],
          [9.899420, 46.586414, 2058.0],
          [9.899844, 46.586392, 2054.25],
          [9.900004, 46.586370, 2051.5],
          [9.900111, 46.586346, 2051.25],
          [9.900901, 46.586116, 2045.5],
          [9.901060, 46.586037, 2044.0],
          [9.901140, 46.585983, 2043.5],
          [9.901206, 46.585930, 2043.0],
          [9.901306, 46.585811, 2040.5],
          [9.901397, 46.585676, 2039.5],
          [9.901459, 46.585579, 2037.25],
          [9.901523, 46.585496, 2035.5],
          [9.901579, 46.585441, 2034.5],
          [9.901699, 46.585360, 2033.0],
          [9.901872, 46.585268, 2030.5],
          [9.902832, 46.584834, 2021.5],
          [9.903138, 46.584723, 2018.25],
          [9.903559, 46.584589, 2014.75],
          [9.903775, 46.584507, 2013.0],
          [9.903975, 46.584423, 2011.0],
          [9.905818, 46.583523, 1992.25],
          [9.905888, 46.583495, 1991.25],
          [9.905986, 46.583473, 1990.75],
          [9.906713, 46.583341, 1987.25],
          [9.906833, 46.583321, 1985.25],
          [9.906949, 46.583310, 1984.25],
          [9.907187, 46.583311, 1982.5],
          [9.907311, 46.583322, 1982.5],
          [9.907645, 46.583380, 1981.5],
          [9.907957, 46.583405, 1979.5],
          [9.909523, 46.583462, 1967.25],
          [9.909725, 46.583480, 1966.75],
          [9.909851, 46.583504, 1967.0],
          [9.909982, 46.583535, 1967.25],
          [9.910186, 46.583598, 1965.75],
          [9.910330, 46.583626, 1966.75],
          [9.910374, 46.583624, 1967.75],
          [9.910434, 46.583600, 1967.75],
          [9.910472, 46.583561, 1966.75],
          [9.910480, 46.583540, 1965.75],
          [9.910476, 46.583517, 1964.25],
          [9.910472, 46.583497, 1963.25],
          [9.910433, 46.583462, 1961.0],
          [9.910392, 46.583444, 1960.0],
          [9.910339, 46.583433, 1959.5],
          [9.910062, 46.583406, 1960.25],
          [9.909920, 46.583383, 1959.75],
          [9.909707, 46.583332, 1958.0],
          [9.909591, 46.583296, 1956.25],
          [9.909475, 46.583268, 1955.0],
          [9.908952, 46.583218, 1955.0],
          [9.908859, 46.583201, 1954.25],
          [9.908711, 46.583162, 1953.0],
          [9.908373, 46.583042, 1947.75],
          [9.907583, 46.582744, 1942.25],
          [9.907482, 46.582708, 1941.25],
          [9.907399, 46.582687, 1941.0],
          [9.907288, 46.582671, 1941.25],
          [9.907208, 46.582669, 1941.75],
          [9.906881, 46.582703, 1941.75],
          [9.906841, 46.582694, 1941.0],
          [9.906823, 46.582684, 1940.25],
          [9.906798, 46.582650, 1938.25],
          [9.906796, 46.582625, 1936.75],
          [9.906805, 46.582611, 1936.0],
          [9.906851, 46.582576, 1935.25],
          [9.906933, 46.582535, 1935.75],
          [9.907005, 46.582505, 1934.75],
          [9.907072, 46.582488, 1933.5],
          [9.907188, 46.582482, 1932.75],
          [9.907718, 46.582558, 1930.75],
          [9.908063, 46.582600, 1927.75],
          [9.908376, 46.582625, 1925.25],
          [9.908511, 46.582629, 1924.0],
          [9.908649, 46.582624, 1922.5],
          [9.908724, 46.582617, 1922.0],
          [9.909175, 46.582547, 1918.25],
          [9.909365, 46.582549, 1916.5],
          [9.909483, 46.582569, 1915.75],
          [9.909905, 46.582719, 1913.75],
          [9.909971, 46.582739, 1913.5],
          [9.910031, 46.582744, 1913.25],
          [9.910083, 46.582730, 1913.5],
          [9.910106, 46.582716, 1913.25],
          [9.910132, 46.582685, 1912.75],
          [9.910124, 46.582628, 1911.25],
          [9.910068, 46.582569, 1909.75],
          [9.909938, 46.582435, 1906.75],
          [9.909404, 46.581817, 1897.75],
          [9.909373, 46.581772, 1896.25],
          [9.909355, 46.581729, 1895.0],
          [9.909352, 46.581675, 1893.75],
          [9.909361, 46.581650, 1893.0],
          [9.909395, 46.581612, 1891.75],
          [9.909443, 46.581585, 1891.75],
          [9.909507, 46.581567, 1890.5],
          [9.909579, 46.581566, 1890.0],
          [9.909615, 46.581571, 1890.0],
          [9.909688, 46.581601, 1890.75],
          [9.909884, 46.581726, 1892.25],
          [9.909988, 46.581779, 1892.0],
          [9.910095, 46.581825, 1890.25],
          [9.910210, 46.581863, 1888.0],
          [9.910335, 46.581900, 1886.25],
          [9.911541, 46.582203, 1875.75],
          [9.911630, 46.582215, 1875.0],
          [9.911821, 46.582215, 1873.5],
          [9.912333, 46.582178, 1868.25],
          [9.912511, 46.582186, 1867.25],
          [9.912663, 46.582204, 1866.5],
          [9.912890, 46.582244, 1865.25],
          [9.913029, 46.582275, 1864.75],
          [9.913221, 46.582327, 1863.0],
          [9.913543, 46.582449, 1859.25],
          [9.913647, 46.582478, 1858.25],
          [9.914113, 46.582562, 1853.75],
          [9.914343, 46.582599, 1851.75],
          [9.914476, 46.582614, 1851.0],
          [9.914623, 46.582621, 1850.75],
          [9.914791, 46.582615, 1850.25],
          [9.914880, 46.582606, 1849.75],
          [9.915101, 46.582564, 1848.0],
          [9.915360, 46.582503, 1845.25],
          [9.915996, 46.582347, 1837.5],
          [9.916074, 46.582334, 1837.5],
          [9.916176, 46.582329, 1837.25],
          [9.916297, 46.582343, 1837.0],
          [9.916392, 46.582371, 1837.0],
          [9.916466, 46.582409, 1836.5],
          [9.916667, 46.582537, 1836.0],
          [9.916751, 46.582570, 1835.25],
          [9.916814, 46.582586, 1834.75],
          [9.917677, 46.582725, 1826.25],
          [9.918093, 46.582780, 1823.5],
          [9.918408, 46.582815, 1820.5],
          [9.918600, 46.582851, 1819.5],
          [9.918713, 46.582892, 1818.25],
          [9.918764, 46.582918, 1817.5],
          [9.919085, 46.583101, 1816.5],
          [9.919129, 46.583112, 1816.0],
          [9.919181, 46.583103, 1815.0],
          [9.919229, 46.583072, 1813.25],
          [9.919240, 46.583044, 1812.25],
          [9.919232, 46.583015, 1811.5],
          [9.919184, 46.582967, 1811.0],
          [9.919048, 46.582874, 1811.0],
          [9.918284, 46.582276, 1806.5],
          [9.918200, 46.582185, 1806.0],
          [9.917982, 46.581893, 1805.25],
          [9.917859, 46.581726, 1803.0],
          [9.917820, 46.581659, 1801.5],
          [9.917812, 46.581630, 1800.25],
          [9.917826, 46.581586, 1798.75],
          [9.917863, 46.581553, 1797.5],
          [9.917926, 46.581528, 1797.25],
          [9.917987, 46.581522, 1797.5],
          [9.918049, 46.581532, 1798.5],
          [9.918106, 46.581559, 1798.0],
          [9.918305, 46.581707, 1796.0],
          [9.918433, 46.581776, 1794.0],
          [9.918566, 46.581821, 1792.5],
          [9.919084, 46.581974, 1789.75],
          [9.920259, 46.582332, 1779.0],
          [9.920859, 46.582485, 1774.25],
          [9.921076, 46.582532, 1773.5],
          [9.921121, 46.582535, 1773.0],
          [9.921153, 46.582532, 1772.5],
          [9.921197, 46.582512, 1771.5],
          [9.921218, 46.582476, 1770.5],
          [9.921205, 46.582442, 1770.0],
          [9.921164, 46.582404, 1770.0],
          [9.920866, 46.582179, 1767.5],
          [9.920781, 46.582104, 1766.5],
          [9.920672, 46.581988, 1764.75],
          [9.920232, 46.581421, 1759.25],
          [9.920195, 46.581352, 1758.5],
          [9.920171, 46.581283, 1757.5],
          [9.919991, 46.580604, 1749.75],
          [9.919956, 46.580490, 1747.75],
          [9.919940, 46.580463, 1747.25],
          [9.919878, 46.580394, 1746.0],
          [9.919826, 46.580355, 1745.75],
          [9.919631, 46.580259, 1745.0],
          [9.919555, 46.580206, 1744.5],
          [9.919495, 46.580133, 1743.75],
          [9.919461, 46.580049, 1742.5],
          [9.919433, 46.579911, 1741.25],
          [9.919431, 46.579871, 1741.0],
          [9.919443, 46.579810, 1740.5],
          [9.919481, 46.579741, 1739.75],
          [9.919546, 46.579669, 1738.75],
          [9.919659, 46.579588, 1737.25],
          [9.919805, 46.579531, 1735.75],
          [9.919954, 46.579509, 1734.5],
          [9.920041, 46.579508, 1733.75],
          [9.920116, 46.579515, 1733.0],
          [9.920194, 46.579531, 1732.25],
          [9.920572, 46.579665, 1729.5],
          [9.920971, 46.579813, 1726.75],
          [9.921383, 46.579962, 1723.0],
          [9.921630, 46.580021, 1721.25],
          [9.921882, 46.580064, 1719.25],
          [9.922624, 46.580163, 1712.25],
          [9.922885, 46.580186, 1710.75],
          [9.923018, 46.580181, 1709.5],
          [9.923145, 46.580168, 1708.0],
          [9.923777, 46.580059, 1704.5],
          [9.923929, 46.580030, 1703.25],
          [9.924316, 46.579955, 1699.25],
          [9.924444, 46.579924, 1698.0],
          [9.924571, 46.579885, 1697.25],
          [9.924757, 46.579806, 1696.25],
          [9.924866, 46.579753, 1695.25],
          [9.924951, 46.579702, 1694.25],
          [9.925043, 46.579603, 1692.75],
          [9.925077, 46.579546, 1692.5],
          [9.925212, 46.579273, 1689.75],
          [9.925248, 46.579199, 1688.5],
          [9.925303, 46.579068, 1687.25],
          [9.925330, 46.579036, 1687.0],
          [9.925364, 46.579010, 1686.5],
          [9.925418, 46.578992, 1686.0],
          [9.925473, 46.578979, 1685.25],
          [9.925579, 46.578938, 1684.0],
          [9.925894, 46.578832, 1683.0],
          [9.926031, 46.578795, 1684.5],
          [9.926481, 46.578584, 1686.0],
          [9.926448, 46.578545, 1686.0],
          [9.926152, 46.578185, 1686.0],
          [9.926006, 46.578005, 1685.75],
          [9.925745, 46.577701, 1686.75],
          [9.925709, 46.577671, 1686.5],
          [9.925604, 46.577570, 1686.75],
          [9.925579, 46.577531, 1686.75],
          [9.925537, 46.577467, 1686.75],
          [9.925309, 46.577015, 1686.0],
          [9.925243, 46.577006, 1685.75],
          [9.925161, 46.577004, 1685.5],
          [9.924891, 46.577028, 1684.5],
          [9.924803, 46.577036, 1684.5],
          [9.924720, 46.577034, 1684.25],
          [9.924636, 46.577018, 1684.5],
          [9.924584, 46.576995, 1684.75],
          [9.924486, 46.576946, 1685.5],
          [9.924135, 46.576595, 1685.25],
          [9.923699, 46.576220, 1684.5],
          [9.923416, 46.575996, 1684.0],
          [9.923068, 46.575740, 1685.5],
          [9.922318, 46.575254, 1685.5],
          [9.921928, 46.574990, 1685.75],
          [9.921841, 46.574923, 1685.0],
          [9.921713, 46.574805, 1684.75],
          [9.920805, 46.574072, 1685.75],
          [9.920647, 46.573935, 1685.75],
          [9.919645, 46.573111, 1686.0],
          [9.919222, 46.572756, 1686.5],
          [9.918092, 46.571838, 1686.5],
          [9.916779, 46.570761, 1686.5],
          [9.915353, 46.569572, 1687.0],
          [9.914954, 46.569257, 1687.25],
          [9.914546, 46.568923, 1687.5],
          [9.912989, 46.567629, 1688.0],
          [9.912232, 46.567016, 1688.0],
          [9.911495, 46.566431, 1689.0],
          [9.911273, 46.566243, 1688.75],
          [9.911038, 46.566029, 1688.75],
          [9.910357, 46.565383, 1688.25],
          [9.910019, 46.565025, 1688.0],
          [9.909792, 46.564843, 1688.75],
          [9.909712, 46.564766, 1689.5],
          [9.909667, 46.564687, 1689.5],
          [9.909653, 46.564591, 1689.5],
          [9.909674, 46.564293, 1689.0],
          [9.909727, 46.563751, 1689.0],
          [9.909713, 46.563635, 1689.0],
          [9.909671, 46.563485, 1689.0],
          [9.909523, 46.563218, 1689.0],
          [9.909297, 46.562857, 1689.0],
          [9.908788, 46.561937, 1689.5],
          [9.908354, 46.561281, 1690.0],
          [9.908351, 46.561178, 1690.0],
          [9.908360, 46.561120, 1690.0],
          [9.908377, 46.561083, 1689.75],
          [9.908413, 46.561045, 1689.75],
          [9.908506, 46.560997, 1689.5],
          [9.908577, 46.560968, 1689.5],
          [9.908968, 46.560808, 1689.5],
          [9.909069, 46.560756, 1689.5],
          [9.909125, 46.560720, 1689.25],
          [9.909169, 46.560668, 1689.5],
          [9.909188, 46.560627, 1689.5],
          [9.909189, 46.560595, 1689.75],
          [9.909173, 46.560558, 1689.75],
          [9.908914, 46.560243, 1690.0],
          [9.908590, 46.559801, 1690.0],
          [9.908489, 46.559634, 1690.0],
          [9.908328, 46.559327, 1690.0],
          [9.908249, 46.559164, 1690.0],
          [9.908051, 46.558515, 1690.25],
          [9.907876, 46.557959, 1690.25],
          [9.907872, 46.557901, 1690.25],
          [9.907883, 46.557808, 1690.0],
          [9.907925, 46.557635, 1690.5],
          [9.908089, 46.556825, 1691.0],
          [9.908178, 46.556558, 1691.0],
          [9.908667, 46.555209, 1691.0],
          [9.908694, 46.555139, 1691.0],
          [9.908726, 46.555114, 1691.0],
          [9.908790, 46.555079, 1691.25],
          [9.908816, 46.555063, 1691.5],
          [9.908853, 46.555053, 1691.5],
          [9.908894, 46.555053, 1691.75],
          [9.908896, 46.554931, 1692.25],
          [9.908888, 46.554869, 1692.25],
          [9.908850, 46.554725, 1692.5],
          [9.908779, 46.554589, 1692.25],
          [9.908725, 46.554514, 1692.25],
          [9.908674, 46.554456, 1692.0],
          [9.908299, 46.554092, 1692.0],
          [9.908134, 46.553946, 1692.5],
          [9.908026, 46.553869, 1693.0],
          [9.907934, 46.553813, 1693.0],
          [9.907837, 46.553764, 1693.0],
          [9.907701, 46.553708, 1693.0],
          [9.903634, 46.552124, 1693.75],
          [9.903244, 46.551975, 1693.75],
          [9.902723, 46.551820, 1693.25],
          [9.902716, 46.551711, 1693.75],
          [9.902738, 46.551353, 1694.75],
          [9.902685, 46.551231, 1695.0],
          [9.902591, 46.550968, 1696.0],
          [9.902439, 46.550705, 1696.75],
          [9.902259, 46.550297, 1698.75],
          [9.901964, 46.549969, 1699.25],
          [9.901793, 46.549751, 1699.5],
          [9.901686, 46.549488, 1699.75],
          [9.901504, 46.548995, 1700.25],
          [9.901184, 46.548571, 1700.5],
          [9.901112, 46.548449, 1700.5],
          [9.901057, 46.548358, 1700.5],
          [9.901042, 46.548319, 1700.25],
          [9.901038, 46.548275, 1700.25],
          [9.901047, 46.548176, 1699.75],
          [9.901060, 46.547934, 1699.5],
          [9.901034, 46.547837, 1699.0],
          [9.900993, 46.547781, 1698.5],
          [9.900859, 46.547679, 1697.75],
          [9.900799, 46.547616, 1698.0],
          [9.900772, 46.547565, 1698.0],
          [9.900749, 46.547469, 1698.0],
          [9.900751, 46.547423, 1698.0],
          [9.900824, 46.547127, 1697.0],
          [9.900857, 46.547043, 1697.0],
          [9.900978, 46.546853, 1697.5],
          [9.900997, 46.546807, 1697.5],
          [9.901076, 46.546275, 1697.75],
          [9.901077, 46.546218, 1697.75],
          [9.901070, 46.546092, 1697.75],
          [9.901040, 46.545975, 1698.0],
          [9.900979, 46.545800, 1698.0],
          [9.900880, 46.545573, 1697.5],
          [9.900845, 46.545386, 1697.0],
          [9.900828, 46.545077, 1697.0],
          [9.900784, 46.544920, 1698.25],
          [9.900319, 46.544587, 1699.0],
          [9.899810, 46.544190, 1699.5],
          [9.899396, 46.543901, 1698.5],
          [9.899076, 46.543772, 1698.5],
          [9.898832, 46.543609, 1697.75],
          [9.898528, 46.543569, 1697.5],
          [9.898187, 46.543464, 1698.25],
          [9.897835, 46.543439, 1699.25],
          [9.897498, 46.543379, 1700.5],
          [9.897459, 46.543378, 1700.5],
          [9.897140, 46.543449, 1700.75],
          [9.896861, 46.543473, 1700.75],
          [9.896521, 46.543466, 1700.75],
          [9.896158, 46.543446, 1700.5],
          [9.895485, 46.543343, 1699.5],
          [9.895016, 46.543163, 1698.25],
          [9.894639, 46.543046, 1697.75],
          [9.894266, 46.542900, 1697.75],
          [9.893818, 46.542709, 1698.25],
          [9.893565, 46.542659, 1698.75],
          [9.893378, 46.542639, 1698.5],
          [9.893123, 46.542625, 1697.75],
          [9.893057, 46.542623, 1697.5],
          [9.892884, 46.542609, 1698.5],
          [9.892758, 46.542578, 1699.75],
          [9.892691, 46.542553, 1700.25],
          [9.892637, 46.542524, 1700.75],
          [9.892605, 46.542497, 1701.0],
          [9.892538, 46.542395, 1701.25],
          [9.892504, 46.542322, 1701.5],
          [9.892460, 46.542201, 1701.75],
          [9.892510, 46.542190, 1702.0],
          [9.892544, 46.542175, 1702.25],
          [9.892606, 46.542130, 1702.75],
          [9.892630, 46.542101, 1703.0],
          [9.892652, 46.542059, 1703.25],
          [9.892667, 46.542000, 1703.75],
          [9.892646, 46.541910, 1704.0],
          [9.892586, 46.541858, 1704.0],
          [9.892423, 46.541755, 1704.0],
          [9.892273, 46.541616, 1704.5],
          [9.892180, 46.541347, 1705.25],
          [9.891911, 46.540871, 1706.0],
          [9.891769, 46.540666, 1706.0],
          [9.891588, 46.540414, 1706.25],
          [9.891231, 46.539986, 1704.75],
          [9.890910, 46.539602, 1702.5],
          [9.890653, 46.539183, 1702.5],
          [9.890429, 46.538925, 1702.0],
          [9.890301, 46.538727, 1701.5],
          [9.890227, 46.538572, 1701.75],
          [9.890208, 46.538288, 1703.0],
          [9.890066, 46.538248, 1703.0],
          [9.889928, 46.538228, 1702.0],
          [9.889858, 46.538233, 1701.25],
          [9.889366, 46.538289, 1702.5],
          [9.889351, 46.538245, 1702.25],
          [9.889333, 46.537813, 1701.25],
          [9.889364, 46.537511, 1701.0],
          [9.889414, 46.537167, 1702.0],
          [9.889480, 46.536937, 1702.5],
          [9.889567, 46.536719, 1702.0],
          [9.889717, 46.536401, 1703.75],
          [9.889861, 46.536146, 1701.75],
          [9.890002, 46.535918, 1703.0],
          [9.890476, 46.535208, 1702.75],
          [9.890568, 46.535037, 1703.5],
          [9.890626, 46.534875, 1703.0],
          [9.890711, 46.534512, 1702.5],
          [9.890712, 46.534102, 1702.25],
          [9.890640, 46.533683, 1703.5],
          [9.890570, 46.533467, 1703.75],
          [9.890529, 46.533377, 1703.25],
          [9.890439, 46.533267, 1703.0],
          [9.890332, 46.533158, 1703.5],
          [9.889804, 46.532666, 1703.5],
          [9.889679, 46.532536, 1703.75],
          [9.889573, 46.532388, 1703.75],
          [9.889514, 46.532292, 1704.5],
          [9.889395, 46.532068, 1704.25],
          [9.889260, 46.531836, 1704.0],
          [9.889223, 46.531786, 1704.25],
          [9.889061, 46.531629, 1704.5],
          [9.888904, 46.531491, 1705.0],
          [9.888856, 46.531439, 1705.0],
          [9.888716, 46.531246, 1705.0],
          [9.888539, 46.530965, 1704.25],
          [9.888405, 46.530802, 1704.5],
          [9.888010, 46.530391, 1705.0],
          [9.887731, 46.530026, 1705.25],
          [9.887677, 46.529966, 1705.5],
          [9.887477, 46.529798, 1705.5],
          [9.887344, 46.529701, 1706.0],
          [9.887237, 46.529613, 1706.0],
          [9.887108, 46.529492, 1705.75],
          [9.886639, 46.528886, 1706.75],
          [9.885956, 46.527943, 1706.75],
          [9.885914, 46.527868, 1707.0],
          [9.885872, 46.527768, 1707.25],
          [9.885809, 46.527586, 1707.25],
          [9.885760, 46.527491, 1707.0],
          [9.885637, 46.527301, 1707.25],
          [9.885549, 46.527193, 1707.5],
          [9.885489, 46.527140, 1707.25],
          [9.885080, 46.526841, 1707.75],
          [9.884985, 46.526746, 1707.5],
          [9.884782, 46.526504, 1707.75],
          [9.884103, 46.525563, 1708.25],
          [9.883926, 46.525263, 1709.25],
          [9.883884, 46.525206, 1709.0],
          [9.883792, 46.525119, 1708.5],
          [9.883244, 46.524715, 1709.5],
          [9.883084, 46.524561, 1710.0],
          [9.882947, 46.524378, 1710.0],
          [9.882877, 46.524252, 1710.0],
          [9.882773, 46.524102, 1710.25],
          [9.882609, 46.523950, 1710.25],
          [9.882268, 46.523666, 1710.5],
          [9.881917, 46.523307, 1711.5],
          [9.881475, 46.522911, 1711.0],
          [9.881256, 46.522620, 1711.25],
          [9.881137, 46.522410, 1712.0],
          [9.881002, 46.522206, 1711.25],
          [9.880699, 46.521826, 1711.25],
          [9.880352, 46.521408, 1712.0],
          [9.880063, 46.520995, 1712.0],
          [9.879949, 46.520902, 1712.25],
          [9.879900, 46.520806, 1712.25],
          [9.879636, 46.520465, 1712.5],
          [9.879548, 46.520328, 1712.75],
          [9.879450, 46.520138, 1713.25],
          [9.879341, 46.519880, 1713.25],
          [9.879287, 46.519726, 1713.5],
          [9.879258, 46.519611, 1713.75],
          [9.879196, 46.519101, 1715.5],
          [9.879178, 46.518816, 1715.75],
          [9.879172, 46.518037, 1715.75],
          [9.879220, 46.517705, 1715.5],
          [9.879311, 46.517176, 1715.75],
          [9.879316, 46.517086, 1715.75],
          [9.879308, 46.516972, 1715.75],
          [9.879243, 46.516522, 1717.0],
          [9.879185, 46.516294, 1717.25],
          [9.879148, 46.516181, 1717.25],
          [9.879032, 46.515933, 1717.5],
          [9.878269, 46.514564, 1720.0],
          [9.878131, 46.514366, 1720.5],
          [9.878099, 46.514302, 1721.0],
          [9.878099, 46.514252, 1721.0],
          [9.878114, 46.514145, 1721.0],
          [9.878132, 46.513888, 1720.75],
          [9.878078, 46.513739, 1720.5],
          [9.878013, 46.513516, 1720.25],
          [9.877801, 46.513013, 1723.0],
          [9.877751, 46.512907, 1722.0],
          [9.877689, 46.512819, 1721.5],
          [9.877530, 46.512642, 1723.0],
          [9.877309, 46.512416, 1723.25],
          [9.877225, 46.512285, 1723.75],
          [9.877227, 46.512109, 1724.25],
          [9.877149, 46.511905, 1724.25],
          [9.877087, 46.511579, 1724.25],
          [9.877079, 46.511539, 1724.75],
          [9.877114, 46.511497, 1725.25],
          [9.877246, 46.511238, 1726.75],
          [9.877302, 46.511185, 1727.0],
          [9.877433, 46.511136, 1726.75],
          [9.877501, 46.511095, 1727.25],
          [9.877569, 46.511032, 1727.25],
          [9.877596, 46.510998, 1727.25],
          [9.877883, 46.510488, 1728.75],
          [9.878562, 46.509601, 1731.0],
          [9.878636, 46.509490, 1731.5],
          [9.878836, 46.509077, 1731.75],
          [9.878915, 46.508834, 1731.75],
          [9.878967, 46.508722, 1731.5],
          [9.879296, 46.508282, 1730.25],
          [9.879457, 46.508115, 1730.25],
          [9.880243, 46.507774, 1731.25],
          [9.880768, 46.507437, 1731.75],
          [9.881307, 46.507079, 1732.0],
          [9.881932, 46.506747, 1733.25],
          [9.881980, 46.506722, 1733.5],
          [9.882217, 46.506632, 1734.75],
          [9.882472, 46.506544, 1736.25],
          [9.882757, 46.506437, 1736.5],
          [9.883097, 46.506364, 1739.5],
          [9.883629, 46.506179, 1743.0],
          [9.883980, 46.506027, 1741.75],
          [9.884152, 46.505859, 1742.75],
          [9.884347, 46.505490, 1741.5],
          [9.884448, 46.505275, 1742.0],
          [9.884533, 46.505124, 1742.75],
          [9.884669, 46.504952, 1742.5],
          [9.884801, 46.504767, 1744.0],
          [9.884937, 46.504441, 1745.5],
          [9.884942, 46.504235, 1745.25],
          [9.884943, 46.504174, 1745.25],
          [9.885004, 46.503886, 1745.0],
          [9.884953, 46.503572, 1747.5],
          [9.885094, 46.503200, 1748.5],
          [9.885155, 46.503111, 1749.0],
          [9.885294, 46.502985, 1749.75],
          [9.885421, 46.502871, 1750.25],
          [9.885747, 46.502569, 1751.0],
          [9.885843, 46.502382, 1751.25],
          [9.885956, 46.502241, 1751.75],
          [9.886523, 46.501742, 1749.0],
          [9.887072, 46.500883, 1750.0],
          [9.887227, 46.500624, 1749.25],
          [9.887444, 46.500288, 1752.0],
          [9.887749, 46.499856, 1753.0],
          [9.888293, 46.499005, 1755.0],
          [9.888470, 46.498743, 1755.5],
          [9.888654, 46.498518, 1756.0],
          [9.889036, 46.498083, 1757.75],
          [9.889989, 46.496908, 1762.25],
          [9.890345, 46.496334, 1766.5],
          [9.890706, 46.496042, 1764.75],
          [9.890966, 46.495756, 1765.0],
          [9.891477, 46.495133, 1764.75],
          [9.891920, 46.494637, 1767.0],
          [9.892422, 46.494183, 1768.25],
          [9.892977, 46.493752, 1769.0],
          [9.893200, 46.493556, 1769.25],
          [9.893410, 46.493338, 1769.75],
          [9.893473, 46.493370, 1769.5],
          [9.893539, 46.493403, 1768.75],
          [9.893599, 46.493434, 1768.0],
          [9.893674, 46.493441, 1767.5],
          [9.893730, 46.493434, 1767.25],
          [9.893779, 46.493412, 1767.25],
          [9.893817, 46.493381, 1767.5],
          [9.893873, 46.493317, 1768.25],
          [9.894257, 46.492803, 1771.0],
          [9.894327, 46.492730, 1771.25],
          [9.894420, 46.492636, 1771.5],
          [9.894493, 46.492579, 1772.0],
          [9.894724, 46.492444, 1773.0],
          [9.895115, 46.492151, 1772.75],
          [9.895474, 46.491825, 1772.75],
          [9.895537, 46.491816, 1772.25],
          [9.895605, 46.491776, 1772.25],
          [9.895640, 46.491722, 1772.5],
          [9.895686, 46.491593, 1773.25],
          [9.896093, 46.491186, 1773.25],
          [9.896189, 46.491089, 1773.25],
          [9.896237, 46.491041, 1773.25],
          [9.896633, 46.490643, 1773.25],
          [9.896661, 46.490615, 1773.5],
          [9.896946, 46.490344, 1773.5],
          [9.897027, 46.490297, 1773.75],
          [9.897096, 46.490273, 1774.0],
          [9.897181, 46.490256, 1774.0],
          [9.897309, 46.490250, 1774.25],
          [9.897531, 46.490279, 1774.0],
          [9.897607, 46.490288, 1772.0],
          [9.898177, 46.490356, 1774.0],
          [9.898285, 46.490371, 1776.5],
          [9.898372, 46.490397, 1777.75],
          [9.898511, 46.490487, 1778.0],
          [9.898602, 46.490454, 1779.0],
          [9.898662, 46.490442, 1779.5],
          [9.898768, 46.490432, 1780.5],
          [9.898830, 46.490432, 1781.25],
          [9.899263, 46.490483, 1782.0],
          [9.899434, 46.490502, 1782.25],
          [9.899641, 46.490515, 1782.75],
          [9.899639, 46.490383, 1783.5],
          [9.899632, 46.490301, 1783.75],
          [9.899598, 46.490275, 1784.0],
          [9.899287, 46.490230, 1784.5],
          [9.899317, 46.490208, 1785.0],
          [9.899343, 46.490198, 1785.25],
          [9.899464, 46.490172, 1786.25],
          [9.899659, 46.490045, 1789.5],
          [9.899785, 46.489875, 1793.5],
          [9.900034, 46.489854, 1795.5],
          [9.900314, 46.489769, 1798.0],
          [9.900501, 46.489686, 1800.5],
          [9.900648, 46.489591, 1802.0],
          [9.900780, 46.489483, 1803.25],
          [9.900836, 46.489458, 1803.75],
          [9.900905, 46.489449, 1804.25],
          [9.901191, 46.489443, 1806.5],
          [9.901447, 46.489401, 1809.0],
          [9.901851, 46.489426, 1810.0],
          [9.901963, 46.489394, 1810.75],
          [9.902062, 46.489341, 1811.25],
          [9.902391, 46.489086, 1815.0],
          [9.902435, 46.489000, 1816.0],
          [9.902499, 46.488702, 1817.0],
          [9.902498, 46.488569, 1816.75],
          [9.902463, 46.488413, 1816.5],
          [9.902467, 46.488334, 1816.25],
          [9.902592, 46.487960, 1813.25],
          [9.902665, 46.487875, 1813.0],
          [9.902752, 46.487833, 1812.75],
          [9.902817, 46.487817, 1813.0],
          [9.902871, 46.487819, 1813.25],
          [9.902942, 46.487809, 1814.0],
          [9.903323, 46.487915, 1816.75],
          [9.903482, 46.487927, 1817.75],
          [9.903605, 46.487922, 1818.75],
          [9.903693, 46.487899, 1819.0],
          [9.903767, 46.487855, 1819.75],
          [9.903871, 46.487726, 1822.0],
          [9.904053, 46.487574, 1822.0],
          [9.904168, 46.487505, 1820.75],
          [9.904598, 46.487320, 1819.75],
          [9.904649, 46.487286, 1819.5],
          [9.904963, 46.486985, 1818.0],
          [9.904945, 46.486878, 1819.0],
          [9.904946, 46.486686, 1819.5],
          [9.905073, 46.486384, 1821.0],
          [9.905146, 46.486316, 1820.75],
          [9.905334, 46.486179, 1820.75],
          [9.905644, 46.486035, 1819.25],
          [9.905758, 46.485992, 1818.5],
          [9.905831, 46.485942, 1818.25],
          [9.906169, 46.485631, 1818.75],
          [9.906215, 46.485605, 1818.25],
          [9.906288, 46.485581, 1817.25],
          [9.906448, 46.485553, 1815.0],
          [9.906525, 46.485531, 1814.25],
          [9.906708, 46.485439, 1813.25],
          [9.906761, 46.485401, 1813.25],
          [9.906808, 46.485356, 1813.25],
          [9.906980, 46.485082, 1814.0],
          [9.907178, 46.484857, 1815.0],
          [9.907479, 46.484497, 1817.75],
          [9.907667, 46.484354, 1818.5],
          [9.907915, 46.484223, 1819.75],
          [9.908121, 46.484135, 1820.75],
          [9.908367, 46.484067, 1820.0],
          [9.909680, 46.483765, 1821.25],
          [9.909747, 46.483757, 1821.25],
          [9.909810, 46.483759, 1821.0],
          [9.909984, 46.483787, 1819.75],
          [9.910069, 46.483787, 1819.75],
          [9.910190, 46.483774, 1819.75],
          [9.910344, 46.483742, 1820.25],
          [9.910499, 46.483701, 1820.0],
          [9.910644, 46.483652, 1819.75],
          [9.910805, 46.483584, 1819.5],
          [9.910924, 46.483521, 1820.0],
          [9.911122, 46.483396, 1820.25],
          [9.911473, 46.483110, 1821.75],
          [9.911690, 46.482862, 1822.75],
          [9.911747, 46.482815, 1823.0],
          [9.911827, 46.482766, 1823.0],
          [9.912243, 46.482555, 1821.75],
          [9.912611, 46.482314, 1822.5],
          [9.912686, 46.482238, 1822.75],
          [9.912919, 46.481877, 1823.75],
          [9.913015, 46.481772, 1823.75],
          [9.913413, 46.481419, 1824.75],
          [9.913568, 46.481311, 1825.25],
          [9.914229, 46.480912, 1825.5],
          [9.914478, 46.480786, 1826.0],
          [9.914420, 46.480746, 1826.5],
          [9.914249, 46.480622, 1828.5],
          [9.914914, 46.480260, 1833.75],
          [9.915051, 46.480168, 1834.75],
          [9.915629, 46.479672, 1834.5],
          [9.915764, 46.479457, 1834.75],
          [9.916034, 46.479152, 1838.25],
          [9.916290, 46.478878, 1837.75],
          [9.916752, 46.478527, 1839.5],
          [9.916844, 46.478409, 1839.25],
          [9.917074, 46.477976, 1839.5],
          [9.917114, 46.477884, 1839.25],
          [9.917446, 46.477374, 1836.75],
          [9.917529, 46.477219, 1838.25],
          [9.917588, 46.476948, 1840.25],
          [9.917616, 46.476683, 1841.0],
          [9.917633, 46.476162, 1846.0],
          [9.917616, 46.475915, 1847.0],
          [9.917625, 46.475826, 1846.75],
          [9.917652, 46.475682, 1847.0],
          [9.917790, 46.475451, 1845.0],
          [9.917886, 46.475314, 1845.75],
          [9.918122, 46.475108, 1847.25],
          [9.918404, 46.474937, 1847.0],
          [9.919691, 46.474380, 1847.75],
          [9.919839, 46.474237, 1848.75],
          [9.920492, 46.473237, 1849.0],
          [9.920629, 46.473038, 1848.25],
          [9.920781, 46.472836, 1846.5],
          [9.920908, 46.472699, 1845.75],
          [9.921460, 46.472791, 1841.5],
          [9.921934, 46.472802, 1840.75],
          [9.922974, 46.472739, 1842.0],
          [9.923102, 46.472745, 1842.0],
          [9.923217, 46.472771, 1842.0],
          [9.923269, 46.472783, 1841.75],
          [9.923353, 46.472786, 1842.0],
          [9.923686, 46.472708, 1842.25],
          [9.923822, 46.472666, 1842.75],
          [9.923893, 46.472637, 1842.75],
          [9.923955, 46.472600, 1842.75],
          [9.924142, 46.472463, 1843.0],
          [9.924392, 46.472264, 1843.0],
          [9.924793, 46.472018, 1842.75],
          [9.924980, 46.471863, 1843.25],
          [9.925053, 46.471836, 1842.75],
          [9.925102, 46.471837, 1842.5],
          [9.925315, 46.471841, 1841.25],
          [9.925692, 46.471880, 1843.25],
          [9.925734, 46.471791, 1843.25],
          [9.925761, 46.471734, 1843.0],
          [9.925779, 46.471697, 1843.0],
          [9.925997, 46.471261, 1846.25],
          [9.926207, 46.470894, 1848.75],
          [9.926251, 46.470841, 1849.25],
          [9.926363, 46.470746, 1850.25],
          [9.926658, 46.470551, 1851.75],
          [9.926679, 46.470504, 1851.5],
          [9.926700, 46.470491, 1851.75],
          [9.926809, 46.470452, 1852.5],
          [9.926837, 46.470422, 1852.75],
          [9.926876, 46.470386, 1853.0],
          [9.926883, 46.470293, 1853.0],
          [9.926828, 46.470008, 1853.25],
          [9.926804, 46.469928, 1853.25],
          [9.926545, 46.469486, 1854.25],
          [9.926532, 46.469426, 1854.5],
          [9.926539, 46.469354, 1854.75],
          [9.926633, 46.469128, 1855.75],
          [9.926680, 46.469070, 1855.5],
          [9.926716, 46.469044, 1855.5],
          [9.926767, 46.469023, 1855.75],
          [9.926900, 46.469003, 1857.0],
          [9.926941, 46.468990, 1857.5],
          [9.927188, 46.468870, 1859.25],
          [9.927399, 46.468739, 1858.0],
          [9.927942, 46.468437, 1858.5],
          [9.928484, 46.468126, 1861.0],
          [9.928810, 46.467896, 1860.5],
          [9.928883, 46.467832, 1860.25],
          [9.928958, 46.467728, 1860.25],
          [9.929121, 46.467543, 1860.25],
          [9.929225, 46.467035, 1859.0],
          [9.929425, 46.466748, 1859.0],
          [9.929572, 46.466617, 1859.25],
          [9.929777, 46.466324, 1859.0],
          [9.930313, 46.465769, 1859.75],
          [9.930764, 46.465437, 1860.0],
          [9.930785, 46.465382, 1859.75],
          [9.931542, 46.464799, 1860.25],
          [9.932099, 46.464301, 1860.75],
          [9.932412, 46.464078, 1862.5],
          [9.932341, 46.463823, 1862.25],
          [9.932356, 46.463670, 1862.25],
          [9.932495, 46.463578, 1862.75],
          [9.932607, 46.463517, 1862.75],
          [9.932658, 46.463468, 1862.75],
          [9.932674, 46.463436, 1862.75],
          [9.932730, 46.463164, 1862.5],
          [9.932785, 46.463181, 1863.0],
          [9.933027, 46.463184, 1863.75],
          [9.933100, 46.463179, 1864.0],
          [9.933683, 46.463103, 1865.0],
          [9.933801, 46.463073, 1865.0],
          [9.934122, 46.462934, 1865.5],
          [9.934166, 46.462903, 1865.5],
          [9.934668, 46.462454, 1867.0],
          [9.934769, 46.462350, 1868.25],
          [9.934954, 46.462099, 1867.75],
          [9.935121, 46.462169, 1869.25],
          [9.935303, 46.462376, 1873.25],
          [9.935309, 46.462482, 1875.0],
          [9.935321, 46.462747, 1879.5],
          [9.935285, 46.462834, 1880.0],
          [9.935288, 46.462862, 1880.25],
          [9.935308, 46.462904, 1880.5],
          [9.935660, 46.462669, 1881.25],
          [9.935935, 46.462512, 1882.75],
          [9.936295, 46.462348, 1884.5],
          [9.937641, 46.461880, 1891.5],
          [9.937844, 46.461799, 1893.0],
          [9.938531, 46.461477, 1897.75],
          [9.938768, 46.461346, 1898.75],
          [9.938859, 46.461279, 1899.5],
          [9.939005, 46.461100, 1901.0],
          [9.939127, 46.460921, 1902.5],
          [9.939288, 46.460743, 1904.0],
          [9.939482, 46.460546, 1906.25],
          [9.939689, 46.460357, 1907.75],
          [9.939820, 46.460224, 1909.25],
          [9.939976, 46.460041, 1910.75],
          [9.940209, 46.459672, 1913.25],
          [9.940262, 46.459566, 1913.5],
          [9.940383, 46.459269, 1918.0],
          [9.940504, 46.459030, 1920.25],
          [9.940607, 46.458910, 1921.25],
          [9.940783, 46.458731, 1922.75],
          [9.940983, 46.458532, 1922.25],
          [9.941195, 46.458349, 1923.75],
          [9.941247, 46.458264, 1924.75],
          [9.941271, 46.458183, 1925.75],
          [9.941274, 46.458141, 1926.25],
          [9.941265, 46.458088, 1926.25],
          [9.941180, 46.457864, 1926.75],
          [9.941168, 46.457710, 1927.75],
          [9.941181, 46.457650, 1928.0],
          [9.941278, 46.457482, 1930.5],
          [9.941321, 46.457435, 1931.0],
          [9.941447, 46.457325, 1932.0],
          [9.941864, 46.457054, 1931.5],
          [9.942050, 46.456911, 1933.0],
          [9.942185, 46.456749, 1934.5],
          [9.942245, 46.456690, 1935.75],
          [9.942278, 46.456672, 1936.25],
          [9.942321, 46.456668, 1937.0],
          [9.942363, 46.456675, 1938.0],
          [9.942387, 46.456687, 1938.75],
          [9.942419, 46.456725, 1940.5],
          [9.942424, 46.456750, 1941.25],
          [9.942392, 46.456835, 1942.25],
          [9.942137, 46.457151, 1941.25],
          [9.942044, 46.457279, 1942.0],
          [9.942006, 46.457374, 1943.25],
          [9.941988, 46.457488, 1945.25],
          [9.941987, 46.457555, 1945.25],
          [9.942009, 46.457728, 1945.25],
          [9.942081, 46.457978, 1945.25],
          [9.942116, 46.458055, 1945.75],
          [9.942183, 46.458124, 1948.0],
          [9.942224, 46.458141, 1949.25],
          [9.942274, 46.458150, 1950.25],
          [9.942311, 46.458148, 1950.75],
          [9.942355, 46.458134, 1951.5],
          [9.942382, 46.458115, 1951.75],
          [9.942421, 46.458051, 1951.75],
          [9.942445, 46.457808, 1953.0],
          [9.942489, 46.457697, 1953.75],
          [9.942558, 46.457595, 1955.0],
          [9.942677, 46.457459, 1956.5],
          [9.942734, 46.457397, 1957.25],
          [9.942784, 46.457337, 1958.0],
          [9.942815, 46.457281, 1958.0],
          [9.942910, 46.457070, 1958.25],
          [9.942987, 46.456962, 1959.5],
          [9.943037, 46.456919, 1960.0],
          [9.943092, 46.456874, 1960.0],
          [9.943263, 46.456777, 1961.25],
          [9.943483, 46.456667, 1964.0],
          [9.944119, 46.456385, 1968.0],
          [9.944206, 46.456340, 1968.5],
          [9.944337, 46.456255, 1969.5],
          [9.944438, 46.456159, 1971.0],
          [9.944523, 46.456043, 1972.25],
          [9.944596, 46.455893, 1973.0],
          [9.944730, 46.455542, 1975.75],
          [9.944823, 46.455373, 1976.25],
          [9.944929, 46.455272, 1978.0],
          [9.945130, 46.455141, 1979.5],
          [9.945393, 46.454992, 1981.75],
          [9.945530, 46.454903, 1982.25],
          [9.945659, 46.454808, 1983.25],
          [9.945790, 46.454693, 1984.25],
          [9.945907, 46.454568, 1985.75],
          [9.946276, 46.454112, 1990.25],
          [9.946408, 46.453971, 1991.25],
          [9.946493, 46.453891, 1991.75],
          [9.946610, 46.453805, 1992.25],
          [9.946720, 46.453746, 1993.25],
          [9.946885, 46.453679, 1995.25],
          [9.948567, 46.453161, 2005.5],
          [9.948900, 46.453058, 2008.0],
          [9.949058, 46.453001, 2008.5],
          [9.949152, 46.452956, 2008.75],
          [9.949228, 46.452908, 2009.25],
          [9.949627, 46.452576, 2011.5],
          [9.949713, 46.452524, 2013.0],
          [9.949792, 46.452493, 2013.5],
          [9.949878, 46.452465, 2013.5],
          [9.949980, 46.452444, 2014.0],
          [9.950078, 46.452436, 2014.5],
          [9.950256, 46.452441, 2015.25],
          [9.951036, 46.452585, 2019.0],
          [9.951238, 46.452600, 2019.25],
          [9.951381, 46.452598, 2019.25],
          [9.951498, 46.452591, 2019.75],
          [9.951620, 46.452572, 2019.75],
          [9.951815, 46.452523, 2019.75],
          [9.951938, 46.452484, 2019.75],
          [9.952199, 46.452377, 2020.5],
          [9.952303, 46.452320, 2020.5],
          [9.952451, 46.452223, 2020.25],
          [9.952594, 46.452108, 2020.25],
          [9.952919, 46.451751, 2020.25],
          [9.953538, 46.451039, 2021.0],
          [9.953721, 46.450855, 2020.75],
          [9.953663, 46.450828, 2020.25],
          [9.953405, 46.450699, 2021.0],
          [9.953239, 46.450634, 2021.5],
          [9.953190, 46.450625, 2021.5],
          [9.953056, 46.450625, 2021.5],
          [9.953396, 46.450260, 2022.75],
          [9.953681, 46.449928, 2023.0],
          [9.953913, 46.449748, 2023.75],
          [9.954508, 46.449421, 2024.0],
          [9.955043, 46.449172, 2025.75],
          [9.955842, 46.448776, 2027.0],
          [9.956127, 46.448662, 2027.5],
          [9.956255, 46.448587, 2027.75],
          [9.956707, 46.448463, 2028.25],
          [9.956950, 46.448379, 2027.25],
          [9.957276, 46.448134, 2028.0],
          [9.957706, 46.448025, 2027.75],
          [9.957795, 46.447975, 2028.25],
          [9.958077, 46.447921, 2029.5],
          [9.958468, 46.447768, 2031.25],
          [9.958657, 46.447712, 2032.0],
          [9.958843, 46.447681, 2032.25],
          [9.959032, 46.447678, 2032.5],
          [9.959316, 46.447728, 2034.0],
          [9.959528, 46.447740, 2034.75],
          [9.959758, 46.447636, 2037.25],
          [9.959973, 46.447611, 2037.25],
          [9.960154, 46.447626, 2036.75],
          [9.960336, 46.447618, 2036.25],
          [9.960496, 46.447578, 2034.75],
          [9.960720, 46.447446, 2034.75],
          [9.960905, 46.447310, 2034.5],
          [9.961032, 46.447265, 2034.25],
          [9.961533, 46.447286, 2033.75],
          [9.961912, 46.447116, 2034.25],
          [9.962444, 46.446942, 2035.0],
          [9.962689, 46.446880, 2035.25],
          [9.962780, 46.446836, 2035.5],
          [9.962893, 46.446744, 2036.5],
          [9.963100, 46.446686, 2036.5],
          [9.963251, 46.446570, 2038.25],
          [9.963391, 46.446504, 2038.75],
          [9.963653, 46.446394, 2036.75],
          [9.963941, 46.446372, 2037.5],
          [9.964099, 46.446306, 2039.0],
          [9.964322, 46.446264, 2039.0],
          [9.964926, 46.446121, 2037.75],
          [9.965041, 46.446055, 2039.5],
          [9.965166, 46.445994, 2040.5],
          [9.965590, 46.445902, 2039.5],
          [9.966053, 46.445812, 2040.25],
          [9.966488, 46.445688, 2040.75],
          [9.966937, 46.445542, 2043.0],
          [9.967167, 46.445480, 2043.25],
          [9.968053, 46.445277, 2044.75],
          [9.968289, 46.445218, 2045.75],
          [9.968755, 46.445034, 2046.0],
          [9.968936, 46.444999, 2046.0],
          [9.969011, 46.444964, 2046.5],
          [9.969043, 46.444945, 2047.0],
          [9.969672, 46.444891, 2048.25],
          [9.969705, 46.444891, 2048.25],
          [9.969706, 46.444904, 2048.0],
          [9.969709, 46.444922, 2047.5],
          [9.969719, 46.444958, 2046.75],
          [9.969724, 46.444976, 2046.5],
          [9.969728, 46.444993, 2046.0],
          [9.969748, 46.445071, 2045.75],
          [9.969808, 46.445062, 2046.0],
          [9.969971, 46.445040, 2046.75],
          [9.970385, 46.444986, 2047.5],
          [9.970912, 46.444901, 2049.5],
          [9.971210, 46.444839, 2050.25],
          [9.971460, 46.444775, 2051.25],
          [9.971662, 46.444716, 2053.0],
          [9.971959, 46.444616, 2053.75],
          [9.972187, 46.444524, 2054.25],
          [9.972559, 46.444338, 2056.0],
          [9.972815, 46.444187, 2056.75],
          [9.973032, 46.444026, 2058.0],
          [9.973594, 46.443581, 2059.25],
          [9.973689, 46.443514, 2059.0],
          [9.973980, 46.443339, 2060.0],
          [9.974211, 46.443227, 2059.75],
          [9.974322, 46.443180, 2060.25],
          [9.974895, 46.442971, 2061.5],
          [9.975256, 46.442847, 2062.25],
          [9.975458, 46.442783, 2063.5],
          [9.975731, 46.442718, 2063.5],
          [9.975860, 46.442696, 2063.25],
          [9.975962, 46.442687, 2063.25],
          [9.976142, 46.442682, 2063.5],
          [9.976461, 46.442704, 2065.25],
          [9.976678, 46.442741, 2066.0],
          [9.977306, 46.442867, 2068.0],
          [9.977600, 46.442908, 2070.25],
          [9.977730, 46.442920, 2070.75],
          [9.977971, 46.442930, 2069.5],
          [9.978143, 46.442928, 2069.0],
          [9.978454, 46.442904, 2069.75],
          [9.978593, 46.442887, 2070.25],
          [9.978903, 46.442785, 2072.75],
          [9.979399, 46.442697, 2074.25],
          [9.979596, 46.442650, 2075.0],
          [9.979684, 46.442622, 2075.5],
          [9.979928, 46.442506, 2076.25],
          [9.980218, 46.442361, 2076.5],
          [9.980510, 46.442225, 2077.75],
          [9.980631, 46.442180, 2078.0],
          [9.982648, 46.441907, 2081.0],
          [9.983195, 46.441834, 2081.0],
          [9.983276, 46.441848, 2080.5],
          [9.983319, 46.441886, 2080.25],
          [9.983365, 46.441982, 2080.0],
          [9.983441, 46.442182, 2080.0],
          [9.983445, 46.442212, 2080.0],
          [9.983920, 46.442182, 2078.0],
          [9.984180, 46.442167, 2077.0],
          [9.984933, 46.442119, 2077.5],
          [9.985071, 46.442101, 2078.25],
          [9.985186, 46.442078, 2079.0],
          [9.985404, 46.442013, 2080.25],
          [9.985585, 46.441922, 2080.75],
          [9.985665, 46.441872, 2080.75],
          [9.985794, 46.441754, 2081.0],
          [9.985845, 46.441687, 2081.25],
          [9.985928, 46.441547, 2082.75],
          [9.986143, 46.441014, 2084.25],
          [9.986246, 46.440850, 2085.25],
          [9.986300, 46.440781, 2085.25],
          [9.986389, 46.440693, 2085.75],
          [9.986532, 46.440591, 2086.25],
          [9.986702, 46.440502, 2086.25],
          [9.986933, 46.440406, 2086.75],
          [9.987390, 46.440251, 2087.75],
          [9.987581, 46.440178, 2087.5],
          [9.987906, 46.440027, 2087.5],
          [9.988311, 46.439805, 2088.0],
          [9.988734, 46.439548, 2088.25],
          [9.990480, 46.438449, 2091.25],
          [9.991678, 46.437647, 2094.0],
          [9.992333, 46.437236, 2097.25],
          [9.992779, 46.437002, 2099.5],
          [9.992978, 46.436914, 2100.75],
          [9.994141, 46.436429, 2105.75],
          [9.994181, 46.436412, 2105.75],
          [9.994521, 46.436272, 2107.0],
          [9.994884, 46.436123, 2108.5],
          [9.995059, 46.436033, 2109.25],
          [9.995177, 46.435955, 2110.25],
          [9.995294, 46.435864, 2111.0],
          [9.995378, 46.435776, 2110.75],
          [9.995503, 46.435598, 2109.75],
          [9.995614, 46.435434, 2112.0],
          [9.995934, 46.434927, 2117.25],
          [9.996049, 46.434772, 2118.0],
          [9.996263, 46.434555, 2118.75],
          [9.996588, 46.434240, 2121.25],
          [9.996695, 46.434073, 2123.5],
          [9.996734, 46.433984, 2124.0],
          [9.996754, 46.433909, 2124.5],
          [9.996849, 46.433405, 2126.5],
          [9.996905, 46.433283, 2127.5],
          [9.996977, 46.433174, 2128.0],
          [9.997165, 46.433002, 2128.75],
          [9.997449, 46.432847, 2129.0],
          [9.997709, 46.432705, 2129.25],
          [9.997791, 46.432642, 2130.0],
          [9.997848, 46.432567, 2130.25],
          [9.997900, 46.432478, 2130.5],
          [9.997927, 46.432390, 2130.5],
          [9.997974, 46.431818, 2130.5],
          [9.998001, 46.431733, 2131.0],
          [9.998074, 46.431611, 2131.5],
          [9.998160, 46.431518, 2131.5],
          [9.998601, 46.431166, 2134.0],
          [9.998677, 46.431085, 2134.25],
          [9.998797, 46.430873, 2134.25],
          [9.998929, 46.430469, 2136.5],
          [9.999132, 46.429872, 2139.0],
          [9.999200, 46.429473, 2142.0],
          [9.999277, 46.429061, 2145.25],
          [9.999278, 46.428895, 2145.5],
          [9.999267, 46.428722, 2146.5],
          [9.999125, 46.426909, 2156.75],
          [9.999129, 46.426712, 2157.5],
          [9.999177, 46.426543, 2159.75],
          [9.999306, 46.426272, 2160.75],
          [10.000064, 46.425108, 2170.75],
          [10.000709, 46.424124, 2179.25],
          [10.001606, 46.423136, 2189.75],
          [10.001898, 46.422771, 2193.25],
          [10.002049, 46.422530, 2195.75],
          [10.003073, 46.420813, 2214.25],
          [10.003215, 46.420592, 2216.5],
          [10.003270, 46.420521, 2217.0],
          [10.003395, 46.420381, 2219.0],
          [10.003464, 46.420318, 2219.75],
          [10.003542, 46.420251, 2220.0],
          [10.003695, 46.420137, 2221.25],
          [10.003877, 46.420024, 2222.0],
          [10.003968, 46.419977, 2222.5],
          [10.004152, 46.419891, 2223.5],
          [10.004345, 46.419817, 2224.5],
          [10.004669, 46.419724, 2224.75],
          [10.004890, 46.419681, 2224.25],
          [10.005117, 46.419648, 2225.25],
          [10.006503, 46.419476, 2230.75],
          [10.006666, 46.419451, 2231.0],
          [10.007046, 46.419380, 2233.25],
          [10.007289, 46.419308, 2235.0],
          [10.007502, 46.419226, 2235.75],
          [10.007717, 46.419122, 2235.25],
          [10.007833, 46.419058, 2235.75],
          [10.008002, 46.418942, 2237.25],
          [10.008428, 46.418576, 2239.75],
          [10.008587, 46.418464, 2241.0],
          [10.008690, 46.418401, 2241.25],
          [10.009038, 46.418221, 2241.75],
          [10.009512, 46.417990, 2244.25],
          [10.009607, 46.417953, 2244.5],
          [10.009717, 46.417925, 2245.0],
          [10.009834, 46.417911, 2245.25],
          [10.009952, 46.417912, 2245.5],
          [10.010809, 46.417960, 2249.25],
          [10.010940, 46.417962, 2249.75],
          [10.011176, 46.417954, 2250.25],
          [10.011408, 46.417934, 2251.25],
          [10.011640, 46.417903, 2253.25],
          [10.011871, 46.417859, 2254.25],
          [10.011967, 46.417834, 2254.5],
          [10.012072, 46.417799, 2254.75],
          [10.012172, 46.417756, 2255.25],
          [10.012264, 46.417707, 2255.75],
          [10.012425, 46.417588, 2256.75],
          [10.012938, 46.417049, 2260.5],
          [10.013158, 46.416819, 2261.25],
          [10.013242, 46.416727, 2262.0],
          [10.013360, 46.416571, 2262.5],
          [10.013403, 46.416494, 2262.5],
          [10.013577, 46.416108, 2264.25],
          [10.013632, 46.416044, 2264.25],
          [10.013706, 46.415977, 2264.0],
          [10.013792, 46.415925, 2264.5],
          [10.013895, 46.415880, 2265.0],
          [10.014584, 46.415635, 2267.25],
          [10.014764, 46.415588, 2268.25],
          [10.014894, 46.415561, 2268.5],
          [10.015200, 46.415543, 2268.5],
          [10.017037, 46.415520, 2272.0],
          [10.017176, 46.415524, 2272.0],
          [10.017301, 46.415533, 2272.25],
          [10.017402, 46.415549, 2272.75],
          [10.018235, 46.415779, 2273.5],
          [10.018506, 46.415857, 2275.25],
          [10.018664, 46.415913, 2275.5],
          [10.019359, 46.416232, 2278.0],
          [10.020330, 46.416689, 2283.5],
          [10.020447, 46.416727, 2284.25],
          [10.020537, 46.416742, 2284.5],
          [10.020628, 46.416746, 2284.75],
          [10.020698, 46.416738, 2284.75],
          [10.020834, 46.416705, 2285.0],
          [10.020891, 46.416681, 2285.25],
          [10.020946, 46.416639, 2285.5],
          [10.020990, 46.416596, 2285.75],
          [10.021022, 46.416551, 2286.0],
          [10.021041, 46.416503, 2286.25],
          [10.021035, 46.416346, 2286.75],
          [10.021011, 46.416280, 2287.25],
          [10.020860, 46.416017, 2289.0],
          [10.020811, 46.415915, 2289.0],
          [10.020778, 46.415798, 2289.5],
          [10.020764, 46.415698, 2289.75],
          [10.020783, 46.415452, 2290.5],
          [10.020776, 46.415342, 2290.5],
          [10.020638, 46.414493, 2294.25],
          [10.020631, 46.414351, 2293.25],
          [10.020648, 46.414299, 2293.25],
          [10.020736, 46.414139, 2293.25],
          [10.020771, 46.414057, 2293.5],
          [10.020797, 46.413963, 2293.5],
          [10.020812, 46.413795, 2293.5],
          [10.020790, 46.413622, 2293.25],
          [10.020794, 46.413560, 2293.25],
          [10.020810, 46.413496, 2293.75],
          [10.020902, 46.413351, 2294.75],
          [10.021367, 46.412712, 2296.5],
          [10.021417, 46.412602, 2297.0],
          [10.021445, 46.412481, 2297.0],
          [10.021448, 46.412345, 2298.0],
          [10.021432, 46.412243, 2298.75],
          [10.021379, 46.412116, 2300.0],
          [10.021326, 46.411987, 2301.0],
          [10.021288, 46.411894, 2301.75],
          [10.021255, 46.411743, 2302.5],
          [10.021257, 46.411589, 2303.25],
          [10.021267, 46.411521, 2303.75],
          [10.021314, 46.411403, 2304.5],
          [10.021383, 46.411286, 2304.75],
          [10.021478, 46.411167, 2305.0],
          [10.021543, 46.411105, 2305.0],
          [10.021680, 46.411007, 2305.25],
          [10.021748, 46.410969, 2305.5],
          [10.021844, 46.410918, 2305.75],
          [10.022019, 46.410847, 2305.75],
          [10.022188, 46.410801, 2305.75],
          [10.022291, 46.410782, 2305.75],
          [10.022538, 46.410759, 2306.0],
          [10.022751, 46.410746, 2306.25],
          [10.022813, 46.410745, 2306.0],
          [10.023300, 46.410723, 2305.0],
          [10.024758, 46.410669, 2311.75],
          [10.025195, 46.410660, 2314.25],
          [10.025625, 46.410660, 2315.75],
          [10.026013, 46.410687, 2319.0],
          [10.026355, 46.410722, 2322.0],
          [10.026774, 46.410778, 2325.25],
          [10.027097, 46.410834, 2326.5],
          [10.027250, 46.410859, 2326.5],
          [10.027621, 46.410921, 2326.5],
          [10.028118, 46.411009, 2325.5],
          [10.028364, 46.411070, 2324.5],
          [10.028594, 46.411149, 2323.75],
          [10.028743, 46.411212, 2320.75],
          [10.029198, 46.411424, 2320.25],
          [10.029333, 46.411474, 2319.5],
          [10.029477, 46.411504, 2318.5],
          [10.029602, 46.411514, 2318.25],
          [10.029705, 46.411508, 2318.0],
          [10.029812, 46.411493, 2317.5],
          [10.030037, 46.411443, 2316.25],
          [10.030263, 46.411381, 2313.0],
          [10.030404, 46.411351, 2311.0],
          [10.030521, 46.411337, 2309.25],
          [10.030632, 46.411333, 2308.0],
          [10.030766, 46.411343, 2307.25],
          [10.030929, 46.411372, 2307.25],
          [10.031275, 46.411452, 2309.0],
          [10.031457, 46.411472, 2309.0],
          [10.031642, 46.411472, 2307.25],
          [10.032164, 46.411419, 2301.75],
          [10.032361, 46.411425, 2300.75],
          [10.032502, 46.411445, 2300.0],
          [10.032666, 46.411495, 2296.25],
          [10.032809, 46.411567, 2294.25],
          [10.032962, 46.411678, 2294.5],
          [10.033194, 46.411919, 2290.5],
          [10.033404, 46.412105, 2288.25],
          [10.033505, 46.412173, 2287.5],
          [10.033620, 46.412223, 2286.75],
          [10.034187, 46.412404, 2283.0],
          [10.034286, 46.412449, 2282.5],
          [10.034420, 46.412524, 2282.75],
          [10.034520, 46.412598, 2281.75],
          [10.034620, 46.412710, 2280.75],
          [10.034794, 46.413029, 2275.75],
          [10.034917, 46.413178, 2275.75],
          [10.035056, 46.413316, 2271.75],
          [10.035244, 46.413463, 2272.0],
          [10.035539, 46.413611, 2267.5],
          [10.035906, 46.413756, 2265.0],
          [10.036121, 46.413871, 2261.75],
          [10.036498, 46.414101, 2258.25],
          [10.036679, 46.414195, 2255.75],
          [10.036841, 46.414251, 2253.5],
          [10.036984, 46.414279, 2251.75],
          [10.037165, 46.414293, 2250.25],
          [10.037521, 46.414285, 2248.25],
          [10.037765, 46.414300, 2246.25],
          [10.037809, 46.414307, 2246.0],
          [10.037929, 46.414328, 2244.75],
          [10.038094, 46.414384, 2243.75],
          [10.038261, 46.414484, 2243.25],
          [10.038657, 46.414852, 2238.75],
          [10.038784, 46.414939, 2237.5],
          [10.038989, 46.415034, 2237.0],
          [10.039322, 46.415173, 2233.75],
          [10.039510, 46.415262, 2231.75],
          [10.039781, 46.415415, 2228.75],
          [10.039999, 46.415556, 2228.0],
          [10.040322, 46.415828, 2228.5],
          [10.040411, 46.415872, 2230.5],
          [10.040505, 46.415889, 2231.0],
          [10.040577, 46.415878, 2229.75],
          [10.040641, 46.415841, 2227.75],
          [10.040674, 46.415786, 2226.25],
          [10.040668, 46.415732, 2225.25],
          [10.040592, 46.415657, 2225.0],
          [10.040093, 46.415332, 2221.5],
          [10.039895, 46.415194, 2221.0],
          [10.039658, 46.414976, 2218.25],
          [10.039572, 46.414879, 2217.25],
          [10.039470, 46.414717, 2215.25],
          [10.039196, 46.414045, 2209.5],
          [10.039100, 46.413831, 2208.75],
          [10.038987, 46.413642, 2206.0],
          [10.038873, 46.413499, 2204.25],
          [10.038453, 46.413101, 2199.0],
          [10.037970, 46.412625, 2194.5],
          [10.037924, 46.412517, 2193.5],
          [10.037930, 46.412385, 2192.0],
          [10.037966, 46.412283, 2191.25],
          [10.038058, 46.412180, 2190.75],
          [10.038165, 46.412098, 2191.0],
          [10.038302, 46.412042, 2191.5],
          [10.038447, 46.412010, 2190.25],
          [10.038589, 46.412005, 2189.25],
          [10.038750, 46.412023, 2187.25],
          [10.038910, 46.412071, 2185.5],
          [10.039031, 46.412141, 2184.5],
          [10.039351, 46.412427, 2180.75],
          [10.039456, 46.412485, 2179.5],
          [10.039593, 46.412521, 2179.75],
          [10.039826, 46.412544, 2178.75],
          [10.040199, 46.412561, 2176.5],
          [10.040353, 46.412586, 2174.75],
          [10.040470, 46.412614, 2172.75],
          [10.040588, 46.412664, 2171.5],
          [10.040704, 46.412747, 2171.75],
          [10.040771, 46.412807, 2171.75],
          [10.040988, 46.413144, 2167.5],
          [10.041212, 46.413410, 2165.5],
          [10.041350, 46.413669, 2164.75],
          [10.041381, 46.413708, 2164.25],
          [10.041443, 46.413766, 2163.25],
          [10.041526, 46.413818, 2162.0],
          [10.041626, 46.413858, 2160.75],
          [10.041743, 46.413881, 2159.75],
          [10.041863, 46.413888, 2158.75],
          [10.042424, 46.413895, 2156.25],
          [10.042575, 46.413889, 2155.25],
          [10.042654, 46.413879, 2154.5],
          [10.042737, 46.413866, 2153.5],
          [10.042844, 46.413840, 2153.25],
          [10.043476, 46.413657, 2150.25],
          [10.043588, 46.413627, 2149.5],
          [10.043699, 46.413608, 2148.5],
          [10.043766, 46.413602, 2148.0],
          [10.043924, 46.413600, 2147.25],
          [10.044660, 46.413616, 2143.5],
          [10.044795, 46.413602, 2143.0],
          [10.044909, 46.413566, 2142.5],
          [10.044991, 46.413513, 2141.75],
          [10.045053, 46.413456, 2141.0],
          [10.045097, 46.413390, 2139.75],
          [10.045114, 46.413349, 2139.0],
          [10.045182, 46.413137, 2136.75],
          [10.045244, 46.412950, 2135.5],
          [10.045287, 46.412870, 2135.25],
          [10.045338, 46.412824, 2134.5],
          [10.045414, 46.412789, 2133.5],
          [10.045460, 46.412777, 2133.0],
          [10.045557, 46.412765, 2132.0],
          [10.045611, 46.412766, 2131.5],
          [10.045860, 46.412790, 2129.5],
          [10.046287, 46.412842, 2124.0],
          [10.046388, 46.412863, 2123.0],
          [10.046484, 46.412897, 2121.5],
          [10.046566, 46.412950, 2121.0],
          [10.046601, 46.412983, 2121.0],
          [10.046655, 46.413058, 2122.0],
          [10.046689, 46.413151, 2120.75],
          [10.046706, 46.413300, 2120.0],
          [10.046677, 46.413559, 2118.25],
          [10.046692, 46.413653, 2117.75],
          [10.046707, 46.413701, 2118.0],
          [10.046740, 46.413764, 2117.75],
          [10.046806, 46.413846, 2116.75],
          [10.046883, 46.413916, 2115.5],
          [10.046919, 46.413940, 2114.75],
          [10.046987, 46.413970, 2113.5],
          [10.047057, 46.413988, 2112.25],
          [10.047096, 46.413992, 2111.75],
          [10.047205, 46.413982, 2109.75],
          [10.047273, 46.413956, 2109.0],
          [10.047320, 46.413912, 2108.75],
          [10.047335, 46.413883, 2108.75],
          [10.047348, 46.413838, 2108.5],
          [10.047429, 46.413281, 2106.75],
          [10.047447, 46.413183, 2105.0],
          [10.047477, 46.413114, 2103.75],
          [10.047529, 46.413071, 2102.75],
          [10.047559, 46.413057, 2102.5],
          [10.047667, 46.413048, 2101.5],
          [10.047717, 46.413057, 2101.25],
          [10.048005, 46.413164, 2099.75],
          [10.048091, 46.413189, 2099.0],
          [10.048192, 46.413205, 2097.75],
          [10.048292, 46.413200, 2096.75],
          [10.048337, 46.413189, 2096.5],
          [10.048375, 46.413172, 2096.0],
          [10.048438, 46.413129, 2095.0],
          [10.048471, 46.413076, 2094.75],
          [10.048477, 46.413050, 2094.5],
          [10.048468, 46.412995, 2092.75],
          [10.048435, 46.412951, 2092.25],
          [10.048409, 46.412930, 2092.25],
          [10.048088, 46.412767, 2090.5],
          [10.047839, 46.412627, 2089.5],
          [10.047778, 46.412576, 2089.0],
          [10.047756, 46.412547, 2088.75],
          [10.047741, 46.412500, 2087.75],
          [10.047745, 46.412441, 2087.25],
          [10.047772, 46.412385, 2086.5],
          [10.048997, 46.411046, 2069.75],
          [10.049098, 46.410954, 2068.5],
          [10.049208, 46.410882, 2068.25],
          [10.049273, 46.410849, 2067.75],
          [10.049423, 46.410783, 2066.25],
          [10.049480, 46.410765, 2065.75],
          [10.049542, 46.410750, 2065.0],
          [10.049661, 46.410734, 2064.25],
          [10.049834, 46.410742, 2062.75],
          [10.049954, 46.410763, 2061.75],
          [10.050016, 46.410780, 2061.25],
          [10.050124, 46.410823, 2061.25],
          [10.050166, 46.410849, 2061.25],
          [10.050248, 46.410916, 2060.75],
          [10.050527, 46.411229, 2057.25],
          [10.050617, 46.411310, 2056.5],
          [10.050694, 46.411351, 2055.5],
          [10.050749, 46.411370, 2055.0],
          [10.050726, 46.411407, 2055.25],
          [10.050702, 46.411447, 2055.25],
          [10.050667, 46.411565, 2055.0],
          [10.050666, 46.411697, 2054.25],
          [10.050643, 46.411752, 2054.5],
          [10.050604, 46.411808, 2055.0],
          [10.050540, 46.411892, 2056.0],
          [10.050513, 46.411943, 2056.25],
          [10.050486, 46.412044, 2056.25],
          [10.050435, 46.412147, 2057.5],
          [10.050418, 46.412188, 2058.25],
          [10.050392, 46.412223, 2059.25],
          [10.050322, 46.412291, 2059.5],
          [10.050181, 46.412386, 2060.0],
          [10.049931, 46.412545, 2059.0],
          [10.049897, 46.412572, 2059.5],
          [10.049838, 46.412645, 2059.25],
          [10.049816, 46.412723, 2057.75],
          [10.049827, 46.412799, 2056.75],
          [10.049951, 46.413042, 2058.75],
          [10.049962, 46.413086, 2058.5],
          [10.049956, 46.413178, 2058.25],
          [10.049903, 46.413349, 2058.5],
          [10.049855, 46.413449, 2057.75],
          [10.049658, 46.413774, 2058.25],
          [10.049639, 46.413820, 2058.25],
          [10.049631, 46.413931, 2057.5],
          [10.049649, 46.414033, 2057.5],
          [10.049671, 46.414093, 2057.0],
          [10.049713, 46.414156, 2056.0],
          [10.049795, 46.414219, 2056.25],
          [10.049983, 46.414329, 2053.75],
          [10.050053, 46.414400, 2053.25],
          [10.050138, 46.414539, 2052.0],
          [10.050153, 46.414582, 2051.75],
          [10.050155, 46.414662, 2052.5],
          [10.050110, 46.414859, 2054.5],
          [10.050111, 46.414905, 2054.25],
          [10.050119, 46.414944, 2053.75],
          [10.050202, 46.415146, 2052.0],
          [10.050229, 46.415298, 2052.5],
          [10.050261, 46.415414, 2053.0],
          [10.050311, 46.415507, 2053.0],
          [10.050343, 46.415543, 2052.75],
          [10.050376, 46.415575, 2053.0],
          [10.050567, 46.415698, 2051.5],
          [10.050622, 46.415767, 2051.75],
          [10.050651, 46.415853, 2053.25],
          [10.050655, 46.415900, 2053.25],
          [10.050618, 46.416108, 2055.75],
          [10.050615, 46.416214, 2058.0],
          [10.050620, 46.416260, 2058.5],
          [10.050635, 46.416302, 2058.75],
          [10.050654, 46.416337, 2058.5],
          [10.050735, 46.416424, 2057.75],
          [10.050843, 46.416508, 2056.5],
          [10.050945, 46.416607, 2056.75],
          [10.051011, 46.416701, 2057.25],
          [10.051031, 46.416747, 2056.75],
          [10.051040, 46.416793, 2056.75],
          [10.051042, 46.416837, 2057.25],
          [10.051026, 46.416942, 2058.75],
          [10.050945, 46.417243, 2060.5],
          [10.050812, 46.417546, 2062.5],
          [10.050789, 46.417622, 2063.0],
          [10.050772, 46.417711, 2063.25],
          [10.050761, 46.417862, 2063.5],
          [10.050762, 46.418072, 2064.5],
          [10.050772, 46.418189, 2065.75],
          [10.050798, 46.418262, 2066.0],
          [10.050939, 46.418532, 2066.25],
          [10.050976, 46.418642, 2067.0],
          [10.050980, 46.418749, 2067.25],
          [10.050962, 46.419013, 2070.5],
          [10.050972, 46.419097, 2071.5],
          [10.051029, 46.419340, 2072.25],
          [10.051093, 46.419490, 2071.25],
          [10.051106, 46.419551, 2071.25],
          [10.051106, 46.419654, 2072.25],
          [10.051037, 46.420005, 2077.5],
          [10.050998, 46.420154, 2078.5],
          [10.050954, 46.420427, 2080.5],
          [10.050949, 46.420712, 2083.25],
          [10.050974, 46.420982, 2085.25],
          [10.050975, 46.421070, 2086.25],
          [10.050900, 46.421511, 2088.0],
          [10.050877, 46.421762, 2088.75],
          [10.050889, 46.422015, 2088.25],
          [10.050921, 46.422268, 2086.5],
          [10.051059, 46.422796, 2087.75],
          [10.051103, 46.422928, 2087.0],
          [10.051169, 46.423041, 2086.0],
          [10.051213, 46.423086, 2085.5],
          [10.051265, 46.423131, 2084.75],
          [10.051338, 46.423180, 2084.0],
          [10.051419, 46.423218, 2083.25],
          [10.051544, 46.423264, 2082.75],
          [10.051642, 46.423286, 2082.5],
          [10.052103, 46.423366, 2087.25],
          [10.052229, 46.423399, 2088.5],
          [10.052313, 46.423430, 2089.75],
          [10.052408, 46.423478, 2090.75],
          [10.052532, 46.423575, 2092.25],
          [10.052588, 46.423632, 2094.0],
          [10.052647, 46.423737, 2096.0],
          [10.052680, 46.423861, 2096.75],
          [10.052677, 46.423916, 2097.0],
          [10.052667, 46.423978, 2097.5],
          [10.052614, 46.424110, 2098.25],
          [10.052511, 46.424245, 2100.0],
          [10.052308, 46.424474, 2102.75],
          [10.052205, 46.424605, 2103.5],
          [10.052000, 46.424918, 2107.25],
          [10.051859, 46.425200, 2110.25],
          [10.051820, 46.425309, 2111.75],
          [10.051796, 46.425413, 2113.75],
          [10.051788, 46.425491, 2115.25],
          [10.051782, 46.425591, 2116.75],
          [10.051789, 46.425734, 2118.25],
          [10.051803, 46.425842, 2119.5],
          [10.051829, 46.425948, 2120.25],
          [10.051873, 46.426104, 2121.25],
          [10.051941, 46.426280, 2122.5],
          [10.052095, 46.426691, 2125.0],
          [10.052295, 46.427180, 2128.0],
          [10.052492, 46.427450, 2130.0],
          [10.052570, 46.427587, 2131.75],
          [10.052604, 46.427709, 2132.5],
          [10.052608, 46.427833, 2133.25],
          [10.052578, 46.427973, 2134.0],
          [10.052548, 46.428045, 2134.0],
          [10.052388, 46.428348, 2136.5],
          [10.052288, 46.428598, 2138.75],
          [10.052258, 46.428694, 2139.75],
          [10.052172, 46.429133, 2145.0],
          [10.052164, 46.429225, 2145.75],
          [10.052166, 46.429352, 2147.5],
          [10.052208, 46.429786, 2154.0],
          [10.052252, 46.430646, 2165.0],
          [10.052259, 46.430869, 2167.75],
          [10.052245, 46.431133, 2171.5],
          [10.052196, 46.431273, 2173.5],
          [10.051917, 46.431788, 2181.25],
          [10.051853, 46.431896, 2182.75],
          [10.051686, 46.432113, 2184.0],
          [10.051628, 46.432238, 2186.25],
          [10.051464, 46.432818, 2196.0],
          [10.051449, 46.432924, 2197.25],
          [10.051442, 46.433022, 2198.25],
          [10.051449, 46.433152, 2199.75],
          [10.051464, 46.433293, 2201.25],
          [10.051511, 46.433520, 2203.75],
          [10.051563, 46.433757, 2206.75],
          [10.051565, 46.433795, 2207.0],
          [10.051556, 46.433833, 2207.0],
          [10.051537, 46.433868, 2206.75],
          [10.051500, 46.433914, 2207.25],
          [10.051453, 46.433953, 2207.75],
          [10.051387, 46.433993, 2208.5],
          [10.051206, 46.434074, 2210.75],
          [10.051134, 46.434099, 2210.75],
          [10.051058, 46.434114, 2211.25],
          [10.050866, 46.434127, 2212.75],
          [10.050554, 46.434123, 2214.75],
          [10.050415, 46.434110, 2215.75],
          [10.050286, 46.434087, 2216.5],
          [10.050125, 46.434044, 2217.75],
          [10.049955, 46.433982, 2219.25],
          [10.049882, 46.433949, 2220.25],
          [10.049821, 46.433911, 2221.0],
          [10.049776, 46.433873, 2221.25],
          [10.049580, 46.433644, 2221.25],
          [10.049519, 46.433583, 2221.25],
          [10.049492, 46.433568, 2221.5],
          [10.049458, 46.433560, 2222.0],
          [10.049383, 46.433571, 2224.5],
          [10.049358, 46.433586, 2225.5],
          [10.049337, 46.433629, 2227.0],
          [10.049340, 46.433655, 2227.5],
          [10.049353, 46.433678, 2227.75],
          [10.049510, 46.433862, 2227.75],
          [10.049683, 46.434114, 2229.75],
          [10.049829, 46.434309, 2232.0],
          [10.050015, 46.434513, 2234.75],
          [10.050234, 46.434712, 2238.25],
          [10.050360, 46.434812, 2239.25],
          [10.050443, 46.434848, 2239.5],
          [10.050571, 46.434889, 2240.25],
          [10.050660, 46.434904, 2241.0],
          [10.050735, 46.434908, 2241.25],
          [10.050849, 46.434903, 2242.0],
          [10.050966, 46.434875, 2244.5],
          [10.051144, 46.434801, 2246.0],
          [10.051194, 46.434788, 2246.25],
          [10.051287, 46.434779, 2247.0],
          [10.051344, 46.434782, 2248.0],
          [10.051396, 46.434791, 2249.0],
          [10.051440, 46.434806, 2248.5],
          [10.051490, 46.434834, 2248.5],
          [10.051681, 46.434974, 2249.25],
          [10.051757, 46.435039, 2250.0],
          [10.051864, 46.435157, 2251.75],
          [10.051944, 46.435282, 2254.0],
          [10.052009, 46.435420, 2254.25],
          [10.052118, 46.435706, 2258.0],
          [10.052183, 46.435850, 2260.0],
          [10.052232, 46.435932, 2260.5],
          [10.052300, 46.435998, 2261.25],
          [10.052349, 46.436028, 2261.5],
          [10.052405, 46.436057, 2262.25],
          [10.052588, 46.436121, 2263.25],
          [10.052676, 46.436158, 2263.5],
          [10.052724, 46.436190, 2263.5],
          [10.052759, 46.436226, 2263.75],
          [10.052801, 46.436302, 2265.0],
          [10.052843, 46.436466, 2267.75],
          [10.052967, 46.436737, 2269.5],
          [10.053401, 46.437415, 2276.0],
          [10.053511, 46.437548, 2277.25],
          [10.053793, 46.437922, 2282.0],
          [10.054011, 46.438145, 2284.0],
          [10.054071, 46.438220, 2285.0],
          [10.054294, 46.438539, 2288.5],
          [10.054722, 46.439025, 2294.25],
          [10.054769, 46.439068, 2295.25],
          [10.054977, 46.439198, 2296.75],
          [10.055070, 46.439268, 2298.25],
          [10.055156, 46.439340, 2299.25],
          [10.055241, 46.439431, 2299.5],
          [10.055300, 46.439514, 2301.25],
          [10.055352, 46.439615, 2304.0],
          [10.055604, 46.440039, 2308.75],
          [10.055771, 46.440255, 2310.5],
          [10.056072, 46.440713, 2313.25],
          [10.056157, 46.440860, 2314.25],
          [10.056171, 46.440891, 2314.25],
          [10.056181, 46.440919, 2314.25],
          [10.056190, 46.440941, 2314.25],
          [10.056233, 46.441022, 2314.0],
          [10.056251, 46.441075, 2313.5],
          [10.056245, 46.441115, 2313.25],
          [10.056213, 46.441176, 2311.75],
          [10.056170, 46.441211, 2311.25],
          [10.056105, 46.441248, 2311.0],
          [10.056021, 46.441276, 2310.75],
          [10.055901, 46.441358, 2308.75],
          [10.055768, 46.441423, 2306.25],
          [10.055660, 46.441477, 2304.75],
          [10.055536, 46.441543, 2304.25],
          [10.055478, 46.441588, 2304.25],
          [10.055429, 46.441638, 2304.5],
          [10.055386, 46.441697, 2304.75],
          [10.055363, 46.441740, 2305.0],
          [10.055347, 46.441810, 2305.0],
          [10.055361, 46.441896, 2304.5],
          [10.056173, 46.443511, 2290.0],
          [10.056246, 46.443664, 2289.25],
          [10.056310, 46.443826, 2287.75],
          [10.056361, 46.444014, 2285.5],
          [10.056447, 46.444415, 2281.25],
          [10.056559, 46.444737, 2280.0],
          [10.056690, 46.445020, 2277.0],
          [10.056733, 46.445135, 2275.25],
          [10.056745, 46.445227, 2274.5],
          [10.056733, 46.445338, 2273.5],
          [10.056696, 46.445471, 2271.75],
          [10.056614, 46.445701, 2271.5],
          [10.056586, 46.445827, 2271.25],
          [10.056566, 46.445988, 2269.75],
          [10.056542, 46.446478, 2264.25],
          [10.056515, 46.446673, 2262.25],
          [10.056475, 46.446839, 2260.5],
          [10.056358, 46.447215, 2259.25],
          [10.056260, 46.447774, 2252.0],
          [10.056099, 46.448596, 2246.75],
          [10.056058, 46.448952, 2244.25],
          [10.056084, 46.449495, 2242.75],
          [10.056099, 46.449642, 2241.0],
          [10.056133, 46.449778, 2240.75],
          [10.056263, 46.450034, 2241.0],
          [10.056562, 46.450721, 2237.75],
          [10.056638, 46.451015, 2234.75],
          [10.056643, 46.451395, 2232.75],
          [10.056711, 46.451712, 2229.75],
          [10.056739, 46.451904, 2228.5],
          [10.056738, 46.452101, 2229.0],
          [10.056722, 46.452209, 2230.25],
          [10.056724, 46.452336, 2229.5],
          [10.056757, 46.452499, 2226.75],
          [10.057048, 46.453650, 2216.25],
          [10.057080, 46.453808, 2214.5],
          [10.057108, 46.454094, 2212.25],
          [10.057172, 46.454533, 2208.75],
          [10.057212, 46.454671, 2205.75],
          [10.057404, 46.455110, 2203.25],
          [10.057501, 46.455378, 2200.25],
          [10.057532, 46.455555, 2201.25],
          [10.057521, 46.455733, 2198.5],
          [10.057494, 46.455883, 2197.0],
          [10.057424, 46.456093, 2195.25],
          [10.057344, 46.456269, 2192.0],
          [10.057094, 46.456640, 2188.0],
          [10.057022, 46.456793, 2188.75],
          [10.056987, 46.456954, 2188.25],
          [10.056993, 46.457176, 2188.75],
          [10.057075, 46.457360, 2187.25],
          [10.057541, 46.457978, 2179.25],
          [10.058179, 46.458660, 2169.0],
          [10.058324, 46.458802, 2168.0],
          [10.058458, 46.458907, 2168.0],
          [10.058603, 46.458994, 2168.25],
          [10.059824, 46.459617, 2158.5],
          [10.061101, 46.460282, 2149.25],
          [10.061305, 46.460378, 2149.5],
          [10.061445, 46.460426, 2148.75],
          [10.061627, 46.460462, 2147.5],
          [10.061868, 46.460481, 2145.5],
          [10.063209, 46.460565, 2136.75],
          [10.063474, 46.460592, 2135.25],
          [10.063681, 46.460622, 2133.75],
          [10.064178, 46.460717, 2131.25],
          [10.064330, 46.460754, 2129.5],
          [10.064507, 46.460808, 2127.75],
          [10.064652, 46.460873, 2127.5],
          [10.065486, 46.461284, 2122.5],
          [10.065664, 46.461347, 2121.0],
          [10.065832, 46.461383, 2119.75],
          [10.066026, 46.461404, 2119.75],
          [10.068744, 46.461421, 2109.25],
          [10.068981, 46.461431, 2108.0],
          [10.069199, 46.461458, 2106.5],
          [10.069265, 46.461472, 2105.75],
          [10.069347, 46.461489, 2105.25],
          [10.069711, 46.461566, 2103.75],
          [10.070834, 46.461811, 2099.0],
          [10.071315, 46.461923, 2096.25],
          [10.071565, 46.461979, 2095.25],
          [10.071788, 46.462009, 2095.0],
          [10.072016, 46.462014, 2094.5],
          [10.072257, 46.462001, 2093.25],
          [10.072452, 46.461968, 2091.25],
          [10.072602, 46.461923, 2089.25],
          [10.072714, 46.461880, 2088.5],
          [10.073311, 46.461562, 2085.5],
          [10.073435, 46.461519, 2084.5],
          [10.073626, 46.461486, 2083.5],
          [10.073864, 46.461465, 2083.25],
          [10.074098, 46.461455, 2082.25],
          [10.074300, 46.461458, 2081.25],
          [10.075286, 46.461532, 2075.5],
          [10.075991, 46.461600, 2071.5],
          [10.077173, 46.461777, 2066.5],
          [10.077347, 46.461790, 2066.0],
          [10.077503, 46.461785, 2065.25],
          [10.077673, 46.461766, 2064.0],
          [10.079028, 46.461585, 2056.75],
          [10.079173, 46.461572, 2056.25],
          [10.079318, 46.461576, 2055.25],
          [10.079473, 46.461604, 2054.75],
          [10.079784, 46.461680, 2053.75],
          [10.080013, 46.461754, 2053.0],
          [10.080203, 46.461824, 2052.25],
          [10.080549, 46.461980, 2050.75],
          [10.080948, 46.462145, 2049.0],
          [10.081169, 46.462226, 2047.5],
          [10.081373, 46.462291, 2048.5],
          [10.081917, 46.462436, 2044.5],
          [10.082159, 46.462519, 2043.0],
          [10.082522, 46.462667, 2043.75],
          [10.082674, 46.462706, 2042.5],
          [10.082812, 46.462723, 2041.0],
          [10.082953, 46.462725, 2040.5],
          [10.083198, 46.462699, 2039.75],
          [10.083906, 46.462606, 2035.25],
          [10.084257, 46.462570, 2033.0],
          [10.084522, 46.462528, 2030.5],
          [10.084805, 46.462470, 2029.0],
          [10.084970, 46.462444, 2028.25],
          [10.085092, 46.462436, 2027.5],
          [10.085260, 46.462453, 2027.0],
          [10.085401, 46.462499, 2026.5],
          [10.085692, 46.462618, 2026.5],
          [10.085868, 46.462667, 2025.5],
          [10.086055, 46.462691, 2023.75],
          [10.086623, 46.462730, 2020.25],
          [10.086814, 46.462748, 2018.75],
          [10.087023, 46.462798, 2018.25],
          [10.087271, 46.462893, 2018.5],
          [10.087804, 46.463122, 2015.25],
          [10.088038, 46.463229, 2013.75],
          [10.088261, 46.463359, 2012.5],
          [10.088486, 46.463537, 2011.25],
          [10.089185, 46.464151, 2006.0],
          [10.089461, 46.464417, 2003.0],
          [10.089725, 46.464706, 2000.75],
          [10.089853, 46.464858, 2000.5],
          [10.089992, 46.465047, 1999.5],
          [10.090219, 46.465367, 1997.25],
          [10.090434, 46.465687, 1995.5],
          [10.090518, 46.465774, 1994.25],
          [10.090643, 46.465867, 1993.75],
          [10.091220, 46.466192, 1990.0],
          [10.091554, 46.466474, 1988.0],
          [10.091774, 46.466749, 1986.5],
          [10.092015, 46.467072, 1984.25],
          [10.092436, 46.467691, 1981.25],
          [10.092508, 46.467775, 1980.75],
          [10.092587, 46.467845, 1980.5],
          [10.092696, 46.467913, 1980.0],
          [10.092843, 46.467988, 1979.5],
          [10.093549, 46.468320, 1976.75],
          [10.093683, 46.468382, 1976.75],
          [10.094800, 46.468937, 1972.75],
          [10.094970, 46.469076, 1972.5],
          [10.095218, 46.469422, 1972.25],
          [10.095335, 46.469470, 1971.5],
          [10.095469, 46.469570, 1971.0],
          [10.095614, 46.469710, 1971.0],
          [10.095702, 46.469917, 1970.5],
          [10.095743, 46.470200, 1968.75],
          [10.095733, 46.470395, 1966.5],
          [10.095679, 46.470623, 1965.5],
          [10.095718, 46.470872, 1963.5],
          [10.095704, 46.471015, 1963.25],
          [10.095731, 46.471192, 1960.75],
          [10.095715, 46.471385, 1958.25],
          [10.095634, 46.471632, 1957.5],
          [10.095632, 46.471789, 1957.0],
          [10.095651, 46.471894, 1956.25],
          [10.095794, 46.472045, 1951.75],
          [10.095866, 46.472149, 1951.0],
          [10.096017, 46.472248, 1947.75],
          [10.096169, 46.472296, 1945.5],
          [10.096286, 46.472323, 1946.0],
          [10.096379, 46.472351, 1946.0],
          [10.096471, 46.472415, 1946.25],
          [10.096681, 46.472666, 1945.5],
          [10.097073, 46.472940, 1944.5],
          [10.097709, 46.473399, 1941.25],
          [10.098130, 46.473722, 1940.0],
          [10.098730, 46.474616, 1936.5],
          [10.098930, 46.474844, 1935.75],
          [10.099360, 46.475220, 1935.25],
          [10.100893, 46.477288, 1929.25],
          [10.101161, 46.477826, 1928.25],
          [10.101304, 46.478367, 1928.75],
          [10.101365, 46.478483, 1930.0],
          [10.101355, 46.478603, 1930.0],
          [10.101455, 46.478819, 1930.75],
          [10.101603, 46.479002, 1931.75],
          [10.101759, 46.479219, 1931.75],
          [10.101872, 46.479352, 1932.25],
          [10.102118, 46.479885, 1929.25],
          [10.102337, 46.480224, 1927.5],
          [10.102517, 46.480410, 1926.5],
          [10.102639, 46.480643, 1924.5],
          [10.102870, 46.480957, 1921.5],
          [10.103126, 46.481143, 1919.75],
          [10.103481, 46.481279, 1919.0],
          [10.103120, 46.481282, 1919.75],
          [10.103186, 46.481335, 1919.5],
          [10.103203, 46.481462, 1919.25],
          [10.103334, 46.481586, 1918.75],
          [10.104140, 46.482469, 1916.0],
          [10.104222, 46.482560, 1915.75],
          [10.104254, 46.482594, 1915.75],
          [10.104753, 46.483146, 1913.75],
          [10.104990, 46.483407, 1913.0],
          [10.105182, 46.483620, 1912.25],
          [10.105596, 46.484029, 1911.0],
          [10.106381, 46.484643, 1909.25],
          [10.107872, 46.485946, 1905.25],
          [10.109079, 46.487051, 1902.5],
          [10.108392, 46.487288, 1902.25],
          [10.108248, 46.487343, 1903.25],
          [10.108167, 46.487369, 1904.5],
          [10.108369, 46.487667, 1904.5],
          [10.108640, 46.487941, 1905.0],
          [10.109012, 46.488163, 1904.5],
          [10.109557, 46.488395, 1902.5],
          [10.110893, 46.488807, 1898.75],
          [10.111131, 46.488936, 1898.0],
          [10.111310, 46.489232, 1897.25],
          [10.111416, 46.489484, 1898.0],
          [10.111477, 46.489712, 1898.0],
          [10.111852, 46.490282, 1896.5],
          [10.111915, 46.490580, 1897.5],
          [10.112017, 46.490839, 1897.75],
          [10.112243, 46.491098, 1895.75],
          [10.112430, 46.491338, 1894.5],
          [10.112574, 46.491657, 1893.25],
          [10.112899, 46.492246, 1893.25],
          [10.113100, 46.492594, 1892.5],
          [10.113621, 46.493239, 1889.25],
          [10.113690, 46.493435, 1888.75],
          [10.113783, 46.493886, 1888.25],
          [10.114346, 46.494583, 1887.0],
          [10.114435, 46.494927, 1887.0],
          [10.114462, 46.495328, 1885.75],
          [10.114662, 46.495600, 1884.75],
          [10.114775, 46.495799, 1885.0],
          [10.114867, 46.496158, 1885.25],
          [10.115407, 46.497186, 1882.0],
          [10.115519, 46.497503, 1882.25],
          [10.115590, 46.497948, 1883.0],
          [10.115776, 46.498259, 1882.0],
          [10.115880, 46.498584, 1882.75],
          [10.116032, 46.498882, 1880.5],
          [10.116023, 46.499012, 1881.0],
          [10.116031, 46.499409, 1879.25],
          [10.115865, 46.500045, 1879.5],
          [10.115846, 46.500414, 1879.25],
          [10.115935, 46.500871, 1878.5],
          [10.116028, 46.501147, 1877.25],
          [10.116360, 46.501741, 1876.5],
          [10.116660, 46.502102, 1876.25],
          [10.117210, 46.502643, 1876.75],
          [10.117572, 46.502837, 1874.5],
          [10.117681, 46.502870, 1874.0],
          [10.117888, 46.503013, 1873.5],
          [10.117988, 46.503093, 1872.75],
          [10.118037, 46.503150, 1872.75],
          [10.118247, 46.503581, 1871.0],
          [10.118309, 46.503688, 1870.75],
          [10.118602, 46.504192, 1870.75],
          [10.119578, 46.505100, 1868.0],
          [10.119922, 46.505558, 1866.75],
          [10.120174, 46.505879, 1866.5],
          [10.120323, 46.506101, 1866.0],
          [10.120429, 46.506159, 1865.75],
          [10.120614, 46.506158, 1865.75],
          [10.120764, 46.506141, 1865.75],
          [10.120812, 46.506206, 1865.5],
          [10.120936, 46.506556, 1864.25],
          [10.121224, 46.506932, 1864.5],
          [10.121438, 46.507314, 1864.25],
          [10.121801, 46.507804, 1863.0],
          [10.122137, 46.508174, 1861.75],
          [10.122343, 46.508357, 1861.0],
          [10.122422, 46.508454, 1861.0],
          [10.122435, 46.508652, 1861.75],
          [10.122317, 46.509001, 1860.5],
          [10.122015, 46.509546, 1860.5],
          [10.121923, 46.509837, 1860.5],
          [10.121931, 46.509981, 1860.0],
          [10.121967, 46.510156, 1860.25],
          [10.122049, 46.510452, 1860.0],
          [10.122110, 46.510560, 1859.75],
          [10.122352, 46.510788, 1859.0],
          [10.122632, 46.511012, 1858.5],
          [10.122728, 46.511065, 1858.75],
          [10.122954, 46.510926, 1858.25],
          [10.122999, 46.510865, 1858.5],
          [10.123002, 46.510791, 1858.75],
          [10.123022, 46.510725, 1858.75],
          [10.123097, 46.510643, 1858.75],
          [10.123130, 46.510608, 1859.0],
          [10.123342, 46.510460, 1859.25],
          [10.123441, 46.510344, 1859.75],
          [10.123492, 46.510151, 1860.0],
          [10.123480, 46.509917, 1860.0],
          [10.123500, 46.509610, 1860.5],
          [10.123541, 46.509374, 1862.25],
          [10.123645, 46.509289, 1863.75],
          [10.123806, 46.509301, 1864.5],
          [10.123977, 46.509371, 1865.25],
          [10.124065, 46.509509, 1865.25],
          [10.124347, 46.510317, 1865.75],
          [10.124396, 46.510510, 1867.25],
          [10.124456, 46.510608, 1868.5],
          [10.124608, 46.510756, 1870.25],
          [10.124630, 46.510894, 1870.25],
          [10.124600, 46.511165, 1869.0],
          [10.124637, 46.511532, 1869.25],
          [10.124640, 46.511572, 1869.0],
          [10.124693, 46.511682, 1869.0],
          [10.124897, 46.512109, 1868.0],
          [10.125446, 46.513390, 1865.0],
          [10.125678, 46.513775, 1864.5],
          [10.126170, 46.514279, 1862.0],
          [10.126282, 46.514474, 1860.75],
          [10.126268, 46.514655, 1859.0],
          [10.126131, 46.514950, 1855.5],
          [10.125987, 46.515222, 1852.0],
          [10.126001, 46.515272, 1851.5],
          [10.126093, 46.515673, 1850.75],
          [10.126096, 46.515886, 1850.75],
          [10.126102, 46.516250, 1849.75],
          [10.125996, 46.516556, 1849.5],
          [10.125919, 46.516895, 1849.25],
          [10.125917, 46.516988, 1849.0],
          [10.126027, 46.517724, 1848.0],
          [10.126022, 46.518072, 1847.5],
          [10.126017, 46.518292, 1848.25],
          [10.126010, 46.518364, 1848.25],
          [10.125854, 46.518727, 1846.0],
          [10.125817, 46.518829, 1846.0],
          [10.125815, 46.518959, 1845.75],
          [10.125841, 46.519059, 1845.25],
          [10.125871, 46.519135, 1845.0],
          [10.125933, 46.519212, 1845.25],
          [10.126032, 46.519308, 1845.25],
          [10.126100, 46.519339, 1845.25],
          [10.126180, 46.519354, 1845.25],
          [10.126200, 46.519488, 1845.25],
          [10.126192, 46.519515, 1845.25],
          [10.126153, 46.519632, 1845.5],
          [10.126158, 46.519670, 1845.5],
          [10.126165, 46.519728, 1845.5],
          [10.126212, 46.519779, 1845.0],
          [10.126263, 46.519834, 1844.75],
          [10.126371, 46.519898, 1844.5],
          [10.126440, 46.519959, 1844.5],
          [10.126746, 46.520302, 1844.5],
          [10.127260, 46.520677, 1844.5],
          [10.127583, 46.520897, 1843.0],
          [10.127648, 46.521144, 1843.25],
          [10.127637, 46.522131, 1844.0],
          [10.127711, 46.522426, 1842.25],
          [10.127864, 46.522647, 1841.5],
          [10.128318, 46.523007, 1839.75],
          [10.128794, 46.523305, 1840.25],
          [10.129336, 46.523606, 1839.75],
          [10.129781, 46.523863, 1838.25],
          [10.129973, 46.524350, 1838.75],
          [10.130145, 46.524624, 1838.75],
          [10.130269, 46.524788, 1836.5],
          [10.130299, 46.524904, 1837.0],
          [10.130254, 46.525067, 1837.25],
          [10.130030, 46.525503, 1835.75],
          [10.129859, 46.525813, 1835.0],
          [10.129826, 46.525897, 1835.25],
          [10.129788, 46.525995, 1835.5],
          [10.129778, 46.526234, 1834.75],
          [10.129807, 46.526523, 1834.0],
          [10.130011, 46.527042, 1834.5],
          [10.130317, 46.527441, 1833.5],
          [10.130445, 46.527551, 1832.5],
          [10.130481, 46.527537, 1832.5],
          [10.130522, 46.527541, 1832.0],
          [10.130551, 46.527560, 1832.0],
          [10.130559, 46.527579, 1831.75],
          [10.130552, 46.527601, 1832.0],
          [10.130535, 46.527616, 1832.0],
          [10.130513, 46.527624, 1832.0],
          [10.130524, 46.527660, 1832.0],
          [10.130970, 46.528012, 1830.0],
          [10.132340, 46.529139, 1828.75],
          [10.132575, 46.529319, 1828.25],
          [10.132870, 46.529525, 1828.0],
          [10.133226, 46.529789, 1828.0],
          [10.133360, 46.529917, 1827.75],
          [10.133405, 46.530007, 1827.5],
          [10.133414, 46.530198, 1827.5],
          [10.133377, 46.530407, 1827.75],
          [10.133270, 46.530802, 1828.0],
          [10.133275, 46.530914, 1828.25],
          [10.133341, 46.531108, 1827.75],
          [10.133376, 46.531142, 1827.25],
          [10.133377, 46.531179, 1827.25],
          [10.133968, 46.531569, 1825.0],
          [10.134115, 46.531681, 1824.75],
          [10.134449, 46.531937, 1824.75],
          [10.134749, 46.532182, 1824.0],
          [10.135556, 46.532764, 1823.75],
          [10.136505, 46.533342, 1822.0],
          [10.136738, 46.533508, 1822.0],
          [10.137303, 46.533878, 1822.0],
          [10.137816, 46.534165, 1821.75],
          [10.137923, 46.534199, 1821.5],
          [10.138203, 46.534344, 1821.75],
          [10.138462, 46.534485, 1821.25],
          [10.138662, 46.534638, 1820.75],
          [10.138825, 46.534805, 1820.0],
          [10.139484, 46.535420, 1819.5],
          [10.140195, 46.536221, 1820.0],
          [10.140675, 46.536787, 1818.0],
          [10.140782, 46.536944, 1818.0],
          [10.140794, 46.537088, 1818.5],
          [10.140818, 46.537205, 1818.75],
          [10.140952, 46.537188, 1818.5],
          [10.141154, 46.537170, 1818.0],
          [10.141173, 46.537146, 1818.25],
          [10.141209, 46.537123, 1818.5],
          [10.141254, 46.537110, 1818.5],
          [10.141303, 46.537107, 1818.75],
          [10.141350, 46.537116, 1818.75],
          [10.141441, 46.537102, 1819.75],
          [10.141573, 46.537083, 1821.25],
          [10.141760, 46.536978, 1825.5],
          [10.141811, 46.537017, 1826.0],
          [10.142160, 46.537174, 1830.0],
          [10.142183, 46.537186, 1830.0],
          [10.142298, 46.537175, 1831.75],
          [10.142420, 46.537163, 1833.25],
          [10.142782, 46.537272, 1836.5],
          [10.142917, 46.537256, 1839.25],
          [10.143277, 46.537277, 1844.25],
          [10.143572, 46.537286, 1848.75],
          [10.143794, 46.537285, 1852.0],
          [10.144017, 46.537275, 1855.5],
          [10.144174, 46.537286, 1857.25],
          [10.144524, 46.537298, 1860.75],
          [10.144619, 46.537287, 1861.75],
          [10.144717, 46.537266, 1863.5],
          [10.144920, 46.537140, 1867.25],
          [10.145019, 46.537088, 1869.0],
          [10.145340, 46.537002, 1873.5],
          [10.145372, 46.537004, 1874.0],
          [10.145459, 46.537012, 1875.0],
          [10.145520, 46.537081, 1875.25],
          [10.145551, 46.537198, 1875.0],
          [10.145595, 46.537251, 1875.75],
          [10.145839, 46.537428, 1881.75],
          [10.145991, 46.537550, 1884.5],
          [10.146106, 46.537604, 1886.5],
          [10.146706, 46.537665, 1896.25],
          [10.146882, 46.537701, 1899.5],
          [10.147119, 46.537849, 1903.25],
          [10.147805, 46.538128, 1916.0],
          [10.147912, 46.538235, 1918.0],
          [10.149976, 46.538939, 1957.5],
          [10.150573, 46.539352, 1963.25],
          [10.151281, 46.539654, 1977.75],
          [10.152526, 46.540447, 1997.75],
          [10.152890, 46.540833, 2008.5],
          [10.153213, 46.541519, 2023.0],
          [10.153320, 46.541626, 2026.5],
          [10.153427, 46.541670, 2028.0],
          [10.153513, 46.541668, 2029.5],
          [10.153597, 46.541639, 2031.25],
          [10.153685, 46.541542, 2034.75],
          [10.153728, 46.541283, 2039.25],
          [10.154050, 46.540833, 2049.5],
          [10.154222, 46.540447, 2054.75],
          [10.154276, 46.540349, 2055.25],
          [10.154340, 46.540304, 2057.0],
          [10.154457, 46.540295, 2061.25],
          [10.155006, 46.540556, 2075.0],
          [10.155262, 46.540744, 2080.25],
          [10.155545, 46.540980, 2085.75],
          [10.155658, 46.541035, 2087.75],
          [10.155839, 46.541082, 2091.0],
          [10.156048, 46.541073, 2093.25],
          [10.156494, 46.541022, 2098.25],
          [10.156596, 46.541001, 2100.0],
          [10.156692, 46.540981, 2101.5],
          [10.156855, 46.540924, 2103.5],
          [10.157130, 46.540789, 2107.5],
          [10.157314, 46.540738, 2109.5],
          [10.157554, 46.540688, 2112.0],
          [10.157851, 46.540603, 2116.5],
          [10.157929, 46.540572, 2118.0],
          [10.158031, 46.540527, 2119.25],
          [10.158147, 46.540462, 2120.0],
          [10.158625, 46.540105, 2126.5],
          [10.159164, 46.539808, 2132.0],
          [10.159248, 46.539789, 2133.0],
          [10.159383, 46.539773, 2134.5],
          [10.159514, 46.539721, 2136.75],
          [10.159790, 46.539587, 2141.0],
          [10.160150, 46.539466, 2148.0],
          [10.160284, 46.539443, 2151.0],
          [10.160484, 46.539422, 2153.25],
          [10.161257, 46.539237, 2162.5],
          [10.161499, 46.539113, 2167.75],
          [10.161624, 46.539067, 2169.75],
          [10.161747, 46.539040, 2171.0],
          [10.162100, 46.538933, 2175.5],
          [10.162228, 46.538909, 2177.25],
          [10.162323, 46.538876, 2178.75],
          [10.162477, 46.538811, 2181.0],
          [10.162835, 46.538711, 2186.0],
          [10.163090, 46.538655, 2188.75],
          [10.163321, 46.538622, 2191.5],
          [10.163444, 46.538617, 2193.0],
          [10.163691, 46.538621, 2196.0],
          [10.163811, 46.538614, 2197.75],
          [10.163940, 46.538591, 2199.75],
          [10.164116, 46.538501, 2202.75],
          [10.164275, 46.538405, 2204.0],
          [10.164575, 46.538347, 2204.5],
          [10.165106, 46.538237, 2207.75],
          [10.165323, 46.538197, 2208.75],
          [10.165588, 46.538146, 2209.25],
          [10.165691, 46.538143, 2209.5],
          [10.165798, 46.538149, 2209.75],
          [10.165989, 46.538070, 2210.5],
          [10.166179, 46.538011, 2211.25],
          [10.166243, 46.537984, 2211.75],
          [10.166528, 46.537848, 2212.5],
          [10.167161, 46.537338, 2213.25],
          [10.168147, 46.536778, 2206.25],
          [10.168791, 46.536175, 2200.25],
          [10.169242, 46.535832, 2195.25],
          [10.170035, 46.534931, 2184.5],
          [10.170247, 46.534584, 2180.5],
          [10.170379, 46.534309, 2177.5],
          [10.170808, 46.533279, 2163.75],
          [10.170744, 46.532959, 2160.5],
          [10.170501, 46.532463, 2154.0],
          [10.170250, 46.532233, 2149.0],
          [10.170256, 46.532203, 2148.5],
          [10.170274, 46.532178, 2148.25],
          [10.170301, 46.532164, 2147.75],
          [10.170440, 46.532095, 2145.0],
          [10.170454, 46.532035, 2144.25],
          [10.170507, 46.531930, 2142.75],
          [10.170917, 46.531641, 2141.0],
          [10.170999, 46.531644, 2139.75],
          [10.171060, 46.531579, 2139.5],
          [10.171269, 46.531437, 2137.0],
          [10.171498, 46.531312, 2135.25],
          [10.171834, 46.531162, 2132.5],
          [10.172037, 46.531051, 2131.25],
          [10.172250, 46.530885, 2129.0],
          [10.172406, 46.530703, 2127.5],
          [10.172491, 46.530549, 2127.0],
          [10.172699, 46.529896, 2121.5],
          [10.172799, 46.529702, 2119.75],
          [10.173043, 46.529361, 2118.5],
          [10.173407, 46.528869, 2114.5],
          [10.173528, 46.528737, 2113.0],
          [10.173673, 46.528612, 2110.5],
          [10.174046, 46.528330, 2107.5],
          [10.174380, 46.528037, 2103.75],
          [10.174526, 46.527899, 2102.0],
          [10.174575, 46.527768, 2102.5],
          [10.174622, 46.527276, 2098.0],
          [10.174944, 46.527324, 2093.0],
          [10.175062, 46.527356, 2090.75],
          [10.175105, 46.527421, 2090.0],
          [10.175181, 46.527626, 2088.25],
          [10.175208, 46.527663, 2087.75],
          [10.175234, 46.527680, 2087.0],
          [10.175279, 46.527680, 2086.25],
          [10.175630, 46.527604, 2081.0],
          [10.175713, 46.527577, 2079.25],
          [10.175738, 46.527545, 2078.75],
          [10.175729, 46.527487, 2078.5],
          [10.175665, 46.527399, 2078.5],
          [10.175616, 46.527287, 2078.25],
          [10.175602, 46.527176, 2079.0],
          [10.175621, 46.527142, 2079.75],
          [10.175678, 46.527107, 2079.5],
          [10.175747, 46.527078, 2079.0],
          [10.176552, 46.526923, 2074.0],
          [10.176638, 46.526832, 2075.25],
          [10.176634, 46.526628, 2077.0],
          [10.176586, 46.526551, 2075.75],
          [10.176310, 46.526420, 2080.75],
          [10.176212, 46.526363, 2082.25],
          [10.176225, 46.526341, 2081.5],
          [10.176208, 46.526237, 2079.75],
          [10.176204, 46.526160, 2078.5],
          [10.176211, 46.526099, 2077.5],
          [10.176233, 46.526049, 2077.0],
          [10.176353, 46.525931, 2075.5],
          [10.176742, 46.525649, 2068.25],
          [10.177047, 46.525479, 2065.75],
          [10.177165, 46.525413, 2064.25],
          [10.177336, 46.525267, 2063.75],
          [10.177473, 46.525102, 2062.25],
          [10.177786, 46.524604, 2056.25],
          [10.177837, 46.524513, 2055.5],
          [10.177858, 46.524449, 2055.0],
          [10.177862, 46.524401, 2053.75],
          [10.177814, 46.524313, 2052.0],
          [10.177792, 46.524220, 2050.0],
          [10.177803, 46.524147, 2048.5],
          [10.178024, 46.523853, 2045.75],
          [10.178065, 46.523765, 2044.5],
          [10.178086, 46.523667, 2044.0],
          [10.178177, 46.523498, 2041.0],
          [10.178274, 46.523277, 2038.25],
          [10.178329, 46.523207, 2037.75],
          [10.178584, 46.523035, 2035.75],
          [10.178687, 46.522931, 2035.5],
          [10.178762, 46.522835, 2035.25],
          [10.178817, 46.522787, 2034.5],
          [10.179002, 46.522678, 2031.75],
          [10.179129, 46.522545, 2031.0],
          [10.179427, 46.522339, 2029.25],
          [10.179610, 46.522180, 2027.5],
          [10.179848, 46.521988, 2023.75],
          [10.179925, 46.521949, 2022.25],
          [10.179970, 46.521925, 2021.5],
          [10.179968, 46.521982, 2021.5],
          [10.180011, 46.521952, 2020.75],
          [10.180048, 46.521931, 2020.0],
          [10.180100, 46.521821, 2019.0],
          [10.180296, 46.521516, 2014.0],
          [10.180599, 46.521132, 2009.25],
          [10.180796, 46.520906, 2008.25],
          [10.180904, 46.520803, 2008.25],
          [10.181083, 46.520678, 2009.0],
          [10.181331, 46.520236, 2007.25],
          [10.181611, 46.519852, 2005.5],
          [10.181788, 46.519700, 2003.75],
          [10.181864, 46.519568, 2003.75],
          [10.182025, 46.519251, 2003.0],
          [10.182240, 46.519123, 2002.5],
          [10.182097, 46.518816, 2004.75],
          [10.181916, 46.518391, 2006.5],
          [10.181443, 46.518074, 2009.5],
          [10.181240, 46.517778, 2009.75],
          [10.181201, 46.517552, 2012.75],
          [10.181102, 46.517397, 2014.0],
          [10.180918, 46.517273, 2015.0],
          [10.180687, 46.516852, 2016.5],
          [10.180706, 46.516421, 2021.5],
          [10.180660, 46.516312, 2023.0],
          [10.180557, 46.516246, 2023.5],
          [10.180401, 46.516201, 2023.75],
          [10.180116, 46.516169, 2022.5],
          [10.180061, 46.516149, 2022.5],
          [10.180224, 46.516122, 2024.25],
          [10.180411, 46.516108, 2026.0],
          [10.180567, 46.516123, 2026.75],
          [10.180696, 46.516158, 2027.0],
          [10.180812, 46.516205, 2027.0],
          [10.180926, 46.516272, 2027.75],
          [10.181009, 46.516356, 2028.25],
          [10.181148, 46.516553, 2029.75],
          [10.181296, 46.516725, 2030.5],
          [10.181570, 46.516962, 2032.5],
          [10.182207, 46.517425, 2039.0],
          [10.182339, 46.517488, 2039.5],
          [10.182480, 46.517526, 2040.5],
          [10.182655, 46.517552, 2041.25],
          [10.182771, 46.517550, 2042.0],
          [10.182891, 46.517533, 2042.25],
          [10.183100, 46.517509, 2043.0],
          [10.183299, 46.517499, 2044.75],
          [10.183469, 46.517521, 2045.5],
          [10.183625, 46.517559, 2046.5],
          [10.183738, 46.517617, 2047.25],
          [10.183841, 46.517692, 2048.25],
          [10.184175, 46.518098, 2051.25],
          [10.184243, 46.518150, 2051.25],
          [10.184320, 46.518188, 2051.75],
          [10.184413, 46.518221, 2052.75],
          [10.184514, 46.518232, 2053.75],
          [10.184575, 46.518233, 2054.0],
          [10.184670, 46.518221, 2055.0],
          [10.184835, 46.518158, 2056.0],
          [10.184957, 46.518098, 2056.75],
          [10.185496, 46.517844, 2060.0],
          [10.185663, 46.517728, 2060.25],
          [10.185961, 46.517519, 2062.25],
          [10.186098, 46.517423, 2063.5],
          [10.186110, 46.517415, 2063.5],
          [10.186144, 46.517391, 2063.5],
          [10.186182, 46.517364, 2063.5],
          [10.186219, 46.517339, 2063.75],
          [10.186384, 46.517228, 2065.75],
          [10.186442, 46.517189, 2065.75],
          [10.186561, 46.517108, 2066.25],
          [10.186718, 46.516979, 2068.25],
          [10.187160, 46.516655, 2071.75],
          [10.187396, 46.516512, 2073.5],
          [10.187555, 46.516442, 2074.75],
          [10.187849, 46.516364, 2077.5],
          [10.188108, 46.516337, 2078.75],
          [10.189291, 46.516415, 2086.5],
          [10.189506, 46.516420, 2088.25],
          [10.189739, 46.516383, 2090.75],
          [10.189881, 46.516320, 2089.75],
          [10.190095, 46.516126, 2091.75],
          [10.190235, 46.515960, 2092.5],
          [10.190415, 46.515671, 2094.25],
          [10.190521, 46.515543, 2097.0],
          [10.190654, 46.515438, 2097.25],
          [10.190907, 46.515303, 2099.25],
          [10.191355, 46.515038, 2102.75],
          [10.191551, 46.514889, 2100.25],
          [10.192115, 46.514241, 2110.0],
          [10.192730, 46.513574, 2120.75],
          [10.193025, 46.513348, 2126.0],
          [10.193442, 46.513114, 2130.75],
          [10.193967, 46.512855, 2130.25],
          [10.194637, 46.512509, 2132.0],
          [10.194765, 46.512430, 2132.25],
          [10.194928, 46.512279, 2133.0],
          [10.195915, 46.511012, 2146.25],
          [10.196071, 46.510866, 2147.5],
          [10.196317, 46.510686, 2148.25],
          [10.196743, 46.510408, 2151.5],
          [10.196957, 46.510260, 2153.75],
          [10.197132, 46.510120, 2155.25],
          [10.197239, 46.509991, 2157.25],
          [10.197795, 46.509139, 2167.75],
          [10.198046, 46.508852, 2170.75],
          [10.198746, 46.508240, 2176.75],
          [10.198939, 46.508044, 2177.75],
          [10.199106, 46.507811, 2179.0],
          [10.199362, 46.507363, 2181.75],
          [10.200079, 46.506115, 2186.5],
          [10.201158, 46.504492, 2200.25],
          [10.201314, 46.504240, 2201.75],
          [10.201423, 46.504012, 2202.25],
          [10.201693, 46.503328, 2207.5],
          [10.201872, 46.502925, 2211.25],
          [10.202241, 46.502256, 2216.25],
          [10.202580, 46.501785, 2220.5],
          [10.202907, 46.501303, 2223.75],
          [10.203269, 46.500790, 2226.5],
          [10.203430, 46.500582, 2226.5],
          [10.203668, 46.500368, 2231.25],
          [10.204218, 46.499973, 2235.25],
          [10.204709, 46.499645, 2240.0],
          [10.204982, 46.499363, 2241.25],
          [10.205258, 46.498937, 2244.5],
          [10.205648, 46.498084, 2249.75],
          [10.205767, 46.497890, 2251.25],
          [10.205922, 46.497808, 2251.75],
          [10.206093, 46.497798, 2251.75],
          [10.206223, 46.497821, 2253.75],
          [10.206319, 46.497875, 2255.5],
          [10.206388, 46.497946, 2256.75],
          [10.206415, 46.498045, 2258.0],
          [10.206419, 46.498882, 2262.75],
          [10.206392, 46.499087, 2263.5],
          [10.206218, 46.499540, 2264.75],
          [10.206217, 46.499572, 2264.75],
          [10.206232, 46.499602, 2265.0],
          [10.206283, 46.499629, 2265.5],
          [10.206309, 46.499632, 2266.0],
          [10.206365, 46.499627, 2266.5],
          [10.206387, 46.499615, 2266.75],
          [10.206414, 46.499574, 2267.0],
          [10.206459, 46.499346, 2266.5],
          [10.206631, 46.498875, 2268.75],
          [10.206682, 46.498424, 2271.25],
          [10.206710, 46.498286, 2271.75],
          [10.206753, 46.498189, 2272.0],
          [10.206957, 46.497805, 2278.75],
          [10.207198, 46.497294, 2282.5],
          [10.207704, 46.496506, 2289.0],
          [10.207859, 46.496356, 2289.0],
          [10.207986, 46.496216, 2289.25],
          [10.208086, 46.496074, 2289.25],
          [10.208316, 46.495641, 2288.0],
          [10.208411, 46.495522, 2287.75],
          [10.208533, 46.495406, 2287.25],
          [10.208681, 46.495267, 2287.0],
          [10.208779, 46.495091, 2286.75],
          [10.208860, 46.495012, 2286.0],
          [10.208967, 46.494938, 2285.25],
          [10.209161, 46.494846, 2284.25],
          [10.209348, 46.494723, 2283.25],
          [10.209592, 46.494585, 2280.25],
          [10.211800, 46.493405, 2267.75],
          [10.212483, 46.493053, 2260.25],
          [10.212971, 46.492764, 2258.25],
          [10.213394, 46.492533, 2257.25],
          [10.214205, 46.492099, 2250.75],
          [10.214605, 46.491866, 2249.75],
          [10.214798, 46.491708, 2248.0],
          [10.214970, 46.491545, 2246.75],
          [10.215173, 46.491303, 2245.5],
          [10.215209, 46.491254, 2245.25],
          [10.215755, 46.490508, 2240.75],
          [10.216215, 46.489893, 2237.75],
          [10.216394, 46.489743, 2237.5],
          [10.216465, 46.489700, 2238.25],
          [10.216556, 46.489660, 2239.25],
          [10.216702, 46.489625, 2239.0],
          [10.216863, 46.489610, 2237.0],
          [10.217461, 46.489583, 2230.5],
          [10.217781, 46.489549, 2227.0],
          [10.218131, 46.489490, 2224.5],
          [10.218386, 46.489408, 2224.0],
          [10.219203, 46.488888, 2219.5],
          [10.219394, 46.488842, 2218.5],
          [10.219590, 46.488772, 2217.0],
          [10.220051, 46.488598, 2213.5],
          [10.220259, 46.488507, 2209.5],
          [10.220360, 46.488429, 2208.75],
          [10.220426, 46.488352, 2209.5],
          [10.220681, 46.487945, 2208.25],
          [10.220814, 46.487747, 2207.75],
          [10.220839, 46.487645, 2207.75],
          [10.220851, 46.487452, 2209.0],
          [10.220870, 46.487391, 2209.25],
          [10.220918, 46.487336, 2208.25],
          [10.221167, 46.487095, 2202.75],
          [10.221213, 46.487034, 2202.25],
          [10.221279, 46.486678, 2203.0],
          [10.221290, 46.486167, 2195.5],
          [10.221304, 46.486058, 2196.0],
          [10.221361, 46.485965, 2196.0],
          [10.221562, 46.485690, 2193.5],
          [10.221624, 46.485564, 2192.0],
          [10.221647, 46.485426, 2191.5],
          [10.221701, 46.484863, 2186.5],
          [10.221763, 46.484699, 2183.0],
          [10.221812, 46.484397, 2181.5],
          [10.221787, 46.484180, 2180.25],
          [10.221670, 46.483766, 2177.5],
          [10.221693, 46.483634, 2175.75],
          [10.221760, 46.483512, 2174.5],
          [10.221934, 46.483411, 2172.5],
          [10.222159, 46.483372, 2171.5],
          [10.222396, 46.483390, 2169.75],
          [10.222529, 46.483407, 2168.25],
          [10.223122, 46.483496, 2166.25],
          [10.223366, 46.483551, 2166.25],
          [10.223614, 46.483625, 2164.5],
          [10.224607, 46.483942, 2157.75],
          [10.224829, 46.484005, 2156.5],
          [10.225084, 46.484027, 2155.0],
          [10.225416, 46.483999, 2153.25],
          [10.225766, 46.483954, 2150.75],
          [10.225941, 46.483955, 2149.75],
          [10.226110, 46.483973, 2149.0],
          [10.226348, 46.484022, 2149.25],
          [10.227615, 46.484434, 2143.0],
          [10.227875, 46.484500, 2142.25],
          [10.228167, 46.484519, 2142.0],
          [10.228325, 46.484511, 2141.75],
          [10.228610, 46.484463, 2139.75],
          [10.228951, 46.484341, 2139.75],
          [10.229479, 46.484132, 2140.25],
          [10.230136, 46.483960, 2140.25],
          [10.230688, 46.483892, 2138.75],
          [10.231499, 46.483846, 2136.75],
          [10.231762, 46.483843, 2135.5],
          [10.232307, 46.483882, 2132.5],
          [10.232954, 46.483916, 2131.0],
          [10.233218, 46.483893, 2131.0],
          [10.233962, 46.483762, 2128.25],
          [10.234453, 46.483719, 2127.5],
          [10.234552, 46.483709, 2127.25],
          [10.234756, 46.483689, 2126.25],
          [10.235079, 46.483625, 2121.75],
          [10.235313, 46.483548, 2123.5],
          [10.235433, 46.483507, 2124.0],
          [10.236010, 46.483318, 2124.0],
          [10.236224, 46.483239, 2123.0],
          [10.236647, 46.483006, 2122.5],
          [10.236817, 46.482931, 2121.75],
          [10.237771, 46.482621, 2115.5],
          [10.237998, 46.482540, 2115.0],
          [10.238204, 46.482438, 2114.5],
          [10.238519, 46.482213, 2116.25],
          [10.239336, 46.481725, 2109.25],
          [10.239821, 46.481420, 2104.0],
          [10.240003, 46.481328, 2100.5],
          [10.240250, 46.481252, 2098.0],
          [10.240490, 46.481225, 2096.5],
          [10.241745, 46.481261, 2092.25],
          [10.242512, 46.481291, 2089.0],
          [10.242763, 46.481277, 2087.75],
          [10.243035, 46.481247, 2086.75],
          [10.243318, 46.481205, 2083.75],
          [10.243446, 46.481175, 2082.25],
          [10.243925, 46.481044, 2079.25],
          [10.244111, 46.480968, 2077.25],
          [10.244195, 46.480912, 2076.75],
          [10.244346, 46.480756, 2077.25],
          [10.244422, 46.480687, 2077.0],
          [10.244513, 46.480634, 2076.0],
          [10.245045, 46.480453, 2073.5],
          [10.245310, 46.480329, 2070.75],
          [10.245551, 46.480182, 2071.0],
          [10.246000, 46.479854, 2065.75],
          [10.246230, 46.479653, 2063.25],
          [10.246314, 46.479592, 2062.5],
          [10.246714, 46.479450, 2059.0],
          [10.246900, 46.479366, 2057.5],
          [10.247004, 46.479281, 2056.0],
          [10.247089, 46.479182, 2055.5],
          [10.247318, 46.478738, 2054.0],
          [10.247459, 46.478670, 2052.0],
          [10.247673, 46.478633, 2050.25],
          [10.247808, 46.478631, 2049.5],
          [10.248004, 46.478638, 2049.25],
          [10.248222, 46.478629, 2047.75],
          [10.248323, 46.478581, 2047.25],
          [10.248534, 46.478436, 2045.25],
          [10.248633, 46.478358, 2044.25],
          [10.248702, 46.478266, 2043.0],
          [10.248754, 46.478126, 2042.0],
          [10.248806, 46.477813, 2042.5],
          [10.249817, 46.477663, 2036.0],
          [10.249965, 46.477633, 2034.5],
          [10.250101, 46.477590, 2033.25],
          [10.250249, 46.477527, 2032.5],
          [10.250397, 46.477440, 2031.0],
          [10.250471, 46.477384, 2030.25],
          [10.250584, 46.477271, 2029.5],
          [10.250632, 46.477213, 2029.0],
          [10.250708, 46.477102, 2028.0],
          [10.250929, 46.476734, 2026.0],
          [10.250970, 46.476683, 2025.75],
          [10.251023, 46.476635, 2025.75],
          [10.251335, 46.476468, 2022.5],
          [10.251417, 46.476419, 2021.75],
          [10.251489, 46.476373, 2021.0],
          [10.251542, 46.476321, 2020.5],
          [10.251590, 46.476254, 2020.0],
          [10.251627, 46.476186, 2020.0],
          [10.251781, 46.475775, 2019.0],
          [10.252080, 46.475221, 2014.25],
          [10.252285, 46.474900, 2010.75],
          [10.252459, 46.474660, 2009.25],
          [10.252602, 46.474447, 2006.25],
          [10.252696, 46.474229, 2005.0],
          [10.252726, 46.474098, 2004.0],
          [10.252734, 46.473996, 2002.75],
          [10.252725, 46.473929, 2002.25],
          [10.252501, 46.473455, 1999.5],
          [10.252472, 46.473376, 1999.0],
          [10.252437, 46.473198, 1997.25],
          [10.252399, 46.473080, 1996.5],
          [10.252314, 46.472939, 1994.75],
          [10.252088, 46.472619, 1992.5],
          [10.251730, 46.472208, 1989.25],
          [10.251483, 46.472025, 1987.0],
          [10.251374, 46.471935, 1986.0],
          [10.251277, 46.471833, 1985.25],
          [10.251204, 46.471739, 1984.25],
          [10.251143, 46.471642, 1983.5],
          [10.250846, 46.471101, 1977.25],
          [10.250753, 46.470963, 1976.75],
          [10.250671, 46.470863, 1976.75],
          [10.250574, 46.470766, 1976.25],
          [10.250299, 46.470516, 1972.5],
          [10.250183, 46.470364, 1972.25],
          [10.250068, 46.470142, 1970.75],
          [10.249528, 46.469140, 1963.25],
          [10.249389, 46.468936, 1962.5],
          [10.249216, 46.468752, 1960.0],
          [10.249053, 46.468614, 1959.0],
          [10.248860, 46.468476, 1958.25],
          [10.248436, 46.468184, 1954.75],
          [10.248340, 46.468130, 1954.5],
          [10.248242, 46.468087, 1953.75],
          [10.247515, 46.467901, 1953.25],
          [10.247345, 46.467850, 1953.5],
          [10.247134, 46.467740, 1951.25],
          [10.247029, 46.467671, 1950.75],
          [10.246933, 46.467592, 1949.75],
          [10.246855, 46.467508, 1948.75],
          [10.246789, 46.467418, 1948.0],
          [10.246711, 46.467265, 1946.75],
          [10.246626, 46.467018, 1945.25],
          [10.246608, 46.466937, 1944.5],
          [10.246600, 46.466817, 1944.0],
          [10.246607, 46.466697, 1943.0],
          [10.246737, 46.466277, 1938.5],
          [10.246788, 46.466100, 1936.25],
          [10.246813, 46.465966, 1935.25],
          [10.246818, 46.465856, 1934.5],
          [10.246807, 46.465754, 1933.75],
          [10.246782, 46.465663, 1933.25],
          [10.246739, 46.465591, 1933.25],
          [10.246646, 46.465468, 1932.5],
          [10.246467, 46.465296, 1930.75],
          [10.246123, 46.465016, 1929.0],
          [10.245985, 46.464880, 1927.25],
          [10.245928, 46.464800, 1925.75],
          [10.245883, 46.464714, 1924.5],
          [10.245834, 46.464592, 1924.0],
          [10.245813, 46.464455, 1923.0],
          [10.245800, 46.464138, 1921.75],
          [10.245767, 46.464024, 1920.75],
          [10.245712, 46.463896, 1919.75],
          [10.245414, 46.463318, 1915.75],
          [10.245351, 46.463169, 1914.25],
          [10.245271, 46.463016, 1913.25],
          [10.245161, 46.462852, 1912.75],
          [10.245030, 46.462690, 1911.75],
          [10.242958, 46.460340, 1895.5],
          [10.242872, 46.460236, 1894.5],
          [10.242593, 46.459923, 1891.25],
          [10.242533, 46.459856, 1890.75],
          [10.242227, 46.459559, 1889.25],
          [10.241673, 46.459133, 1885.5],
          [10.241597, 46.459067, 1886.0],
          [10.241578, 46.459032, 1886.0],
          [10.241568, 46.459001, 1885.5],
          [10.241571, 46.458954, 1884.75],
          [10.241593, 46.458904, 1884.0],
          [10.241626, 46.458871, 1883.0],
          [10.241684, 46.458846, 1881.75],
          [10.241756, 46.458831, 1880.75],
          [10.241833, 46.458838, 1880.75],
          [10.241916, 46.458861, 1882.0],
          [10.242278, 46.459059, 1879.25],
          [10.242778, 46.459333, 1876.5],
          [10.243324, 46.459649, 1873.25],
          [10.243864, 46.459934, 1871.5],
          [10.244197, 46.460127, 1868.0],
          [10.244873, 46.460580, 1863.75],
          [10.245046, 46.460673, 1863.5],
          [10.245285, 46.460780, 1860.25],
          [10.247163, 46.461433, 1848.75],
          [10.247437, 46.461543, 1845.5],
          [10.247685, 46.461670, 1844.25],
          [10.247803, 46.461761, 1842.75],
          [10.247902, 46.461861, 1841.75],
          [10.248062, 46.462073, 1840.75],
          [10.248320, 46.462457, 1838.0],
          [10.248614, 46.462817, 1834.25],
          [10.249145, 46.463442, 1828.75],
          [10.249296, 46.463582, 1826.75],
          [10.249468, 46.463706, 1826.75],
          [10.249656, 46.463824, 1825.0],
          [10.249930, 46.463969, 1822.25],
          [10.250547, 46.464262, 1818.25],
          [10.251117, 46.464426, 1812.0],
          [10.251387, 46.464587, 1804.5],
          [10.251534, 46.464832, 1800.75],
          [10.251665, 46.465033, 1796.25],
          [10.251825, 46.465149, 1797.25],
          [10.252247, 46.465160, 1791.25],
          [10.252634, 46.465195, 1786.75],
          [10.253078, 46.465359, 1782.75],
          [10.253563, 46.465673, 1773.75],
          [10.253600, 46.465785, 1773.0],
          [10.254361, 46.466602, 1768.0],
          [10.254829, 46.467059, 1756.25],
          [10.255116, 46.467511, 1750.25],
          [10.255159, 46.467696, 1750.5],
          [10.255406, 46.467912, 1743.75],
          [10.255473, 46.468125, 1741.0],
          [10.255594, 46.468252, 1735.0],
          [10.255500, 46.468485, 1736.75],
          [10.255567, 46.468568, 1733.75],
          [10.255997, 46.468879, 1724.25],
          [10.256357, 46.469357, 1718.75],
          [10.256780, 46.469482, 1711.0],
          [10.257220, 46.469827, 1709.0],
          [10.257789, 46.470045, 1704.0],
          [10.258400, 46.470215, 1697.5],
          [10.258674, 46.470415, 1695.0],
          [10.259040, 46.471395, 1692.75],
          [10.259524, 46.471667, 1693.25],
          [10.259841, 46.471734, 1691.5],
          [10.260799, 46.472647, 1660.75],
          [10.260967, 46.472912, 1654.5],
          [10.261829, 46.473735, 1626.75],
          [10.261956, 46.473789, 1623.0],
          [10.262047, 46.473899, 1621.5],
          [10.262139, 46.474046, 1618.5],
          [10.262305, 46.474270, 1615.25],
          [10.262463, 46.474356, 1612.0],
          [10.262786, 46.474439, 1606.75],
          [10.262976, 46.474507, 1603.75],
          [10.263074, 46.474570, 1601.75],
          [10.263335, 46.474829, 1596.5],
          [10.263431, 46.474902, 1594.75],
          [10.263650, 46.475029, 1591.5],
          [10.264020, 46.475212, 1587.0],
          [10.264114, 46.475215, 1586.0],
          [10.264234, 46.475337, 1585.5],
          [10.264285, 46.475402, 1584.75],
          [10.264336, 46.475359, 1584.25],
          [10.264380, 46.475445, 1583.0],
          [10.264414, 46.475539, 1581.75],
          [10.264427, 46.475688, 1579.0],
          [10.264489, 46.475878, 1574.25],
          [10.264520, 46.476033, 1573.0],
          [10.264531, 46.476140, 1572.5],
          [10.264559, 46.476197, 1571.75],
          [10.264869, 46.476502, 1567.0],
          [10.264981, 46.476543, 1565.75],
          [10.265086, 46.476650, 1563.75],
          [10.265164, 46.476782, 1561.5],
          [10.265265, 46.477016, 1558.25],
          [10.265273, 46.477082, 1557.0],
          [10.265223, 46.477350, 1554.5],
          [10.265217, 46.477455, 1553.0],
          [10.265245, 46.477516, 1551.5],
          [10.265348, 46.477682, 1548.5],
          [10.265393, 46.477811, 1547.25],
          [10.265419, 46.477953, 1546.5],
          [10.265437, 46.478132, 1545.5],
          [10.265463, 46.478216, 1544.25],
          [10.265564, 46.478296, 1542.25],
          [10.265649, 46.478340, 1541.0],
          [10.265738, 46.478366, 1539.0],
          [10.266120, 46.478426, 1534.0],
          [10.266213, 46.478451, 1533.25],
          [10.266811, 46.478706, 1525.75],
          [10.266893, 46.478723, 1525.5],
          [10.266940, 46.478715, 1525.75],
          [10.266983, 46.478697, 1526.0],
          [10.267001, 46.478669, 1526.25],
          [10.267004, 46.478637, 1527.0],
          [10.266984, 46.478562, 1527.25],
          [10.266921, 46.478459, 1527.0],
          [10.266907, 46.478419, 1526.75],
          [10.266917, 46.478348, 1525.75],
          [10.266962, 46.478248, 1525.75],
          [10.267103, 46.478016, 1525.0],
          [10.267156, 46.477970, 1524.0],
          [10.267211, 46.477957, 1522.75],
          [10.267307, 46.477962, 1519.75],
          [10.267377, 46.477988, 1518.25],
          [10.267426, 46.478037, 1517.75],
          [10.267492, 46.478162, 1517.0],
          [10.267557, 46.478237, 1515.0],
          [10.267752, 46.478406, 1512.5],
          [10.267860, 46.478516, 1509.5],
          [10.267929, 46.478712, 1509.75],
          [10.267982, 46.478767, 1509.25],
          [10.268311, 46.479015, 1502.75],
          [10.268386, 46.479028, 1501.75],
          [10.268764, 46.478984, 1497.0],
          [10.268856, 46.478979, 1496.0],
          [10.268954, 46.478999, 1495.0],
          [10.268989, 46.479020, 1494.5],
          [10.269004, 46.479056, 1494.5],
          [10.268973, 46.479284, 1494.0],
          [10.268931, 46.479368, 1493.5],
          [10.268876, 46.479410, 1493.5],
          [10.268771, 46.479464, 1492.5],
          [10.268645, 46.479498, 1491.5],
          [10.268482, 46.479533, 1489.5],
          [10.268335, 46.479543, 1488.5],
          [10.268206, 46.479559, 1489.0],
          [10.268123, 46.479608, 1487.75],
          [10.268058, 46.479666, 1486.0],
          [10.268005, 46.479762, 1483.75],
          [10.267933, 46.479936, 1481.0],
          [10.267935, 46.480074, 1479.25],
          [10.267902, 46.480140, 1479.0],
          [10.267806, 46.480200, 1478.75],
          [10.267572, 46.480283, 1476.25],
          [10.267291, 46.480370, 1474.0],
          [10.267249, 46.480405, 1473.5],
          [10.267235, 46.480455, 1473.0],
          [10.267286, 46.480639, 1471.0],
          [10.267464, 46.481122, 1464.75],
          [10.267462, 46.481230, 1462.75],
          [10.267432, 46.481315, 1462.0],
          [10.266794, 46.482132, 1454.75],
          [10.266698, 46.482295, 1451.75],
          [10.266610, 46.482378, 1449.25],
          [10.266130, 46.482613, 1448.75],
          [10.265948, 46.482769, 1449.75],
          [10.265891, 46.482843, 1450.5],
          [10.265887, 46.482900, 1450.75],
          [10.265915, 46.482949, 1450.5],
          [10.266011, 46.483054, 1449.25],
          [10.266079, 46.483097, 1448.75],
          [10.266185, 46.483141, 1448.5],
          [10.266521, 46.483243, 1449.0],
          [10.266578, 46.483272, 1449.0],
          [10.266632, 46.483318, 1449.0],
          [10.266734, 46.483406, 1450.25],
          [10.266854, 46.483479, 1452.0],
          [10.266910, 46.483497, 1452.5],
          [10.267007, 46.483520, 1453.5],
          [10.267214, 46.483374, 1451.5],
          [10.267259, 46.483318, 1450.5],
          [10.267351, 46.483088, 1447.25],
          [10.267344, 46.483022, 1446.25],
          [10.267405, 46.482875, 1444.25],
          [10.267542, 46.482756, 1442.75],
          [10.267778, 46.482626, 1438.25],
          [10.267716, 46.482601, 1437.75],
          [10.267406, 46.482683, 1439.5],
          [10.267296, 46.482735, 1439.75],
          [10.267243, 46.482742, 1439.25],
          [10.267207, 46.482734, 1438.5],
          [10.267198, 46.482693, 1437.25],
          [10.267506, 46.482459, 1433.75],
          [10.268187, 46.482226, 1426.0],
          [10.268375, 46.482200, 1424.75],
          [10.268562, 46.482207, 1423.75],
          [10.268855, 46.482239, 1419.75],
          [10.269092, 46.482321, 1420.75],
          [10.269222, 46.482348, 1419.75],
          [10.269356, 46.482209, 1413.75],
          [10.269433, 46.482192, 1414.75],
          [10.269586, 46.482264, 1413.5],
          [10.269796, 46.482466, 1407.0],
          [10.270005, 46.482573, 1410.75],
          [10.270669, 46.482700, 1406.0],
          [10.271585, 46.482799, 1400.75],
          [10.271936, 46.482988, 1399.75],
          [10.272115, 46.483182, 1398.25],
          [10.272625, 46.483439, 1393.25],
          [10.272671, 46.483515, 1392.0],
          [10.272655, 46.483626, 1391.5],
          [10.272813, 46.483711, 1392.5],
          [10.273334, 46.483822, 1388.5],
          [10.273502, 46.483893, 1385.25],
          [10.273818, 46.484261, 1387.25],
          [10.274345, 46.484547, 1387.5],
          [10.275417, 46.484806, 1383.0],
          [10.275751, 46.485018, 1380.0],
          [10.275961, 46.485261, 1379.5],
          [10.276374, 46.485887, 1381.0],
          [10.276722, 46.486134, 1380.25],
          [10.276799, 46.486184, 1382.25],
          [10.277325, 46.486448, 1381.75],
          [10.277710, 46.486518, 1380.25],
          [10.278112, 46.486502, 1377.5],
          [10.279103, 46.486335, 1371.5],
          [10.280428, 46.486485, 1369.0],
          [10.281175, 46.486597, 1369.25],
          [10.281880, 46.486724, 1366.75],
          [10.282045, 46.486772, 1367.0],
          [10.282832, 46.486979, 1364.75],
          [10.284444, 46.487449, 1364.5],
          [10.285145, 46.487761, 1361.5],
          [10.285482, 46.487987, 1360.25],
          [10.286408, 46.488670, 1359.25],
          [10.286835, 46.488956, 1359.5],
          [10.286996, 46.489020, 1360.5],
          [10.287263, 46.489051, 1360.5],
          [10.287455, 46.489036, 1358.5],
          [10.287636, 46.488989, 1357.25],
          [10.287945, 46.488891, 1356.75],
          [10.288190, 46.488827, 1357.25],
          [10.288438, 46.488789, 1356.75],
          [10.288587, 46.488754, 1356.5],
          [10.288470, 46.488659, 1354.75],
          [10.288688, 46.488546, 1354.5],
          [10.288852, 46.488517, 1353.25],
          [10.290446, 46.488287, 1351.25],
          [10.290906, 46.488220, 1350.5],
          [10.291435, 46.488170, 1350.5],
          [10.291970, 46.488073, 1350.25],
          [10.292079, 46.488066, 1350.5],
          [10.292280, 46.488004, 1350.5],
          [10.292529, 46.487912, 1348.75],
          [10.292903, 46.487881, 1348.25],
          [10.293149, 46.487810, 1348.0],
          [10.293468, 46.487707, 1347.0],
          [10.293632, 46.487688, 1346.75],
          [10.294277, 46.487712, 1344.75],
          [10.294587, 46.487771, 1343.5],
          [10.295438, 46.488058, 1343.25],
          [10.295795, 46.488155, 1342.0],
          [10.296354, 46.488290, 1343.75],
          [10.296427, 46.488336, 1343.25],
          [10.296578, 46.488355, 1341.5],
          [10.296762, 46.488389, 1340.25],
          [10.296866, 46.488417, 1340.25],
          [10.297007, 46.488453, 1340.75],
          [10.297534, 46.488565, 1340.5],
          [10.298948, 46.488917, 1339.5],
          [10.299413, 46.489058, 1339.0],
          [10.299298, 46.489458, 1340.5],
          [10.299806, 46.489534, 1340.0],
          [10.299803, 46.489562, 1340.0],
          [10.299792, 46.489624, 1340.0],
          [10.299787, 46.489645, 1340.0],
          [10.299672, 46.489675, 1340.0],
          [10.299263, 46.489734, 1340.5],
          [10.299099, 46.489763, 1341.25],
          [10.298939, 46.489801, 1341.75],
          [10.298813, 46.489845, 1342.0],
          [10.298737, 46.489879, 1342.25],
          [10.298671, 46.489922, 1342.5],
          [10.298612, 46.489987, 1342.75],
          [10.298536, 46.490131, 1344.5],
          [10.298506, 46.490170, 1344.75],
          [10.298477, 46.490201, 1345.25],
          [10.298408, 46.490249, 1345.75],
          [10.299144, 46.490365, 1350.75],
          [10.299348, 46.490386, 1352.25],
          [10.299603, 46.490378, 1354.0],
          [10.299816, 46.490384, 1356.25],
          [10.300411, 46.490476, 1361.75],
          [10.300598, 46.490484, 1361.5],
          [10.300770, 46.490475, 1362.5],
          [10.301049, 46.490415, 1364.5],
          [10.301206, 46.490395, 1365.5],
          [10.301403, 46.490402, 1367.5],
          [10.302241, 46.490452, 1376.25],
          [10.303048, 46.490475, 1381.75],
          [10.303431, 46.490540, 1383.25],
          [10.303527, 46.490554, 1385.0],
          [10.304079, 46.490584, 1387.0],
          [10.304210, 46.490550, 1386.75],
          [10.304471, 46.490465, 1388.0],
          [10.304724, 46.490421, 1391.5],
          [10.304974, 46.490402, 1392.0],
          [10.305181, 46.490378, 1392.5],
          [10.305516, 46.490387, 1395.25],
          [10.305670, 46.490391, 1396.0],
          [10.306143, 46.490355, 1397.75],
          [10.306420, 46.490372, 1401.25],
          [10.306659, 46.490401, 1403.0],
          [10.306825, 46.490413, 1404.0],
          [10.306993, 46.490400, 1404.0],
          [10.307186, 46.490345, 1404.25],
          [10.307425, 46.490230, 1403.5],
          [10.307517, 46.490209, 1404.25],
          [10.307959, 46.490217, 1409.0],
          [10.308490, 46.490116, 1411.5],
          [10.309697, 46.489839, 1419.25],
          [10.309954, 46.489803, 1421.75],
          [10.310045, 46.489811, 1423.25],
          [10.310191, 46.489844, 1426.0],
          [10.310355, 46.489929, 1428.75],
          [10.310411, 46.489976, 1429.5],
          [10.310535, 46.490050, 1429.75],
          [10.310635, 46.490089, 1430.5],
          [10.310743, 46.490086, 1430.5],
          [10.310810, 46.490059, 1430.0],
          [10.310858, 46.490027, 1430.75],
          [10.311376, 46.489525, 1434.5],
          [10.311420, 46.489487, 1433.75],
          [10.311517, 46.489439, 1432.75],
          [10.311674, 46.489407, 1433.75],
          [10.311822, 46.489412, 1435.5],
          [10.312005, 46.489458, 1437.75],
          [10.312086, 46.489510, 1438.25],
          [10.312187, 46.489627, 1438.5],
          [10.312283, 46.489697, 1438.5],
          [10.312412, 46.489733, 1439.25],
          [10.312543, 46.489740, 1439.75],
          [10.312672, 46.489748, 1440.5],
          [10.312789, 46.489729, 1439.75],
          [10.312893, 46.489700, 1441.25],
          [10.312985, 46.489653, 1441.5],
          [10.313250, 46.489477, 1439.5],
          [10.313444, 46.489407, 1439.75],
          [10.313637, 46.489387, 1440.0],
          [10.313833, 46.489390, 1439.25],
          [10.314016, 46.489372, 1439.25],
          [10.314348, 46.489276, 1438.25],
          [10.314484, 46.489236, 1438.5],
          [10.315047, 46.488983, 1436.5],
          [10.315182, 46.488903, 1437.0],
          [10.315417, 46.488722, 1435.0],
          [10.315626, 46.488575, 1435.25],
          [10.315782, 46.488494, 1434.25],
          [10.315980, 46.488414, 1434.25],
          [10.316184, 46.488351, 1435.0],
          [10.316521, 46.488317, 1435.25],
          [10.316909, 46.488301, 1435.25],
          [10.317502, 46.488219, 1434.5],
          [10.317679, 46.488194, 1434.5],
          [10.317925, 46.488183, 1435.5],
          [10.318297, 46.488183, 1434.75],
          [10.318692, 46.488171, 1432.75],
          [10.318998, 46.488154, 1434.25],
          [10.319083, 46.488141, 1434.75],
          [10.319611, 46.488049, 1433.0],
          [10.319860, 46.487997, 1432.25],
          [10.320048, 46.487943, 1430.75],
          [10.320334, 46.487910, 1430.75],
          [10.320633, 46.487862, 1430.0],
          [10.320846, 46.487793, 1428.75],
          [10.321406, 46.487569, 1427.0],
          [10.321569, 46.487528, 1425.25],
          [10.321769, 46.487499, 1423.75],
          [10.322285, 46.487402, 1422.0],
          [10.322692, 46.487308, 1420.75],
          [10.323135, 46.487180, 1418.0],
          [10.324088, 46.486876, 1413.5],
          [10.324791, 46.486695, 1411.5],
          [10.325003, 46.486658, 1409.25],
          [10.325629, 46.486626, 1406.5],
          [10.325901, 46.486590, 1405.75],
          [10.327172, 46.486307, 1401.25],
          [10.327413, 46.486261, 1399.75],
          [10.327660, 46.486253, 1399.5],
          [10.328063, 46.486259, 1398.5],
          [10.328402, 46.486274, 1397.75],
          [10.328620, 46.486243, 1396.5],
          [10.329113, 46.486091, 1392.75],
          [10.329360, 46.486034, 1392.0],
          [10.329847, 46.485984, 1393.0],
          [10.330302, 46.485891, 1388.75],
          [10.330930, 46.485748, 1384.25],
          [10.331020, 46.485729, 1383.5],
          [10.331220, 46.485703, 1383.0],
          [10.331574, 46.485724, 1383.0],
          [10.332178, 46.485729, 1381.25],
          [10.332759, 46.485679, 1376.5],
          [10.333777, 46.485647, 1370.0],
          [10.334629, 46.485671, 1366.0],
          [10.335377, 46.485704, 1361.75],
          [10.335621, 46.485691, 1360.0],
          [10.336919, 46.485597, 1351.25],
          [10.337431, 46.485569, 1348.0],
          [10.338422, 46.485579, 1343.5],
          [10.338603, 46.485598, 1343.25],
          [10.338996, 46.485640, 1341.75],
          [10.339406, 46.485670, 1339.0],
          [10.339641, 46.485649, 1338.0],
          [10.339869, 46.485575, 1335.5],
          [10.340035, 46.485494, 1333.25],
          [10.340633, 46.485287, 1331.5],
          [10.340857, 46.485243, 1330.5],
          [10.341160, 46.485218, 1328.75],
          [10.341316, 46.485205, 1327.75],
          [10.341676, 46.485156, 1326.5],
          [10.342127, 46.485055, 1324.25],
          [10.343993, 46.484654, 1312.0],
          [10.344062, 46.484631, 1311.75],
          [10.344129, 46.484609, 1311.5],
          [10.344177, 46.484590, 1311.25],
          [10.344212, 46.484576, 1310.75],
          [10.344275, 46.484579, 1310.0],
          [10.344328, 46.484594, 1309.5],
          [10.344436, 46.484677, 1310.0],
          [10.344821, 46.484868, 1307.5],
          [10.345424, 46.485260, 1305.0],
          [10.345923, 46.485425, 1299.0],
          [10.346614, 46.485702, 1295.75],
          [10.346768, 46.485749, 1295.5],
          [10.346973, 46.485788, 1295.75],
          [10.347268, 46.485832, 1292.5],
          [10.347395, 46.485844, 1292.25],
          [10.347807, 46.485844, 1291.25],
          [10.348043, 46.485822, 1290.0],
          [10.348279, 46.485769, 1288.75],
          [10.349196, 46.485443, 1283.0],
          [10.349542, 46.485329, 1278.25],
          [10.349721, 46.485284, 1276.0],
          [10.349863, 46.485258, 1274.25],
          [10.350073, 46.485234, 1272.5],
          [10.350329, 46.485246, 1271.0],
          [10.350723, 46.485285, 1270.25],
          [10.350853, 46.485292, 1269.75],
          [10.350965, 46.485281, 1268.5],
          [10.351062, 46.485271, 1267.5],
          [10.351251, 46.485222, 1265.75],
          [10.351320, 46.485211, 1265.25],
          [10.351233, 46.484957, 1265.25],
          [10.351392, 46.484757, 1263.0],
          [10.351562, 46.484639, 1261.0],
          [10.352369, 46.484284, 1255.5],
          [10.352417, 46.484267, 1255.25],
          [10.352476, 46.484267, 1255.0],
          [10.352561, 46.484300, 1254.5],
          [10.352647, 46.484354, 1254.0],
          [10.352909, 46.484577, 1252.75],
          [10.352931, 46.484599, 1252.5],
          [10.352981, 46.484590, 1252.0],
          [10.353040, 46.484601, 1251.5],
          [10.353092, 46.484642, 1250.75],
          [10.353156, 46.484794, 1251.0],
          [10.353177, 46.484814, 1251.0],
          [10.353202, 46.484825, 1250.75],
          [10.353231, 46.484823, 1250.5],
          [10.353249, 46.484814, 1250.0],
          [10.353257, 46.484801, 1249.75],
          [10.353258, 46.484776, 1249.25],
          [10.353153, 46.484541, 1248.5],
          [10.353132, 46.484413, 1248.25],
          [10.353158, 46.484352, 1247.25],
          [10.353272, 46.484198, 1243.75],
          [10.353328, 46.484155, 1242.0],
          [10.353349, 46.484145, 1241.0],
          [10.353647, 46.484038, 1229.75],
          [10.353707, 46.484004, 1231.0],
          [10.353786, 46.483924, 1232.5],
          [10.353847, 46.483776, 1232.5],
          [10.353914, 46.483427, 1230.5],
          [10.353942, 46.483340, 1230.75],
          [10.354039, 46.483131, 1230.25],
          [10.354221, 46.482858, 1231.5],
          [10.354412, 46.482515, 1229.5],
          [10.354945, 46.481395, 1230.5],
          [10.355044, 46.481230, 1230.25],
          [10.355097, 46.481141, 1230.25],
          [10.355655, 46.480642, 1233.5],
          [10.356143, 46.480436, 1237.75],
          [10.356884, 46.480233, 1237.25],
          [10.357244, 46.480142, 1238.0],
          [10.358853, 46.479742, 1238.0],
          [10.359444, 46.479591, 1239.5],
          [10.360852, 46.478881, 1242.0],
          [10.361255, 46.478652, 1242.75],
          [10.361450, 46.478495, 1243.0],
          [10.362085, 46.477863, 1244.5],
          [10.362316, 46.477560, 1244.25],
          [10.362595, 46.477014, 1245.75],
          [10.362691, 46.476816, 1246.0],
          [10.363009, 46.476155, 1247.5],
          [10.363307, 46.475643, 1248.75],
          [10.363677, 46.475159, 1250.0],
          [10.363997, 46.474783, 1250.0],
          [10.364087, 46.474671, 1249.5],
          [10.364914, 46.473628, 1245.0],
          [10.365224, 46.473258, 1245.25],
          [10.365497, 46.472904, 1246.25],
          [10.365608, 46.472779, 1246.25],
          [10.365630, 46.472755, 1246.25],
          [10.365730, 46.472687, 1246.25],
          [10.365860, 46.472642, 1247.0],
          [10.365913, 46.472641, 1247.0],
          [10.366359, 46.471738, 1238.5],
          [10.366561, 46.471402, 1236.25],
          [10.366643, 46.471314, 1235.25],
          [10.367015, 46.471047, 1233.25],
          [10.368113, 46.470256, 1226.5],
          [10.368321, 46.470108, 1225.0],
          [10.368786, 46.469785, 1222.0],
          [10.368725, 46.469733, 1222.0],
          [10.368764, 46.469684, 1221.5],
          [10.368507, 46.468685, 1208.75],
          [10.368395, 46.467740, 1201.75],
          [10.368417, 46.467702, 1201.25],
          [10.368634, 46.467754, 1201.5],
          [10.369721, 46.468046, 1203.75],
          [10.370160, 46.468158, 1204.75]
        ]
      }
    }
  ]
}
