{
  "type": "FeatureCollection",
  "features": [
    {
      "type": "Feature",
      "properties": {
        "creator": "BRouter-1.7.10",
        "name": "brouter_hiking-mountain_0",
        "track-length": "55068",
        "filtered ascend": "3097",
        "plain-ascend": "-41",
        "total-time": "53758",
        "total-energy": "2789364",
        "cost": "81286",
        "messages": [
          ["Longitude", "Latitude", "Elevation", "Distance", "CostPerKm", "ElevCost", "TurnCost", "NodeCost", "InitialCost", "WayTags", "NodeTags", "Time", "Energy"],
          ["10279594", "47409625", "810", "18", "1320", "0", "0", "0", "0", "reversedirection=yes highway=residential surface=asphalt", "", "12", "166"],
          ["10279520", "47409146", "812", "53", "1320", "0", "0", "0", "0", "highway=residential surface=asphalt sidewalk=both", "", "52", "1202"],
          ["10280532", "47408431", "813", "119", "1200", "0", "0", "0", "0", "highway=pedestrian surface=asphalt bicycle=yes", "", "141", "3880"],
          ["10280807", "47408221", "814", "31", "1320", "0", "0", "0", "0", "highway=residential surface=asphalt sidewalk=both", "highway=stop direction=forward", "165", "4541"],
          ["10283945", "47406724", "819", "299", "1320", "0", "0", "0", "0", "highway=residential surface=asphalt sidewalk=both", "", "386", "9984"],
          ["10284046", "47406689", "819", "9", "1320", "0", "0", "0", "0", "highway=residential surface=asphalt sidewalk=right", "traffic_calming=island", "393", "10096"],
          ["10284242", "47406542", "819", "22", "1320", "0", "0", "0", "0", "highway=residential surface=asphalt sidewalk=right", "traffic_calming=island", "409", "10406"],
          ["10285037", "47404589", "823", "229", "1320", "0", "0", "0", "0", "highway=residential surface=asphalt sidewalk=both", "", "580", "15211"],
          ["10285067", "47404532", "824", "7", "1320", "0", "0", "0", "0", "highway=residential surface=asphalt sidewalk=right", "", "586", "15390"],
          ["10285655", "47403829", "826", "92", "1320", "0", "0", "0", "0", "highway=residential surface=asphalt", "", "656", "17938"],
          ["10286379", "47403771", "829", "55", "1000", "0", "0", "0", "0", "highway=residential surface=asphalt sidewalk=both route_hiking_iwn=yes route_hiking_rwn=yes", "", "701", "20118"],
          ["10286433", "47403655", "830", "13", "1450", "0", "0", "0", "0", "highway=footway surface=pebblestone foot=designated route_hiking_iwn=yes route_hiking_lwn=yes", "nodeaccessgranted=yes direction=forward", "711", "20665"],
          ["10286626", "47401066", "850", "293", "1450", "0", "0", "0", "0", "highway=footway surface=pebblestone foot=designated route_hiking_iwn=yes route_hiking_lwn=yes", "", "971", "39229"],
          ["10287078", "47399280", "863", "207", "1450", "0", "0", "0", "0", "highway=footway surface=pebblestone route_hiking_lwn=yes", "", "1150", "50989"],
          ["10286476", "47398603", "872", "90", "1000", "0", "0", "0", "0", "highway=footway surface=asphalt route_hiking_lwn=yes", "", "1240", "59270"],
          ["10286581", "47398136", "870", "53", "1000", "0", "0", "0", "0", "highway=track surface=asphalt tracktype=grade2 foot=designated bicycle=no route_hiking_lwn=yes", "nodeaccessgranted=yes direction=backward", "1285", "62125"],
          ["10286604", "47398034", "870", "11", "1000", "0", "0", "0", "0", "highway=track surface=asphalt tracktype=grade2 foot=designated bicycle=no route_hiking_lwn=yes", "", "1294", "62563"],
          ["10285920", "47397402", "874", "91", "1320", "0", "0", "0", "0", "highway=track surface=compacted tracktype=grade2", "", "1370", "67062"],
          ["10285610", "47396471", "872", "106", "1150", "0", "0", "0", "0", "highway=track surface=asphalt tracktype=grade1 route_hiking_lwn=yes", "", "1452", "70248"],
          ["10285483", "47395579", "867", "100", "1150", "0", "0", "0", "0", "reversedirection=yes highway=track surface=asphalt tracktype=grade1 route_hiking_lwn=yes", "", "1522", "70700"],
          ["10285538", "47395486", "867", "11", "1550", "0", "0", "0", "0", "reversedirection=yes highway=footway surface=pebblestone route_hiking_lwn=yes", "nodeaccessgranted=yes barrier=gate bicycle=yes foot=yes motor_vehicle=private", "1529", "70700"],
          ["10287938", "47392008", "876", "437", "1250", "0", "0", "0", "0", "reversedirection=yes highway=footway surface=pebblestone route_hiking_lwn=yes", "", "1847", "76944"],
          ["10290119", "47382741", "886", "1109", "1100", "0", "0", "0", "0", "reversedirection=yes highway=track surface=compacted tracktype=grade2 foot=designated vehicle=agricultural route_hiking_lwn=yes", "", "2704", "111326"],
          ["10291131", "47380956", "893", "215", "1500", "0", "0", "0", "0", "reversedirection=yes highway=unclassified surface=asphalt route_bicycle_lcn=yes route_hiking_lwn=yes", "", "2857", "113275"],
          ["10294564", "47379359", "897", "321", "1500", "0", "0", "0", "0", "reversedirection=yes highway=unclassified surface=asphalt sidewalk=no route_bicycle_lcn=yes route_hiking_lwn=yes", "", "3094", "118808"],
          ["10294607", "47379281", "898", "9", "1500", "0", "0", "0", "0", "reversedirection=yes highway=unclassified surface=asphalt foot=yes bicycle=yes sidewalk=no route_bicycle_lcn=yes route_hiking_iwn=yes route_hiking_lwn=yes", "", "3100", "119019"],
          ["10297385", "47376132", "911", "413", "1400", "0", "0", "0", "0", "reversedirection=yes highway=unclassified surface=asphalt sidewalk=no route_bicycle_lcn=yes route_hiking_iwn=yes route_hiking_lwn=yes", "", "3417", "130056"],
          ["10297582", "47375944", "912", "26", "1050", "0", "0", "0", "0", "reversedirection=yes highway=track surface=asphalt tracktype=grade1 foot=designated bicycle=designated route_bicycle_lcn=yes route_hiking_iwn=yes route_hiking_lwn=yes", "nodeaccessgranted=yes barrier=lift_gate bicycle=yes foot=yes motor_vehicle=private", "3438", "131224"],
          ["10300496", "47365022", "924", "1292", "1199", "0", "0", "0", "0", "reversedirection=yes highway=track surface=asphalt tracktype=grade1 foot=designated bicycle=designated route_bicycle_lcn=yes route_hiking_iwn=yes route_hiking_lwn=yes", "nodeaccessgranted=yes barrier=lift_gate bicycle=yes foot=yes", "4421", "163509"],
          ["10300504", "47364810", "923", "24", "1350", "0", "0", "0", "0", "reversedirection=yes highway=track surface=asphalt tracktype=grade1 foot=designated bicycle=designated route_bicycle_lcn=yes route_hiking_iwn=yes route_hiking_lwn=yes", "", "4438", "163509"],
          ["10300938", "47363176", "926", "186", "1200", "0", "0", "0", "0", "reversedirection=yes highway=service surface=asphalt foot=designated bicycle=designated route_bicycle_lcn=yes route_hiking_iwn=yes route_hiking_lwn=yes", "nodeaccessgranted=yes barrier=lift_gate", "4567", "164026"],
          ["10300987", "47362583", "930", "66", "1200", "0", "0", "0", "0", "reversedirection=yes highway=service surface=asphalt foot=designated bicycle=designated route_bicycle_lcn=yes route_hiking_iwn=yes route_hiking_lwn=yes", "", "4615", "164985"],
          ["10301168", "47359557", "938", "340", "1400", "0", "0", "0", "0", "reversedirection=yes highway=service surface=fine_gravel foot=designated bicycle=designated route_bicycle_lcn=yes route_hiking_iwn=yes route_hiking_lwn=yes", "", "4877", "174588"],
          ["10301605", "47357718", "945", "233", "1300", "0", "0", "0", "0", "reversedirection=yes highway=track surface=fine_gravel tracktype=grade2 foot=designated bicycle=designated route_bicycle_lcn=yes route_hiking_iwn=yes route_hiking_lwn=yes", "", "5059", "182040"],
          ["10301592", "47357102", "947", "71", "1400", "0", "0", "0", "0", "reversedirection=yes highway=unclassified surface=asphalt foot=yes bicycle=yes route_bicycle_lcn=yes route_hiking_iwn=yes route_hiking_lwn=yes", "", "5116", "184545"],
          ["10305869", "47349004", "989", "1011", "1400", "0", "0", "0", "0", "reversedirection=yes highway=unclassified surface=asphalt foot=designated bicycle=designated route_bicycle_lcn=yes route_hiking_iwn=yes route_hiking_lwn=yes", "", "5942", "227709"],
          ["10305823", "47348902", "988", "12", "1400", "0", "0", "0", "0", "reversedirection=yes highway=unclassified surface=asphalt foot=yes bicycle=yes route_bicycle_lcn=yes route_hiking_iwn=yes", "", "5952", "228357"],
          ["10305064", "47347196", "990", "206", "1496", "0", "0", "0", "0", "reversedirection=yes highway=unclassified surface=asphalt foot=designated bicycle=designated route_bicycle_lcn=yes route_hiking_iwn=yes route_hiking_lwn=yes", "nodeaccessgranted=yes highway=turning_circle", "6113", "234944"],
          ["10304577", "47343134", "1003", "460", "1100", "0", "0", "0", "0", "reversedirection=yes highway=service surface=asphalt foot=designated bicycle=designated route_bicycle_lcn=yes route_hiking_iwn=yes route_hiking_lwn=yes", "", "6471", "248649"],
          ["10304423", "47341350", "1013", "204", "1050", "0", "0", "0", "0", "reversedirection=yes highway=track surface=asphalt tracktype=grade1 foot=designated bicycle=designated route_hiking_iwn=yes route_hiking_lwn=yes", "nodeaccessgranted=yes barrier=gate", "6641", "258459"],
          ["10305506", "47338318", "1031", "355", "1050", "0", "0", "0", "0", "reversedirection=yes highway=track surface=asphalt tracktype=grade1 foot=designated bicycle=designated route_hiking_iwn=yes route_hiking_lwn=yes", "", "6944", "277709"],
          ["10305912", "47338035", "1038", "44", "1000", "0", "0", "0", "0", "highway=track surface=asphalt tracktype=grade1 sac_scale=hiking route_hiking_iwn=yes route_hiking_lwn=yes", "", "6985", "281095"],
          ["10307454", "47335124", "1086", "352", "1000", "0", "0", "0", "0", "highway=track surface=asphalt tracktype=grade1 foot=yes bicycle=yes sac_scale=hiking route_hiking_iwn=yes route_hiking_lwn=yes", "", "7380", "324078"],
          ["10307326", "47334870", "1081", "31", "1600", "0", "0", "0", "0", "highway=path surface=ground bicycle=no sac_scale=mountain_hiking route_hiking_iwn=yes route_hiking_lwn=yes", "nodeaccessgranted=yes barrier=stile", "7407", "325925"],
          ["10307878", "47334083", "1090", "103", "1600", "0", "0", "0", "0", "highway=path surface=ground bicycle=no sac_scale=mountain_hiking route_hiking_iwn=yes route_hiking_lwn=yes", "nodeaccessgranted=yes ford=yes", "7494", "331183"],
          ["10308045", "47332315", "1124", "213", "1600", "0", "0", "0", "0", "highway=path surface=ground bicycle=no sac_scale=mountain_hiking route_hiking_iwn=yes route_hiking_lwn=yes", "nodeaccessgranted=yes ford=yes", "7723", "354490"],
          ["10308220", "47330825", "1121", "193", "1600", "0", "0", "0", "0", "highway=path surface=ground bicycle=no sac_scale=mountain_hiking route_hiking_iwn=yes route_hiking_lwn=yes", "nodeaccessgranted=yes ford=yes", "7901", "367938"],
          ["10307763", "47329860", "1134", "124", "1600", "0", "0", "0", "0", "highway=path surface=ground bicycle=no sac_scale=mountain_hiking route_hiking_iwn=yes route_hiking_lwn=yes", "nodeaccessgranted=yes ford=yes", "8008", "375042"],
          ["10306958", "47323320", "1236", "839", "1600", "0", "0", "0", "0", "highway=path surface=ground bicycle=no sac_scale=mountain_hiking route_hiking_iwn=yes route_hiking_lwn=yes", "", "8921", "467836"],
          ["10306964", "47323246", "1239", "8", "1600", "0", "0", "0", "0", "highway=path bicycle=no sac_scale=mountain_hiking route_hiking_iwn=yes route_hiking_lwn=yes", "", "8931", "469029"],
          ["10306990", "47323173", "1243", "11", "3000", "0", "0", "0", "0", "highway=steps surface=wood sac_scale=mountain_hiking route_hiking_iwn=yes route_hiking_lwn=yes", "", "8946", "470804"],
          ["10307963", "47322288", "1302", "233", "1600", "0", "0", "0", "0", "highway=path surface=ground bicycle=no sac_scale=mountain_hiking route_hiking_iwn=yes route_hiking_lwn=yes", "nodeaccessgranted=yes ford=yes", "9334", "522368"],
          ["10308198", "47322268", "1308", "24", "1600", "0", "0", "0", "0", "highway=path surface=ground bicycle=no sac_scale=mountain_hiking route_hiking_iwn=yes route_hiking_lwn=yes", "nodeaccessgranted=yes ford=yes", "9372", "527315"],
          ["10312955", "47321855", "1362", "506", "1600", "0", "0", "0", "0", "highway=path surface=ground bicycle=no sac_scale=mountain_hiking route_hiking_iwn=yes route_hiking_lwn=yes", "", "10088", "608322"],
          ["10313003", "47321917", "1360", "8", "1600", "0", "0", "0", "0", "highway=path surface=wood bicycle=no sac_scale=mountain_hiking route_hiking_iwn=yes route_hiking_lwn=yes", "", "10093", "608322"],
          ["10314142", "47321578", "1387", "115", "1600", "0", "0", "0", "0", "highway=path surface=ground bicycle=no sac_scale=mountain_hiking route_hiking_iwn=yes route_hiking_lwn=yes", "nodeaccessgranted=yes ford=yes", "10186", "612972"],
          ["10317161", "47320414", "1478", "350", "1600", "0", "0", "0", "0", "highway=path surface=ground bicycle=no sac_scale=mountain_hiking route_hiking_iwn=yes route_hiking_lwn=yes", "", "10730", "683213"],
          ["10317176", "47320399", "1478", "2", "1600", "0", "0", "0", "0", "highway=path surface=ground foot=yes sac_scale=mountain_hiking route_hiking_iwn=yes route_hiking_lwn=yes", "nodeaccessgranted=yes ford=yes", "10734", "683692"],
          ["10317185", "47320392", "1478", "1", "1600", "0", "0", "0", "0", "highway=path surface=ground foot=yes sac_scale=mountain_hiking route_hiking_iwn=yes route_hiking_lwn=yes", "", "10736", "683929"],
          ["10321473", "47318994", "1561", "388", "1600", "0", "0", "0", "0", "highway=path surface=ground bicycle=no sac_scale=mountain_hiking route_hiking_iwn=yes route_hiking_lwn=yes", "", "11354", "765498"],
          ["10322003", "47318783", "1570", "49", "2560", "0", "0", "0", "0", "highway=path surface=ground bicycle=no sac_scale=demanding_mountain_hiking route_hiking_iwn=yes route_hiking_lwn=yes", "nodeaccessgranted=yes ford=yes", "11426", "774932"],
          ["10323930", "47318121", "1611", "177", "2560", "0", "0", "0", "0", "highway=path surface=ground bicycle=no sac_scale=demanding_mountain_hiking route_hiking_iwn=yes route_hiking_lwn=yes", "nodeaccessgranted=yes ford=yes", "11694", "809930"],
          ["10324618", "47317921", "1624", "57", "2560", "0", "0", "0", "0", "highway=path surface=ground bicycle=no sac_scale=demanding_mountain_hiking route_hiking_iwn=yes route_hiking_lwn=yes", "nodeaccessgranted=yes ford=yes", "11789", "822510"],
          ["10326090", "47317532", "1653", "122", "2560", "0", "0", "0", "0", "highway=path surface=ground bicycle=no sac_scale=demanding_mountain_hiking route_hiking_iwn=yes route_hiking_lwn=yes", "nodeaccessgranted=yes ford=yes", "12003", "851017"],
          ["10326665", "47317330", "1671", "49", "2560", "0", "0", "0", "0", "highway=path surface=ground bicycle=no sac_scale=demanding_mountain_hiking route_hiking_iwn=yes route_hiking_lwn=yes", "", "12087", "862226"],
          ["10326669", "47317203", "1668", "15", "1600", "0", "0", "0", "0", "highway=path surface=ground bicycle=no sac_scale=mountain_hiking route_hiking_iwn=yes route_hiking_lwn=yes", "nodeaccessgranted=yes ford=yes", "12110", "865148"],
          ["10330276", "47315667", "1733", "348", "1600", "0", "0", "0", "0", "highway=path surface=ground bicycle=no sac_scale=mountain_hiking route_hiking_iwn=yes route_hiking_lwn=yes", "nodeaccessgranted=yes ford=yes", "12592", "926314"],
          ["10331321", "47314927", "1749", "127", "1600", "0", "0", "0", "0", "highway=path surface=ground bicycle=no sac_scale=mountain_hiking route_hiking_iwn=yes route_hiking_lwn=yes", "nodeaccessgranted=yes ford=yes", "12744", "943874"],
          ["10330672", "47312531", "1785", "293", "1600", "0", "0", "0", "0", "highway=path surface=ground bicycle=no sac_scale=mountain_hiking route_hiking_iwn=yes route_hiking_lwn=yes", "nodeaccessgranted=yes ford=yes", "13084", "982112"],
          ["10329106", "47312589", "1807", "141", "1600", "0", "0", "0", "0", "highway=path surface=ground bicycle=no sac_scale=mountain_hiking route_hiking_iwn=yes route_hiking_lwn=yes", "nodeaccessgranted=yes ford=yes", "13244", "999691"],
          ["10327812", "47313124", "1842", "186", "1600", "0", "0", "0", "0", "highway=path surface=ground bicycle=no sac_scale=mountain_hiking route_hiking_iwn=yes route_hiking_lwn=yes", "", "13487", "1029548"],
          ["10327759", "47311549", "1856", "183", "1600", "0", "0", "0", "0", "highway=path surface=ground sac_scale=mountain_hiking route_hiking_iwn=yes route_hiking_lwn=yes", "nodeaccessgranted=yes ford=yes", "13688", "1050879"],
          ["10328356", "47310380", "1862", "151", "1600", "0", "0", "0", "0", "highway=path surface=ground sac_scale=mountain_hiking route_hiking_iwn=yes route_hiking_lwn=yes", "", "13825", "1061152"],
          ["10331511", "47308024", "1952", "387", "1600", "0", "0", "0", "0", "highway=path foot=yes bicycle=no sac_scale=mountain_hiking route_hiking_iwn=yes route_hiking_rwn=yes route_hiking_lwn=yes", "", "14355", "1125091"],
          ["10332763", "47307311", "1967", "137", "1600", "0", "0", "0", "0", "highway=path foot=yes bicycle=no sac_scale=mountain_hiking route_hiking_iwn=yes", "", "14561", "1151739"],
          ["10333377", "47307152", "1972", "52", "1600", "0", "0", "0", "0", "highway=path foot=yes sac_scale=mountain_hiking route_hiking_iwn=yes route_hiking_lwn=yes", "", "14619", "1157997"],
          ["10336192", "47305465", "1906", "328", "1600", "0", "0", "0", "0", "highway=path foot=yes sac_scale=mountain_hiking route_hiking_iwn=yes", "", "14889", "1160756"],
          ["10336934", "47302443", "1785", "382", "1260", "0", "0", "0", "0", "reversedirection=yes highway=path", "", "15409", "1160756"],
          ["10336695", "47292618", "1506", "1248", "1600", "0", "0", "0", "0", "reversedirection=yes highway=path surface=ground foot=yes sac_scale=mountain_hiking route_hiking_iwn=yes route_hiking_lwn=yes", "", "16863", "1160756"],
          ["10336420", "47291682", "1483", "134", "1260", "0", "0", "0", "0", "reversedirection=yes highway=path surface=ground", "", "16998", "1160756"],
          ["10336369", "47291433", "1478", "28", "1600", "0", "0", "0", "0", "reversedirection=yes highway=path surface=ground foot=yes sac_scale=mountain_hiking route_hiking_iwn=yes route_hiking_lwn=yes", "nodeaccessgranted=yes barrier=stile foot=yes", "17026", "1160756"],
          ["10336300", "47291337", "1475", "12", "1600", "0", "0", "0", "0", "reversedirection=yes highway=path surface=ground foot=yes sac_scale=mountain_hiking route_hiking_iwn=yes route_hiking_lwn=yes", "", "17038", "1160756"],
          ["10336169", "47291157", "1467", "24", "1260", "0", "0", "0", "0", "reversedirection=yes highway=path surface=ground", "", "17062", "1160756"],
          ["10335715", "47288813", "1328", "466", "1600", "0", "0", "0", "0", "reversedirection=yes highway=path surface=ground foot=yes sac_scale=mountain_hiking route_hiking_iwn=yes route_hiking_lwn=yes", "", "17728", "1160756"],
          ["10335877", "47288760", "1327", "14", "1550", "0", "0", "0", "0", "reversedirection=yes highway=track surface=gravel tracktype=grade3 route_hiking_iwn=yes route_hiking_lwn=yes", "", "17743", "1160756"],
          ["10336786", "47287755", "1330", "143", "1250", "0", "0", "0", "0", "highway=track surface=gravel tracktype=grade3 foot=yes bicycle=yes route_hiking_iwn=yes route_hiking_lwn=yes", "nodeaccessgranted=yes bicycle=yes foot=yes motor_vehicle=no ford=yes", "17850", "1160756"],
          ["10337887", "47285604", "1315", "300", "1550", "0", "0", "0", "0", "highway=track surface=gravel tracktype=grade3 foot=yes bicycle=yes route_hiking_iwn=yes route_hiking_lwn=yes", "nodeaccessgranted=yes bicycle=yes foot=yes motor_vehicle=yes ford=yes", "18051", "1161630"],
          ["10338123", "47285130", "1307", "57", "1550", "0", "0", "0", "0", "highway=track surface=gravel tracktype=grade3 foot=yes bicycle=yes route_hiking_iwn=yes route_hiking_lwn=yes", "nodeaccessgranted=yes bicycle=yes foot=yes motor_vehicle=yes ford=yes", "18092", "1161630"],
          ["10338529", "47283600", "1289", "192", "1550", "0", "0", "0", "0", "highway=track surface=gravel tracktype=grade3 foot=yes bicycle=yes route_hiking_iwn=yes route_hiking_lwn=yes", "nodeaccessgranted=yes bicycle=yes foot=yes motor_vehicle=yes ford=yes", "18231", "1161630"],
          ["10338774", "47276152", "1254", "883", "1550", "0", "0", "0", "0", "highway=track surface=gravel tracktype=grade3 foot=yes bicycle=yes route_hiking_iwn=yes route_hiking_lwn=yes", "nodeaccessgranted=yes bicycle=yes foot=yes motor_vehicle=yes ford=yes", "18821", "1162333"],
          ["10339168", "47273719", "1232", "279", "1550", "0", "0", "0", "0", "highway=track surface=gravel tracktype=grade3 foot=yes bicycle=yes route_hiking_iwn=yes route_hiking_lwn=yes", "nodeaccessgranted=yes barrier=lift_gate bicycle=yes foot=yes", "19003", "1162333"],
          ["10339317", "47273458", "1232", "31", "1550", "0", "0", "0", "0", "highway=track surface=gravel tracktype=grade3 foot=yes bicycle=yes route_hiking_iwn=yes route_hiking_lwn=yes", "", "19023", "1162333"],
          ["10339356", "47273355", "1232", "12", "1500", "0", "0", "0", "0", "highway=service surface=gravel foot=yes bicycle=yes route_hiking_iwn=yes route_hiking_lwn=yes", "", "19031", "1162333"],
          ["10341417", "47269836", "1282", "435", "1400", "0", "0", "0", "0", "highway=track surface=gravel tracktype=grade3 foot=yes bicycle=yes mtb:scale=1 route_hiking_rwn=yes", "", "19435", "1194178"],
          ["10344789", "47265779", "1241", "626", "1500", "0", "0", "0", "0", "highway=path surface=gravel tracktype=grade3 foot=yes mtb:scale=1 route_hiking_rwn=yes", "", "19955", "1215534"],
          ["10345473", "47265465", "1236", "65", "1500", "0", "0", "0", "0", "highway=path surface=gravel tracktype=grade3 foot=yes mtb:scale=1 route_hiking_rwn=yes route_hiking_lwn=yes", "", "20006", "1215534"],
          ["10345823", "47265500", "1234", "27", "1050", "0", "0", "0", "0", "reversedirection=yes highway=path surface=earth route_hiking_rwn=yes route_hiking_lwn=yes", "", "20026", "1215534"],
          ["10347002", "47265583", "1233", "90", "1050", "0", "0", "0", "0", "reversedirection=yes highway=path surface=earth route_hiking_rwn=yes", "", "20084", "1215534"],
          ["10347298", "47265683", "1233", "25", "1350", "0", "0", "0", "0", "reversedirection=yes highway=path surface=fine_gravel route_hiking_rwn=yes", "", "20099", "1215534"],
          ["10347553", "47265763", "1233", "21", "1050", "0", "0", "0", "0", "reversedirection=yes highway=path surface=wood route_hiking_rwn=yes", "", "20113", "1215534"],
          ["10349332", "47266455", "1232", "158", "1350", "0", "0", "0", "0", "reversedirection=yes highway=path surface=fine_gravel route_hiking_rwn=yes", "", "20220", "1215725"],
          ["10349750", "47266587", "1230", "35", "1050", "0", "0", "0", "0", "reversedirection=yes highway=path surface=wood route_hiking_rwn=yes", "", "20243", "1215725"],
          ["10351065", "47267231", "1232", "124", "1050", "0", "0", "0", "0", "reversedirection=yes highway=path surface=fine_gravel route_hiking_rwn=yes", "", "20328", "1216131"],
          ["10351971", "47267302", "1228", "70", "1050", "0", "0", "0", "0", "reversedirection=yes highway=path surface=wood route_hiking_rwn=yes", "", "20375", "1216145"],
          ["10352103", "47267318", "1229", "10", "1050", "0", "0", "0", "0", "reversedirection=yes highway=path surface=fine_gravel route_hiking_rwn=yes", "", "20382", "1216145"],
          ["10352511", "47267309", "1225", "34", "1550", "0", "0", "0", "0", "reversedirection=yes highway=track surface=gravel tracktype=grade3 foot=yes bicycle=yes route_hiking_rwn=yes", "nodeaccessgranted=yes ford=yes", "20404", "1216145"],
          ["10356645", "47266964", "1196", "324", "1550", "0", "0", "0", "0", "reversedirection=yes highway=track surface=gravel tracktype=grade3 foot=yes bicycle=yes route_hiking_rwn=yes", "", "20619", "1216145"],
          ["10357401", "47267243", "1200", "75", "1250", "0", "0", "0", "0", "reversedirection=yes highway=track surface=gravel tracktype=grade3 foot=yes bicycle=yes mtb:scale=0 route_hiking_rwn=yes", "nodeaccessgranted=yes ford=yes", "20669", "1216152"],
          ["10361089", "47266344", "1230", "328", "1450", "0", "0", "0", "0", "reversedirection=yes highway=track surface=gravel tracktype=grade3 foot=yes bicycle=yes mtb:scale=0 route_hiking_rwn=yes", "", "20955", "1234732"],
          ["10367805", "47262058", "1159", "751", "1050", "0", "0", "0", "0", "reversedirection=yes highway=path route_hiking_rwn=yes", "", "21477", "1236022"],
          ["10368353", "47261896", "1155", "46", "1050", "0", "0", "0", "0", "reversedirection=yes highway=track route_hiking_rwn=yes", "", "21507", "1236022"],
          ["10370804", "47261862", "1183", "186", "1200", "0", "0", "0", "0", "reversedirection=yes highway=track surface=fine_gravel tracktype=grade3 foot=yes bicycle=yes mtb:scale=1 route_hiking_rwn=yes", "", "21661", "1244561"],
          ["10372261", "47261487", "1175", "120", "1650", "0", "0", "0", "0", "reversedirection=yes highway=track surface=unknown tracktype=grade2 sac_scale=mountain_hiking route_hiking_rwn=yes", "", "21753", "1247816"],
          ["10378152", "47263258", "1074", "663", "1600", "0", "0", "0", "0", "reversedirection=yes highway=path sac_scale=mountain_hiking route_hiking_rwn=yes", "", "22298", "1248170"],
          ["10378139", "47263201", "1071", "6", "1380", "0", "0", "0", "0", "highway=path surface=dirt", "", "22304", "1248170"],
          ["10378301", "47262943", "1066", "31", "1260", "0", "0", "0", "0", "highway=path surface=wood", "", "22337", "1248170"],
          ["10378374", "47262846", "1067", "12", "1560", "0", "0", "0", "0", "reversedirection=yes highway=path surface=fine_gravel", "", "22348", "1248170"],
          ["10379283", "47262091", "1068", "150", "1050", "0", "0", "0", "0", "reversedirection=yes highway=path surface=asphalt foot=designated bicycle=designated mtb:scale=0 route_bicycle_rcn=yes route_hiking_iwn=yes", "", "22449", "1248170"],
          ["10379688", "47262225", "1068", "34", "1150", "0", "0", "0", "0", "highway=track surface=asphalt tracktype=grade1 route_bicycle_rcn=yes route_hiking_iwn=yes", "", "22472", "1248170"],
          ["10390046", "47264466", "1062", "832", "1100", "0", "0", "0", "0", "highway=track surface=fine_gravel tracktype=grade2 route_bicycle_rcn=yes route_hiking_iwn=yes", "", "23047", "1250337"],
          ["10395562", "47265304", "1060", "433", "1150", "0", "0", "0", "0", "reversedirection=yes highway=track surface=asphalt tracktype=grade1 route_bicycle_rcn=yes route_hiking_iwn=yes", "", "23351", "1252371"],
          ["10397513", "47266094", "1059", "172", "1050", "0", "0", "0", "0", "highway=path surface=asphalt foot=designated bicycle=designated vehicle=destination mtb:scale=0 route_bicycle_rcn=yes route_hiking_iwn=yes", "", "23472", "1253089"],
          ["10398544", "47264666", "1061", "177", "1260", "0", "0", "0", "0", "highway=track tracktype=grade5", "estimated_crossing_class=1", "23596", "1254062"],
          ["10398975", "47264116", "1064", "70", "1320", "0", "0", "0", "0", "reversedirection=yes highway=residential", "", "23649", "1255746"],
          ["10399388", "47263485", "1065", "77", "1440", "0", "0", "0", "0", "highway=service", "", "23708", "1257708"],
          ["10402584", "47263986", "1071", "250", "1320", "0", "0", "0", "0", "highway=residential surface=asphalt", "", "23893", "1262348"],
          ["10404110", "47264121", "1073", "116", "1800", "0", "0", "0", "0", "highway=unclassified surface=asphalt", "", "23983", "1265693"],
          ["10404602", "47264160", "1073", "37", "1320", "0", "0", "0", "0", "highway=residential surface=asphalt", "", "24010", "1266303"],
          ["10405303", "47263380", "1073", "102", "1440", "0", "0", "0", "0", "reversedirection=yes highway=service", "", "24087", "1268617"],
          ["10405487", "47262921", "1080", "53", "1100", "0", "0", "0", "0", "reversedirection=yes highway=residential route_hiking_iwn=yes", "", "24129", "1270512"],
          ["10405378", "47262813", "1083", "14", "1400", "0", "0", "0", "0", "reversedirection=yes highway=unclassified surface=asphalt foot=yes bicycle=yes route_hiking_iwn=yes", "", "24142", "1271430"],
          ["10405253", "47262727", "1086", "13", "1200", "0", "0", "0", "0", "highway=path sac_scale=hiking", "", "24154", "1272585"],
          ["10405257", "47262611", "1094", "25", "3600", "0", "0", "0", "0", "highway=steps sac_scale=hiking", "", "24183", "1275659"],
          ["10405489", "47262648", "1096", "18", "1200", "0", "0", "0", "0", "highway=path sac_scale=hiking", "", "24203", "1278000"],
          ["10405607", "47262617", "1100", "10", "3600", "0", "0", "0", "0", "highway=steps sac_scale=hiking", "", "24216", "1279519"],
          ["10405589", "47262513", "1109", "32", "1200", "0", "0", "0", "0", "highway=path sac_scale=hiking", "", "24259", "1284826"],
          ["10405568", "47262485", "1111", "3", "3600", "0", "0", "0", "0", "highway=steps sac_scale=hiking", "", "24263", "1285387"],
          ["10406157", "47262179", "1133", "110", "1200", "0", "0", "0", "0", "highway=path surface=ground sac_scale=hiking", "", "24430", "1307235"],
          ["10406195", "47262158", "1133", "4", "3600", "0", "0", "0", "0", "highway=steps surface=ground sac_scale=hiking", "", "24435", "1307919"],
          ["10405417", "47261554", "1158", "131", "1200", "0", "0", "0", "0", "highway=path surface=ground sac_scale=hiking", "", "24621", "1331663"],
          ["10405798", "47260934", "1164", "91", "1400", "0", "0", "0", "0", "reversedirection=yes highway=unclassified surface=paved foot=yes bicycle=yes route_hiking_iwn=yes", "", "24729", "1343963"],
          ["10406089", "47258301", "1197", "351", "1100", "0", "0", "0", "0", "highway=service surface=asphalt foot=yes bicycle=yes sac_scale=hiking route_hiking_iwn=yes", "nodeaccessgranted=yes highway=passing_place", "25082", "1377275"],
          ["10408038", "47256331", "1208", "280", "1100", "0", "0", "0", "0", "highway=service surface=asphalt foot=yes bicycle=yes sac_scale=hiking route_hiking_iwn=yes", "nodeaccessgranted=yes highway=passing_place", "25325", "1393493"],
          ["10408147", "47255626", "1211", "80", "1100", "0", "0", "0", "0", "highway=service surface=asphalt foot=yes bicycle=yes sac_scale=hiking route_hiking_iwn=yes", "nodeaccessgranted=yes ford=yes", "25391", "1397130"],
          ["10408344", "47254948", "1214", "79", "1100", "0", "0", "0", "0", "highway=service surface=asphalt foot=yes bicycle=yes sac_scale=hiking route_hiking_iwn=yes", "", "25455", "1400475"],
          ["10408322", "47254903", "1215", "5", "1400", "0", "0", "0", "0", "highway=service surface=gravel foot=yes bicycle=yes sac_scale=hiking route_hiking_iwn=yes", "nodeaccessgranted=yes ford=yes", "25459", "1400749"],
          ["10408324", "47254851", "1215", "6", "1400", "0", "0", "0", "0", "highway=service surface=gravel foot=yes bicycle=yes sac_scale=hiking route_hiking_iwn=yes", "", "25464", "1401075"],
          ["10409424", "47253353", "1211", "195", "1200", "0", "0", "0", "0", "highway=service surface=asphalt foot=yes bicycle=yes sac_scale=hiking route_hiking_iwn=yes", "", "25610", "1405123"],
          ["10409409", "47253270", "1214", "10", "1400", "0", "0", "0", "0", "highway=service surface=gravel foot=yes bicycle=yes sac_scale=hiking route_hiking_iwn=yes", "nodeaccessgranted=yes ford=yes", "25618", "1405286"],
          ["10409548", "47253224", "1211", "12", "1200", "0", "0", "0", "0", "highway=service surface=gravel foot=yes bicycle=yes sac_scale=hiking route_hiking_iwn=yes", "", "25627", "1405508"],
          ["10409664", "47253189", "1209", "10", "1200", "0", "0", "0", "0", "highway=service surface=asphalt foot=yes bicycle=yes sac_scale=hiking route_hiking_iwn=yes", "nodeaccessgranted=yes highway=passing_place", "25634", "1405508"],
          ["10410122", "47253009", "1209", "41", "1200", "0", "0", "0", "0", "highway=service surface=asphalt foot=yes bicycle=yes sac_scale=hiking route_hiking_iwn=yes", "nodeaccessgranted=yes highway=passing_place", "25662", "1405659"],
          ["10410861", "47252252", "1209", "112", "1200", "0", "0", "0", "0", "highway=service surface=asphalt foot=yes bicycle=yes sac_scale=hiking route_hiking_iwn=yes", "nodeaccessgranted=yes highway=passing_place", "25740", "1406209"],
          ["10411188", "47251562", "1212", "95", "1100", "0", "0", "0", "0", "highway=service surface=asphalt foot=yes bicycle=yes sac_scale=hiking route_hiking_iwn=yes", "", "25806", "1406798"],
          ["10411202", "47251461", "1210", "12", "1200", "0", "0", "0", "0", "highway=service surface=gravel foot=yes bicycle=yes sac_scale=hiking route_hiking_iwn=yes", "nodeaccessgranted=yes ford=yes", "25815", "1407024"],
          ["10411327", "47251398", "1208", "12", "1200", "0", "0", "0", "0", "highway=service surface=gravel foot=yes bicycle=yes sac_scale=hiking route_hiking_iwn=yes", "", "25824", "1407166"],
          ["10411831", "47251196", "1205", "47", "1400", "0", "0", "0", "0", "highway=service surface=asphalt foot=yes bicycle=yes sac_scale=hiking route_hiking_iwn=yes", "nodeaccessgranted=yes highway=passing_place", "25855", "1407177"],
          ["10413143", "47250454", "1198", "136", "1400", "0", "0", "0", "0", "highway=service surface=asphalt foot=yes bicycle=yes sac_scale=hiking route_hiking_iwn=yes", "nodeaccessgranted=yes highway=passing_place", "25950", "1408021"],
          ["10417291", "47244058", "1174", "903", "1400", "0", "0", "0", "0", "highway=service surface=asphalt foot=yes bicycle=yes sac_scale=hiking route_hiking_iwn=yes", "", "26547", "1408794"],
          ["10417473", "47243854", "1167", "27", "1400", "0", "0", "0", "0", "highway=service surface=concrete route_hiking_iwn=yes", "", "26567", "1408794"],
          ["10443619", "47234698", "1249", "2429", "1200", "0", "0", "0", "0", "highway=service foot=yes bicycle=yes route_hiking_iwn=yes", "", "28490", "1492165"],
          ["10444158", "47235177", "1254", "97", "1200", "0", "0", "0", "0", "highway=service route_hiking_iwn=yes", "", "28565", "1494844"],
          ["10446080", "47233146", "1287", "329", "1450", "0", "0", "0", "0", "reversedirection=yes highway=track surface=gravel tracktype=grade2 sac_scale=hiking route_hiking_rwn=yes route_hiking_lwn=yes", "", "28877", "1521116"],
          ["10451243", "47230978", "1290", "479", "1200", "0", "0", "0", "0", "highway=path sac_scale=hiking", "highway=turning_circle", "29265", "1540955"],
          ["10454620", "47229377", "1293", "337", "1260", "0", "0", "0", "0", "reversedirection=yes highway=track tracktype=grade4", "", "29516", "1547600"],
          ["10457398", "47227903", "1315", "282", "1260", "0", "0", "0", "0", "highway=track tracktype=grade4", "", "29775", "1567275"],
          ["10458720", "47226348", "1323", "201", "1100", "0", "0", "0", "0", "highway=service surface=asphalt route_hiking_iwn=yes route_hiking_lwn=yes", "", "29932", "1573841"],
          ["10462465", "47218507", "1405", "1231", "1200", "0", "0", "0", "0", "highway=service surface=gravel route_hiking_iwn=yes route_hiking_lwn=yes", "", "31065", "1660887"],
          ["10463357", "47210491", "1434", "937", "1200", "0", "0", "0", "0", "highway=service route_hiking_iwn=yes", "", "31797", "1690317"],
          ["10463453", "47210322", "1435", "20", "1400", "0", "0", "0", "0", "reversedirection=yes highway=service surface=gravel route_hiking_iwn=yes", "", "31813", "1691191"],
          ["10469116", "47210750", "1597", "686", "1600", "0", "0", "0", "0", "highway=path sac_scale=mountain_hiking route_hiking_iwn=yes route_hiking_rwn=yes", "", "32858", "1820355"],
          ["10469627", "47210930", "1612", "47", "3000", "0", "0", "0", "0", "highway=steps sac_scale=mountain_hiking route_hiking_iwn=yes route_hiking_rwn=yes", "", "32957", "1833465"],
          ["10471258", "47210997", "1680", "232", "1600", "0", "0", "0", "0", "highway=path sac_scale=mountain_hiking route_hiking_iwn=yes route_hiking_rwn=yes", "", "33416", "1894951"],
          ["10471373", "47211033", "1683", "10", "3000", "0", "0", "0", "0", "highway=steps sac_scale=mountain_hiking route_hiking_iwn=yes route_hiking_rwn=yes", "", "33436", "1897657"],
          ["10471532", "47211101", "1686", "14", "1600", "0", "0", "0", "0", "highway=path sac_scale=mountain_hiking route_hiking_iwn=yes route_hiking_rwn=yes", "", "33462", "1901177"],
          ["10471563", "47211110", "1686", "3", "3000", "0", "0", "0", "0", "highway=steps sac_scale=mountain_hiking route_hiking_iwn=yes route_hiking_rwn=yes", "", "33467", "1901917"],
          ["10471678", "47211150", "1688", "10", "1600", "0", "0", "0", "0", "highway=path sac_scale=mountain_hiking route_hiking_iwn=yes route_hiking_rwn=yes", "", "33485", "1904283"],
          ["10471698", "47211151", "1689", "2", "3000", "0", "0", "0", "0", "highway=steps sac_scale=mountain_hiking route_hiking_iwn=yes route_hiking_rwn=yes", "", "33489", "1904764"],
          ["10471866", "47211196", "1695", "14", "1600", "0", "0", "0", "0", "highway=path sac_scale=mountain_hiking route_hiking_iwn=yes route_hiking_rwn=yes", "", "33515", "1908300"],
          ["10471885", "47211238", "1694", "5", "3000", "0", "0", "0", "0", "highway=steps sac_scale=mountain_hiking route_hiking_iwn=yes route_hiking_rwn=yes", "", "33524", "1909499"],
          ["10471891", "47210652", "1728", "149", "1600", "0", "0", "0", "0", "highway=path sac_scale=mountain_hiking route_hiking_iwn=yes route_hiking_rwn=yes", "", "33780", "1943600"],
          ["10472302", "47210745", "1738", "33", "3000", "0", "0", "0", "0", "highway=steps sac_scale=mountain_hiking route_hiking_iwn=yes route_hiking_rwn=yes", "", "33836", "1951070"],
          ["10472904", "47210533", "1767", "112", "1600", "0", "0", "0", "0", "highway=path sac_scale=mountain_hiking route_hiking_iwn=yes route_hiking_rwn=yes", "", "34027", "1976601"],
          ["10472936", "47210524", "1769", "5", "3000", "0", "0", "0", "0", "highway=steps sac_scale=mountain_hiking route_hiking_iwn=yes route_hiking_rwn=yes", "", "34037", "1977850"],
          ["10473105", "47210651", "1772", "22", "1600", "0", "0", "0", "0", "highway=path sac_scale=mountain_hiking route_hiking_iwn=yes route_hiking_rwn=yes", "", "34074", "1982858"],
          ["10473155", "47210642", "1774", "4", "3000", "0", "0", "0", "0", "highway=steps sac_scale=mountain_hiking route_hiking_iwn=yes route_hiking_rwn=yes", "", "34081", "1983799"],
          ["10473274", "47210510", "1783", "19", "1600", "0", "0", "0", "0", "highway=path sac_scale=mountain_hiking route_hiking_iwn=yes route_hiking_rwn=yes", "", "34117", "1988677"],
          ["10473321", "47210464", "1786", "7", "3000", "0", "0", "0", "0", "highway=steps sac_scale=mountain_hiking route_hiking_iwn=yes route_hiking_rwn=yes", "", "34132", "1990602"],
          ["10473510", "47210594", "1789", "22", "1600", "0", "0", "0", "0", "highway=path sac_scale=mountain_hiking route_hiking_iwn=yes route_hiking_rwn=yes", "", "34173", "1996178"],
          ["10473536", "47210595", "1789", "2", "3000", "0", "0", "0", "0", "highway=steps sac_scale=mountain_hiking route_hiking_iwn=yes route_hiking_rwn=yes", "", "34177", "1996665"],
          ["10473800", "47210643", "1793", "23", "1600", "0", "0", "0", "0", "highway=path sac_scale=mountain_hiking route_hiking_iwn=yes route_hiking_rwn=yes", "", "34217", "2002011"],
          ["10473845", "47210661", "1793", "4", "3000", "0", "0", "0", "0", "highway=steps sac_scale=mountain_hiking route_hiking_iwn=yes route_hiking_rwn=yes", "", "34223", "2002895"],
          ["10473924", "47210599", "1796", "9", "1600", "0", "0", "0", "0", "highway=path sac_scale=mountain_hiking route_hiking_iwn=yes route_hiking_rwn=yes", "", "34239", "2004991"],
          ["10473968", "47210562", "1798", "5", "3000", "0", "0", "0", "0", "highway=steps sac_scale=mountain_hiking route_hiking_iwn=yes route_hiking_rwn=yes", "", "34248", "2006165"],
          ["10473987", "47210514", "1800", "6", "1600", "0", "0", "0", "0", "highway=path sac_scale=mountain_hiking route_hiking_iwn=yes route_hiking_rwn=yes", "", "34258", "2007605"],
          ["10475553", "47209559", "1837", "167", "3000", "0", "0", "0", "0", "highway=steps sac_scale=mountain_hiking route_hiking_iwn=yes route_hiking_rwn=yes", "", "34547", "2046243"],
          ["10477738", "47209502", "1877", "192", "1600", "0", "0", "0", "0", "highway=path sac_scale=mountain_hiking route_hiking_iwn=yes route_hiking_rwn=yes", "", "34837", "2084135"],
          ["10477817", "47209536", "1877", "7", "1600", "0", "0", "0", "0", "highway=path surface=metal sac_scale=mountain_hiking route_hiking_iwn=yes route_hiking_rwn=yes", "", "34847", "2085352"],
          ["10478490", "47209812", "1893", "76", "1600", "0", "0", "0", "0", "highway=path sac_scale=mountain_hiking route_hiking_iwn=yes route_hiking_rwn=yes", "", "34952", "2098546"],
          ["10478719", "47209742", "1905", "19", "1260", "0", "0", "0", "0", "highway=path", "", "34986", "2103197"],
          ["10479127", "47209576", "1924", "37", "1260", "0", "0", "0", "0", "reversedirection=yes highway=path", "", "35069", "2114102"],
          ["10479187", "47209582", "1927", "5", "1600", "0", "0", "0", "0", "highway=path sac_scale=mountain_hiking route_hiking_iwn=yes route_hiking_rwn=yes", "", "35081", "2115710"],
          ["10479320", "47209519", "1935", "28", "1260", "0", "0", "0", "0", "reversedirection=yes highway=path", "", "35145", "2124144"],
          ["10479783", "47208848", "1970", "111", "1600", "0", "0", "0", "0", "highway=path sac_scale=mountain_hiking route_hiking_iwn=yes route_hiking_rwn=yes", "nodeaccessgranted=yes bicycle=yes foot=yes motor_vehicle=no ford=yes", "35411", "2158918"],
          ["10479717", "47208814", "1970", "6", "1600", "0", "0", "0", "0", "highway=path sac_scale=mountain_hiking route_hiking_iwn=yes route_hiking_rwn=yes", "nodeaccessgranted=yes bicycle=yes foot=yes motor_vehicle=no ford=yes", "35423", "2160501"],
          ["10480175", "47208192", "2012", "115", "1600", "0", "0", "0", "0", "highway=path sac_scale=mountain_hiking route_hiking_iwn=yes route_hiking_rwn=yes", "nodeaccessgranted=yes bicycle=yes foot=yes motor_vehicle=no ford=yes", "35686", "2195299"],
          ["10479006", "47208236", "2024", "95", "1600", "0", "0", "0", "0", "highway=path sac_scale=mountain_hiking route_hiking_iwn=yes route_hiking_rwn=yes", "", "35853", "2217515"],
          ["10478836", "47208084", "2027", "21", "1260", "0", "0", "0", "0", "reversedirection=yes highway=path", "", "35883", "2221412"],
          ["10478836", "47208047", "2029", "4", "1600", "0", "0", "0", "0", "highway=path sac_scale=mountain_hiking route_hiking_iwn=yes route_hiking_rwn=yes", "", "35889", "2222152"],
          ["10478773", "47208014", "2030", "6", "1600", "0", "0", "0", "0", "highway=path surface=metal sac_scale=mountain_hiking route_hiking_iwn=yes route_hiking_rwn=yes", "", "35898", "2223262"],
          ["10478754", "47208004", "2030", "2", "1600", "0", "0", "0", "0", "highway=path sac_scale=mountain_hiking route_hiking_iwn=yes route_hiking_rwn=yes", "", "35901", "2223623"],
          ["10478712", "47207647", "2046", "55", "1260", "0", "0", "0", "0", "highway=path", "", "35986", "2234837"],
          ["10478869", "47206803", "2094", "166", "1600", "0", "0", "0", "0", "highway=path sac_scale=mountain_hiking route_hiking_iwn=yes route_hiking_rwn=yes", "", "36299", "2276809"],
          ["10479171", "47206587", "2110", "35", "1260", "0", "0", "0", "0", "highway=path", "", "36369", "2286231"],
          ["10477898", "47201664", "2219", "695", "1600", "0", "0", "0", "0", "highway=path sac_scale=mountain_hiking route_hiking_iwn=yes route_hiking_rwn=yes", "", "37420", "2413312"],
          ["10478486", "47200468", "2238", "146", "1000", "0", "0", "0", "0", "highway=path sac_scale=hiking route_hiking_iwn=yes route_hiking_nwn=yes route_hiking_rwn=yes", "", "37561", "2425601"],
          ["10478650", "47200442", "2241", "13", "1600", "0", "0", "0", "0", "highway=track surface=ground tracktype=grade3 sac_scale=mountain_hiking route_hiking_iwn=yes route_hiking_nwn=yes route_hiking_rwn=yes route_hiking_lwn=yes", "", "37575", "2427074"],
          ["10479242", "47199546", "2238", "118", "1260", "0", "0", "0", "0", "highway=path", "", "37677", "2433359"],
          ["10480093", "47198976", "2234", "94", "1600", "0", "0", "0", "0", "highway=track surface=ground tracktype=grade3 sac_scale=mountain_hiking route_hiking_iwn=yes route_hiking_nwn=yes route_hiking_rwn=yes route_hiking_lwn=yes", "", "37747", "2435208"],
          ["10479895", "47197734", "2233", "171", "1260", "0", "0", "0", "0", "highway=track", "", "37867", "2436301"],
          ["10479962", "47197679", "2234", "8", "1260", "0", "0", "0", "0", "reversedirection=yes highway=track", "", "37873", "2436409"],
          ["10484067", "47196233", "2243", "394", "1260", "0", "0", "0", "0", "highway=path", "", "38157", "2441306"],
          ["10489650", "47196357", "2403", "551", "2560", "0", "0", "0", "0", "highway=path surface=ground sac_scale=demanding_mountain_hiking route_hiking_iwn=yes route_hiking_nwn=yes route_hiking_rwn=yes route_hiking_lwn=yes", "", "39161", "2572069"],
          ["10490093", "47196173", "2405", "39", "2560", "0", "0", "0", "0", "highway=path surface=ground sac_scale=demanding_mountain_hiking route_hiking_iwn=yes route_hiking_nwn=yes route_hiking_rwn=yes", "nodeaccessgranted=yes bicycle=yes foot=yes motor_vehicle=no ford=yes", "39220", "2579746"],
          ["10496472", "47193268", "2522", "712", "2560", "0", "0", "0", "0", "highway=path surface=ground sac_scale=demanding_mountain_hiking route_hiking_iwn=yes route_hiking_nwn=yes route_hiking_rwn=yes", "", "40597", "2741236"],
          ["10498830", "47193053", "2443", "191", "2560", "0", "0", "0", "0", "highway=path surface=ground sac_scale=demanding_mountain_hiking route_hiking_iwn=yes", "", "40940", "2741236"],
          ["10511457", "47190099", "1869", "1643", "1600", "0", "0", "0", "0", "reversedirection=yes highway=path surface=ground sac_scale=mountain_hiking route_hiking_iwn=yes", "nodeaccessgranted=yes ford=yes", "43771", "2741236"],
          ["10534542", "47186551", "1649", "1965", "1600", "0", "0", "0", "0", "reversedirection=yes highway=path surface=ground sac_scale=mountain_hiking route_hiking_iwn=yes", "nodeaccessgranted=yes bicycle=yes foot=yes motor_vehicle=no ford=yes", "45410", "2741236"],
          ["10545036", "47186496", "1566", "851", "1600", "0", "0", "0", "0", "reversedirection=yes highway=path surface=ground sac_scale=mountain_hiking route_hiking_iwn=yes", "", "46036", "2741236"],
          ["10545078", "47186453", "1566", "6", "3000", "0", "0", "0", "0", "reversedirection=yes highway=steps surface=ground sac_scale=mountain_hiking route_hiking_iwn=yes", "", "46039", "2741236"],
          ["10545284", "47186486", "1563", "16", "1600", "0", "0", "0", "0", "reversedirection=yes highway=path surface=wood sac_scale=mountain_hiking route_hiking_iwn=yes", "", "46050", "2741236"],
          ["10546409", "47186628", "1567", "87", "1600", "0", "0", "0", "0", "reversedirection=yes highway=path surface=ground sac_scale=mountain_hiking route_hiking_iwn=yes", "", "46109", "2741260"],
          ["10556508", "47181582", "1518", "997", "1600", "0", "0", "0", "0", "reversedirection=yes highway=path surface=ground sac_scale=mountain_hiking route_hiking_iwn=yes route_hiking_rwn=yes", "nodeaccessgranted=yes barrier=gate", "46773", "2741825"],
          ["10583777", "47167161", "873", "4626", "1600", "0", "0", "0", "0", "reversedirection=yes highway=path surface=ground sac_scale=mountain_hiking route_hiking_iwn=yes route_hiking_rwn=yes", "nodeaccessgranted=yes barrier=block access=no", "50973", "2762008"],
          ["10584799", "47167861", "851", "113", "2220", "0", "0", "0", "0", "highway=path surface=fine_gravel foot=yes bicycle=no sac_scale=mountain_hiking", "", "51090", "2762008"],
          ["10587195", "47167941", "787", "283", "2460", "0", "0", "0", "0", "reversedirection=yes highway=path surface=gravel foot=yes bicycle=no sac_scale=mountain_hiking", "", "51391", "2762008"],
          ["10592597", "47170350", "783", "499", "1200", "0", "0", "0", "0", "reversedirection=yes highway=path surface=fine_gravel access=yes bicycle=yes sac_scale=hiking", "", "51764", "2763663"],
          ["10596441", "47171558", "770", "323", "1640", "0", "0", "0", "0", "highway=service surface=asphalt", "", "51984", "2765900"],
          ["10597780", "47172054", "766", "123", "1440", "0", "0", "0", "0", "highway=service", "", "52060", "2765900"],
          ["10598578", "47171525", "761", "105", "1640", "0", "0", "0", "0", "highway=service surface=asphalt", "estimated_crossing_class=4", "52130", "2766137"],
          ["10598990", "47171636", "763", "34", "12200", "0", "0", "0", "0", "reversedirection=yes highway=primary surface=asphalt", "estimated_crossing_class=4", "52152", "2766137"],
          ["10599149", "47171409", "764", "28", "1640", "0", "0", "0", "0", "reversedirection=yes highway=service surface=asphalt", "", "52171", "2766191"],
          ["10597997", "47171210", "759", "91", "1640", "0", "0", "0", "0", "highway=service surface=asphalt", "", "52229", "2766191"],
          ["10593399", "47168787", "757", "448", "1500", "0", "0", "0", "0", "highway=track surface=pebblestone tracktype=grade3", "", "52537", "2767350"],
          ["10592148", "47167904", "757", "137", "1440", "0", "0", "0", "0", "reversedirection=yes highway=service surface=asphalt", "", "52631", "2767596"],
          ["10592062", "47166987", "757", "117", "1440", "0", "0", "0", "0", "highway=service surface=asphalt", "", "52712", "2768006"],
          ["10590681", "47165386", "758", "222", "1440", "0", "0", "0", "0", "reversedirection=yes highway=service surface=asphalt", "", "52873", "2770720"],
          ["10590771", "47165364", "758", "7", "1800", "0", "0", "0", "0", "highway=unclassified surface=asphalt", "", "52878", "2770785"],
          ["10592047", "47165041", "761", "103", "1320", "0", "0", "0", "0", "highway=unclassified surface=asphalt sidewalk=right", "", "52954", "2772485"],
          ["10592001", "47164958", "761", "10", "1500", "0", "0", "0", "0", "highway=unclassified surface=asphalt route_hiking_nwn=yes", "nodeaccessgranted=yes highway=crossing crossing=marked", "52961", "2772779"],
          ["10591768", "47164505", "760", "53", "1500", "0", "0", "0", "0", "highway=unclassified surface=asphalt route_hiking_nwn=yes", "", "53000", "2773693"],
          ["10591284", "47163780", "759", "89", "1100", "0", "0", "0", "0", "highway=unclassified surface=asphalt sidewalk=left route_bicycle_rcn=yes route_hiking_nwn=yes", "", "53064", "2774336"],
          ["10591236", "47163727", "759", "7", "1100", "0", "0", "0", "0", "highway=unclassified surface=asphalt sidewalk=right route_bicycle_rcn=yes route_hiking_nwn=yes", "nodeaccessgranted=yes highway=crossing", "53068", "2774365"],
          ["10590181", "47162545", "761", "154", "1100", "0", "0", "0", "0", "highway=unclassified surface=asphalt sidewalk=right route_bicycle_rcn=yes route_hiking_nwn=yes", "", "53182", "2776872"],
          ["10588491", "47160701", "762", "242", "1100", "0", "0", "0", "0", "highway=residential surface=asphalt sidewalk=both route_bicycle_rcn=yes route_hiking_nwn=yes", "", "53358", "2780171"],
          ["10589842", "47158013", "766", "389", "1320", "0", "0", "0", "0", "reversedirection=yes highway=residential surface=asphalt", "", "53645", "2787005"],
          ["10589571", "47157752", "766", "41", "1440", "0", "0", "0", "0", "reversedirection=yes highway=service surface=asphalt access=no foot=yes bicycle=yes", "estimated_crossing_class=2", "53675", "2787555"],
          ["10589589", "47157504", "766", "36", "1440", "0", "0", "0", "0", "reversedirection=yes highway=service surface=asphalt", "", "53701", "2788092"],
          ["10590256", "47157071", "768", "77", "3000", "0", "0", "0", "0", "highway=tertiary surface=asphalt", "", "53758", "2789364"]
        ],
        "times": [0,12.865,41.033,52.328,67.883,115.519,141.982,165.227,167.459,224.822,250.255,257.558,267.186,301.134,304.169,335.136,355.829,359.589,371.368,381.632,386.751,393.267,401.221,409.297,418.229,439.817,474.849,484.51,518.342,546.834,565.624,576.224,580.781,586.122,586.889,604.543,622.214,633.014,639.188,646.09,651.475,656.879,662.346,667.826,694.81,701.242,710.212,711.829,730.108,753.208,797.219,812.613,825.329,833.398,847.595,862.549,884.695,923.901,971.822,983.9,998.602,1025.848,1049.547,1067.65,1105.007,1111.975,1118.392,1128.281,1132.696,1143.287,1150.751,1172.492,1189.003,1206.059,1240.131,1269.067,1285.388,1294.268,1315.293,1342.176,1352.829,1360.97,1365.003,1367.411,1370.609,1372.998,1385.225,1396.165,1403.901,1407.779,1421.926,1439.874,1452.93,1476.066,1498.282,1509.784,1522.248,1529.432,1539.831,1545.746,1591.386,1595.578,1599.776,1604.722,1624.129,1657.602,1661.287,1664.999,1669.406,1673.769,1686.729,1710.61,1729.655,1747.553,1811.35,1835.156,1847.357,1893.742,1937.306,1953.838,1971.809,1998.236,2027.161,2055.255,2114.457,2164.009,2363.963,2466.215,2556.314,2576.878,2600.593,2618.788,2658.165,2668.615,2678.986,2683.92,2688.778,2704.521,2736.378,2764.78,2798.829,2842.64,2857.124,2912.658,2967.84,3012.072,3054.761,3085.789,3094.003,3100.809,3106.124,3136.022,3166.111,3231.647,3243.374,3273.457,3319.995,3344.395,3368.485,3388.776,3410.896,3417.415,3438.827,3498.746,3514.672,3551.241,3609.128,3667.615,3733.097,3748.358,3764.441,3796.865,3807.754,3830.714,3853.781,3891.089,3922.149,3969.835,3973.84,3981.785,4005.582,4012.458,4021.793,4041.389,4062.786,4106.605,4162.205,4203.533,4296.392,4332.589,4339.542,4343.653,4370.792,4383.882,4390.965,4397.345,4421.831,4438.197,4457.739,4483.272,4525.38,4547.225,4567.332,4573.844,4615.501,4674.648,4712.049,4721.122,4729.457,4754.738,4837.499,4877.574,4901.564,4921.597,4949.6,4979.682,5001.883,5013.729,5039.631,5059.863,5111.528,5116.142,5141.766,5150.307,5156.524,5221.841,5262.471,5278.04,5285.861,5294.458,5309.48,5322.335,5330.322,5342.929,5356.45,5366.89,5396.361,5430.718,5451.806,5516.564,5575.751,5678.134,5710.681,5767.511,5823.767,5866.546,5885.942,5901.341,5915.115,5921.538,5931.581,5935.168,5942.19,5952.436,5978.098,6024.664,6050.138,6062.934,6070.35,6082.698,6095.738,6104.416,6113.958,6125.764,6136.463,6146.983,6172.453,6185.898,6200.212,6213.218,6226.191,6251.554,6272.649,6294.299,6331.416,6351.946,6385.047,6408.858,6428.235,6448.987,6465.352,6471.029,6505.4,6529.61,6541.135,6552.636,6584.938,6618.512,6639.525,6641.186,6642.842,6650.36,6703.56,6718.549,6743.221,6780.536,6821.256,6865.705,6883.363,6906.506,6944.602,6956.719,6985.816,7015.701,7038.01,7067.487,7158.14,7178.909,7198.457,7236.473,7266.268,7287.025,7303.521,7342.485,7368.86,7380.514,7398.441,7407.597,7425.09,7439.35,7449.921,7457.326,7470.274,7473.473,7476.769,7482.16,7486.911,7494.698,7497.621,7499.537,7503.085,7506.485,7509.804,7523.001,7574.605,7637.006,7655.96,7679.543,7692.729,7716.79,7723.489,7729.61,7744.905,7761.925,7771.53,7790.544,7818.703,7861.749,7872.669,7874.946,7878.604,7884.115,7888.189,7889.573,7891.02,7893.344,7897.239,7899.548,7901.071,7903.392,7906.374,7909.481,7914.627,7919.106,7923.424,7929.791,7945.108,7961.625,7968.296,7974.156,7996.61,8000.38,8008.856,8022.406,8037.252,8049.575,8086.346,8112.09,8139.28,8155.394,8231.363,8267.656,8324.983,8367.06,8406.518,8435.089,8462.025,8479.854,8508.482,8516.988,8542.772,8638.215,8690.956,8723.597,8733.562,8752.778,8756.4,8782.278,8785.812,8800.235,8810.502,8820.567,8836.515,8854.64,8875.718,8895.349,8905.231,8921.707,8931.675,8936.842,8943.466,8946.06,8957.463,8973.852,8990.24,9010.67,9050.642,9079.99,9109.821,9119.247,9140.066,9191.758,9289.548,9334.99,9352.152,9358.633,9372.484,9378.554,9407.127,9418.099,9427.042,9477.951,9501.755,9516.452,9531.157,9553.969,9561.212,9572.01,9623.552,9636.896,9646.7,9697.554,9722.179,9753.33,9757.873,9767.117,9786.384,9854.217,9875.437,9897.792,9967.505,9981.116,9989.036,10006.412,10020.151,10029.608,10034.549,10038.681,10046.799,10055.198,10062.331,10069.555,10070.203,10070.853,10072.838,10074.776,10075.477,10078.116,10080.653,10083.202,10085.089,10088.112,10093.143,10096.243,10099.277,10107.962,10115.81,10118.475,10119.856,10124.188,10125.683,10127.188,10131.736,10133.288,10135.457,10138.5,10143.412,10145.084,10150.373,10154.961,10160.581,10171.714,10173.694,10178.891,10183.086,10186.219,10191.362,10195.412,10198.439,10202.532,10205.59,10211.561,10213.56,10214.571,10220.831,10226.258,10228.454,10231.77,10232.875,10237.401,10243.188,10246.685,10249.027,10253.807,10256.223,10259.831,10275.694,10281.049,10283.77,10295.242,10304.178,10307.097,10308.566,10311.524,10314.518,10325.553,10336.84,10341.569,10346.352,10352.938,10357.95,10364.725,10369.83,10373.133,10383.309,10388.164,10394.623,10397.887,10399.513,10402.838,10421.081,10426.374,10429.825,10440.35,10448.78,10453.843,10459.085,10469.604,10478.102,10479.787,10495.609,10502.426,10507.388,10567.685,10591.077,10625.97,10630.957,10669.791,10680.02,10687.459,10694.761,10699.324,10705.84,10730.768,10734.336,10736.096,10744.169,10748.901,10752.049,10761.849,10773.268,10784.158,10820.546,10850.545,10901.812,10908.129,10925.966,10946.621,10965.419,10993.117,11018.361,11035.032,11040.961,11045.373,11053.092,11081.247,11084.427,11090.584,11100.437,11105.104,11109.826,11120.729,11133.389,11164.944,11185.413,11196.072,11246.513,11269.449,11285.265,11293.984,11296.962,11323.628,11354.241,11367.632,11381.767,11397.797,11411.233,11426.802,11440.933,11461.37,11468.902,11477.298,11485.579,11494.037,11517.793,11528.167,11540.365,11549.222,11565.693,11574.312,11587.504,11601.624,11632.234,11661.966,11694.994,11742.235,11789.338,11864.51,11954.368,11963.813,11977.562,11993.739,12003.661,12010.471,12047.734,12077.226,12087.672,12099.003,12110.132,12118.179,12143.751,12151.565,12160.724,12188.188,12198.546,12203.057,12207.432,12214.77,12228.046,12237.612,12245.12,12248.099,12253.731,12259.169,12265.891,12289.075,12296.118,12301.925,12312.046,12317.81,12322.215,12336.487,12342.076,12350.4,12361.193,12380.381,12383.079,12391.316,12396.636,12399.27,12406.174,12410.353,12417.137,12421.038,12424.972,12429.006,12434.179,12446.171,12451.474,12455.367,12467.738,12474.658,12481.416,12485.337,12494.526,12511.872,12525.309,12529.215,12531.804,12539.391,12543.122,12549.473,12561.864,12564.285,12569.347,12581.804,12592.932,12600.842,12614.081,12618.837,12627.504,12636.142,12644.753,12659.28,12662.93,12666.616,12671.482,12676.372,12683.702,12692.971,12695.273,12699.973,12712.679,12733.693,12738.484,12744.646,12753.217,12761.207,12764.672,12766.935,12772.896,12784.582,12791.807,12802.269,12808.671,12814.841,12821.11,12831.644,12847.886,12851.569,12865.836,12876.087,12883.478,12889.614,12893.219,12901.702,12910.099,12917.305,12922.029,12925.512,12930.197,12932.506,12937.138,12940.584,12946.271,12949.592,12958.391,12962.681,12982.264,12994.144,13001.689,13009.218,13014.604,13028.017,13032.09,13044.152,13049.642,13057.265,13063.792,13070.326,13075.834,13081.32,13084.502,13087.593,13097.771,13102.586,13114.834,13120.978,13125.179,13128.396,13131.632,13142.959,13147.427,13153.093,13159.956,13177.72,13190.914,13195.737,13201.834,13223.44,13234.837,13237.314,13244.65,13251.7,13261.18,13272.123,13278.296,13304.357,13314.207,13319.229,13328.278,13338.354,13375.263,13387.813,13396.566,13438.479,13449.91,13460.839,13467.624,13478.229,13487.563,13496.589,13504.171,13514.146,13529.061,13537.475,13543.456,13557.805,13569.327,13590.561,13599.845,13619.367,13648.566,13659.556,13672.894,13683.81,13688.73,13702.372,13720.438,13735.803,13746.934,13751.591,13775.837,13790.485,13800.245,13818.295,13825.114,13832.014,13840.643,13850.035,13854.318,13863.208,13867.735,13886.919,13896.049,13907.487,13924.147,13949.946,13956.549,13969.92,13978.906,14054.093,14129.056,14166.694,14241.193,14271.025,14299.957,14330.329,14355.676,14388.09,14399.776,14410.003,14452.153,14463.432,14497.534,14521.039,14541.233,14561.418,14584.1,14594.011,14608.508,14619.221,14628.945,14647.557,14669.028,14681.093,14706.107,14712.122,14718.768,14729.581,14741.66,14747.523,14752.729,14758.387,14765.477,14776.884,14792.243,14807.458,14832.8,14846.374,14856.598,14864.137,14874.432,14882.175,14886.899,14889.762,14896.631,14903.366,14908.159,14924.148,14932.192,14943.399,14951.105,14960.049,14970.482,14975.318,14979.143,14984.291,14990.442,14999.387,15003.842,15013.91,15032.761,15038.871,15046.168,15052.272,15054.683,15060.942,15075.249,15082.656,15091.396,15106.14,15113.507,15120.743,15132.106,15135.985,15145.717,15167.982,15174.73,15184.521,15195.923,15208.065,15222.951,15237.041,15249.933,15259.311,15268.972,15276.575,15282.362,15292.16,15302.232,15307.955,15319.51,15333.107,15342.638,15351.801,15368.102,15378.091,15409.769,15481.685,15490.729,15507.683,15522.146,15551.454,15586.809,15625.861,15653.938,15711.165,15735.515,15764.434,15793.869,15849.588,15881.814,15943.673,15964.008,15990.651,16019.479,16030.347,16039.979,16052.211,16057.966,16072.815,16087.927,16097.544,16116.936,16131.324,16178.552,16211.774,16230.995,16264.114,16384.387,16472.328,16543.182,16575.174,16608.047,16621.732,16667.67,16718.312,16787.107,16821.039,16846.807,16863.732,16871.998,16882.295,16892.24,16899.109,16915.738,16923.791,16931.557,16937.32,16950.32,16970.145,16973.094,16978.822,16981.68,16984.582,16988.498,16993.375,16998.057,17026.543,17038.197,17046.002,17054.207,17062.873,17086.396,17133.27,17167.229,17219.533,17251.646,17280.285,17347.252,17390.518,17420.857,17448.422,17473.688,17484.92,17499.365,17521.357,17531.01,17532.357,17569.129,17590.277,17614.49,17658.572,17664.273,17678.527,17701.35,17710.955,17719.471,17724.152,17728.721,17733.221,17743.881,17749.814,17753.643,17767.416,17782.625,17790.52,17811.908,17829.924,17835.605,17839.27,17844.295,17850.057,17853.83,17856.891,17860.605,17863.693,17866.74,17873.131,17878.814,17883.789,17888.48,17893.152,17897.926,17905.305,17911.816,17917.746,17924.566,17932.072,17937.373,17949.701,17960.871,17969.252,17975.912,17990.229,18002.422,18018.85,18051.873,18060.875,18069.639,18079.332,18092.318,18100.898,18105.586,18112.293,18121.469,18140.613,18157.4,18176.641,18190.01,18217.162,18220.713,18224.145,18228.863,18231.541,18236.195,18240.688,18245.732,18252.816,18262.74,18282.373,18291.432,18300.729,18315.297,18329.166,18342.109,18356.539,18374.377,18379.646,18390.588,18402.182,18413.404,18420.848,18435.312,18450.176,18456.373,18463.834,18471.654,18480.768,18489.391,18501.078,18512.789,18526.727,18535.334,18545.447,18555.438,18570.537,18582.48,18589.123,18593.029,18626.09,18635.83,18650.141,18661.494,18668.479,18675.928,18684.17,18690.953,18702.846,18710.562,18716.043,18731.289,18755.289,18762.932,18769.91,18780.775,18793.545,18803.641,18810.916,18821.516,18830.361,18866.598,18877.115,18886.201,18897.494,18903.824,18925.059,18931.846,18937.852,18944.102,18968.76,18983.043,19003.453,19023.918,19031.369,19041.621,19079.771,19088.367,19096.047,19117.014,19130.484,19150.355,19164.271,19177.035,19190.713,19206.92,19239.982,19269.186,19327.053,19353.566,19435.018,19448.684,19465.029,19476.787,19511.566,19521.008,19535.449,19556.562,19589.277,19605.773,19621.627,19637.08,19656.098,19670.889,19693.43,19710.889,19724.516,19737.24,19748.584,19760.256,19763.578,19768.803,19775.629,19786.77,19798.191,19807.723,19818.258,19843.293,19856.625,19870.869,19886.199,19898.098,19911.764,19922.047,19930.881,19941.545,19950.744,19955.641,19970.359,19982.418,19986.262,19996.303,20006.803,20009.727,20026.545,20039.023,20075.117,20084.127,20088.354,20092.004,20099.592,20110.52,20113.141,20121.789,20127.771,20134.574,20148.166,20150.924,20159.084,20171.021,20177.775,20187.688,20196.902,20204.939,20217.783,20220.48,20228.344,20234.445,20241.145,20243.791,20250.607,20254.818,20258.791,20262.201,20278.416,20297.045,20311.848,20325.008,20328.996,20334.385,20352.336,20375.988,20382.844,20386.732,20397.973,20404.277,20417.619,20437.197,20447.998,20465.561,20474.529,20491.107,20507.346,20530.236,20544.633,20559.551,20573.182,20597.998,20617.389,20619.975,20625.947,20632.105,20638.637,20651.297,20659.979,20669.643,20674.41,20689.609,20724.514,20738.607,20750.184,20763.277,20789.74,20798.736,20841.912,20883.9,20923.65,20934.439,20955.01,20974.434,20985.416,20999.609,21012.529,21048.17,21055.822,21058.283,21060.182,21068.16,21070.924,21082.098,21087.346,21091.775,21094.191,21096.008,21105.676,21112.648,21116.201,21120.971,21124.867,21130.705,21137.527,21153.205,21165.369,21170.607,21173.379,21178.441,21184.82,21193.125,21199.275,21215.125,21242.006,21257.449,21264.955,21275.256,21279.184,21284.131,21293.043,21329.777,21351.396,21370.57,21378.225,21385.762,21390.184,21393.896,21407.201,21426.76,21458.891,21477.502,21492.203,21507.578,21513.018,21598.518,21630.383,21661.15,21668.676,21674.459,21693.467,21716.631,21728.125,21739.016,21753.312,21776.896,21795.391,21805.236,21819.416,21837.561,21851.361,21864.832,21875.035,21888.307,21900.361,21912.061,21921.609,21931.055,21943.818,21955.818,21976.363,21991.186,22013.174,22041.102,22056.789,22072.564,22096.453,22111.857,22121.789,22132.568,22147.326,22160.035,22171.102,22192.893,22198.762,22211.475,22216.066,22220.006,22226.262,22239.334,22275.32,22285.324,22286.305,22289.285,22290.291,22298.232,22304.373,22337.41,22348.004,22364.654,22370.887,22374.645,22378.299,22381.15,22385.355,22416.539,22449.877,22472.006,22488.674,22607.637,22723.574,22805.85,22883.832,22975.377,23047.619,23129.025,23205.756,23262.803,23304.146,23351.531,23409.17,23472.008,23590.133,23596.635,23606.25,23649.701,23681.82,23708.4,23729.967,23781.729,23840.189,23852.703,23868.939,23893.84,23959.156,23983.467,24010.68,24047.619,24051.34,24065.805,24087.607,24117.9,24127.162,24129.725,24132.342,24134.107,24137.709,24142.242,24154.988,24170.141,24183.086,24203.873,24216.469,24226.906,24235.158,24253.555,24259.08,24263.422,24318.133,24350.629,24375.305,24413.15,24424.984,24430.463,24435.896,24441.621,24458.16,24477.275,24485.332,24492.342,24502.963,24534.746,24567.211,24584.287,24605.354,24621.744,24643.174,24653.318,24655.807,24661.908,24666.676,24673.771,24685.34,24702.283,24729.316,24760.291,24787.551,24828.727,24841.053,24859.619,24875.781,24897.891,24910.285,24931.957,24944.834,24954.717,24971.242,24983,24997.559,25009.352,25022.609,25035.23,25054.91,25071.201,25082.182,25093.322,25108.354,25140.016,25203.879,25255.793,25272.273,25294.578,25325.105,25337.338,25362.086,25386.225,25391.137,25398.496,25442.291,25451.334,25455.541,25459.824,25464.957,25471.494,25479.18,25491.516,25500.852,25512.625,25531.299,25573.693,25584.582,25605.096,25610.959,25616.08,25618.311,25627.207,25634.059,25657.898,25662.701,25677.889,25682.221,25689.496,25697.654,25704.32,25719.369,25730.398,25740.963,25776.703,25783.879,25790.516,25801.549,25806.697,25811.75,25815.611,25818.586,25824.277,25828.439,25834.441,25838.463,25855.65,25904.002,25913.732,25924.541,25931.873,25937.58,25941.146,25945.014,25950.578,25971.537,25988.348,26001.502,26019.068,26038.928,26060.924,26070.469,26085.908,26102.879,26113.082,26154.936,26186.633,26206.764,26240.229,26256.469,26271.508,26288.324,26298.787,26311.932,26322.008,26356.605,26364.898,26386.021,26394.156,26407.336,26422.854,26446.957,26485.037,26493.037,26500.215,26508.439,26542.736,26546.045,26547.855,26567.811,26571.58,26575.785,26587.023,26591.139,26596.83,26607.467,26618.232,26635.715,26644.5,26655.059,26661.863,26682.678,26691.756,26716.957,26744.24,26770.49,26793.012,26809.244,26818.525,26828.229,26837.994,26843.721,26853.545,26862.576,26879.121,26889.139,26902.953,26926.355,26942.602,26954.709,26980.668,27014.432,27068.264,27088.205,27177.061,27214.277,27225.734,27238.34,27266.791,27309.734,27366.246,27404.072,27438.191,27472.596,27578.178,27606.035,27649.727,27678.189,27691.189,27711.586,27764.809,27804.055,27844.17,27874.84,27908.27,27922.736,27938.191,27955.125,27987.342,28013.705,28031.344,28110.275,28140.414,28218.719,28245.461,28312.787,28342.033,28349.307,28372.242,28393.781,28406.682,28413.576,28426.5,28452.355,28471.855,28490.438,28502.055,28507.951,28516.562,28524.744,28533.025,28542.418,28558.615,28565.158,28568.35,28589.266,28606.82,28613.367,28646.27,28668.822,28696.574,28722.209,28758.873,28770.764,28787.412,28819.453,28827.238,28835.301,28843.221,28862.051,28877.16,28931.24,28999.805,29129.938,29163.254,29214.596,29265.258,29321.867,29332.65,29347.998,29353.598,29362.988,29368.211,29372.592,29376.035,29384.814,29390.557,29399.348,29452.861,29461.436,29480.744,29494.635,29516.682,29533.508,29553.814,29599.445,29653.334,29704.143,29739.572,29748.584,29769.682,29775.16,29780.293,29793.232,29803.621,29911.811,29932.859,29940.867,29961.623,29981.988,30013.68,30039.588,30058.168,30061.506,30074.361,30100.547,30127.215,30148.91,30165.73,30175.387,30184.969,30205.855,30231.527,30251.211,30266.391,30272.205,30277.223,30283.236,30300.973,30348.17,30415.189,30465.725,30484.604,30504.98,30575.928,30620.365,30642.766,30653.615,30701.146,30749.744,30755.053,30759.334,30780.049,30789.41,30805.111,30826.262,30833.928,30841.543,30849.111,30878.121,30888.158,30910.986,30929.809,30936.041,30940.57,30945.086,30981.75,30996.303,31012.021,31025.162,31065.012,31108.773,31140.188,31152.332,31163.893,31189.838,31237.861,31256.498,31276.588,31302.76,31328.193,31344.471,31370.902,31400.285,31422.15,31447.098,31461.555,31474.74,31493.221,31502.5,31531.469,31567.625,31604.031,31648.082,31683.824,31718.367,31736.982,31753.164,31765.758,31787.279,31797.121,31806.158,31813.516,31815.908,31845.342,31857.393,31866.178,31868.803,31880.414,31887.465,31905.32,31925.285,31934.504,31938.543,31948.744,31954.801,31979.154,31987.93,32008.242,32019.414,32037.234,32050.141,32065.49,32086.061,32091.223,32110.322,32124.461,32130.871,32137.656,32154.154,32169.807,32177.137,32181.639,32197.211,32210.426,32264.748,32283.529,32290.396,32295.393,32298.77,32324.84,32386.463,32441.094,32481.238,32586.037,32600.953,32632.574,32652.842,32674.865,32680.373,32692.752,32699.969,32705.35,32712.988,32720.275,32738.408,32762.283,32798.223,32840.191,32851.418,32858.871,32872.129,32882.125,32941.543,32945.516,32957.062,32967.688,32978.383,33012.82,33074.828,33078.734,33108.547,33152.188,33159.32,33166.566,33207.844,33219.125,33231.828,33241.031,33248.215,33259.43,33263.188,33281.102,33300.816,33315.027,33320.324,33323.961,33348.344,33365.379,33391.043,33406.375,33416.016,33436.188,33452.992,33462.355,33467.859,33478.332,33485.492,33489.066,33507.645,33515.363,33524.289,33541.852,33547.469,33559.391,33571.621,33575.672,33585.195,33591.086,33605.445,33636.93,33649.695,33668.828,33707.215,33727.016,33741.34,33757.031,33780.898,33792.801,33807.855,33818.215,33828.141,33836.754,33841.746,33848.496,33858.121,33871.34,33878.141,33883.133,33895.934,33915.762,33925.961,33939.91,33946.703,33959.16,33964.68,33982.16,33991.309,33995.848,34002.219,34008.664,34015.406,34020.488,34027.781,34031.551,34037.07,34040.602,34047.598,34052.559,34057.652,34066.145,34074.496,34081.512,34092.289,34095.938,34109.973,34117.828,34123.871,34132.199,34140.395,34150.008,34155.605,34164.59,34173.707,34177.332,34182.691,34198.324,34208.605,34217.211,34223.836,34239.469,34248.223,34258.941,34267.895,34274.773,34294.227,34346.953,34366.184,34388.852,34405.625,34441.125,34459.57,34475.758,34534.16,34547.699,34556.773,34569.5,34593.824,34606.512,34628.512,34640.586,34666.477,34684.348,34706.223,34728.367,34735.492,34743.801,34776.422,34802.059,34817.305,34826.703,34837.961,34847.582,34879.25,34886.926,34893.34,34898.605,34909.57,34912.297,34924.242,34930.883,34942.094,34946.254,34952.012,34954.93,34983.082,34986.703,34996.582,35007.086,35011.277,35015.562,35021.98,35028.523,35037.441,35044.273,35069.082,35081.426,35088.359,35095.23,35099.84,35106.672,35113.625,35115.93,35124.73,35129.062,35131.27,35142.887,35145.211,35158.375,35212.707,35217.594,35233.934,35242.254,35254.617,35265.402,35299.699,35338.148,35361.52,35403.051,35411.395,35423.172,35446.496,35478.711,35509.258,35518.332,35528.574,35553.727,35569.48,35578.316,35606.074,35639.008,35671.141,35686.961,35698.766,35749.613,35776.984,35806.266,35835.703,35853.613,35869.406,35883.84,35889.586,35898.203,35901.023,35906.695,35927.855,35936.812,35939.766,35952.164,35958.348,35961.504,35973.113,35977.93,35986.258,35994.457,36009.883,36071.922,36093.898,36108.465,36119.82,36127.422,36133.277,36146.621,36155.469,36162.629,36171.602,36178.434,36193.051,36204.344,36217.059,36269.207,36288.488,36299.035,36306.121,36313.383,36318.938,36339.539,36343.582,36356.371,36369.438,36384.516,36408.32,36414.395,36430.645,36442.695,36454.535,36466.582,36478.621,36519.164,36528.75,36554.238,36572.098,36595.652,36626.488,36637.547,36652.719,36665.953,36688.52,36701.75,36723.398,36745.281,36781.688,36803.344,36876.66,36894.141,36925.797,36953.363,36989.727,37020.617,37050.871,37080.004,37120.855,37132.516,37142.457,37153.266,37202.289,37209.176,37233.113,37248.312,37255.035,37280.441,37292.957,37304.02,37325.195,37337.441,37348.527,37368.551,37380.824,37387.383,37407.777,37420.719,37428.074,37432.16,37435.438,37440.445,37448.062,37456.68,37487.848,37493.43,37515.562,37529.555,37540.109,37547.449,37561.934,37575.98,37587.609,37595.98,37603.453,37608.82,37614.789,37626.238,37631.602,37638.355,37650.984,37657.023,37663.508,37669.367,37677.18,37687.574,37695.57,37705.078,37711.984,37726.547,37737.918,37747.227,37755.27,37759.277,37769.535,37773.691,37775.789,37778.613,37785.082,37790.637,37796.797,37803.035,37808.688,37814.637,37820.566,37827.836,37834.367,37838.68,37845.148,37853.891,37863.066,37867.418,37869.574,37871.746,37873.234,37884.711,37893.73,37898.684,37902.969,37907.926,37912.215,37917.215,37920.074,37935.199,37938.891,37941.082,37942.543,37946.848,37958.945,37969.891,37973.469,37978.355,37983.762,37987.695,37990.934,37996.559,38002.141,38016.613,38020.699,38035.77,38076.516,38089.629,38094.066,38097.07,38102.449,38111.129,38112.711,38117.863,38119.359,38122.398,38131.219,38137.84,38142.84,38147.152,38149.789,38157.102,38161.641,38163.473,38172.098,38175.926,38187.125,38193.531,38202.5,38212.082,38223.512,38247.113,38262.531,38269.902,38276.18,38296.082,38307.395,38342.176,38352.082,38364.219,38370.719,38377.066,38385.27,38391.707,38396.523,38399.754,38406.281,38437.758,38449.766,38457.176,38467.551,38480.059,38486.988,38523.27,38533.352,38558.074,38573.602,38598.32,38605.902,38627.914,38644.316,38656.473,38695.039,38721.602,38742.281,38769.379,38779.293,38793.648,38803.797,38814.121,38832.625,38846.117,38880.59,38925.922,38964.219,38976.953,39005.266,39017.852,39025.164,39040.254,39051.809,39070.336,39081.367,39087.863,39096.133,39108.422,39123.555,39136.32,39151.34,39161.332,39220.047,39248.91,39282.395,39332.137,39349.773,39379.902,39491.562,39568.035,39635.602,39646.246,39675.328,39692.266,39705.797,39742.758,39764.375,39791.773,39818.824,39852.445,39902.516,39935.859,39977.141,40018.262,40043.367,40067.004,40100.184,40123.562,40159.527,40239.465,40293.75,40315.25,40332.547,40351.789,40395.676,40407.816,40424.355,40440.465,40451.699,40464.246,40469.547,40475.688,40488.926,40501.91,40509.566,40514.242,40523.383,40530.594,40541.352,40545.176,40561.969,40568.305,40576.703,40597.324,40618.523,40644.414,40673.012,40803.676,40839.422,40869.742,40904.551,40913.691,40921.184,40940.277,40958.66,40964.785,40974.102,40983.363,40992.414,40998.594,41006.203,41012.41,41022.254,41035.551,41038.852,41068.496,41076.828,41086.953,41109.203,41123.18,41138.891,41151.508,41164.512,41203,41222.508,41231.766,41247.414,41270.867,41285.129,41344.789,41388.09,41434.172,41496.953,41550.16,41565.328,41590.875,41613.883,41630.281,41642.234,41654.293,41664.637,41678.516,41693.289,41721.996,41733.984,41753.68,41782.273,41806.703,41844.188,41861.453,41895.938,41911.98,41919.031,41945.934,41965.031,41985.641,42017.695,42048.977,42098.531,42147.461,42154.531,42203.047,42214.707,42234.383,42248.609,42291.398,42302.602,42313.688,42331.844,42346.145,42382.906,42397.246,42429.609,42453.531,42472.531,42477.258,42495.215,42502.941,42514.531,42526.766,42535.312,42591.836,42640.348,42652.406,42664.559,42688.316,42707.332,42723.348,42736.773,42746.965,42769.836,42781.273,42789.102,42804.023,42811.934,42818.215,42840.703,42845.629,42850.637,42858.949,42872.828,42958.84,43001.441,43019.941,43027.281,43035.461,43047.668,43061.145,43073.309,43082.93,43116.406,43138.844,43152.332,43158.172,43169.32,43182.512,43192.883,43205.918,43226.141,43241.102,43258.105,43271.895,43289.668,43315.234,43325.992,43346.406,43386.02,43406.395,43420.711,43453.879,43518.477,43547.84,43578.219,43645.875,43706.875,43735.227,43758.43,43771.027,43785.434,43850.012,43859.277,43901.488,43929.91,43939.98,44000.934,44009.797,44014.828,44023.574,44034.883,44044.531,44059.359,44066.52,44076.234,44084.625,44090.621,44110.828,44124.602,44151.953,44159.895,44178.215,44192.57,44200.176,44205.102,44214.707,44227.16,44241.766,44259.246,44267.246,44273.668,44278.742,44299.109,44302.77,44329.254,44336.625,44350.137,44365.707,44373.668,44382.48,44389.844,44399.938,44409.973,44432.062,44447.547,44474.82,44487.32,44504.41,44526.098,44530.848,44537.605,44548.059,44561.113,44573.969,44583.387,44590.344,44614.598,44631.281,44639.285,44648.586,44680.305,44700.648,44719.387,44739.941,44753.895,44761.785,44768.016,44780.223,44794.871,44801.574,44813.25,44822.004,44825.871,44839.074,44856.551,44866.926,44887.047,44892.16,44899.488,44903.906,44918.641,44946.98,44954.516,44961.336,44970.66,44975.387,44981.816,44987.586,44998.242,45014.453,45022.047,45036.285,45073.164,45085.027,45133.16,45153.48,45173.973,45199.02,45220.863,45227.422,45252.832,45277.777,45303.766,45317.836,45335.82,45364.855,45388.965,45401.367,45410.762,45434.281,45453.082,45465.094,45484.25,45505.723,45557.066,45584.781,45594.828,45603.758,45610.184,45621.391,45635.031,45648.016,45698.906,45706.641,45715.332,45757.281,45803.867,45849.32,45874.039,45896.352,45971.273,45979.801,45989.684,46006.219,46036.301,46039.906,46050.367,46070.781,46099.09,46109.969,46125.867,46147.695,46164.832,46171.098,46179.16,46182.324,46194.23,46204.605,46207.68,46212.098,46218.367,46226.637,46229.227,46239.027,46244.82,46246.113,46250.625,46258.949,46265.27,46270.977,46277.277,46287.988,46302.16,46329.781,46346.238,46362.59,46378.086,46390.477,46406.016,46429.398,46451.953,46469.918,46476.77,46483.289,46489.879,46495.297,46497.57,46501.176,46505.242,46508.664,46512.879,46526.457,46540.996,46558.469,46565.113,46568.836,46573.105,46581.422,46587.844,46608.961,46620.852,46631.812,46643.594,46684.281,46712.23,46718.887,46744.477,46758.074,46773.68,46788.273,46807.441,46845.715,46850.602,46857.859,46865.242,46873.957,46888.363,46922.559,46941.727,46950.117,46967.297,46990.91,47005.23,47020.195,47058.574,47073.434,47084.062,47092.234,47101.871,47127.109,47144.457,47173.633,47177.605,47187.379,47197.215,47218.77,47233.508,47249.754,47260.996,47267.73,47292.945,47309.246,47324.473,47342.215,47348.895,47368.348,47389.773,47399.934,47408.273,47411.594,47418.238,47424.82,47432.727,47442.5,47454.367,47469.145,47479.855,47485.379,47490.391,47508.621,47512.418,47516.695,47520.672,47544.996,47559.992,47564.18,47568.48,47576.363,47587.969,47600.84,47608.742,47620.348,47628.398,47636.594,47642.039,47649.508,47654.965,47660.773,47666.152,47680.574,47688.801,47693.609,47697.762,47708.703,47717.527,47729.219,47738.09,47740.828,47751.008,47762.332,47788.039,47800.566,47814.578,47823.887,47852.641,47856.887,47875.934,47886.023,47907.207,47913.672,47922.016,47939.031,47947.742,47953.246,47964.844,47992.371,48008.383,48023.816,48050.262,48065.715,48068.172,48071.969,48085.379,48105.898,48113.473,48122.891,48131.914,48137.227,48143.617,48148.172,48155.867,48162.879,48171.32,48177.199,48181.465,48184.559,48193.266,48204.809,48214.258,48224.469,48229.262,48237.367,48252.984,48286.891,48299.121,48304.422,48309.5,48314.191,48315.695,48319.266,48322.273,48326.898,48337.18,48349.902,48357.832,48376.387,48382.129,48393.133,48397.176,48403.906,48420.645,48442.09,48453.344,48472.305,48485.93,48521.344,48550.922,48571.961,48575.512,48581.215,48587.176,48597.363,48607.766,48659.168,48671.5,48679.25,48722.828,48725.523,48751.328,48767.133,48777.125,48786.758,48797.762,48807.262,48815.77,48841.672,48854.672,48866.641,48900.156,48915.113,48943.391,48971.828,48977.945,48983.77,48987.488,48991.062,48994.051,48996.359,49002.504,49006.25,49015.984,49024.191,49048.836,49070.207,49085.848,49109.059,49183.547,49219.844,49259.695,49269.586,49277.582,49282.844,49315.352,49329.195,49376.332,49401.953,49427.289,49440.703,49459.43,49474.898,49493.594,49507.109,49520.195,49529.535,49546.035,49568.332,49581.055,49601.742,49615.324,49650.449,49658.195,49665.637,49671.242,49678.48,49689.086,49695.805,49724.352,49755.531,49767.801,49774.734,49794.113,49814.797,49839.215,49858.656,49888.387,49967.551,49980.891,50021.102,50035.453,50061.945,50075.18,50081.156,50084.289,50087.547,50098.703,50100.926,50106.77,50116.219,50128.414,50131.539,50136.227,50138.949,50148.125,50158.875,50175.383,50177.426,50192.051,50194.305,50206.805,50223.938,50233.496,50236.949,50243.332,50253.191,50264.68,50274.992,50291.797,50320.34,50332.203,50360.012,50371.145,50375.117,50380.98,50485.973,50518.215,50540.773,50549.102,50556.844,50566.953,50575.449,50583.516,50591.344,50601.582,50632.832,50658.398,50679.617,50699.316,50722.859,50734.539,50750.344,50768.922,50804.211,50831.07,50838.922,50854.332,50856.504,50864.195,50868.027,50881.699,50900.969,50907.734,50909.996,50935.699,50945.52,50955.109,50964.723,50973.035,50984.113,51000.555,51020.027,51037.512,51068.195,51090.055,51113.898,51138.566,51156.504,51165.043,51237.332,51251.02,51260.746,51277.391,51292.598,51308.195,51322.879,51358.488,51366.098,51381.961,51385.531,51386.699,51391.32,51398.094,51408.426,51421.762,51429,51453.609,51474.688,51483.938,51499.422,51526.953,51552.82,51563.332,51568.84,51586.973,51591.938,51616.293,51636.141,51653.27,51681.793,51710.652,51717.523,51753.555,51762.078,51764.332,51788.137,51821.926,51824.895,51837.574,51860.727,51916.383,51935.555,51945.047,51954.395,51984.578,51990.023,52030.41,52053.691,52060.156,52077.766,52084.914,52092.195,52114.508,52130.312,52152.246,52171.684,52178.375,52199.461,52229.199,52266.691,52283.352,52313,52321.555,52353.289,52371.477,52398.875,52418.988,52458.227,52484.156,52537.48,52558.145,52569.992,52588.195,52631,52655.082,52676.48,52688.398,52700.449,52712.711,52727.715,52821.273,52833.504,52873.266,52878.27,52945.539,52954.051,52961.793,53000.895,53003.848,53036.148,53064.004,53068.906,53094.969,53126.637,53135.48,53182.09,53202.539,53237.605,53251.508,53257.344,53279.152,53280.602,53298.699,53305.922,53327.551,53334.082,53335.531,53336.98,53353.031,53358.082,53439.852,53474.715,53494.836,53519.148,53543.023,53556.012,53568.863,53588.012,53598.266,53605.57,53619.406,53623.039,53645.508,53659.234,53662.844,53675.297,53683.262,53701.609,53725.117,53741.301,53758.254]
      },
      "geometry": {
        "type": "LineString",
        "coordinates": [
          [10.279784, 47.409727, 810.0],
          [10.279594, 47.409625, 810.0],
          [10.279541, 47.409284, 811.25],
          [10.279520, 47.409146, 812.0],
          [10.279491, 47.408961, 811.75],
          [10.280201, 47.408658, 813.0],
          [10.280532, 47.408431, 813.75],
          [10.280807, 47.408221, 814.0],
          [10.280832, 47.408198, 814.0],
          [10.281538, 47.407665, 816.0],
          [10.281834, 47.407420, 816.5],
          [10.281923, 47.407356, 816.75],
          [10.282059, 47.407288, 817.25],
          [10.282550, 47.407075, 819.0],
          [10.282594, 47.407058, 819.0],
          [10.283068, 47.406876, 819.25],
          [10.283400, 47.406794, 820.25],
          [10.283461, 47.406785, 820.0],
          [10.283674, 47.406781, 819.5],
          [10.283859, 47.406748, 819.5],
          [10.283945, 47.406724, 819.5],
          [10.284046, 47.406689, 819.25],
          [10.284150, 47.406621, 819.25],
          [10.284242, 47.406542, 819.75],
          [10.284318, 47.406451, 820.25],
          [10.284492, 47.406220, 820.5],
          [10.284727, 47.405832, 821.0],
          [10.284757, 47.405714, 821.25],
          [10.284722, 47.405306, 822.0],
          [10.284826, 47.404975, 822.5],
          [10.284945, 47.404762, 823.0],
          [10.285008, 47.404640, 823.5],
          [10.285037, 47.404589, 823.75],
          [10.285067, 47.404532, 824.0],
          [10.285073, 47.404520, 824.25],
          [10.285174, 47.404325, 824.5],
          [10.285276, 47.404130, 825.0],
          [10.285364, 47.404015, 825.5],
          [10.285420, 47.403952, 825.75],
          [10.285507, 47.403892, 825.75],
          [10.285576, 47.403856, 826.0],
          [10.285655, 47.403829, 826.25],
          [10.285746, 47.403808, 826.75],
          [10.285843, 47.403799, 827.0],
          [10.286280, 47.403778, 829.0],
          [10.286379, 47.403771, 829.25],
          [10.286423, 47.403675, 830.0],
          [10.286433, 47.403655, 830.0],
          [10.286497, 47.403472, 832.75],
          [10.286529, 47.403238, 834.75],
          [10.286552, 47.402772, 835.5],
          [10.286524, 47.402603, 835.75],
          [10.286472, 47.402477, 837.75],
          [10.286428, 47.402404, 840.0],
          [10.286418, 47.402264, 840.5],
          [10.286429, 47.402108, 841.25],
          [10.286471, 47.401880, 841.5],
          [10.286467, 47.401508, 847.25],
          [10.286626, 47.401066, 850.5],
          [10.286617, 47.400947, 852.5],
          [10.286652, 47.400802, 853.25],
          [10.286760, 47.400533, 853.5],
          [10.286809, 47.400282, 854.0],
          [10.286872, 47.400100, 855.75],
          [10.287142, 47.399738, 856.25],
          [10.287165, 47.399662, 855.25],
          [10.287145, 47.399594, 856.5],
          [10.287082, 47.399500, 860.25],
          [10.287078, 47.399457, 860.25],
          [10.287103, 47.399347, 860.75],
          [10.287078, 47.399280, 863.0],
          [10.286999, 47.399090, 866.0],
          [10.286924, 47.398946, 867.25],
          [10.286783, 47.398823, 869.75],
          [10.286476, 47.398603, 872.25],
          [10.286513, 47.398310, 871.0],
          [10.286581, 47.398136, 870.25],
          [10.286604, 47.398034, 870.5],
          [10.286366, 47.397889, 873.75],
          [10.286064, 47.397691, 874.0],
          [10.285958, 47.397597, 874.25],
          [10.285915, 47.397514, 874.5],
          [10.285905, 47.397469, 874.5],
          [10.285905, 47.397439, 874.5],
          [10.285920, 47.397402, 874.5],
          [10.285907, 47.397372, 874.5],
          [10.285854, 47.397239, 875.5],
          [10.285779, 47.397123, 874.75],
          [10.285734, 47.397041, 874.75],
          [10.285717, 47.396993, 875.0],
          [10.285696, 47.396822, 874.0],
          [10.285650, 47.396617, 872.75],
          [10.285610, 47.396471, 872.75],
          [10.285553, 47.396182, 871.25],
          [10.285535, 47.395895, 870.0],
          [10.285516, 47.395744, 869.0],
          [10.285483, 47.395579, 867.75],
          [10.285538, 47.395486, 867.25],
          [10.285613, 47.395348, 866.75],
          [10.285674, 47.395277, 866.75],
          [10.286281, 47.394849, 867.75],
          [10.286329, 47.394806, 867.75],
          [10.286364, 47.394758, 867.75],
          [10.286391, 47.394699, 868.0],
          [10.286470, 47.394464, 868.5],
          [10.286637, 47.394063, 869.0],
          [10.286659, 47.394023, 869.5],
          [10.286697, 47.393983, 869.75],
          [10.286752, 47.393942, 869.5],
          [10.286799, 47.393904, 869.25],
          [10.286922, 47.393766, 869.0],
          [10.287098, 47.393507, 870.25],
          [10.287347, 47.393341, 870.0],
          [10.287525, 47.393157, 870.75],
          [10.287776, 47.392412, 874.75],
          [10.287876, 47.392142, 876.25],
          [10.287938, 47.392008, 876.5],
          [10.288225, 47.391573, 882.25],
          [10.288625, 47.391226, 885.75],
          [10.288728, 47.391059, 885.5],
          [10.288791, 47.390870, 886.0],
          [10.288742, 47.390600, 889.5],
          [10.288796, 47.390296, 890.25],
          [10.288956, 47.390005, 890.0],
          [10.289451, 47.389489, 895.0],
          [10.289469, 47.388918, 894.75],
          [10.290320, 47.386892, 906.0],
          [10.290371, 47.385644, 906.25],
          [10.290859, 47.384503, 900.5],
          [10.290936, 47.384235, 899.75],
          [10.291000, 47.383913, 898.0],
          [10.290990, 47.383681, 896.25],
          [10.290837, 47.383135, 892.25],
          [10.290750, 47.382991, 890.0],
          [10.290644, 47.382858, 888.0],
          [10.290564, 47.382807, 887.0],
          [10.290463, 47.382777, 887.0],
          [10.290119, 47.382741, 886.75],
          [10.290313, 47.382339, 889.0],
          [10.290640, 47.382038, 891.25],
          [10.290873, 47.381635, 892.25],
          [10.291036, 47.381126, 894.5],
          [10.291131, 47.380956, 893.75],
          [10.292076, 47.380675, 893.25],
          [10.292972, 47.380387, 894.5],
          [10.293623, 47.380092, 895.75],
          [10.294187, 47.379757, 896.5],
          [10.294488, 47.379446, 897.5],
          [10.294564, 47.379359, 897.5],
          [10.294607, 47.379281, 898.0],
          [10.294634, 47.379219, 898.25],
          [10.294841, 47.378893, 899.0],
          [10.295002, 47.378564, 900.0],
          [10.295655, 47.377903, 899.5],
          [10.295792, 47.377794, 899.75],
          [10.296108, 47.377496, 900.0],
          [10.296541, 47.377046, 905.5],
          [10.296704, 47.376789, 907.0],
          [10.296897, 47.376558, 908.5],
          [10.297114, 47.376380, 908.5],
          [10.297312, 47.376183, 910.75],
          [10.297385, 47.376132, 911.25],
          [10.297582, 47.375944, 912.25],
          [10.298203, 47.375425, 913.75],
          [10.298292, 47.375257, 914.75],
          [10.298101, 47.374850, 915.0],
          [10.298025, 47.374189, 916.75],
          [10.298345, 47.373534, 917.5],
          [10.298579, 47.372802, 920.5],
          [10.298632, 47.372622, 920.75],
          [10.298656, 47.372431, 921.25],
          [10.298661, 47.372061, 923.0],
          [10.298696, 47.371934, 923.25],
          [10.298764, 47.371690, 925.5],
          [10.298790, 47.371441, 926.75],
          [10.298886, 47.371043, 928.5],
          [10.299189, 47.370775, 929.75],
          [10.299499, 47.370306, 932.5],
          [10.299546, 47.370278, 932.5],
          [10.299640, 47.370220, 932.5],
          [10.299966, 47.370046, 932.0],
          [10.300017, 47.369973, 932.25],
          [10.300007, 47.369865, 933.0],
          [10.299922, 47.369659, 935.0],
          [10.299896, 47.369414, 935.0],
          [10.299741, 47.368888, 933.25],
          [10.299648, 47.368206, 933.75],
          [10.299494, 47.367717, 934.5],
          [10.299957, 47.366570, 930.0],
          [10.299982, 47.366103, 929.25],
          [10.299988, 47.366017, 929.0],
          [10.300013, 47.365967, 928.5],
          [10.300182, 47.365618, 927.0],
          [10.300341, 47.365472, 926.0],
          [10.300444, 47.365413, 925.0],
          [10.300484, 47.365336, 925.0],
          [10.300496, 47.365022, 924.5],
          [10.300504, 47.364810, 923.5],
          [10.300575, 47.364554, 922.75],
          [10.300758, 47.364247, 923.0],
          [10.300850, 47.363700, 925.5],
          [10.300897, 47.363422, 925.75],
          [10.300938, 47.363176, 926.25],
          [10.300952, 47.363092, 926.5],
          [10.300987, 47.362583, 930.0],
          [10.301154, 47.361908, 933.0],
          [10.301311, 47.361483, 933.75],
          [10.301351, 47.361374, 934.0],
          [10.301370, 47.361280, 934.25],
          [10.301352, 47.360982, 935.0],
          [10.301208, 47.360028, 937.0],
          [10.301168, 47.359557, 938.5],
          [10.301107, 47.359280, 939.5],
          [10.301000, 47.359056, 940.0],
          [10.300965, 47.358735, 941.0],
          [10.300892, 47.358393, 942.5],
          [10.300893, 47.358142, 943.5],
          [10.300972, 47.358023, 944.0],
          [10.301304, 47.357833, 944.5],
          [10.301605, 47.357718, 945.0],
          [10.301530, 47.357137, 947.0],
          [10.301592, 47.357102, 947.0],
          [10.301836, 47.356859, 947.75],
          [10.301893, 47.356769, 948.25],
          [10.301891, 47.356701, 948.5],
          [10.301574, 47.355986, 950.25],
          [10.301482, 47.355520, 951.75],
          [10.301493, 47.355343, 952.5],
          [10.301531, 47.355255, 953.0],
          [10.301606, 47.355175, 953.25],
          [10.301800, 47.355068, 954.0],
          [10.301954, 47.354966, 955.0],
          [10.302020, 47.354891, 955.25],
          [10.302087, 47.354759, 955.25],
          [10.302132, 47.354605, 956.0],
          [10.302129, 47.354485, 956.75],
          [10.302081, 47.354165, 958.25],
          [10.302112, 47.353790, 959.75],
          [10.302140, 47.353561, 960.75],
          [10.302641, 47.352943, 963.75],
          [10.303249, 47.352432, 966.0],
          [10.303892, 47.351382, 970.0],
          [10.304227, 47.351077, 971.0],
          [10.304659, 47.350530, 974.75],
          [10.305148, 47.350028, 978.25],
          [10.305575, 47.349700, 982.25],
          [10.305734, 47.349535, 984.5],
          [10.305838, 47.349399, 986.5],
          [10.305911, 47.349273, 988.0],
          [10.305919, 47.349211, 988.75],
          [10.305912, 47.349110, 989.25],
          [10.305900, 47.349074, 989.25],
          [10.305869, 47.349004, 989.0],
          [10.305823, 47.348902, 988.75],
          [10.305697, 47.348652, 991.0],
          [10.305416, 47.348179, 990.75],
          [10.305229, 47.347910, 990.5],
          [10.305115, 47.347778, 990.25],
          [10.305024, 47.347708, 990.0],
          [10.304939, 47.347562, 989.5],
          [10.304933, 47.347397, 989.5],
          [10.304964, 47.347295, 989.5],
          [10.305064, 47.347196, 990.0],
          [10.305028, 47.347063, 989.25],
          [10.305041, 47.346935, 988.75],
          [10.305068, 47.346813, 988.5],
          [10.305151, 47.346516, 988.75],
          [10.305149, 47.346352, 989.0],
          [10.305108, 47.346185, 989.5],
          [10.305048, 47.346036, 990.25],
          [10.304960, 47.345893, 990.5],
          [10.304798, 47.345601, 992.25],
          [10.304683, 47.345348, 992.5],
          [10.304603, 47.345093, 993.5],
          [10.304550, 47.344668, 996.0],
          [10.304459, 47.344444, 997.0],
          [10.304439, 47.344075, 998.75],
          [10.304386, 47.343815, 1000.5],
          [10.304448, 47.343602, 1001.0],
          [10.304510, 47.343377, 1002.75],
          [10.304574, 47.343201, 1003.25],
          [10.304577, 47.343134, 1003.5],
          [10.304377, 47.342780, 1004.75],
          [10.304264, 47.342529, 1006.75],
          [10.304236, 47.342405, 1007.25],
          [10.304232, 47.342277, 1007.75],
          [10.304268, 47.341939, 1010.0],
          [10.304335, 47.341579, 1011.5],
          [10.304418, 47.341364, 1013.0],
          [10.304423, 47.341350, 1013.25],
          [10.304431, 47.341332, 1013.25],
          [10.304464, 47.341255, 1013.75],
          [10.304886, 47.340778, 1016.5],
          [10.304961, 47.340625, 1017.5],
          [10.304945, 47.340363, 1019.25],
          [10.304963, 47.339970, 1021.0],
          [10.304930, 47.339544, 1024.0],
          [10.305149, 47.339101, 1026.25],
          [10.305216, 47.338918, 1027.5],
          [10.305300, 47.338686, 1029.25],
          [10.305506, 47.338318, 1031.5],
          [10.305645, 47.338235, 1033.0],
          [10.305912, 47.338035, 1038.0],
          [10.306014, 47.337778, 1041.5],
          [10.306119, 47.337597, 1044.5],
          [10.306294, 47.337379, 1048.25],
          [10.306859, 47.336825, 1060.0],
          [10.306962, 47.336665, 1063.25],
          [10.307006, 47.336517, 1067.0],
          [10.307074, 47.336233, 1071.5],
          [10.307189, 47.336014, 1074.5],
          [10.307254, 47.335850, 1076.0],
          [10.307337, 47.335724, 1078.25],
          [10.307466, 47.335433, 1082.75],
          [10.307477, 47.335218, 1085.25],
          [10.307454, 47.335124, 1086.25],
          [10.307320, 47.334966, 1082.75],
          [10.307326, 47.334870, 1081.5],
          [10.307412, 47.334698, 1083.75],
          [10.307502, 47.334545, 1081.75],
          [10.307650, 47.334479, 1083.0],
          [10.307738, 47.334431, 1083.75],
          [10.307735, 47.334285, 1083.75],
          [10.307741, 47.334247, 1083.75],
          [10.307772, 47.334221, 1084.75],
          [10.307838, 47.334189, 1087.5],
          [10.307877, 47.334151, 1089.5],
          [10.307878, 47.334083, 1090.75],
          [10.307882, 47.334059, 1091.25],
          [10.307871, 47.334044, 1091.0],
          [10.307821, 47.334036, 1089.0],
          [10.307781, 47.334007, 1088.0],
          [10.307755, 47.333972, 1087.5],
          [10.307725, 47.333829, 1087.75],
          [10.307735, 47.333362, 1096.0],
          [10.307717, 47.332841, 1104.25],
          [10.307794, 47.332711, 1111.25],
          [10.307760, 47.332520, 1112.25],
          [10.307816, 47.332431, 1116.25],
          [10.308015, 47.332356, 1123.5],
          [10.308045, 47.332315, 1124.0],
          [10.308004, 47.332277, 1122.25],
          [10.307861, 47.332191, 1120.25],
          [10.307722, 47.332082, 1121.25],
          [10.307673, 47.332004, 1122.75],
          [10.307628, 47.331845, 1124.0],
          [10.307680, 47.331593, 1125.0],
          [10.307964, 47.331193, 1124.0],
          [10.308002, 47.331057, 1120.0],
          [10.307979, 47.331030, 1118.25],
          [10.307989, 47.330988, 1117.25],
          [10.308016, 47.330914, 1115.5],
          [10.308050, 47.330869, 1115.0],
          [10.308076, 47.330856, 1115.5],
          [10.308104, 47.330855, 1116.75],
          [10.308138, 47.330865, 1118.75],
          [10.308207, 47.330873, 1122.0],
          [10.308223, 47.330846, 1121.75],
          [10.308220, 47.330825, 1121.5],
          [10.308207, 47.330804, 1122.0],
          [10.308167, 47.330787, 1121.0],
          [10.308113, 47.330779, 1119.25],
          [10.308036, 47.330742, 1117.75],
          [10.307991, 47.330700, 1118.25],
          [10.307976, 47.330646, 1120.25],
          [10.307969, 47.330570, 1123.25],
          [10.308003, 47.330411, 1125.75],
          [10.308063, 47.330257, 1129.0],
          [10.308057, 47.330191, 1131.0],
          [10.308031, 47.330137, 1132.25],
          [10.307825, 47.329969, 1132.25],
          [10.307822, 47.329929, 1133.5],
          [10.307763, 47.329860, 1134.0],
          [10.307714, 47.329741, 1135.75],
          [10.307645, 47.329609, 1135.75],
          [10.307566, 47.329494, 1135.25],
          [10.307280, 47.329251, 1142.75],
          [10.307144, 47.329072, 1149.25],
          [10.306979, 47.328895, 1152.75],
          [10.306905, 47.328765, 1152.5],
          [10.306947, 47.328282, 1166.75],
          [10.306895, 47.328043, 1172.75],
          [10.306671, 47.327642, 1175.5],
          [10.306310, 47.327266, 1170.0],
          [10.305860, 47.326940, 1170.0],
          [10.305654, 47.326676, 1174.25],
          [10.305567, 47.326426, 1178.25],
          [10.305465, 47.326249, 1177.25],
          [10.305174, 47.325960, 1173.75],
          [10.305152, 47.325866, 1175.5],
          [10.305172, 47.325632, 1184.0],
          [10.305285, 47.324927, 1197.5],
          [10.305406, 47.324522, 1204.5],
          [10.305585, 47.324317, 1211.0],
          [10.305592, 47.324238, 1211.0],
          [10.305688, 47.324123, 1217.0],
          [10.305692, 47.324094, 1216.75],
          [10.305847, 47.323933, 1219.25],
          [10.305882, 47.323917, 1219.75],
          [10.306027, 47.323904, 1224.0],
          [10.306113, 47.323861, 1225.0],
          [10.306186, 47.323804, 1225.75],
          [10.306250, 47.323689, 1224.5],
          [10.306401, 47.323596, 1228.25],
          [10.306599, 47.323554, 1233.25],
          [10.306752, 47.323469, 1235.75],
          [10.306833, 47.323416, 1236.0],
          [10.306958, 47.323320, 1236.25],
          [10.306964, 47.323246, 1239.5],
          [10.307002, 47.323220, 1241.5],
          [10.307018, 47.323180, 1243.0],
          [10.306990, 47.323173, 1243.0],
          [10.306871, 47.323170, 1243.25],
          [10.306720, 47.323129, 1247.25],
          [10.306606, 47.323061, 1252.0],
          [10.306521, 47.322948, 1254.0],
          [10.306484, 47.322727, 1261.0],
          [10.306409, 47.322571, 1266.5],
          [10.306320, 47.322421, 1271.25],
          [10.306398, 47.322444, 1272.5],
          [10.306572, 47.322454, 1275.25],
          [10.306935, 47.322393, 1284.75],
          [10.307607, 47.322348, 1297.25],
          [10.307963, 47.322288, 1302.5],
          [10.308060, 47.322212, 1305.75],
          [10.308119, 47.322209, 1308.5],
          [10.308198, 47.322268, 1308.5],
          [10.308242, 47.322288, 1309.5],
          [10.308384, 47.322441, 1310.25],
          [10.308456, 47.322495, 1311.75],
          [10.308529, 47.322501, 1315.5],
          [10.308750, 47.322695, 1326.75],
          [10.308754, 47.322846, 1323.5],
          [10.308811, 47.322936, 1324.75],
          [10.308887, 47.323013, 1329.5],
          [10.309033, 47.323111, 1331.25],
          [10.309093, 47.323126, 1333.75],
          [10.309158, 47.323100, 1341.25],
          [10.309182, 47.322865, 1348.75],
          [10.309270, 47.322835, 1352.25],
          [10.309337, 47.322837, 1354.75],
          [10.309492, 47.322655, 1362.75],
          [10.309622, 47.322617, 1368.5],
          [10.309768, 47.322564, 1374.5],
          [10.309801, 47.322564, 1375.5],
          [10.309844, 47.322580, 1377.0],
          [10.309940, 47.322557, 1380.25],
          [10.310339, 47.322532, 1385.0],
          [10.310487, 47.322494, 1384.25],
          [10.310664, 47.322426, 1382.5],
          [10.311273, 47.322082, 1381.5],
          [10.311384, 47.321988, 1383.0],
          [10.311500, 47.321978, 1379.0],
          [10.311758, 47.321893, 1376.5],
          [10.311954, 47.321801, 1376.0],
          [10.312100, 47.321769, 1374.25],
          [10.312198, 47.321770, 1371.25],
          [10.312280, 47.321764, 1370.5],
          [10.312410, 47.321723, 1372.5],
          [10.312561, 47.321736, 1371.0],
          [10.312696, 47.321730, 1371.5],
          [10.312839, 47.321742, 1369.0],
          [10.312842, 47.321751, 1368.5],
          [10.312829, 47.321758, 1368.5],
          [10.312791, 47.321763, 1369.0],
          [10.312762, 47.321777, 1368.25],
          [10.312758, 47.321790, 1367.5],
          [10.312795, 47.321811, 1365.75],
          [10.312840, 47.321824, 1364.5],
          [10.312892, 47.321812, 1364.5],
          [10.312928, 47.321811, 1364.0],
          [10.312955, 47.321855, 1362.25],
          [10.313003, 47.321917, 1360.75],
          [10.313041, 47.321952, 1360.75],
          [10.313105, 47.321938, 1361.75],
          [10.313246, 47.321869, 1364.25],
          [10.313354, 47.321806, 1366.0],
          [10.313390, 47.321775, 1367.0],
          [10.313417, 47.321767, 1368.0],
          [10.313463, 47.321726, 1369.25],
          [10.313490, 47.321717, 1370.25],
          [10.313498, 47.321730, 1370.5],
          [10.313500, 47.321783, 1370.75],
          [10.313522, 47.321790, 1371.5],
          [10.313553, 47.321780, 1372.5],
          [10.313601, 47.321778, 1374.0],
          [10.313685, 47.321788, 1376.25],
          [10.313716, 47.321781, 1377.0],
          [10.313792, 47.321779, 1378.75],
          [10.313847, 47.321755, 1380.25],
          [10.313894, 47.321711, 1381.25],
          [10.314013, 47.321656, 1384.25],
          [10.314023, 47.321640, 1384.25],
          [10.314084, 47.321634, 1386.0],
          [10.314124, 47.321606, 1386.75],
          [10.314142, 47.321578, 1387.0],
          [10.314166, 47.321539, 1387.0],
          [10.314183, 47.321503, 1387.0],
          [10.314207, 47.321480, 1387.25],
          [10.314248, 47.321459, 1388.0],
          [10.314269, 47.321434, 1388.25],
          [10.314281, 47.321385, 1388.0],
          [10.314303, 47.321379, 1388.5],
          [10.314315, 47.321386, 1389.0],
          [10.314338, 47.321434, 1390.25],
          [10.314397, 47.321447, 1392.0],
          [10.314425, 47.321457, 1392.75],
          [10.314429, 47.321482, 1393.25],
          [10.314442, 47.321488, 1393.5],
          [10.314486, 47.321475, 1394.5],
          [10.314532, 47.321510, 1395.75],
          [10.314574, 47.321507, 1396.5],
          [10.314597, 47.321496, 1397.0],
          [10.314640, 47.321516, 1398.0],
          [10.314669, 47.321513, 1398.75],
          [10.314682, 47.321535, 1399.0],
          [10.314818, 47.321584, 1403.0],
          [10.314864, 47.321589, 1404.75],
          [10.314893, 47.321583, 1405.75],
          [10.314982, 47.321539, 1408.25],
          [10.315061, 47.321541, 1410.75],
          [10.315077, 47.321524, 1411.0],
          [10.315092, 47.321528, 1411.5],
          [10.315103, 47.321540, 1412.0],
          [10.315128, 47.321546, 1412.75],
          [10.315224, 47.321555, 1415.25],
          [10.315296, 47.321591, 1417.5],
          [10.315308, 47.321613, 1418.0],
          [10.315341, 47.321621, 1419.0],
          [10.315385, 47.321643, 1420.75],
          [10.315419, 47.321634, 1422.0],
          [10.315461, 47.321613, 1423.25],
          [10.315487, 47.321591, 1424.25],
          [10.315483, 47.321571, 1424.0],
          [10.315536, 47.321537, 1425.75],
          [10.315529, 47.321513, 1425.5],
          [10.315557, 47.321485, 1426.25],
          [10.315585, 47.321484, 1427.25],
          [10.315594, 47.321472, 1427.5],
          [10.315624, 47.321469, 1428.5],
          [10.315740, 47.321503, 1432.75],
          [10.315766, 47.321483, 1433.5],
          [10.315765, 47.321466, 1433.5],
          [10.315808, 47.321425, 1435.0],
          [10.315818, 47.321383, 1435.25],
          [10.315845, 47.321366, 1436.25],
          [10.315882, 47.321362, 1438.0],
          [10.315913, 47.321315, 1439.25],
          [10.315927, 47.321270, 1439.75],
          [10.315943, 47.321270, 1440.25],
          [10.316014, 47.321207, 1442.75],
          [10.316035, 47.321178, 1443.5],
          [10.316037, 47.321150, 1443.5],
          [10.316290, 47.320914, 1452.25],
          [10.316366, 47.320797, 1454.75],
          [10.316546, 47.320684, 1461.75],
          [10.316552, 47.320655, 1461.75],
          [10.316732, 47.320481, 1464.25],
          [10.316799, 47.320433, 1464.75],
          [10.316859, 47.320413, 1466.5],
          [10.316902, 47.320382, 1467.0],
          [10.316945, 47.320385, 1469.0],
          [10.316995, 47.320402, 1471.75],
          [10.317161, 47.320414, 1478.75],
          [10.317176, 47.320399, 1478.75],
          [10.317185, 47.320392, 1478.75],
          [10.317191, 47.320351, 1477.0],
          [10.317215, 47.320335, 1477.25],
          [10.317240, 47.320325, 1477.75],
          [10.317313, 47.320313, 1479.75],
          [10.317393, 47.320282, 1481.25],
          [10.317428, 47.320221, 1481.5],
          [10.317616, 47.320072, 1486.75],
          [10.317785, 47.319958, 1491.75],
          [10.318012, 47.319741, 1498.5],
          [10.318063, 47.319722, 1500.25],
          [10.318158, 47.319633, 1500.25],
          [10.318315, 47.319573, 1502.75],
          [10.318476, 47.319559, 1507.25],
          [10.318697, 47.319521, 1511.75],
          [10.318894, 47.319501, 1516.5],
          [10.319016, 47.319476, 1519.25],
          [10.319045, 47.319444, 1517.5],
          [10.319080, 47.319424, 1518.0],
          [10.319140, 47.319425, 1520.25],
          [10.319328, 47.319474, 1528.5],
          [10.319334, 47.319454, 1526.0],
          [10.319382, 47.319442, 1525.75],
          [10.319464, 47.319445, 1528.75],
          [10.319465, 47.319418, 1528.25],
          [10.319489, 47.319392, 1529.25],
          [10.319571, 47.319378, 1534.5],
          [10.319653, 47.319381, 1540.5],
          [10.319848, 47.319292, 1538.5],
          [10.320025, 47.319228, 1535.0],
          [10.320118, 47.319249, 1540.25],
          [10.320547, 47.319169, 1544.0],
          [10.320729, 47.319096, 1548.0],
          [10.320863, 47.319062, 1550.75],
          [10.320944, 47.319053, 1552.75],
          [10.320975, 47.319058, 1554.25],
          [10.321207, 47.319015, 1556.25],
          [10.321473, 47.318994, 1561.25],
          [10.321587, 47.318976, 1563.5],
          [10.321701, 47.318967, 1567.0],
          [10.321810, 47.318899, 1567.0],
          [10.321919, 47.318859, 1569.75],
          [10.322003, 47.318783, 1570.25],
          [10.322098, 47.318722, 1572.25],
          [10.322255, 47.318672, 1577.75],
          [10.322303, 47.318647, 1578.5],
          [10.322337, 47.318602, 1577.5],
          [10.322386, 47.318557, 1578.25],
          [10.322453, 47.318525, 1580.0],
          [10.322655, 47.318453, 1582.0],
          [10.322746, 47.318458, 1586.0],
          [10.322827, 47.318487, 1592.25],
          [10.322887, 47.318476, 1594.25],
          [10.322963, 47.318381, 1588.75],
          [10.323038, 47.318378, 1591.75],
          [10.323137, 47.318384, 1597.25],
          [10.323221, 47.318319, 1594.75],
          [10.323462, 47.318275, 1601.75],
          [10.323683, 47.318182, 1603.75],
          [10.323930, 47.318121, 1611.25],
          [10.324288, 47.318033, 1616.75],
          [10.324618, 47.317921, 1624.5],
          [10.325127, 47.317748, 1634.75],
          [10.325721, 47.317699, 1650.75],
          [10.325798, 47.317676, 1650.75],
          [10.325876, 47.317605, 1648.5],
          [10.326015, 47.317570, 1652.5],
          [10.326090, 47.317532, 1653.25],
          [10.326143, 47.317501, 1653.25],
          [10.326408, 47.317420, 1662.75],
          [10.326606, 47.317370, 1670.0],
          [10.326665, 47.317330, 1671.25],
          [10.326695, 47.317275, 1670.75],
          [10.326669, 47.317203, 1668.0],
          [10.326682, 47.317152, 1668.25],
          [10.326875, 47.317058, 1672.25],
          [10.326926, 47.317021, 1672.0],
          [10.327020, 47.317001, 1673.25],
          [10.327252, 47.317025, 1680.25],
          [10.327331, 47.316990, 1682.0],
          [10.327370, 47.316986, 1683.5],
          [10.327387, 47.316966, 1683.25],
          [10.327440, 47.316940, 1684.25],
          [10.327548, 47.316939, 1689.25],
          [10.327584, 47.316894, 1689.75],
          [10.327606, 47.316848, 1689.25],
          [10.327623, 47.316834, 1689.75],
          [10.327631, 47.316796, 1688.75],
          [10.327654, 47.316762, 1688.5],
          [10.327701, 47.316731, 1689.0],
          [10.327882, 47.316660, 1693.25],
          [10.327929, 47.316635, 1694.5],
          [10.327979, 47.316629, 1696.25],
          [10.328055, 47.316589, 1697.25],
          [10.328105, 47.316579, 1698.25],
          [10.328142, 47.316582, 1699.5],
          [10.328246, 47.316521, 1700.0],
          [10.328289, 47.316508, 1700.75],
          [10.328349, 47.316473, 1701.5],
          [10.328419, 47.316420, 1702.0],
          [10.328556, 47.316335, 1704.5],
          [10.328587, 47.316330, 1705.5],
          [10.328646, 47.316298, 1706.75],
          [10.328669, 47.316262, 1706.75],
          [10.328685, 47.316251, 1707.0],
          [10.328746, 47.316238, 1709.0],
          [10.328786, 47.316223, 1710.0],
          [10.328812, 47.316185, 1710.0],
          [10.328814, 47.316162, 1709.5],
          [10.328848, 47.316145, 1710.25],
          [10.328886, 47.316139, 1711.5],
          [10.328901, 47.316103, 1711.0],
          [10.329011, 47.316064, 1713.0],
          [10.329055, 47.316044, 1714.0],
          [10.329085, 47.316021, 1714.0],
          [10.329196, 47.315988, 1716.75],
          [10.329256, 47.315978, 1718.25],
          [10.329301, 47.315946, 1718.5],
          [10.329319, 47.315922, 1718.25],
          [10.329393, 47.315886, 1719.25],
          [10.329546, 47.315832, 1721.5],
          [10.329671, 47.315801, 1723.75],
          [10.329696, 47.315781, 1724.0],
          [10.329725, 47.315771, 1724.25],
          [10.329768, 47.315729, 1724.25],
          [10.329797, 47.315714, 1724.5],
          [10.329860, 47.315712, 1725.75],
          [10.329970, 47.315662, 1726.25],
          [10.329999, 47.315660, 1726.5],
          [10.330055, 47.315667, 1728.25],
          [10.330175, 47.315690, 1732.0],
          [10.330276, 47.315667, 1733.75],
          [10.330335, 47.315630, 1733.5],
          [10.330405, 47.315541, 1732.25],
          [10.330450, 47.315526, 1733.0],
          [10.330540, 47.315530, 1735.0],
          [10.330617, 47.315500, 1736.0],
          [10.330698, 47.315479, 1737.0],
          [10.330832, 47.315423, 1738.0],
          [10.330878, 47.315424, 1739.25],
          [10.330914, 47.315411, 1740.0],
          [10.330940, 47.315384, 1740.25],
          [10.330985, 47.315359, 1741.0],
          [10.331033, 47.315316, 1741.75],
          [10.331050, 47.315249, 1741.25],
          [10.331068, 47.315234, 1741.75],
          [10.331109, 47.315216, 1742.75],
          [10.331108, 47.315110, 1740.75],
          [10.331291, 47.315003, 1745.5],
          [10.331322, 47.314970, 1747.75],
          [10.331321, 47.314927, 1749.25],
          [10.331279, 47.314871, 1750.0],
          [10.331208, 47.314832, 1749.0],
          [10.331205, 47.314802, 1750.0],
          [10.331180, 47.314789, 1749.75],
          [10.331185, 47.314740, 1751.75],
          [10.331147, 47.314657, 1752.25],
          [10.331177, 47.314611, 1754.25],
          [10.331247, 47.314552, 1757.75],
          [10.331236, 47.314509, 1758.25],
          [10.331209, 47.314468, 1758.0],
          [10.331220, 47.314426, 1759.25],
          [10.331258, 47.314360, 1761.75],
          [10.331195, 47.314252, 1762.0],
          [10.331194, 47.314227, 1762.75],
          [10.331233, 47.314133, 1765.5],
          [10.331237, 47.314064, 1766.75],
          [10.331206, 47.314013, 1766.75],
          [10.331198, 47.313966, 1767.5],
          [10.331180, 47.313944, 1767.5],
          [10.331184, 47.313885, 1768.5],
          [10.331171, 47.313826, 1769.25],
          [10.331190, 47.313774, 1770.25],
          [10.331173, 47.313739, 1770.5],
          [10.331150, 47.313715, 1770.5],
          [10.331147, 47.313675, 1771.25],
          [10.331132, 47.313660, 1771.25],
          [10.331127, 47.313624, 1771.75],
          [10.331107, 47.313605, 1772.0],
          [10.331110, 47.313564, 1772.25],
          [10.331067, 47.313553, 1772.0],
          [10.331032, 47.313481, 1772.5],
          [10.330992, 47.313457, 1772.5],
          [10.330951, 47.313295, 1774.25],
          [10.330921, 47.313196, 1775.75],
          [10.330897, 47.313135, 1776.75],
          [10.330848, 47.313085, 1777.5],
          [10.330846, 47.313038, 1778.25],
          [10.330742, 47.312949, 1778.0],
          [10.330728, 47.312911, 1778.5],
          [10.330787, 47.312821, 1781.5],
          [10.330800, 47.312778, 1782.5],
          [10.330765, 47.312721, 1783.0],
          [10.330759, 47.312669, 1783.75],
          [10.330741, 47.312618, 1784.5],
          [10.330741, 47.312572, 1785.5],
          [10.330715, 47.312535, 1786.0],
          [10.330672, 47.312531, 1785.5],
          [10.330628, 47.312533, 1785.0],
          [10.330550, 47.312618, 1782.5],
          [10.330487, 47.312639, 1784.25],
          [10.330388, 47.312719, 1786.75],
          [10.330350, 47.312768, 1787.75],
          [10.330311, 47.312797, 1789.0],
          [10.330276, 47.312810, 1790.0],
          [10.330242, 47.312808, 1790.5],
          [10.330137, 47.312749, 1792.75],
          [10.330088, 47.312741, 1793.25],
          [10.330020, 47.312744, 1794.25],
          [10.329951, 47.312726, 1795.25],
          [10.329753, 47.312709, 1797.75],
          [10.329612, 47.312674, 1800.0],
          [10.329574, 47.312644, 1801.25],
          [10.329516, 47.312624, 1802.25],
          [10.329300, 47.312601, 1805.25],
          [10.329200, 47.312559, 1807.25],
          [10.329168, 47.312558, 1807.5],
          [10.329106, 47.312589, 1807.75],
          [10.329060, 47.312628, 1807.5],
          [10.328960, 47.312627, 1808.75],
          [10.328839, 47.312645, 1810.75],
          [10.328778, 47.312671, 1812.25],
          [10.328674, 47.312847, 1814.5],
          [10.328623, 47.312907, 1816.5],
          [10.328589, 47.312934, 1818.0],
          [10.328544, 47.312992, 1819.75],
          [10.328529, 47.313060, 1820.25],
          [10.328429, 47.313306, 1824.75],
          [10.328401, 47.313395, 1826.5],
          [10.328362, 47.313341, 1827.75],
          [10.328143, 47.313132, 1835.5],
          [10.328046, 47.313106, 1838.75],
          [10.327989, 47.313047, 1839.0],
          [10.327939, 47.313022, 1840.0],
          [10.327886, 47.313080, 1840.5],
          [10.327812, 47.313124, 1842.0],
          [10.327768, 47.313066, 1842.25],
          [10.327765, 47.313011, 1842.75],
          [10.327790, 47.312938, 1843.5],
          [10.327792, 47.312832, 1845.0],
          [10.327814, 47.312769, 1845.5],
          [10.327801, 47.312721, 1846.25],
          [10.327821, 47.312617, 1847.5],
          [10.327857, 47.312531, 1848.0],
          [10.327981, 47.312373, 1847.5],
          [10.327974, 47.312289, 1848.25],
          [10.327848, 47.312147, 1851.25],
          [10.327721, 47.311914, 1852.75],
          [10.327708, 47.311812, 1853.5],
          [10.327733, 47.311688, 1853.25],
          [10.327733, 47.311590, 1855.5],
          [10.327759, 47.311549, 1856.0],
          [10.327944, 47.311503, 1854.5],
          [10.328119, 47.311371, 1855.5],
          [10.328256, 47.311252, 1856.75],
          [10.328296, 47.311144, 1858.5],
          [10.328299, 47.311095, 1859.25],
          [10.328211, 47.310865, 1860.5],
          [10.328191, 47.310726, 1861.5],
          [10.328220, 47.310629, 1861.5],
          [10.328328, 47.310452, 1861.5],
          [10.328356, 47.310380, 1862.0],
          [10.328384, 47.310314, 1862.75],
          [10.328449, 47.310231, 1863.25],
          [10.328539, 47.310159, 1863.5],
          [10.328565, 47.310117, 1864.0],
          [10.328578, 47.310023, 1865.5],
          [10.328600, 47.309981, 1866.5],
          [10.328739, 47.309843, 1870.75],
          [10.328781, 47.309768, 1872.25],
          [10.328796, 47.309674, 1874.0],
          [10.328866, 47.309542, 1875.5],
          [10.328894, 47.309340, 1880.0],
          [10.328921, 47.309294, 1881.25],
          [10.329041, 47.309224, 1882.75],
          [10.329109, 47.309164, 1884.25],
          [10.329591, 47.308801, 1896.5],
          [10.330122, 47.308558, 1910.25],
          [10.330464, 47.308522, 1915.75],
          [10.331051, 47.308425, 1927.25],
          [10.331236, 47.308331, 1936.75],
          [10.331381, 47.308245, 1943.75],
          [10.331400, 47.308110, 1949.5],
          [10.331511, 47.308024, 1952.5],
          [10.331678, 47.307914, 1954.5],
          [10.331767, 47.307899, 1955.5],
          [10.331807, 47.307952, 1953.25],
          [10.332134, 47.307854, 1959.0],
          [10.332225, 47.307810, 1959.75],
          [10.332332, 47.307622, 1965.75],
          [10.332510, 47.307538, 1968.25],
          [10.332598, 47.307418, 1968.75],
          [10.332763, 47.307311, 1967.75],
          [10.332996, 47.307217, 1969.0],
          [10.333089, 47.307173, 1970.0],
          [10.333253, 47.307137, 1971.75],
          [10.333377, 47.307152, 1972.0],
          [10.333488, 47.307195, 1970.25],
          [10.333775, 47.307213, 1967.25],
          [10.334050, 47.307049, 1965.25],
          [10.334199, 47.306921, 1958.5],
          [10.334609, 47.306675, 1950.5],
          [10.334737, 47.306643, 1949.75],
          [10.334852, 47.306598, 1952.25],
          [10.334952, 47.306470, 1952.5],
          [10.335194, 47.306541, 1948.25],
          [10.335308, 47.306544, 1945.25],
          [10.335357, 47.306493, 1940.75],
          [10.335342, 47.306431, 1937.5],
          [10.335391, 47.306369, 1933.75],
          [10.335513, 47.306303, 1930.0],
          [10.335660, 47.306212, 1925.25],
          [10.335730, 47.306087, 1922.5],
          [10.335880, 47.305901, 1917.25],
          [10.335981, 47.305807, 1913.75],
          [10.336041, 47.305728, 1912.0],
          [10.336120, 47.305688, 1908.75],
          [10.336167, 47.305607, 1908.25],
          [10.336183, 47.305536, 1908.25],
          [10.336181, 47.305495, 1907.75],
          [10.336192, 47.305465, 1906.75],
          [10.336215, 47.305404, 1905.0],
          [10.336207, 47.305343, 1904.25],
          [10.336211, 47.305295, 1903.25],
          [10.336128, 47.305163, 1900.0],
          [10.336103, 47.305095, 1897.5],
          [10.336024, 47.305006, 1897.75],
          [10.335979, 47.304930, 1898.5],
          [10.335980, 47.304837, 1895.75],
          [10.335992, 47.304742, 1892.25],
          [10.336011, 47.304702, 1890.25],
          [10.336006, 47.304663, 1889.75],
          [10.336040, 47.304620, 1886.75],
          [10.336039, 47.304563, 1885.75],
          [10.336074, 47.304496, 1881.75],
          [10.336081, 47.304456, 1880.5],
          [10.336135, 47.304389, 1875.5],
          [10.336127, 47.304256, 1872.5],
          [10.336159, 47.304221, 1870.75],
          [10.336149, 47.304165, 1869.5],
          [10.336176, 47.304127, 1868.0],
          [10.336179, 47.304107, 1867.5],
          [10.336206, 47.304062, 1865.5],
          [10.336239, 47.303969, 1862.25],
          [10.336224, 47.303916, 1861.5],
          [10.336247, 47.303857, 1859.5],
          [10.336246, 47.303749, 1857.5],
          [10.336277, 47.303698, 1855.25],
          [10.336277, 47.303645, 1854.25],
          [10.336301, 47.303566, 1851.0],
          [10.336338, 47.303551, 1848.75],
          [10.336424, 47.303558, 1845.25],
          [10.336435, 47.303426, 1840.0],
          [10.336403, 47.303389, 1839.75],
          [10.336401, 47.303324, 1837.0],
          [10.336374, 47.303250, 1834.25],
          [10.336382, 47.303181, 1830.0],
          [10.336407, 47.303098, 1824.75],
          [10.336457, 47.303037, 1820.0],
          [10.336518, 47.302994, 1816.0],
          [10.336525, 47.302947, 1813.25],
          [10.336544, 47.302905, 1810.5],
          [10.336528, 47.302872, 1809.25],
          [10.336537, 47.302843, 1807.5],
          [10.336606, 47.302836, 1805.5],
          [10.336632, 47.302796, 1802.75],
          [10.336667, 47.302813, 1802.75],
          [10.336749, 47.302815, 1800.75],
          [10.336838, 47.302795, 1798.0],
          [10.336850, 47.302754, 1796.25],
          [10.336838, 47.302709, 1795.5],
          [10.336854, 47.302631, 1793.25],
          [10.336830, 47.302582, 1793.0],
          [10.336934, 47.302443, 1785.5],
          [10.336835, 47.302023, 1780.0],
          [10.336897, 47.301981, 1777.0],
          [10.337071, 47.302001, 1774.0],
          [10.337190, 47.301942, 1770.5],
          [10.337124, 47.301741, 1766.75],
          [10.337095, 47.301514, 1757.0],
          [10.336879, 47.301279, 1752.5],
          [10.336743, 47.301107, 1745.25],
          [10.336356, 47.300848, 1733.5],
          [10.336061, 47.300837, 1732.0],
          [10.335907, 47.300677, 1720.25],
          [10.335639, 47.300582, 1716.25],
          [10.335350, 47.300300, 1703.25],
          [10.335328, 47.300076, 1698.0],
          [10.335492, 47.299603, 1691.25],
          [10.335583, 47.299427, 1688.25],
          [10.335644, 47.299171, 1685.25],
          [10.335662, 47.298866, 1682.5],
          [10.335595, 47.298745, 1681.75],
          [10.335470, 47.298670, 1681.5],
          [10.335245, 47.298654, 1680.75],
          [10.335153, 47.298617, 1679.5],
          [10.335073, 47.298457, 1675.5],
          [10.335150, 47.298316, 1669.25],
          [10.335125, 47.298220, 1667.5],
          [10.335293, 47.298090, 1660.25],
          [10.335248, 47.297960, 1658.75],
          [10.335418, 47.297613, 1647.0],
          [10.335624, 47.297411, 1637.0],
          [10.335798, 47.297350, 1630.5],
          [10.336042, 47.297196, 1624.0],
          [10.336093, 47.296465, 1603.25],
          [10.336488, 47.295923, 1585.75],
          [10.336617, 47.295352, 1574.5],
          [10.336637, 47.295042, 1569.5],
          [10.336713, 47.294724, 1564.25],
          [10.336663, 47.294581, 1562.0],
          [10.336839, 47.294135, 1554.75],
          [10.336801, 47.293714, 1540.25],
          [10.336803, 47.293210, 1524.0],
          [10.336730, 47.292944, 1516.25],
          [10.336647, 47.292749, 1510.5],
          [10.336695, 47.292618, 1506.0],
          [10.336606, 47.292585, 1506.0],
          [10.336545, 47.292501, 1504.25],
          [10.336462, 47.292430, 1503.25],
          [10.336424, 47.292374, 1502.0],
          [10.336404, 47.292231, 1498.0],
          [10.336383, 47.292158, 1496.5],
          [10.336347, 47.292095, 1496.0],
          [10.336329, 47.292044, 1495.0],
          [10.336331, 47.291925, 1492.0],
          [10.336296, 47.291752, 1487.5],
          [10.336282, 47.291728, 1487.0],
          [10.336232, 47.291687, 1487.0],
          [10.336225, 47.291662, 1486.25],
          [10.336252, 47.291649, 1485.25],
          [10.336302, 47.291651, 1484.25],
          [10.336363, 47.291669, 1483.5],
          [10.336420, 47.291682, 1483.75],
          [10.336369, 47.291433, 1478.0],
          [10.336300, 47.291337, 1475.5],
          [10.336226, 47.291292, 1473.5],
          [10.336169, 47.291232, 1470.5],
          [10.336169, 47.291157, 1467.25],
          [10.335970, 47.291075, 1458.5],
          [10.335510, 47.291094, 1450.25],
          [10.335154, 47.291125, 1443.75],
          [10.334680, 47.291007, 1432.0],
          [10.334436, 47.290887, 1423.0],
          [10.334569, 47.290755, 1413.0],
          [10.334793, 47.290501, 1396.25],
          [10.334907, 47.290320, 1386.5],
          [10.335206, 47.290333, 1390.5],
          [10.335203, 47.290174, 1380.25],
          [10.335388, 47.290077, 1377.25],
          [10.335417, 47.290004, 1373.5],
          [10.335296, 47.289977, 1370.0],
          [10.335106, 47.289954, 1365.75],
          [10.335018, 47.289958, 1364.25],
          [10.335004, 47.289949, 1363.75],
          [10.335206, 47.289764, 1358.25],
          [10.335320, 47.289638, 1354.25],
          [10.335411, 47.289487, 1349.0],
          [10.335714, 47.289264, 1342.75],
          [10.335713, 47.289222, 1341.5],
          [10.335841, 47.289153, 1338.25],
          [10.335767, 47.288995, 1332.5],
          [10.335703, 47.288940, 1330.75],
          [10.335740, 47.288885, 1328.5],
          [10.335741, 47.288846, 1328.25],
          [10.335715, 47.288813, 1328.0],
          [10.335759, 47.288798, 1327.5],
          [10.335877, 47.288760, 1327.5],
          [10.335942, 47.288729, 1328.0],
          [10.335957, 47.288696, 1328.0],
          [10.335965, 47.288559, 1327.5],
          [10.336015, 47.288398, 1327.25],
          [10.336063, 47.288315, 1327.25],
          [10.336273, 47.288078, 1329.0],
          [10.336411, 47.287853, 1327.5],
          [10.336500, 47.287802, 1327.75],
          [10.336576, 47.287790, 1328.25],
          [10.336687, 47.287799, 1329.75],
          [10.336786, 47.287755, 1330.0],
          [10.336824, 47.287703, 1329.25],
          [10.336820, 47.287661, 1328.25],
          [10.336799, 47.287610, 1326.5],
          [10.336828, 47.287573, 1326.25],
          [10.336887, 47.287552, 1327.25],
          [10.337011, 47.287545, 1331.5],
          [10.337095, 47.287504, 1334.5],
          [10.337118, 47.287446, 1334.5],
          [10.337099, 47.287380, 1332.75],
          [10.337056, 47.287321, 1329.5],
          [10.337083, 47.287258, 1330.0],
          [10.337175, 47.287195, 1335.25],
          [10.337204, 47.287119, 1337.75],
          [10.337210, 47.287050, 1338.5],
          [10.337134, 47.286989, 1336.25],
          [10.337016, 47.286938, 1333.25],
          [10.336963, 47.286876, 1332.25],
          [10.336932, 47.286717, 1333.0],
          [10.336875, 47.286566, 1331.5],
          [10.336891, 47.286459, 1330.0],
          [10.336945, 47.286374, 1328.5],
          [10.337223, 47.286292, 1326.0],
          [10.337437, 47.286180, 1324.5],
          [10.337623, 47.285988, 1321.25],
          [10.337887, 47.285604, 1315.0],
          [10.337946, 47.285497, 1312.75],
          [10.337979, 47.285391, 1310.0],
          [10.338076, 47.285287, 1310.25],
          [10.338123, 47.285130, 1307.5],
          [10.338169, 47.285026, 1306.25],
          [10.338231, 47.284982, 1307.25],
          [10.338280, 47.284896, 1306.5],
          [10.338302, 47.284784, 1304.0],
          [10.338316, 47.284559, 1299.5],
          [10.338426, 47.284346, 1300.75],
          [10.338413, 47.284114, 1295.5],
          [10.338394, 47.283953, 1293.0],
          [10.338304, 47.283645, 1288.5],
          [10.338319, 47.283598, 1288.75],
          [10.338389, 47.283587, 1289.25],
          [10.338481, 47.283604, 1289.25],
          [10.338529, 47.283600, 1289.0],
          [10.338607, 47.283562, 1288.75],
          [10.338626, 47.283504, 1289.25],
          [10.338623, 47.283429, 1289.25],
          [10.338568, 47.283340, 1288.0],
          [10.338470, 47.283223, 1286.25],
          [10.338352, 47.282991, 1281.5],
          [10.338378, 47.282874, 1280.75],
          [10.338370, 47.282758, 1278.75],
          [10.338421, 47.282577, 1276.5],
          [10.338350, 47.282418, 1272.75],
          [10.338308, 47.282271, 1271.0],
          [10.338281, 47.282088, 1270.5],
          [10.338100, 47.281894, 1269.75],
          [10.338097, 47.281823, 1269.5],
          [10.338127, 47.281675, 1269.25],
          [10.338129, 47.281509, 1268.0],
          [10.338210, 47.281357, 1267.75],
          [10.338228, 47.281251, 1267.0],
          [10.338300, 47.281054, 1265.5],
          [10.338367, 47.280846, 1264.5],
          [10.338341, 47.280758, 1263.5],
          [10.338350, 47.280653, 1262.75],
          [10.338409, 47.280547, 1263.0],
          [10.338457, 47.280417, 1262.75],
          [10.338566, 47.280320, 1262.5],
          [10.338661, 47.280165, 1261.75],
          [10.338737, 47.279999, 1261.0],
          [10.338948, 47.279860, 1261.0],
          [10.339040, 47.279764, 1261.75],
          [10.339070, 47.279629, 1262.0],
          [10.339164, 47.279516, 1263.5],
          [10.339114, 47.279325, 1265.25],
          [10.339016, 47.279187, 1265.75],
          [10.338918, 47.279126, 1264.0],
          [10.338880, 47.279077, 1263.25],
          [10.338985, 47.278651, 1264.5],
          [10.339034, 47.278527, 1264.5],
          [10.339133, 47.278363, 1265.25],
          [10.339180, 47.278225, 1265.0],
          [10.339196, 47.278134, 1264.5],
          [10.339202, 47.278037, 1263.5],
          [10.339254, 47.277934, 1263.75],
          [10.339269, 47.277843, 1263.25],
          [10.339227, 47.277695, 1261.0],
          [10.339254, 47.277598, 1261.0],
          [10.339257, 47.277522, 1260.25],
          [10.339138, 47.277334, 1259.0],
          [10.338873, 47.277030, 1255.75],
          [10.338815, 47.276933, 1255.75],
          [10.338782, 47.276835, 1255.25],
          [10.338784, 47.276686, 1255.0],
          [10.338804, 47.276520, 1256.0],
          [10.338765, 47.276387, 1255.75],
          [10.338753, 47.276291, 1255.0],
          [10.338774, 47.276152, 1254.75],
          [10.338829, 47.276044, 1255.25],
          [10.338811, 47.275524, 1251.5],
          [10.338851, 47.275384, 1251.75],
          [10.338857, 47.275258, 1251.0],
          [10.338797, 47.275103, 1249.5],
          [10.338787, 47.275016, 1249.25],
          [10.338917, 47.274717, 1246.25],
          [10.338984, 47.274627, 1246.25],
          [10.338959, 47.274539, 1245.0],
          [10.338901, 47.274457, 1243.25],
          [10.338983, 47.274145, 1237.75],
          [10.339077, 47.273974, 1234.75],
          [10.339168, 47.273719, 1232.75],
          [10.339317, 47.273458, 1232.0],
          [10.339356, 47.273355, 1232.25],
          [10.339438, 47.273219, 1234.5],
          [10.339543, 47.272775, 1242.75],
          [10.339554, 47.272677, 1244.0],
          [10.339528, 47.272590, 1243.75],
          [10.339591, 47.272352, 1247.5],
          [10.339651, 47.272212, 1250.5],
          [10.339684, 47.272009, 1252.25],
          [10.339728, 47.271870, 1253.5],
          [10.339805, 47.271766, 1258.0],
          [10.339809, 47.271628, 1257.0],
          [10.339886, 47.271480, 1259.5],
          [10.340162, 47.271270, 1265.25],
          [10.340453, 47.271134, 1269.0],
          [10.340838, 47.270684, 1271.25],
          [10.341033, 47.270493, 1275.75],
          [10.341417, 47.269836, 1282.0],
          [10.341546, 47.269781, 1289.25],
          [10.341552, 47.269653, 1291.75],
          [10.341455, 47.269572, 1288.25],
          [10.341400, 47.269297, 1294.75],
          [10.341301, 47.269201, 1284.25],
          [10.341245, 47.269037, 1285.75],
          [10.341260, 47.268864, 1298.0],
          [10.341215, 47.268589, 1299.5],
          [10.341213, 47.268434, 1299.5],
          [10.341238, 47.268280, 1299.75],
          [10.341307, 47.268139, 1300.25],
          [10.341438, 47.267960, 1300.0],
          [10.341603, 47.267852, 1301.25],
          [10.341831, 47.267636, 1297.75],
          [10.341945, 47.267413, 1291.5],
          [10.341979, 47.267229, 1287.0],
          [10.341964, 47.267038, 1284.25],
          [10.341874, 47.266897, 1279.75],
          [10.341878, 47.266745, 1277.5],
          [10.341903, 47.266705, 1277.5],
          [10.341976, 47.266654, 1277.5],
          [10.342084, 47.266598, 1275.5],
          [10.342271, 47.266535, 1273.75],
          [10.342448, 47.266449, 1271.5],
          [10.342568, 47.266361, 1269.25],
          [10.342710, 47.266285, 1267.0],
          [10.343049, 47.266135, 1262.0],
          [10.343254, 47.266075, 1259.75],
          [10.343485, 47.266027, 1257.25],
          [10.343733, 47.265997, 1254.25],
          [10.343927, 47.265986, 1252.5],
          [10.344149, 47.265948, 1250.0],
          [10.344317, 47.265937, 1248.5],
          [10.344459, 47.265913, 1246.5],
          [10.344625, 47.265876, 1244.25],
          [10.344755, 47.265831, 1242.0],
          [10.344789, 47.265779, 1241.5],
          [10.344961, 47.265663, 1239.75],
          [10.345129, 47.265587, 1238.0],
          [10.345191, 47.265601, 1238.0],
          [10.345333, 47.265541, 1236.75],
          [10.345473, 47.265465, 1236.0],
          [10.345522, 47.265455, 1235.75],
          [10.345823, 47.265500, 1234.25],
          [10.346057, 47.265542, 1233.75],
          [10.346807, 47.265581, 1233.5],
          [10.347002, 47.265583, 1233.0],
          [10.347097, 47.265594, 1232.25],
          [10.347171, 47.265621, 1232.5],
          [10.347298, 47.265683, 1233.25],
          [10.347509, 47.265743, 1233.25],
          [10.347553, 47.265763, 1233.5],
          [10.347711, 47.265813, 1233.75],
          [10.347827, 47.265834, 1233.5],
          [10.347943, 47.265869, 1234.0],
          [10.348197, 47.265922, 1233.75],
          [10.348244, 47.265943, 1234.0],
          [10.348392, 47.265977, 1233.5],
          [10.348601, 47.266045, 1232.5],
          [10.348707, 47.266099, 1232.75],
          [10.348843, 47.266189, 1234.0],
          [10.348975, 47.266266, 1234.0],
          [10.349117, 47.266317, 1232.25],
          [10.349288, 47.266439, 1232.25],
          [10.349332, 47.266455, 1232.0],
          [10.349478, 47.266499, 1231.0],
          [10.349570, 47.266547, 1231.75],
          [10.349695, 47.266581, 1231.25],
          [10.349750, 47.266587, 1230.75],
          [10.349859, 47.266636, 1231.5],
          [10.349918, 47.266674, 1232.25],
          [10.349959, 47.266718, 1233.5],
          [10.350008, 47.266754, 1234.25],
          [10.350268, 47.266883, 1233.75],
          [10.350536, 47.267030, 1235.25],
          [10.350769, 47.267130, 1234.75],
          [10.351007, 47.267200, 1232.5],
          [10.351065, 47.267231, 1232.5],
          [10.351162, 47.267263, 1232.75],
          [10.351503, 47.267264, 1230.25],
          [10.351971, 47.267302, 1228.25],
          [10.352103, 47.267318, 1229.0],
          [10.352151, 47.267278, 1227.25],
          [10.352384, 47.267281, 1225.75],
          [10.352511, 47.267309, 1225.5],
          [10.352795, 47.267253, 1223.0],
          [10.353207, 47.267304, 1221.25],
          [10.353436, 47.267300, 1218.75],
          [10.353780, 47.267357, 1216.5],
          [10.353963, 47.267373, 1215.5],
          [10.354267, 47.267298, 1211.75],
          [10.354587, 47.267285, 1210.25],
          [10.354994, 47.267203, 1206.0],
          [10.355248, 47.267172, 1203.25],
          [10.355540, 47.267173, 1203.0],
          [10.355740, 47.267077, 1199.5],
          [10.356198, 47.266993, 1198.0],
          [10.356614, 47.266996, 1198.25],
          [10.356645, 47.266964, 1196.25],
          [10.356759, 47.266942, 1195.0],
          [10.356890, 47.266961, 1196.5],
          [10.356968, 47.267034, 1199.25],
          [10.357065, 47.267189, 1202.5],
          [10.357214, 47.267248, 1199.25],
          [10.357401, 47.267243, 1200.0],
          [10.357484, 47.267217, 1199.5],
          [10.357667, 47.267065, 1202.75],
          [10.357970, 47.266707, 1205.75],
          [10.358144, 47.266592, 1207.25],
          [10.358320, 47.266510, 1208.25],
          [10.358529, 47.266456, 1210.25],
          [10.358908, 47.266534, 1215.25],
          [10.359037, 47.266544, 1217.0],
          [10.359581, 47.266544, 1224.25],
          [10.360148, 47.266464, 1225.5],
          [10.360703, 47.266487, 1228.75],
          [10.360857, 47.266478, 1229.25],
          [10.361089, 47.266344, 1230.25],
          [10.361166, 47.266128, 1227.25],
          [10.361274, 47.266024, 1225.0],
          [10.361414, 47.265865, 1220.75],
          [10.361539, 47.265705, 1216.0],
          [10.362124, 47.265409, 1209.25],
          [10.362258, 47.265350, 1207.5],
          [10.362316, 47.265350, 1208.0],
          [10.362339, 47.265328, 1207.0],
          [10.362476, 47.265269, 1205.0],
          [10.362505, 47.265243, 1203.25],
          [10.362686, 47.265173, 1202.0],
          [10.362782, 47.265152, 1202.75],
          [10.362863, 47.265120, 1203.25],
          [10.362914, 47.265110, 1204.25],
          [10.362946, 47.265092, 1204.0],
          [10.363124, 47.265043, 1206.0],
          [10.363252, 47.265031, 1208.0],
          [10.363309, 47.265017, 1208.5],
          [10.363383, 47.264976, 1207.25],
          [10.363436, 47.264937, 1205.75],
          [10.363549, 47.264906, 1205.5],
          [10.363676, 47.264891, 1206.75],
          [10.363961, 47.264821, 1206.5],
          [10.364180, 47.264747, 1204.25],
          [10.364288, 47.264740, 1204.5],
          [10.364343, 47.264752, 1206.0],
          [10.364436, 47.264710, 1203.25],
          [10.364448, 47.264617, 1199.5],
          [10.364585, 47.264545, 1202.5],
          [10.364603, 47.264452, 1199.5],
          [10.364816, 47.264281, 1197.5],
          [10.365083, 47.264029, 1189.0],
          [10.365342, 47.263946, 1188.5],
          [10.365435, 47.263877, 1185.0],
          [10.365645, 47.263853, 1188.25],
          [10.365681, 47.263807, 1187.0],
          [10.365687, 47.263746, 1184.25],
          [10.365681, 47.263650, 1179.25],
          [10.366057, 47.263354, 1174.25],
          [10.366272, 47.263154, 1171.75],
          [10.366449, 47.262971, 1167.5],
          [10.366598, 47.262942, 1172.0],
          [10.366647, 47.262854, 1166.25],
          [10.366739, 47.262846, 1170.5],
          [10.366806, 47.262820, 1172.5],
          [10.366758, 47.262679, 1161.0],
          [10.367113, 47.262530, 1167.75],
          [10.367562, 47.262242, 1161.5],
          [10.367805, 47.262058, 1159.25],
          [10.368070, 47.261958, 1158.5],
          [10.368353, 47.261896, 1155.5],
          [10.368467, 47.261907, 1157.25],
          [10.369896, 47.261907, 1173.0],
          [10.370384, 47.261858, 1177.75],
          [10.370804, 47.261862, 1183.25],
          [10.370910, 47.261821, 1180.75],
          [10.370999, 47.261817, 1180.75],
          [10.371312, 47.261760, 1178.75],
          [10.371657, 47.261632, 1176.75],
          [10.371843, 47.261580, 1177.0],
          [10.372023, 47.261556, 1177.75],
          [10.372261, 47.261487, 1175.5],
          [10.372706, 47.261586, 1173.5],
          [10.373020, 47.261675, 1171.75],
          [10.373181, 47.261754, 1169.25],
          [10.373309, 47.261916, 1171.25],
          [10.373581, 47.262080, 1168.25],
          [10.373825, 47.262167, 1162.25],
          [10.374035, 47.262123, 1155.0],
          [10.374106, 47.262028, 1151.0],
          [10.374271, 47.262097, 1147.75],
          [10.374224, 47.261976, 1146.25],
          [10.374238, 47.261871, 1140.5],
          [10.374362, 47.261862, 1136.0],
          [10.374432, 47.261944, 1140.25],
          [10.374593, 47.262013, 1136.5],
          [10.374567, 47.261902, 1131.5],
          [10.374790, 47.261939, 1122.75],
          [10.374883, 47.262010, 1116.0],
          [10.374923, 47.262181, 1116.5],
          [10.374890, 47.262438, 1116.75],
          [10.374947, 47.262616, 1118.75],
          [10.375160, 47.262701, 1114.5],
          [10.375507, 47.262899, 1116.25],
          [10.375779, 47.262980, 1113.75],
          [10.375942, 47.263054, 1113.75],
          [10.376130, 47.263112, 1112.0],
          [10.376388, 47.263245, 1113.25],
          [10.376630, 47.263249, 1107.75],
          [10.376825, 47.263296, 1106.75],
          [10.377211, 47.263360, 1103.0],
          [10.377294, 47.263413, 1104.25],
          [10.377530, 47.263445, 1100.75],
          [10.377590, 47.263405, 1097.25],
          [10.377652, 47.263389, 1095.75],
          [10.377702, 47.263334, 1091.25],
          [10.377874, 47.263315, 1086.0],
          [10.378276, 47.263388, 1076.75],
          [10.378173, 47.263331, 1076.5],
          [10.378179, 47.263322, 1076.0],
          [10.378211, 47.263330, 1075.25],
          [10.378216, 47.263320, 1074.5],
          [10.378152, 47.263258, 1074.0],
          [10.378139, 47.263201, 1071.75],
          [10.378301, 47.262943, 1066.5],
          [10.378374, 47.262846, 1067.75],
          [10.378554, 47.262982, 1067.0],
          [10.378644, 47.263025, 1067.0],
          [10.378703, 47.263036, 1067.25],
          [10.378766, 47.263026, 1067.5],
          [10.378808, 47.263007, 1067.75],
          [10.378849, 47.262960, 1067.75],
          [10.379078, 47.262560, 1067.75],
          [10.379283, 47.262091, 1068.0],
          [10.379688, 47.262225, 1068.0],
          [10.379982, 47.262326, 1068.0],
          [10.382062, 47.263046, 1066.0],
          [10.384006, 47.263699, 1066.0],
          [10.385501, 47.264026, 1064.5],
          [10.386956, 47.264220, 1063.75],
          [10.388671, 47.264385, 1063.0],
          [10.390046, 47.264466, 1062.0],
          [10.391558, 47.264527, 1062.0],
          [10.392991, 47.264667, 1061.0],
          [10.394031, 47.264862, 1060.25],
          [10.394771, 47.265037, 1060.0],
          [10.395562, 47.265304, 1060.0],
          [10.396510, 47.265673, 1059.0],
          [10.397513, 47.266094, 1059.0],
          [10.398482, 47.264738, 1061.25],
          [10.398544, 47.264666, 1061.75],
          [10.398629, 47.264568, 1062.5],
          [10.398975, 47.264116, 1064.0],
          [10.399224, 47.263781, 1065.0],
          [10.399388, 47.263485, 1065.5],
          [10.399747, 47.263537, 1066.5],
          [10.400641, 47.263680, 1069.0],
          [10.401663, 47.263850, 1069.25],
          [10.401883, 47.263896, 1069.75],
          [10.402159, 47.263943, 1070.0],
          [10.402584, 47.263986, 1071.0],
          [10.403688, 47.264085, 1073.25],
          [10.404110, 47.264121, 1073.75],
          [10.404602, 47.264160, 1073.25],
          [10.404853, 47.263754, 1074.5],
          [10.404889, 47.263714, 1074.5],
          [10.405068, 47.263578, 1073.75],
          [10.405303, 47.263380, 1073.25],
          [10.405468, 47.263046, 1077.0],
          [10.405486, 47.262949, 1080.0],
          [10.405487, 47.262921, 1080.75],
          [10.405479, 47.262893, 1081.5],
          [10.405463, 47.262875, 1082.0],
          [10.405430, 47.262844, 1082.75],
          [10.405378, 47.262813, 1083.25],
          [10.405253, 47.262727, 1086.25],
          [10.405117, 47.262636, 1090.5],
          [10.405257, 47.262611, 1094.5],
          [10.405489, 47.262648, 1096.0],
          [10.405607, 47.262617, 1100.5],
          [10.405715, 47.262608, 1103.0],
          [10.405783, 47.262588, 1105.75],
          [10.405606, 47.262551, 1106.25],
          [10.405589, 47.262513, 1109.25],
          [10.405568, 47.262485, 1111.25],
          [10.405236, 47.262280, 1118.75],
          [10.405516, 47.262303, 1123.75],
          [10.405746, 47.262330, 1124.25],
          [10.406035, 47.262229, 1131.5],
          [10.406102, 47.262173, 1134.25],
          [10.406157, 47.262179, 1133.25],
          [10.406195, 47.262158, 1133.75],
          [10.406195, 47.262119, 1136.0],
          [10.406176, 47.262026, 1141.75],
          [10.406359, 47.262086, 1136.75],
          [10.406399, 47.262042, 1140.0],
          [10.406340, 47.262020, 1142.25],
          [10.406283, 47.261970, 1145.75],
          [10.406047, 47.261879, 1148.75],
          [10.405770, 47.261790, 1151.25],
          [10.405606, 47.261752, 1152.5],
          [10.405478, 47.261650, 1157.0],
          [10.405417, 47.261554, 1158.75],
          [10.405626, 47.261512, 1160.75],
          [10.405717, 47.261482, 1161.25],
          [10.405739, 47.261473, 1161.5],
          [10.405794, 47.261455, 1161.5],
          [10.405838, 47.261429, 1161.5],
          [10.405856, 47.261381, 1162.0],
          [10.405858, 47.261293, 1162.5],
          [10.405848, 47.261158, 1163.5],
          [10.405798, 47.260934, 1164.75],
          [10.405746, 47.260670, 1166.5],
          [10.405633, 47.260443, 1168.75],
          [10.405405, 47.260106, 1172.0],
          [10.405368, 47.259988, 1172.75],
          [10.405448, 47.259830, 1175.0],
          [10.405590, 47.259706, 1175.75],
          [10.405711, 47.259515, 1177.75],
          [10.405730, 47.259402, 1179.0],
          [10.405644, 47.259209, 1181.5],
          [10.405567, 47.259106, 1183.25],
          [10.405563, 47.259015, 1184.25],
          [10.405581, 47.258867, 1185.0],
          [10.405526, 47.258764, 1186.5],
          [10.405418, 47.258663, 1189.5],
          [10.405381, 47.258570, 1191.75],
          [10.405426, 47.258464, 1194.0],
          [10.405544, 47.258386, 1194.0],
          [10.405767, 47.258313, 1195.25],
          [10.405956, 47.258273, 1198.5],
          [10.406089, 47.258301, 1197.5],
          [10.406256, 47.258293, 1194.0],
          [10.406456, 47.258205, 1194.0],
          [10.406826, 47.258002, 1197.0],
          [10.407401, 47.257494, 1201.25],
          [10.407830, 47.257045, 1204.0],
          [10.407912, 47.256877, 1204.5],
          [10.407978, 47.256650, 1206.75],
          [10.408038, 47.256331, 1208.0],
          [10.408079, 47.256203, 1208.0],
          [10.408116, 47.255937, 1209.25],
          [10.408136, 47.255679, 1210.75],
          [10.408147, 47.255626, 1211.0],
          [10.408162, 47.255544, 1211.25],
          [10.408393, 47.255080, 1212.25],
          [10.408377, 47.254985, 1213.75],
          [10.408344, 47.254948, 1214.75],
          [10.408322, 47.254903, 1215.5],
          [10.408324, 47.254851, 1215.75],
          [10.408375, 47.254783, 1214.75],
          [10.408477, 47.254726, 1213.25],
          [10.408673, 47.254651, 1211.75],
          [10.408783, 47.254566, 1211.5],
          [10.408901, 47.254454, 1211.25],
          [10.409068, 47.254267, 1211.5],
          [10.409399, 47.253820, 1211.5],
          [10.409441, 47.253689, 1210.75],
          [10.409450, 47.253427, 1210.0],
          [10.409424, 47.253353, 1211.0],
          [10.409392, 47.253295, 1214.0],
          [10.409409, 47.253270, 1214.5],
          [10.409548, 47.253224, 1211.5],
          [10.409664, 47.253189, 1209.25],
          [10.410065, 47.253054, 1209.75],
          [10.410122, 47.253009, 1209.0],
          [10.410093, 47.252823, 1210.5],
          [10.410120, 47.252771, 1210.5],
          [10.410222, 47.252716, 1210.75],
          [10.410374, 47.252688, 1208.75],
          [10.410484, 47.252643, 1208.0],
          [10.410610, 47.252463, 1208.5],
          [10.410720, 47.252341, 1208.5],
          [10.410861, 47.252252, 1209.0],
          [10.411328, 47.251893, 1207.25],
          [10.411377, 47.251798, 1205.75],
          [10.411362, 47.251713, 1206.0],
          [10.411236, 47.251615, 1211.0],
          [10.411188, 47.251562, 1212.25],
          [10.411169, 47.251498, 1211.75],
          [10.411202, 47.251461, 1210.75],
          [10.411233, 47.251428, 1209.75],
          [10.411327, 47.251398, 1208.5],
          [10.411401, 47.251386, 1207.75],
          [10.411516, 47.251386, 1206.5],
          [10.411586, 47.251360, 1206.5],
          [10.411831, 47.251196, 1205.75],
          [10.412433, 47.250743, 1204.5],
          [10.412572, 47.250656, 1203.75],
          [10.412698, 47.250543, 1205.75],
          [10.412792, 47.250477, 1208.0],
          [10.412894, 47.250456, 1207.25],
          [10.412950, 47.250472, 1204.25],
          [10.413028, 47.250479, 1201.25],
          [10.413143, 47.250454, 1198.0],
          [10.413460, 47.250283, 1201.75],
          [10.413703, 47.250123, 1195.0],
          [10.413817, 47.249975, 1203.25],
          [10.413879, 47.249745, 1202.25],
          [10.413929, 47.249482, 1202.25],
          [10.414058, 47.249211, 1202.0],
          [10.414159, 47.249101, 1201.5],
          [10.414398, 47.248979, 1200.75],
          [10.414675, 47.248876, 1199.0],
          [10.414786, 47.248761, 1197.75],
          [10.414830, 47.248217, 1200.5],
          [10.415232, 47.247887, 1198.5],
          [10.415570, 47.247720, 1193.0],
          [10.415823, 47.247288, 1192.25],
          [10.415858, 47.247044, 1188.75],
          [10.415728, 47.246869, 1194.75],
          [10.415807, 47.246664, 1192.25],
          [10.415791, 47.246526, 1195.0],
          [10.416011, 47.246432, 1190.0],
          [10.416132, 47.246311, 1188.25],
          [10.416213, 47.245841, 1188.25],
          [10.416331, 47.245761, 1186.75],
          [10.416736, 47.245749, 1179.75],
          [10.416887, 47.245687, 1180.5],
          [10.416948, 47.245516, 1183.75],
          [10.416960, 47.245310, 1184.0],
          [10.417336, 47.245057, 1179.25],
          [10.417924, 47.244676, 1178.25],
          [10.417962, 47.244566, 1176.5],
          [10.417900, 47.244481, 1177.75],
          [10.417786, 47.244394, 1176.5],
          [10.417293, 47.244129, 1179.75],
          [10.417277, 47.244088, 1177.5],
          [10.417291, 47.244058, 1174.75],
          [10.417473, 47.243854, 1167.0],
          [10.417533, 47.243817, 1172.75],
          [10.417612, 47.243812, 1175.75],
          [10.417822, 47.243851, 1178.75],
          [10.417892, 47.243866, 1178.0],
          [10.417998, 47.243857, 1179.0],
          [10.418172, 47.243812, 1181.0],
          [10.418367, 47.243778, 1182.5],
          [10.418680, 47.243773, 1183.0],
          [10.418841, 47.243790, 1183.25],
          [10.419012, 47.243834, 1181.25],
          [10.419127, 47.243832, 1181.5],
          [10.419418, 47.243678, 1181.25],
          [10.419511, 47.243588, 1185.0],
          [10.419600, 47.243315, 1187.75],
          [10.419711, 47.243037, 1190.5],
          [10.419741, 47.242774, 1194.0],
          [10.419825, 47.242574, 1198.25],
          [10.419984, 47.242468, 1199.25],
          [10.420120, 47.242468, 1199.5],
          [10.420261, 47.242501, 1198.75],
          [10.420406, 47.242543, 1197.0],
          [10.420503, 47.242544, 1197.5],
          [10.420627, 47.242489, 1200.5],
          [10.420708, 47.242414, 1201.5],
          [10.420827, 47.242272, 1203.0],
          [10.420926, 47.242197, 1203.75],
          [10.421087, 47.242111, 1205.0],
          [10.421386, 47.242010, 1207.0],
          [10.421620, 47.242009, 1207.5],
          [10.421808, 47.241992, 1207.25],
          [10.422150, 47.241864, 1208.5],
          [10.422680, 47.241785, 1208.75],
          [10.423509, 47.241551, 1209.5],
          [10.423772, 47.241395, 1209.75],
          [10.425011, 47.240874, 1213.75],
          [10.425526, 47.240631, 1215.5],
          [10.425714, 47.240599, 1215.25],
          [10.425889, 47.240521, 1216.5],
          [10.426239, 47.240325, 1219.25],
          [10.426932, 47.240167, 1218.75],
          [10.427833, 47.239890, 1219.0],
          [10.428345, 47.239641, 1221.5],
          [10.428849, 47.239469, 1223.0],
          [10.429421, 47.239373, 1223.0],
          [10.430981, 47.238893, 1228.0],
          [10.431457, 47.238810, 1228.0],
          [10.432180, 47.238647, 1228.75],
          [10.432608, 47.238467, 1229.25],
          [10.432779, 47.238369, 1230.25],
          [10.432958, 47.238180, 1232.75],
          [10.433619, 47.237767, 1233.0],
          [10.434005, 47.237460, 1238.25],
          [10.434694, 47.237296, 1234.5],
          [10.435098, 47.237070, 1236.5],
          [10.435431, 47.236817, 1242.0],
          [10.435689, 47.236783, 1237.5],
          [10.435903, 47.236691, 1241.25],
          [10.436187, 47.236710, 1240.25],
          [10.436675, 47.236576, 1242.5],
          [10.437130, 47.236516, 1241.5],
          [10.437374, 47.236395, 1242.5],
          [10.438433, 47.235906, 1246.5],
          [10.438926, 47.235791, 1247.0],
          [10.440280, 47.235802, 1248.0],
          [10.440739, 47.235805, 1249.25],
          [10.441949, 47.235992, 1247.75],
          [10.442467, 47.236061, 1245.5],
          [10.442604, 47.236056, 1245.5],
          [10.442873, 47.235854, 1247.25],
          [10.443182, 47.235689, 1245.75],
          [10.443353, 47.235589, 1247.5],
          [10.443381, 47.235508, 1248.0],
          [10.443292, 47.235357, 1249.25],
          [10.443321, 47.235039, 1250.25],
          [10.443421, 47.234877, 1259.25],
          [10.443619, 47.234698, 1249.5],
          [10.443778, 47.234598, 1252.0],
          [10.443886, 47.234589, 1252.5],
          [10.444006, 47.234631, 1257.25],
          [10.444077, 47.234709, 1256.25],
          [10.444102, 47.234793, 1257.0],
          [10.444089, 47.234904, 1255.75],
          [10.444113, 47.235102, 1254.25],
          [10.444158, 47.235177, 1254.0],
          [10.444209, 47.235166, 1256.75],
          [10.444507, 47.235271, 1258.75],
          [10.444770, 47.235331, 1259.75],
          [10.444873, 47.235316, 1259.75],
          [10.445157, 47.235075, 1266.25],
          [10.445434, 47.234950, 1266.5],
          [10.445673, 47.234743, 1270.25],
          [10.445772, 47.234519, 1273.5],
          [10.445827, 47.234199, 1277.5],
          [10.445789, 47.234090, 1279.0],
          [10.445745, 47.233940, 1280.0],
          [10.445834, 47.233655, 1283.0],
          [10.445848, 47.233580, 1284.0],
          [10.445835, 47.233507, 1285.75],
          [10.445872, 47.233439, 1286.0],
          [10.445997, 47.233283, 1285.75],
          [10.446080, 47.233146, 1287.25],
          [10.447038, 47.232747, 1264.0],
          [10.447593, 47.232032, 1277.0],
          [10.449084, 47.231434, 1292.75],
          [10.449580, 47.231310, 1293.5],
          [10.450361, 47.231055, 1293.25],
          [10.451243, 47.230978, 1290.75],
          [10.452205, 47.230721, 1293.25],
          [10.452358, 47.230644, 1292.25],
          [10.452479, 47.230489, 1295.5],
          [10.452504, 47.230426, 1297.0],
          [10.452562, 47.230340, 1299.25],
          [10.452624, 47.230306, 1300.25],
          [10.452679, 47.230286, 1300.75],
          [10.452729, 47.230287, 1300.5],
          [10.452868, 47.230344, 1296.0],
          [10.452973, 47.230328, 1295.5],
          [10.453055, 47.230251, 1298.75],
          [10.453912, 47.229944, 1293.75],
          [10.454003, 47.229855, 1293.25],
          [10.454108, 47.229634, 1294.5],
          [10.454253, 47.229494, 1294.25],
          [10.454620, 47.229377, 1293.5],
          [10.454595, 47.229214, 1305.0],
          [10.454700, 47.229070, 1312.25],
          [10.455164, 47.228870, 1315.0],
          [10.455829, 47.228602, 1315.25],
          [10.456349, 47.228256, 1319.25],
          [10.456819, 47.228034, 1318.75],
          [10.456982, 47.228030, 1317.0],
          [10.457312, 47.227903, 1316.25],
          [10.457398, 47.227903, 1315.5],
          [10.457403, 47.227842, 1316.75],
          [10.457543, 47.227726, 1318.0],
          [10.457645, 47.227629, 1319.75],
          [10.458507, 47.226541, 1322.0],
          [10.458720, 47.226348, 1323.5],
          [10.458798, 47.226276, 1324.75],
          [10.458973, 47.226082, 1326.5],
          [10.459106, 47.225884, 1328.25],
          [10.459322, 47.225596, 1331.0],
          [10.459602, 47.225391, 1331.25],
          [10.459828, 47.225261, 1332.75],
          [10.459871, 47.225237, 1333.0],
          [10.459989, 47.225131, 1334.25],
          [10.460151, 47.224909, 1338.25],
          [10.460363, 47.224667, 1337.75],
          [10.460496, 47.224463, 1339.5],
          [10.460488, 47.224283, 1339.75],
          [10.460394, 47.224206, 1341.75],
          [10.460263, 47.224194, 1345.0],
          [10.460002, 47.224264, 1347.5],
          [10.459699, 47.224375, 1349.5],
          [10.459489, 47.224477, 1351.5],
          [10.459367, 47.224595, 1352.0],
          [10.459298, 47.224617, 1353.5],
          [10.459263, 47.224578, 1355.0],
          [10.459284, 47.224524, 1355.5],
          [10.459433, 47.224388, 1354.5],
          [10.459604, 47.223981, 1359.75],
          [10.459713, 47.223427, 1368.0],
          [10.459875, 47.223037, 1375.5],
          [10.460040, 47.222918, 1377.25],
          [10.460293, 47.222818, 1375.5],
          [10.460662, 47.222209, 1381.25],
          [10.460523, 47.221833, 1388.25],
          [10.460413, 47.221655, 1392.5],
          [10.460416, 47.221569, 1394.75],
          [10.460559, 47.221185, 1398.0],
          [10.460842, 47.220829, 1403.25],
          [10.460903, 47.220810, 1405.5],
          [10.460957, 47.220812, 1406.25],
          [10.461151, 47.220983, 1401.0],
          [10.461287, 47.221009, 1401.5],
          [10.461514, 47.220979, 1403.0],
          [10.461800, 47.220868, 1403.25],
          [10.461881, 47.220808, 1404.25],
          [10.461945, 47.220735, 1404.5],
          [10.461974, 47.220653, 1404.75],
          [10.462007, 47.220369, 1408.25],
          [10.462074, 47.220270, 1407.25],
          [10.462299, 47.220083, 1408.5],
          [10.462604, 47.219992, 1406.0],
          [10.462709, 47.219968, 1404.25],
          [10.462758, 47.219931, 1403.5],
          [10.462771, 47.219875, 1403.5],
          [10.462553, 47.219452, 1406.0],
          [10.462575, 47.219277, 1406.0],
          [10.462694, 47.219104, 1404.0],
          [10.462682, 47.218953, 1405.25],
          [10.462465, 47.218507, 1405.75],
          [10.462256, 47.217986, 1405.0],
          [10.462051, 47.217649, 1407.0],
          [10.462025, 47.217510, 1407.25],
          [10.462073, 47.217369, 1409.0],
          [10.462344, 47.217098, 1409.0],
          [10.462709, 47.216558, 1409.5],
          [10.462739, 47.216330, 1410.5],
          [10.462694, 47.216093, 1410.75],
          [10.462589, 47.215794, 1412.25],
          [10.462538, 47.215503, 1413.0],
          [10.462449, 47.215321, 1413.75],
          [10.462259, 47.215045, 1414.5],
          [10.462106, 47.214737, 1417.0],
          [10.462076, 47.214490, 1416.75],
          [10.462102, 47.214211, 1418.5],
          [10.462127, 47.214051, 1419.25],
          [10.462184, 47.213899, 1418.75],
          [10.462307, 47.213701, 1419.0],
          [10.462347, 47.213597, 1419.5],
          [10.462384, 47.213265, 1420.5],
          [10.462449, 47.212859, 1422.5],
          [10.462458, 47.212451, 1424.25],
          [10.462609, 47.211985, 1427.0],
          [10.462832, 47.211621, 1428.25],
          [10.462839, 47.211243, 1430.25],
          [10.462861, 47.211037, 1431.0],
          [10.462932, 47.210865, 1431.75],
          [10.463036, 47.210747, 1433.5],
          [10.463290, 47.210592, 1434.0],
          [10.463357, 47.210491, 1434.5],
          [10.463419, 47.210397, 1435.0],
          [10.463453, 47.210322, 1435.25],
          [10.463495, 47.210329, 1434.75],
          [10.463964, 47.210296, 1436.25],
          [10.464099, 47.210209, 1438.75],
          [10.464177, 47.210141, 1440.0],
          [10.464190, 47.210114, 1440.25],
          [10.464350, 47.210125, 1443.75],
          [10.464423, 47.210090, 1445.75],
          [10.464651, 47.210094, 1448.25],
          [10.464903, 47.210061, 1450.25],
          [10.465009, 47.210017, 1451.0],
          [10.465058, 47.210033, 1451.25],
          [10.465189, 47.210010, 1452.25],
          [10.465255, 47.210033, 1452.75],
          [10.465528, 47.209939, 1455.75],
          [10.465633, 47.209933, 1458.5],
          [10.465688, 47.210094, 1461.0],
          [10.465756, 47.210173, 1462.5],
          [10.465935, 47.210234, 1466.0],
          [10.466036, 47.210307, 1467.5],
          [10.466189, 47.210278, 1471.75],
          [10.466213, 47.210139, 1474.25],
          [10.466249, 47.210113, 1476.0],
          [10.466381, 47.210206, 1479.25],
          [10.466424, 47.210304, 1479.75],
          [10.466469, 47.210333, 1481.0],
          [10.466525, 47.210313, 1483.5],
          [10.466608, 47.210234, 1488.0],
          [10.466674, 47.210158, 1491.5],
          [10.466656, 47.210112, 1491.25],
          [10.466695, 47.210109, 1492.75],
          [10.466776, 47.210181, 1495.25],
          [10.466878, 47.210199, 1499.0],
          [10.467119, 47.210410, 1506.75],
          [10.467214, 47.210483, 1510.25],
          [10.467264, 47.210488, 1512.25],
          [10.467271, 47.210510, 1512.25],
          [10.467297, 47.210515, 1513.25],
          [10.467375, 47.210397, 1518.25],
          [10.467470, 47.210128, 1526.75],
          [10.467527, 47.209865, 1532.75],
          [10.467651, 47.209701, 1541.0],
          [10.468055, 47.209983, 1558.25],
          [10.468054, 47.210068, 1556.0],
          [10.468236, 47.210165, 1562.75],
          [10.468339, 47.210235, 1566.25],
          [10.468427, 47.210322, 1569.25],
          [10.468467, 47.210312, 1571.25],
          [10.468453, 47.210253, 1571.5],
          [10.468472, 47.210222, 1573.5],
          [10.468472, 47.210196, 1574.25],
          [10.468523, 47.210192, 1577.0],
          [10.468540, 47.210226, 1576.75],
          [10.468609, 47.210306, 1578.5],
          [10.468711, 47.210389, 1584.25],
          [10.468815, 47.210546, 1587.25],
          [10.468997, 47.210705, 1593.25],
          [10.469074, 47.210722, 1596.5],
          [10.469116, 47.210750, 1597.75],
          [10.469186, 47.210792, 1599.75],
          [10.469248, 47.210777, 1603.0],
          [10.469547, 47.210901, 1611.0],
          [10.469571, 47.210888, 1612.5],
          [10.469627, 47.210930, 1612.75],
          [10.469667, 47.210979, 1612.0],
          [10.469734, 47.211000, 1613.75],
          [10.469780, 47.210859, 1622.5],
          [10.469737, 47.210607, 1630.5],
          [10.469747, 47.210591, 1631.5],
          [10.469912, 47.210653, 1636.5],
          [10.470124, 47.210780, 1641.25],
          [10.470135, 47.210811, 1640.5],
          [10.470180, 47.210821, 1642.0],
          [10.470397, 47.210941, 1648.0],
          [10.470473, 47.210956, 1650.5],
          [10.470525, 47.211012, 1651.25],
          [10.470586, 47.211020, 1653.25],
          [10.470621, 47.211043, 1653.75],
          [10.470701, 47.211050, 1656.25],
          [10.470727, 47.211042, 1657.5],
          [10.470761, 47.210969, 1660.75],
          [10.470752, 47.210881, 1663.25],
          [10.470692, 47.210826, 1662.75],
          [10.470694, 47.210803, 1664.0],
          [10.470727, 47.210803, 1665.5],
          [10.470880, 47.210825, 1670.75],
          [10.470960, 47.210886, 1671.75],
          [10.471102, 47.210964, 1674.0],
          [10.471202, 47.210978, 1678.25],
          [10.471258, 47.210997, 1680.25],
          [10.471373, 47.211033, 1683.75],
          [10.471465, 47.211089, 1684.25],
          [10.471532, 47.211101, 1686.25],
          [10.471563, 47.211110, 1686.75],
          [10.471623, 47.211146, 1686.5],
          [10.471678, 47.211150, 1688.5],
          [10.471698, 47.211151, 1689.25],
          [10.471813, 47.211201, 1692.0],
          [10.471866, 47.211196, 1695.0],
          [10.471885, 47.211238, 1694.0],
          [10.472000, 47.211270, 1698.5],
          [10.472023, 47.211287, 1699.0],
          [10.472098, 47.211295, 1702.0],
          [10.472167, 47.211317, 1704.5],
          [10.472173, 47.211300, 1705.5],
          [10.472125, 47.211266, 1704.75],
          [10.472150, 47.211246, 1706.75],
          [10.472157, 47.211187, 1709.5],
          [10.472035, 47.211060, 1710.0],
          [10.472016, 47.210998, 1712.75],
          [10.471934, 47.210917, 1713.75],
          [10.471645, 47.210784, 1713.25],
          [10.471579, 47.210670, 1716.0],
          [10.471606, 47.210588, 1721.75],
          [10.471714, 47.210636, 1723.5],
          [10.471891, 47.210652, 1728.75],
          [10.471983, 47.210663, 1731.25],
          [10.472093, 47.210701, 1732.75],
          [10.472176, 47.210709, 1735.5],
          [10.472232, 47.210748, 1735.75],
          [10.472302, 47.210745, 1738.25],
          [10.472330, 47.210766, 1738.25],
          [10.472380, 47.210773, 1739.5],
          [10.472430, 47.210817, 1739.25],
          [10.472532, 47.210848, 1741.75],
          [10.472576, 47.210837, 1744.0],
          [10.472600, 47.210855, 1744.25],
          [10.472687, 47.210851, 1748.25],
          [10.472653, 47.210759, 1750.25],
          [10.472623, 47.210708, 1750.75],
          [10.472625, 47.210640, 1753.25],
          [10.472608, 47.210606, 1754.0],
          [10.472613, 47.210546, 1756.75],
          [10.472644, 47.210536, 1759.0],
          [10.472746, 47.210598, 1759.25],
          [10.472734, 47.210649, 1757.25],
          [10.472771, 47.210664, 1758.0],
          [10.472809, 47.210645, 1760.25],
          [10.472816, 47.210607, 1761.5],
          [10.472861, 47.210582, 1763.75],
          [10.472868, 47.210555, 1764.75],
          [10.472904, 47.210533, 1767.75],
          [10.472905, 47.210514, 1769.5],
          [10.472936, 47.210524, 1769.5],
          [10.472956, 47.210539, 1769.0],
          [10.473002, 47.210552, 1769.5],
          [10.473002, 47.210577, 1768.75],
          [10.473044, 47.210577, 1770.25],
          [10.473080, 47.210612, 1771.25],
          [10.473105, 47.210651, 1772.0],
          [10.473155, 47.210642, 1774.5],
          [10.473182, 47.210592, 1776.5],
          [10.473213, 47.210591, 1778.0],
          [10.473285, 47.210547, 1782.0],
          [10.473274, 47.210510, 1783.0],
          [10.473286, 47.210485, 1784.75],
          [10.473321, 47.210464, 1786.75],
          [10.473360, 47.210482, 1787.5],
          [10.473388, 47.210520, 1787.0],
          [10.473421, 47.210539, 1787.25],
          [10.473450, 47.210581, 1787.25],
          [10.473510, 47.210594, 1789.0],
          [10.473536, 47.210595, 1789.75],
          [10.473560, 47.210614, 1790.0],
          [10.473659, 47.210664, 1790.75],
          [10.473742, 47.210656, 1792.25],
          [10.473800, 47.210643, 1793.75],
          [10.473845, 47.210661, 1793.75],
          [10.473924, 47.210599, 1796.75],
          [10.473968, 47.210562, 1798.75],
          [10.473987, 47.210514, 1800.75],
          [10.473991, 47.210473, 1802.25],
          [10.474040, 47.210479, 1802.25],
          [10.474136, 47.210408, 1805.0],
          [10.474362, 47.210206, 1812.25],
          [10.474419, 47.210117, 1815.25],
          [10.474505, 47.210016, 1818.25],
          [10.474632, 47.209979, 1820.0],
          [10.474844, 47.209875, 1825.5],
          [10.474968, 47.209829, 1827.75],
          [10.475100, 47.209802, 1829.25],
          [10.475474, 47.209623, 1835.75],
          [10.475553, 47.209559, 1837.75],
          [10.475595, 47.209516, 1839.5],
          [10.475618, 47.209442, 1842.5],
          [10.475793, 47.209380, 1845.75],
          [10.475897, 47.209363, 1847.75],
          [10.476077, 47.209393, 1850.0],
          [10.476178, 47.209379, 1851.25],
          [10.476339, 47.209282, 1856.0],
          [10.476468, 47.209247, 1859.25],
          [10.476648, 47.209258, 1861.0],
          [10.476833, 47.209303, 1862.5],
          [10.476900, 47.209309, 1863.5],
          [10.476964, 47.209333, 1863.75],
          [10.477237, 47.209334, 1870.0],
          [10.477396, 47.209468, 1870.0],
          [10.477546, 47.209480, 1873.5],
          [10.477632, 47.209510, 1874.25],
          [10.477738, 47.209502, 1877.0],
          [10.477817, 47.209536, 1877.75],
          [10.478061, 47.209643, 1882.0],
          [10.478077, 47.209699, 1881.25],
          [10.478132, 47.209725, 1882.25],
          [10.478181, 47.209728, 1883.75],
          [10.478273, 47.209769, 1886.0],
          [10.478299, 47.209780, 1886.75],
          [10.478348, 47.209857, 1887.0],
          [10.478398, 47.209888, 1888.25],
          [10.478438, 47.209826, 1891.0],
          [10.478468, 47.209845, 1891.75],
          [10.478490, 47.209812, 1893.5],
          [10.478515, 47.209809, 1894.5],
          [10.478701, 47.209758, 1904.0],
          [10.478719, 47.209742, 1905.25],
          [10.478779, 47.209715, 1908.75],
          [10.478849, 47.209719, 1912.0],
          [10.478866, 47.209701, 1913.0],
          [10.478894, 47.209698, 1914.25],
          [10.478916, 47.209680, 1915.0],
          [10.478956, 47.209675, 1916.5],
          [10.478995, 47.209651, 1918.25],
          [10.479037, 47.209638, 1920.0],
          [10.479127, 47.209576, 1924.75],
          [10.479187, 47.209582, 1927.25],
          [10.479163, 47.209564, 1926.75],
          [10.479164, 47.209538, 1927.5],
          [10.479187, 47.209541, 1928.5],
          [10.479209, 47.209558, 1929.0],
          [10.479247, 47.209564, 1930.5],
          [10.479254, 47.209558, 1931.0],
          [10.479224, 47.209524, 1930.5],
          [10.479224, 47.209509, 1931.0],
          [10.479240, 47.209506, 1932.0],
          [10.479304, 47.209523, 1934.5],
          [10.479320, 47.209519, 1935.5],
          [10.479282, 47.209474, 1935.0],
          [10.479539, 47.209523, 1946.0],
          [10.479544, 47.209504, 1947.0],
          [10.479493, 47.209448, 1947.25],
          [10.479453, 47.209420, 1945.75],
          [10.479463, 47.209368, 1947.0],
          [10.479505, 47.209328, 1950.0],
          [10.479541, 47.209191, 1955.0],
          [10.479654, 47.209085, 1963.5],
          [10.479710, 47.209001, 1965.25],
          [10.479826, 47.208872, 1971.25],
          [10.479783, 47.208848, 1970.25],
          [10.479717, 47.208814, 1970.0],
          [10.479746, 47.208724, 1977.5],
          [10.479905, 47.208677, 1983.25],
          [10.479864, 47.208575, 1988.5],
          [10.479919, 47.208578, 1988.0],
          [10.479978, 47.208599, 1986.5],
          [10.480025, 47.208501, 1992.25],
          [10.479988, 47.208442, 1994.75],
          [10.480033, 47.208427, 1996.0],
          [10.480178, 47.208492, 1997.75],
          [10.480222, 47.208363, 2003.0],
          [10.480247, 47.208235, 2009.0],
          [10.480175, 47.208192, 2012.0],
          [10.480121, 47.208160, 2015.25],
          [10.479814, 47.208302, 2012.5],
          [10.479612, 47.208294, 2018.25],
          [10.479413, 47.208260, 2022.5],
          [10.479159, 47.208276, 2022.0],
          [10.479006, 47.208236, 2024.25],
          [10.478897, 47.208167, 2025.5],
          [10.478836, 47.208084, 2027.75],
          [10.478836, 47.208047, 2029.0],
          [10.478773, 47.208014, 2030.0],
          [10.478754, 47.208004, 2030.25],
          [10.478707, 47.207983, 2031.0],
          [10.478573, 47.207899, 2034.75],
          [10.478508, 47.207864, 2036.5],
          [10.478507, 47.207850, 2037.0],
          [10.478550, 47.207784, 2039.5],
          [10.478582, 47.207758, 2040.75],
          [10.478593, 47.207737, 2042.0],
          [10.478642, 47.207686, 2044.5],
          [10.478677, 47.207681, 2044.75],
          [10.478712, 47.207647, 2046.75],
          [10.478782, 47.207638, 2047.5],
          [10.478896, 47.207603, 2050.5],
          [10.479271, 47.207528, 2061.75],
          [10.479434, 47.207521, 2064.25],
          [10.479505, 47.207469, 2066.75],
          [10.479539, 47.207420, 2069.75],
          [10.479507, 47.207390, 2071.25],
          [10.479515, 47.207360, 2073.0],
          [10.479432, 47.207344, 2073.75],
          [10.479370, 47.207350, 2073.25],
          [10.479329, 47.207321, 2074.75],
          [10.479275, 47.207297, 2076.0],
          [10.479222, 47.207298, 2075.75],
          [10.479155, 47.207244, 2079.25],
          [10.479133, 47.207188, 2082.0],
          [10.479059, 47.207150, 2082.75],
          [10.478905, 47.206939, 2090.5],
          [10.478837, 47.206854, 2091.75],
          [10.478869, 47.206803, 2094.0],
          [10.478911, 47.206787, 2095.5],
          [10.478941, 47.206763, 2097.25],
          [10.478976, 47.206749, 2098.75],
          [10.479058, 47.206683, 2103.75],
          [10.479089, 47.206676, 2105.0],
          [10.479117, 47.206622, 2107.75],
          [10.479171, 47.206587, 2110.25],
          [10.479258, 47.206571, 2112.0],
          [10.479382, 47.206523, 2115.0],
          [10.479415, 47.206539, 2115.25],
          [10.479491, 47.206495, 2117.0],
          [10.479547, 47.206452, 2118.75],
          [10.479615, 47.206432, 2120.0],
          [10.479661, 47.206389, 2122.25],
          [10.479700, 47.206339, 2124.0],
          [10.479871, 47.206200, 2128.25],
          [10.479861, 47.206152, 2130.25],
          [10.480002, 47.206093, 2133.5],
          [10.480077, 47.206018, 2134.0],
          [10.480031, 47.205915, 2139.75],
          [10.479847, 47.205845, 2143.25],
          [10.479901, 47.205805, 2145.0],
          [10.479921, 47.205733, 2147.75],
          [10.479970, 47.205675, 2149.75],
          [10.480025, 47.205575, 2152.25],
          [10.480021, 47.205514, 2155.0],
          [10.480116, 47.205425, 2156.25],
          [10.480158, 47.205324, 2159.75],
          [10.480243, 47.205167, 2165.5],
          [10.480318, 47.205068, 2168.0],
          [10.480421, 47.204808, 2183.75],
          [10.480502, 47.204748, 2183.5],
          [10.480639, 47.204605, 2182.75],
          [10.480683, 47.204462, 2188.0],
          [10.480621, 47.204286, 2194.25],
          [10.480605, 47.204120, 2197.5],
          [10.480496, 47.203990, 2203.0],
          [10.480346, 47.203895, 2208.0],
          [10.480181, 47.203714, 2211.25],
          [10.480172, 47.203644, 2210.5],
          [10.480118, 47.203592, 2211.25],
          [10.480092, 47.203521, 2211.25],
          [10.479844, 47.203213, 2213.25],
          [10.479795, 47.203175, 2214.0],
          [10.479672, 47.203000, 2214.25],
          [10.479605, 47.202872, 2214.25],
          [10.479588, 47.202811, 2213.75],
          [10.479348, 47.202650, 2215.75],
          [10.479218, 47.202577, 2217.0],
          [10.479118, 47.202495, 2216.75],
          [10.478872, 47.202376, 2218.0],
          [10.478714, 47.202318, 2217.75],
          [10.478550, 47.202277, 2217.75],
          [10.478271, 47.202167, 2218.0],
          [10.478142, 47.202069, 2218.25],
          [10.478058, 47.202022, 2218.75],
          [10.477979, 47.201793, 2218.0],
          [10.477898, 47.201664, 2219.5],
          [10.477894, 47.201582, 2220.25],
          [10.477904, 47.201541, 2220.5],
          [10.477912, 47.201507, 2220.75],
          [10.477899, 47.201452, 2221.5],
          [10.477906, 47.201369, 2222.25],
          [10.477938, 47.201280, 2223.25],
          [10.478189, 47.201043, 2228.5],
          [10.478162, 47.200995, 2228.75],
          [10.478277, 47.200825, 2233.75],
          [10.478363, 47.200725, 2236.25],
          [10.478411, 47.200643, 2237.0],
          [10.478407, 47.200577, 2237.75],
          [10.478486, 47.200468, 2238.5],
          [10.478650, 47.200442, 2241.25],
          [10.478656, 47.200346, 2242.0],
          [10.478637, 47.200276, 2242.75],
          [10.478669, 47.200206, 2240.25],
          [10.478715, 47.200165, 2239.5],
          [10.478744, 47.200103, 2238.5],
          [10.478835, 47.200007, 2240.0],
          [10.478884, 47.199968, 2241.0],
          [10.478899, 47.199901, 2239.75],
          [10.479026, 47.199784, 2238.25],
          [10.479030, 47.199714, 2237.25],
          [10.479053, 47.199638, 2236.0],
          [10.479120, 47.199588, 2236.5],
          [10.479242, 47.199546, 2238.5],
          [10.479304, 47.199424, 2237.25],
          [10.479421, 47.199367, 2236.75],
          [10.479582, 47.199326, 2237.0],
          [10.479641, 47.199254, 2235.5],
          [10.479818, 47.199132, 2235.75],
          [10.479971, 47.199053, 2235.75],
          [10.480093, 47.198976, 2234.25],
          [10.480216, 47.198904, 2232.25],
          [10.480243, 47.198855, 2232.0],
          [10.480150, 47.198738, 2232.5],
          [10.480162, 47.198688, 2232.75],
          [10.480152, 47.198662, 2233.0],
          [10.480107, 47.198640, 2233.25],
          [10.479989, 47.198612, 2233.75],
          [10.479889, 47.198580, 2232.75],
          [10.479788, 47.198538, 2232.25],
          [10.479707, 47.198481, 2232.5],
          [10.479648, 47.198419, 2233.0],
          [10.479661, 47.198346, 2234.5],
          [10.479686, 47.198277, 2234.5],
          [10.479694, 47.198191, 2234.0],
          [10.479725, 47.198113, 2234.0],
          [10.479718, 47.198057, 2233.75],
          [10.479760, 47.197986, 2233.75],
          [10.479747, 47.197865, 2231.75],
          [10.479841, 47.197769, 2233.0],
          [10.479895, 47.197734, 2233.75],
          [10.479903, 47.197707, 2233.5],
          [10.479932, 47.197685, 2233.75],
          [10.479962, 47.197679, 2234.5],
          [10.480050, 47.197553, 2233.5],
          [10.480136, 47.197455, 2232.5],
          [10.480199, 47.197411, 2233.0],
          [10.480231, 47.197358, 2233.25],
          [10.480226, 47.197298, 2233.0],
          [10.480242, 47.197241, 2233.25],
          [10.480246, 47.197174, 2233.25],
          [10.480238, 47.197137, 2233.25],
          [10.480254, 47.196948, 2233.5],
          [10.480289, 47.196913, 2234.25],
          [10.480327, 47.196909, 2234.0],
          [10.480343, 47.196897, 2234.0],
          [10.480418, 47.196895, 2233.5],
          [10.480632, 47.196859, 2233.25],
          [10.480814, 47.196803, 2234.0],
          [10.480873, 47.196782, 2233.5],
          [10.480965, 47.196775, 2232.75],
          [10.481075, 47.196782, 2231.75],
          [10.481153, 47.196764, 2230.75],
          [10.481202, 47.196733, 2230.25],
          [10.481300, 47.196701, 2229.5],
          [10.481381, 47.196653, 2229.25],
          [10.481610, 47.196549, 2228.75],
          [10.481691, 47.196544, 2228.25],
          [10.481969, 47.196482, 2228.25],
          [10.482761, 47.196394, 2229.75],
          [10.483001, 47.196371, 2231.75],
          [10.483079, 47.196360, 2232.25],
          [10.483123, 47.196345, 2232.75],
          [10.483214, 47.196346, 2233.5],
          [10.483351, 47.196327, 2234.5],
          [10.483371, 47.196311, 2234.75],
          [10.483464, 47.196310, 2235.75],
          [10.483494, 47.196304, 2236.25],
          [10.483539, 47.196283, 2236.75],
          [10.483686, 47.196264, 2238.5],
          [10.483792, 47.196253, 2239.75],
          [10.483867, 47.196270, 2240.25],
          [10.483929, 47.196253, 2241.5],
          [10.483965, 47.196236, 2242.25],
          [10.484067, 47.196233, 2243.75],
          [10.484044, 47.196194, 2244.0],
          [10.484055, 47.196173, 2244.5],
          [10.484170, 47.196154, 2246.25],
          [10.484171, 47.196119, 2246.75],
          [10.484300, 47.196077, 2249.25],
          [10.484350, 47.196033, 2251.5],
          [10.484295, 47.195968, 2253.75],
          [10.484366, 47.195913, 2256.75],
          [10.484465, 47.195867, 2259.75],
          [10.484691, 47.195827, 2263.0],
          [10.484826, 47.195797, 2267.5],
          [10.484824, 47.195753, 2270.5],
          [10.484839, 47.195715, 2273.25],
          [10.484993, 47.195709, 2276.75],
          [10.485082, 47.195729, 2278.25],
          [10.485327, 47.195744, 2285.25],
          [10.485387, 47.195773, 2285.5],
          [10.485478, 47.195772, 2288.5],
          [10.485505, 47.195799, 2288.0],
          [10.485546, 47.195818, 2288.25],
          [10.485616, 47.195819, 2290.25],
          [10.485651, 47.195846, 2290.75],
          [10.485687, 47.195857, 2291.5],
          [10.485716, 47.195858, 2292.25],
          [10.485755, 47.195881, 2293.25],
          [10.485992, 47.195921, 2296.5],
          [10.486081, 47.195959, 2296.75],
          [10.486144, 47.195964, 2297.75],
          [10.486214, 47.196003, 2299.0],
          [10.486263, 47.196078, 2298.75],
          [10.486319, 47.196100, 2300.0],
          [10.486584, 47.196162, 2309.5],
          [10.486669, 47.196166, 2312.0],
          [10.486833, 47.196222, 2316.0],
          [10.486952, 47.196232, 2318.25],
          [10.487110, 47.196264, 2324.0],
          [10.487165, 47.196259, 2326.25],
          [10.487282, 47.196321, 2330.0],
          [10.487379, 47.196338, 2333.5],
          [10.487432, 47.196382, 2335.25],
          [10.487649, 47.196421, 2342.25],
          [10.487808, 47.196438, 2346.25],
          [10.487903, 47.196382, 2347.75],
          [10.488064, 47.196413, 2351.5],
          [10.488121, 47.196399, 2352.75],
          [10.488143, 47.196337, 2355.5],
          [10.488214, 47.196347, 2357.0],
          [10.488282, 47.196340, 2359.0],
          [10.488391, 47.196363, 2361.0],
          [10.488470, 47.196393, 2361.5],
          [10.488684, 47.196410, 2368.25],
          [10.488922, 47.196434, 2378.5],
          [10.489099, 47.196463, 2386.75],
          [10.489137, 47.196497, 2388.25],
          [10.489270, 47.196524, 2391.5],
          [10.489338, 47.196507, 2393.75],
          [10.489377, 47.196522, 2394.25],
          [10.489444, 47.196503, 2396.75],
          [10.489488, 47.196536, 2396.25],
          [10.489595, 47.196520, 2398.5],
          [10.489663, 47.196535, 2399.25],
          [10.489694, 47.196519, 2400.0],
          [10.489649, 47.196502, 2399.75],
          [10.489722, 47.196473, 2401.0],
          [10.489640, 47.196428, 2400.75],
          [10.489715, 47.196398, 2401.75],
          [10.489594, 47.196398, 2401.25],
          [10.489650, 47.196357, 2403.0],
          [10.490093, 47.196173, 2405.25],
          [10.490279, 47.196059, 2411.5],
          [10.490523, 47.196073, 2420.25],
          [10.490759, 47.195941, 2432.25],
          [10.490772, 47.195864, 2434.25],
          [10.490897, 47.195764, 2438.5],
          [10.491420, 47.195488, 2452.5],
          [10.491814, 47.195316, 2465.25],
          [10.492055, 47.195083, 2474.75],
          [10.492076, 47.195034, 2475.25],
          [10.492216, 47.194943, 2480.75],
          [10.492289, 47.194876, 2483.25],
          [10.492360, 47.194842, 2486.25],
          [10.492412, 47.194666, 2488.75],
          [10.492497, 47.194584, 2494.75],
          [10.492507, 47.194454, 2498.25],
          [10.492551, 47.194338, 2504.0],
          [10.492579, 47.194198, 2508.75],
          [10.492707, 47.194027, 2518.5],
          [10.492826, 47.193937, 2526.5],
          [10.492921, 47.193813, 2532.0],
          [10.493034, 47.193693, 2537.75],
          [10.493111, 47.193619, 2541.75],
          [10.493203, 47.193564, 2546.5],
          [10.493252, 47.193455, 2549.75],
          [10.493330, 47.193395, 2554.25],
          [10.493412, 47.193292, 2560.25],
          [10.493615, 47.193121, 2573.5],
          [10.493803, 47.193162, 2584.5],
          [10.493876, 47.193138, 2589.0],
          [10.493910, 47.193096, 2590.5],
          [10.493907, 47.193044, 2590.75],
          [10.493990, 47.192920, 2592.5],
          [10.494026, 47.192886, 2591.0],
          [10.494125, 47.192913, 2588.5],
          [10.494250, 47.192927, 2583.75],
          [10.494332, 47.192966, 2581.75],
          [10.494487, 47.192969, 2574.75],
          [10.494563, 47.192942, 2570.75],
          [10.494675, 47.192940, 2567.0],
          [10.494922, 47.192958, 2561.25],
          [10.495167, 47.192988, 2557.5],
          [10.495320, 47.192959, 2551.5],
          [10.495409, 47.192973, 2549.5],
          [10.495560, 47.192983, 2544.75],
          [10.495659, 47.193020, 2542.0],
          [10.495766, 47.193121, 2541.75],
          [10.495805, 47.193152, 2540.75],
          [10.496014, 47.193241, 2534.75],
          [10.496099, 47.193258, 2532.0],
          [10.496217, 47.193271, 2529.75],
          [10.496472, 47.193268, 2522.5],
          [10.496690, 47.193254, 2514.25],
          [10.496926, 47.193250, 2505.25],
          [10.497165, 47.193262, 2496.75],
          [10.497898, 47.193269, 2469.5],
          [10.498158, 47.193288, 2462.25],
          [10.498391, 47.193298, 2457.25],
          [10.498633, 47.193211, 2451.0],
          [10.498677, 47.193166, 2449.0],
          [10.498701, 47.193120, 2447.75],
          [10.498830, 47.193053, 2443.25],
          [10.498890, 47.192960, 2438.0],
          [10.498936, 47.192972, 2438.0],
          [10.498994, 47.192937, 2436.0],
          [10.499067, 47.192911, 2434.25],
          [10.499151, 47.192905, 2433.0],
          [10.499204, 47.192890, 2430.75],
          [10.499180, 47.192850, 2429.75],
          [10.499190, 47.192812, 2427.75],
          [10.499260, 47.192799, 2424.5],
          [10.499357, 47.192816, 2421.75],
          [10.499374, 47.192797, 2420.25],
          [10.499346, 47.192642, 2415.25],
          [10.499368, 47.192600, 2412.75],
          [10.499443, 47.192614, 2410.5],
          [10.499585, 47.192677, 2406.75],
          [10.499692, 47.192694, 2402.5],
          [10.499798, 47.192721, 2399.5],
          [10.499860, 47.192782, 2399.5],
          [10.499961, 47.192802, 2396.0],
          [10.499941, 47.192594, 2389.75],
          [10.499896, 47.192484, 2387.0],
          [10.499974, 47.192460, 2383.25],
          [10.499907, 47.192380, 2380.25],
          [10.499854, 47.192259, 2374.25],
          [10.499973, 47.192278, 2372.0],
          [10.500343, 47.192151, 2358.75],
          [10.500651, 47.192155, 2349.25],
          [10.500956, 47.192216, 2339.75],
          [10.501328, 47.192363, 2329.0],
          [10.501635, 47.192519, 2318.5],
          [10.501757, 47.192519, 2314.25],
          [10.501865, 47.192409, 2309.75],
          [10.501959, 47.192523, 2307.75],
          [10.502103, 47.192504, 2304.5],
          [10.502185, 47.192457, 2301.5],
          [10.502284, 47.192465, 2298.75],
          [10.502274, 47.192406, 2297.0],
          [10.502397, 47.192420, 2293.25],
          [10.502506, 47.192471, 2291.5],
          [10.502691, 47.192579, 2284.75],
          [10.502672, 47.192656, 2285.75],
          [10.502814, 47.192723, 2278.75],
          [10.502920, 47.192854, 2270.75],
          [10.502930, 47.192992, 2266.25],
          [10.503166, 47.192893, 2257.25],
          [10.503208, 47.192978, 2252.75],
          [10.503408, 47.192870, 2246.0],
          [10.503467, 47.192936, 2241.5],
          [10.503516, 47.192922, 2239.5],
          [10.503534, 47.193053, 2235.5],
          [10.503489, 47.193152, 2234.25],
          [10.503490, 47.193272, 2230.25],
          [10.503729, 47.193247, 2221.5],
          [10.503943, 47.193253, 2212.5],
          [10.504177, 47.193385, 2201.75],
          [10.504436, 47.193510, 2193.75],
          [10.504478, 47.193493, 2192.5],
          [10.504673, 47.193665, 2183.0],
          [10.504704, 47.193607, 2182.75],
          [10.504829, 47.193652, 2177.5],
          [10.504929, 47.193643, 2174.25],
          [10.505122, 47.193809, 2168.25],
          [10.505220, 47.193816, 2166.0],
          [10.505315, 47.193831, 2164.0],
          [10.505455, 47.193890, 2162.25],
          [10.505588, 47.193887, 2160.5],
          [10.505905, 47.193820, 2154.25],
          [10.506045, 47.193871, 2155.0],
          [10.506313, 47.193747, 2147.75],
          [10.506549, 47.193689, 2142.75],
          [10.506748, 47.193748, 2140.0],
          [10.506796, 47.193726, 2137.75],
          [10.506974, 47.193766, 2133.0],
          [10.507032, 47.193728, 2130.25],
          [10.507085, 47.193811, 2131.25],
          [10.507211, 47.193796, 2127.25],
          [10.507286, 47.193840, 2129.0],
          [10.507648, 47.193549, 2115.25],
          [10.508009, 47.193375, 2102.75],
          [10.508008, 47.193293, 2098.5],
          [10.508124, 47.193288, 2095.75],
          [10.508131, 47.193148, 2089.25],
          [10.508297, 47.193157, 2085.25],
          [10.508271, 47.193064, 2081.75],
          [10.508376, 47.193025, 2078.0],
          [10.508363, 47.192963, 2076.25],
          [10.508507, 47.192881, 2069.5],
          [10.508536, 47.192819, 2066.0],
          [10.508599, 47.192842, 2065.25],
          [10.508650, 47.192773, 2061.25],
          [10.508627, 47.192732, 2060.25],
          [10.508682, 47.192723, 2059.0],
          [10.508749, 47.192613, 2053.25],
          [10.508774, 47.192591, 2052.0],
          [10.508799, 47.192570, 2050.5],
          [10.508771, 47.192527, 2049.25],
          [10.508849, 47.192482, 2045.75],
          [10.509190, 47.192196, 2030.0],
          [10.509221, 47.191955, 2025.75],
          [10.509256, 47.191848, 2020.25],
          [10.509242, 47.191802, 2019.0],
          [10.509198, 47.191754, 2019.5],
          [10.509180, 47.191678, 2017.5],
          [10.509137, 47.191592, 2015.0],
          [10.509051, 47.191535, 2012.25],
          [10.509105, 47.191482, 2009.5],
          [10.509390, 47.191520, 2002.0],
          [10.509497, 47.191411, 1996.75],
          [10.509491, 47.191334, 1993.0],
          [10.509548, 47.191339, 1991.75],
          [10.509562, 47.191280, 1987.5],
          [10.509668, 47.191263, 1984.0],
          [10.509730, 47.191231, 1980.25],
          [10.509820, 47.191249, 1975.75],
          [10.509819, 47.191149, 1972.75],
          [10.509930, 47.191153, 1968.75],
          [10.510003, 47.191091, 1965.25],
          [10.510001, 47.191025, 1961.0],
          [10.510107, 47.191028, 1954.5],
          [10.510066, 47.190928, 1951.5],
          [10.510116, 47.190897, 1947.75],
          [10.510081, 47.190815, 1943.25],
          [10.510311, 47.190818, 1936.75],
          [10.510272, 47.190744, 1932.0],
          [10.510330, 47.190713, 1927.25],
          [10.510300, 47.190603, 1918.75],
          [10.510638, 47.190612, 1912.75],
          [10.510709, 47.190520, 1904.75],
          [10.510876, 47.190533, 1900.5],
          [10.510726, 47.190310, 1889.25],
          [10.511065, 47.190225, 1880.25],
          [10.511224, 47.190153, 1875.0],
          [10.511363, 47.190106, 1871.25],
          [10.511457, 47.190099, 1869.75],
          [10.511527, 47.190049, 1867.0],
          [10.511936, 47.189905, 1858.0],
          [10.511948, 47.189854, 1856.0],
          [10.512251, 47.189759, 1848.0],
          [10.512437, 47.189659, 1842.75],
          [10.512532, 47.189645, 1841.5],
          [10.513027, 47.189491, 1832.75],
          [10.513069, 47.189436, 1830.5],
          [10.513059, 47.189397, 1829.25],
          [10.513141, 47.189361, 1828.0],
          [10.513206, 47.189297, 1825.75],
          [10.513291, 47.189262, 1824.75],
          [10.513371, 47.189165, 1821.5],
          [10.513450, 47.189146, 1820.25],
          [10.513467, 47.189078, 1818.0],
          [10.513539, 47.189046, 1816.5],
          [10.513587, 47.189012, 1815.0],
          [10.513654, 47.188874, 1810.75],
          [10.513771, 47.188805, 1810.0],
          [10.514072, 47.188692, 1808.25],
          [10.514125, 47.188630, 1806.5],
          [10.514312, 47.188518, 1804.75],
          [10.514510, 47.188475, 1803.75],
          [10.514625, 47.188464, 1803.5],
          [10.514692, 47.188436, 1803.25],
          [10.514834, 47.188386, 1802.75],
          [10.515036, 47.188345, 1801.75],
          [10.515294, 47.188395, 1801.5],
          [10.515617, 47.188408, 1800.5],
          [10.515755, 47.188464, 1800.25],
          [10.515830, 47.188542, 1800.5],
          [10.515921, 47.188580, 1800.25],
          [10.516333, 47.188475, 1799.75],
          [10.516358, 47.188423, 1799.0],
          [10.516633, 47.188087, 1797.25],
          [10.516752, 47.188011, 1797.25],
          [10.517006, 47.187937, 1798.0],
          [10.517300, 47.187832, 1796.25],
          [10.517462, 47.187808, 1795.0],
          [10.517649, 47.187817, 1795.25],
          [10.517796, 47.187772, 1794.0],
          [10.517964, 47.187679, 1794.25],
          [10.518162, 47.187641, 1793.5],
          [10.518638, 47.187642, 1791.75],
          [10.518957, 47.187682, 1790.75],
          [10.519503, 47.187829, 1788.5],
          [10.519733, 47.187910, 1788.0],
          [10.520089, 47.187897, 1787.5],
          [10.520504, 47.187929, 1788.75],
          [10.520587, 47.187894, 1788.5],
          [10.520720, 47.187878, 1788.25],
          [10.520924, 47.187838, 1787.0],
          [10.521182, 47.187833, 1786.5],
          [10.521445, 47.187807, 1785.5],
          [10.521597, 47.187725, 1784.25],
          [10.521744, 47.187736, 1784.0],
          [10.522241, 47.187633, 1782.5],
          [10.522592, 47.187646, 1781.0],
          [10.522753, 47.187596, 1778.5],
          [10.522947, 47.187594, 1779.5],
          [10.523580, 47.187533, 1773.5],
          [10.523990, 47.187520, 1770.75],
          [10.524368, 47.187541, 1769.0],
          [10.524772, 47.187506, 1766.0],
          [10.525075, 47.187523, 1766.75],
          [10.525225, 47.187473, 1766.5],
          [10.525360, 47.187489, 1766.75],
          [10.525614, 47.187442, 1765.5],
          [10.525936, 47.187456, 1764.5],
          [10.526058, 47.187411, 1762.75],
          [10.526298, 47.187423, 1760.0],
          [10.526469, 47.187400, 1757.75],
          [10.526541, 47.187419, 1758.25],
          [10.526770, 47.187360, 1755.0],
          [10.527083, 47.187352, 1751.5],
          [10.527266, 47.187329, 1749.0],
          [10.527608, 47.187400, 1746.5],
          [10.527704, 47.187398, 1745.25],
          [10.527823, 47.187430, 1744.25],
          [10.527867, 47.187390, 1743.25],
          [10.528118, 47.187407, 1740.25],
          [10.528512, 47.187583, 1736.25],
          [10.528634, 47.187603, 1734.75],
          [10.528728, 47.187650, 1733.5],
          [10.528874, 47.187685, 1731.5],
          [10.528952, 47.187666, 1730.0],
          [10.529047, 47.187691, 1728.5],
          [10.529136, 47.187669, 1726.75],
          [10.529264, 47.187740, 1725.5],
          [10.529502, 47.187686, 1722.0],
          [10.529604, 47.187638, 1720.25],
          [10.529800, 47.187595, 1716.75],
          [10.530250, 47.187548, 1706.75],
          [10.530384, 47.187616, 1706.25],
          [10.530982, 47.187406, 1699.25],
          [10.531319, 47.187361, 1698.75],
          [10.531693, 47.187338, 1697.5],
          [10.532040, 47.187233, 1689.0],
          [10.532303, 47.187135, 1682.0],
          [10.532301, 47.187069, 1679.75],
          [10.532596, 47.186990, 1673.0],
          [10.532893, 47.186979, 1667.25],
          [10.533236, 47.187016, 1664.5],
          [10.533340, 47.186911, 1660.5],
          [10.533528, 47.186818, 1657.5],
          [10.533882, 47.186729, 1652.75],
          [10.534198, 47.186608, 1651.0],
          [10.534391, 47.186585, 1650.0],
          [10.534542, 47.186551, 1649.75],
          [10.534928, 47.186466, 1648.0],
          [10.535230, 47.186455, 1642.5],
          [10.535398, 47.186409, 1638.5],
          [10.535678, 47.186344, 1635.25],
          [10.536006, 47.186306, 1632.0],
          [10.536632, 47.186050, 1622.5],
          [10.537077, 47.186066, 1619.5],
          [10.537229, 47.186123, 1618.0],
          [10.537390, 47.186083, 1620.0],
          [10.537525, 47.186065, 1621.0],
          [10.537741, 47.186105, 1619.25],
          [10.538008, 47.186100, 1616.75],
          [10.538254, 47.186060, 1615.0],
          [10.539095, 47.186073, 1605.25],
          [10.539223, 47.186028, 1604.5],
          [10.539387, 47.186031, 1602.5],
          [10.540060, 47.185863, 1596.25],
          [10.540863, 47.185981, 1590.25],
          [10.541674, 47.186159, 1585.75],
          [10.542162, 47.186176, 1582.75],
          [10.542614, 47.186180, 1580.5],
          [10.544031, 47.186415, 1573.0],
          [10.544182, 47.186485, 1571.75],
          [10.544269, 47.186621, 1570.5],
          [10.544552, 47.186773, 1569.5],
          [10.545036, 47.186496, 1566.5],
          [10.545078, 47.186453, 1566.25],
          [10.545284, 47.186486, 1563.0],
          [10.545658, 47.186577, 1568.25],
          [10.546197, 47.186632, 1568.25],
          [10.546409, 47.186628, 1567.5],
          [10.546680, 47.186543, 1567.75],
          [10.547015, 47.186350, 1566.0],
          [10.547310, 47.186220, 1564.0],
          [10.547394, 47.186149, 1563.0],
          [10.547524, 47.186076, 1562.25],
          [10.547591, 47.186082, 1562.5],
          [10.547836, 47.186041, 1561.75],
          [10.548004, 47.185945, 1560.25],
          [10.548066, 47.185935, 1560.0],
          [10.548160, 47.185934, 1560.5],
          [10.548264, 47.185875, 1560.0],
          [10.548416, 47.185829, 1560.0],
          [10.548466, 47.185833, 1560.25],
          [10.548656, 47.185790, 1560.25],
          [10.548737, 47.185735, 1559.5],
          [10.548766, 47.185731, 1559.5],
          [10.548833, 47.185692, 1559.25],
          [10.548982, 47.185633, 1558.75],
          [10.549079, 47.185571, 1558.0],
          [10.549188, 47.185550, 1557.75],
          [10.549289, 47.185493, 1557.25],
          [10.549471, 47.185403, 1556.75],
          [10.549736, 47.185327, 1556.75],
          [10.550252, 47.185126, 1554.0],
          [10.550526, 47.184985, 1553.5],
          [10.550809, 47.184885, 1555.0],
          [10.551033, 47.184765, 1555.75],
          [10.551218, 47.184649, 1556.25],
          [10.551246, 47.184449, 1555.25],
          [10.551412, 47.184166, 1554.25],
          [10.551744, 47.183940, 1547.75],
          [10.551971, 47.183738, 1545.0],
          [10.552014, 47.183650, 1541.75],
          [10.552065, 47.183574, 1539.25],
          [10.552144, 47.183512, 1538.0],
          [10.552151, 47.183448, 1535.5],
          [10.552188, 47.183435, 1535.5],
          [10.552256, 47.183439, 1536.5],
          [10.552317, 47.183466, 1537.75],
          [10.552371, 47.183449, 1537.0],
          [10.552422, 47.183410, 1535.75],
          [10.552562, 47.183270, 1534.0],
          [10.552759, 47.183140, 1533.0],
          [10.552995, 47.182959, 1533.0],
          [10.553133, 47.182936, 1533.75],
          [10.553212, 47.182937, 1534.5],
          [10.553292, 47.182913, 1532.75],
          [10.553452, 47.182883, 1530.75],
          [10.553509, 47.182813, 1526.75],
          [10.553802, 47.182698, 1520.75],
          [10.553987, 47.182647, 1518.75],
          [10.554119, 47.182565, 1517.25],
          [10.554309, 47.182496, 1517.25],
          [10.554980, 47.182140, 1518.25],
          [10.555467, 47.181955, 1520.5],
          [10.555578, 47.181900, 1520.0],
          [10.556030, 47.181814, 1521.75],
          [10.556235, 47.181683, 1518.75],
          [10.556508, 47.181582, 1518.25],
          [10.556758, 47.181509, 1519.75],
          [10.557051, 47.181372, 1520.25],
          [10.557705, 47.181143, 1518.75],
          [10.557791, 47.181149, 1519.0],
          [10.557890, 47.181216, 1520.25],
          [10.558030, 47.181201, 1517.5],
          [10.558196, 47.181225, 1517.25],
          [10.558505, 47.181215, 1514.75],
          [10.559162, 47.181208, 1516.5],
          [10.559456, 47.181068, 1517.25],
          [10.559559, 47.180988, 1516.75],
          [10.559842, 47.180908, 1521.75],
          [10.560192, 47.180764, 1522.75],
          [10.560446, 47.180719, 1524.25],
          [10.560698, 47.180721, 1527.25],
          [10.561285, 47.180642, 1531.0],
          [10.561509, 47.180579, 1531.5],
          [10.561664, 47.180562, 1534.25],
          [10.561757, 47.180500, 1532.5],
          [10.561902, 47.180481, 1535.0],
          [10.562239, 47.180401, 1538.25],
          [10.562465, 47.180331, 1539.25],
          [10.562808, 47.180249, 1545.25],
          [10.562817, 47.180211, 1545.5],
          [10.562711, 47.180135, 1540.25],
          [10.562793, 47.180048, 1543.5],
          [10.563042, 47.179902, 1543.5],
          [10.563254, 47.179790, 1539.75],
          [10.563509, 47.179697, 1537.0],
          [10.563685, 47.179608, 1533.75],
          [10.563801, 47.179574, 1534.0],
          [10.564204, 47.179349, 1524.0],
          [10.564501, 47.179249, 1521.5],
          [10.564791, 47.179175, 1519.25],
          [10.565163, 47.179147, 1522.25],
          [10.565213, 47.179067, 1516.75],
          [10.565534, 47.178953, 1512.75],
          [10.565815, 47.178838, 1504.5],
          [10.566019, 47.178841, 1508.75],
          [10.566131, 47.178775, 1504.25],
          [10.566162, 47.178741, 1500.75],
          [10.566232, 47.178707, 1496.0],
          [10.566318, 47.178715, 1495.0],
          [10.566432, 47.178773, 1501.5],
          [10.566640, 47.178774, 1506.25],
          [10.566568, 47.178653, 1496.5],
          [10.566664, 47.178512, 1491.5],
          [10.566851, 47.178502, 1493.0],
          [10.566954, 47.178505, 1494.75],
          [10.567045, 47.178490, 1493.0],
          [10.567441, 47.178482, 1496.5],
          [10.567514, 47.178463, 1497.5],
          [10.567538, 47.178399, 1496.25],
          [10.567488, 47.178360, 1492.5],
          [10.567306, 47.178027, 1494.5],
          [10.567238, 47.177834, 1496.75],
          [10.567264, 47.177782, 1500.25],
          [10.567319, 47.177746, 1501.0],
          [10.567439, 47.177690, 1504.0],
          [10.567535, 47.177551, 1499.5],
          [10.567734, 47.177477, 1505.5],
          [10.567767, 47.177370, 1498.5],
          [10.567944, 47.177344, 1508.25],
          [10.568035, 47.177293, 1511.0],
          [10.567922, 47.177218, 1497.5],
          [10.567927, 47.177139, 1493.75],
          [10.568046, 47.177075, 1499.75],
          [10.568054, 47.177006, 1496.75],
          [10.568141, 47.176966, 1501.5],
          [10.568111, 47.176894, 1496.25],
          [10.568168, 47.176681, 1492.25],
          [10.568261, 47.176582, 1493.0],
          [10.568283, 47.176513, 1491.0],
          [10.568259, 47.176457, 1486.5],
          [10.568405, 47.176330, 1490.25],
          [10.568366, 47.176221, 1483.0],
          [10.568457, 47.176082, 1483.5],
          [10.568612, 47.176026, 1490.25],
          [10.568642, 47.175992, 1490.25],
          [10.568610, 47.175873, 1478.0],
          [10.568755, 47.175770, 1492.5],
          [10.568397, 47.175750, 1469.0],
          [10.568320, 47.175638, 1467.25],
          [10.568292, 47.175489, 1467.25],
          [10.568252, 47.175397, 1464.5],
          [10.568180, 47.175132, 1457.25],
          [10.568232, 47.175091, 1463.0],
          [10.568136, 47.174941, 1449.25],
          [10.568133, 47.174854, 1447.75],
          [10.568153, 47.174659, 1446.0],
          [10.568205, 47.174593, 1448.5],
          [10.568195, 47.174510, 1443.25],
          [10.568238, 47.174348, 1440.25],
          [10.568182, 47.174292, 1433.75],
          [10.568178, 47.174250, 1432.0],
          [10.568213, 47.174151, 1431.5],
          [10.568115, 47.173963, 1422.5],
          [10.568101, 47.173844, 1418.5],
          [10.568119, 47.173736, 1414.0],
          [10.568278, 47.173537, 1415.25],
          [10.568275, 47.173420, 1407.75],
          [10.568245, 47.173413, 1405.0],
          [10.568214, 47.173425, 1403.5],
          [10.568136, 47.173511, 1402.75],
          [10.567980, 47.173607, 1397.75],
          [10.567966, 47.173665, 1399.75],
          [10.567907, 47.173731, 1399.0],
          [10.567825, 47.173770, 1395.0],
          [10.567851, 47.173732, 1395.25],
          [10.567865, 47.173683, 1394.0],
          [10.567841, 47.173655, 1391.0],
          [10.567881, 47.173596, 1390.75],
          [10.567877, 47.173540, 1387.5],
          [10.567893, 47.173474, 1385.0],
          [10.567920, 47.173430, 1384.25],
          [10.567966, 47.173417, 1386.0],
          [10.567992, 47.173396, 1386.25],
          [10.568014, 47.173327, 1383.5],
          [10.568084, 47.173244, 1382.5],
          [10.568059, 47.173177, 1377.0],
          [10.568057, 47.173106, 1372.75],
          [10.568092, 47.173079, 1373.0],
          [10.568191, 47.173058, 1376.5],
          [10.568453, 47.172969, 1384.75],
          [10.568497, 47.172694, 1367.75],
          [10.568688, 47.172641, 1373.75],
          [10.568793, 47.172666, 1382.5],
          [10.568886, 47.172663, 1388.0],
          [10.568951, 47.172636, 1393.25],
          [10.568950, 47.172614, 1392.25],
          [10.568894, 47.172590, 1384.75],
          [10.568859, 47.172556, 1379.75],
          [10.568862, 47.172495, 1376.5],
          [10.568770, 47.172393, 1370.25],
          [10.568660, 47.172289, 1364.25],
          [10.568620, 47.172209, 1363.25],
          [10.568604, 47.172034, 1357.75],
          [10.568672, 47.171986, 1360.5],
          [10.568577, 47.171915, 1353.25],
          [10.568557, 47.171885, 1351.5],
          [10.568641, 47.171845, 1355.75],
          [10.568587, 47.171695, 1349.0],
          [10.568573, 47.171518, 1342.75],
          [10.568669, 47.171424, 1345.75],
          [10.568702, 47.171240, 1341.75],
          [10.568758, 47.171104, 1340.5],
          [10.568957, 47.170777, 1334.0],
          [10.569202, 47.170541, 1327.5],
          [10.569382, 47.170415, 1319.0],
          [10.569434, 47.170418, 1321.5],
          [10.569538, 47.170450, 1330.5],
          [10.569653, 47.170434, 1334.5],
          [10.569817, 47.170360, 1338.0],
          [10.569710, 47.170274, 1322.25],
          [10.569169, 47.170050, 1307.5],
          [10.569084, 47.169948, 1305.0],
          [10.569054, 47.169877, 1302.5],
          [10.569315, 47.169509, 1297.25],
          [10.569301, 47.169481, 1295.25],
          [10.568993, 47.169620, 1291.75],
          [10.568795, 47.169609, 1284.0],
          [10.568926, 47.169568, 1285.75],
          [10.569031, 47.169498, 1285.0],
          [10.569053, 47.169398, 1279.25],
          [10.569141, 47.169335, 1278.75],
          [10.569264, 47.169292, 1280.25],
          [10.569367, 47.169100, 1268.75],
          [10.569556, 47.169062, 1272.5],
          [10.569635, 47.168955, 1268.5],
          [10.569721, 47.168684, 1259.25],
          [10.569859, 47.168574, 1258.75],
          [10.569941, 47.168378, 1246.5],
          [10.570299, 47.168290, 1247.25],
          [10.570390, 47.168321, 1251.25],
          [10.570502, 47.168319, 1251.75],
          [10.570573, 47.168343, 1255.75],
          [10.570546, 47.168306, 1251.25],
          [10.570511, 47.168284, 1249.5],
          [10.570517, 47.168261, 1248.25],
          [10.570461, 47.168213, 1243.75],
          [10.570469, 47.168174, 1241.0],
          [10.570633, 47.168114, 1248.5],
          [10.570721, 47.168027, 1255.75],
          [10.570361, 47.167908, 1240.75],
          [10.570070, 47.167776, 1238.0],
          [10.569956, 47.167654, 1228.75],
          [10.569912, 47.167441, 1225.25],
          [10.569689, 47.166946, 1206.5],
          [10.569595, 47.166683, 1197.25],
          [10.569606, 47.166396, 1188.5],
          [10.569620, 47.166324, 1183.75],
          [10.569546, 47.166322, 1179.75],
          [10.569498, 47.166342, 1178.75],
          [10.569278, 47.166514, 1175.0],
          [10.569150, 47.166535, 1168.5],
          [10.569189, 47.166256, 1159.25],
          [10.569351, 47.166111, 1156.75],
          [10.569741, 47.166049, 1163.75],
          [10.569864, 47.165944, 1158.75],
          [10.570111, 47.165835, 1157.25],
          [10.570419, 47.165755, 1166.0],
          [10.570681, 47.165566, 1161.5],
          [10.570791, 47.165413, 1156.75],
          [10.570927, 47.165279, 1154.25],
          [10.571059, 47.165208, 1153.0],
          [10.571284, 47.165057, 1152.5],
          [10.571523, 47.164841, 1147.5],
          [10.571611, 47.164723, 1141.0],
          [10.571931, 47.164589, 1142.25],
          [10.572125, 47.164478, 1140.75],
          [10.572578, 47.164197, 1135.0],
          [10.572717, 47.164181, 1134.25],
          [10.572881, 47.164191, 1139.0],
          [10.572907, 47.164123, 1133.0],
          [10.573033, 47.164083, 1134.0],
          [10.573247, 47.164052, 1137.0],
          [10.573365, 47.163994, 1134.75],
          [10.573925, 47.163968, 1130.25],
          [10.574501, 47.164058, 1125.25],
          [10.574737, 47.164147, 1126.25],
          [10.574863, 47.164124, 1121.75],
          [10.575213, 47.164275, 1123.25],
          [10.575497, 47.164181, 1111.25],
          [10.575859, 47.164193, 1105.75],
          [10.575784, 47.164038, 1096.5],
          [10.576130, 47.164142, 1093.0],
          [10.575837, 47.163693, 1071.5],
          [10.575993, 47.163704, 1070.0],
          [10.576428, 47.163860, 1065.0],
          [10.576601, 47.163854, 1059.25],
          [10.576868, 47.163922, 1052.5],
          [10.576974, 47.164007, 1051.0],
          [10.576996, 47.164062, 1052.0],
          [10.577039, 47.164071, 1049.75],
          [10.577060, 47.164051, 1048.0],
          [10.577034, 47.163966, 1045.75],
          [10.577050, 47.163957, 1044.5],
          [10.577108, 47.163978, 1042.25],
          [10.577137, 47.164054, 1043.75],
          [10.577249, 47.164112, 1040.0],
          [10.577264, 47.164135, 1040.25],
          [10.577264, 47.164183, 1042.5],
          [10.577281, 47.164206, 1042.75],
          [10.577396, 47.164233, 1038.25],
          [10.577488, 47.164307, 1037.5],
          [10.577646, 47.164403, 1033.25],
          [10.577667, 47.164401, 1031.75],
          [10.577627, 47.164286, 1027.25],
          [10.577637, 47.164270, 1025.5],
          [10.577753, 47.164320, 1021.0],
          [10.577892, 47.164414, 1020.5],
          [10.578000, 47.164426, 1016.5],
          [10.578038, 47.164441, 1016.25],
          [10.578093, 47.164482, 1017.5],
          [10.578206, 47.164505, 1015.0],
          [10.578321, 47.164576, 1016.75],
          [10.578449, 47.164587, 1012.5],
          [10.578648, 47.164638, 1009.25],
          [10.578958, 47.164678, 1001.0],
          [10.579084, 47.164683, 997.0],
          [10.579380, 47.164764, 993.5],
          [10.579514, 47.164786, 990.75],
          [10.579553, 47.164815, 992.5],
          [10.579623, 47.164833, 992.0],
          [10.580765, 47.164941, 973.0],
          [10.581220, 47.165094, 970.75],
          [10.581570, 47.165126, 966.5],
          [10.581699, 47.165104, 964.0],
          [10.581809, 47.165099, 958.25],
          [10.581934, 47.165138, 955.25],
          [10.582024, 47.165183, 952.0],
          [10.582107, 47.165243, 955.25],
          [10.582181, 47.165322, 957.75],
          [10.582217, 47.165425, 953.75],
          [10.581972, 47.165712, 950.25],
          [10.582305, 47.165677, 940.75],
          [10.582262, 47.165855, 934.0],
          [10.582307, 47.166018, 929.0],
          [10.582398, 47.166207, 925.25],
          [10.582524, 47.166240, 919.25],
          [10.582639, 47.166332, 915.25],
          [10.582714, 47.166466, 913.0],
          [10.582821, 47.166750, 909.75],
          [10.583037, 47.166905, 902.25],
          [10.583123, 47.166909, 898.75],
          [10.583273, 47.166961, 894.75],
          [10.583260, 47.166974, 895.5],
          [10.583253, 47.167048, 898.0],
          [10.583289, 47.167070, 897.0],
          [10.583378, 47.166980, 890.25],
          [10.583372, 47.166839, 885.25],
          [10.583343, 47.166793, 884.5],
          [10.583350, 47.166778, 883.5],
          [10.583559, 47.166897, 878.25],
          [10.583555, 47.166985, 881.0],
          [10.583660, 47.167026, 876.75],
          [10.583731, 47.167095, 874.75],
          [10.583777, 47.167161, 873.75],
          [10.583810, 47.167268, 875.25],
          [10.583992, 47.167338, 869.5],
          [10.584148, 47.167469, 866.0],
          [10.584304, 47.167577, 862.25],
          [10.584578, 47.167750, 855.5],
          [10.584799, 47.167861, 851.75],
          [10.585041, 47.167963, 846.0],
          [10.585297, 47.168044, 838.75],
          [10.585478, 47.168126, 835.75],
          [10.585556, 47.168177, 834.5],
          [10.586397, 47.168359, 825.25],
          [10.586585, 47.168395, 822.25],
          [10.586723, 47.168434, 821.0],
          [10.586955, 47.168461, 817.25],
          [10.587175, 47.168498, 815.25],
          [10.587371, 47.168478, 808.0],
          [10.587265, 47.168364, 806.75],
          [10.587140, 47.168112, 796.0],
          [10.587087, 47.168056, 794.25],
          [10.587120, 47.167937, 788.5],
          [10.587147, 47.167920, 787.25],
          [10.587156, 47.167924, 787.25],
          [10.587195, 47.167941, 787.0],
          [10.587260, 47.167967, 786.5],
          [10.587372, 47.167983, 784.25],
          [10.587511, 47.168039, 782.75],
          [10.587574, 47.168089, 782.75],
          [10.587798, 47.168231, 778.5],
          [10.587975, 47.168403, 778.5],
          [10.588071, 47.168482, 778.25],
          [10.588256, 47.168602, 777.0],
          [10.588657, 47.168811, 777.0],
          [10.589082, 47.169056, 778.5],
          [10.589263, 47.169139, 776.75],
          [10.589345, 47.169192, 777.5],
          [10.589641, 47.169349, 778.5],
          [10.589730, 47.169382, 776.75],
          [10.590116, 47.169571, 778.75],
          [10.590468, 47.169699, 777.5],
          [10.590783, 47.169791, 779.75],
          [10.591310, 47.169902, 780.0],
          [10.591796, 47.170039, 781.5],
          [10.591896, 47.170076, 783.25],
          [10.592436, 47.170335, 784.75],
          [10.592569, 47.170373, 784.0],
          [10.592597, 47.170350, 783.25],
          [10.592938, 47.170510, 784.25],
          [10.593439, 47.170719, 784.25],
          [10.593490, 47.170735, 784.25],
          [10.593689, 47.170799, 784.5],
          [10.594107, 47.170904, 781.75],
          [10.595116, 47.171170, 777.75],
          [10.595490, 47.171250, 775.0],
          [10.595669, 47.171300, 774.0],
          [10.595857, 47.171352, 773.0],
          [10.596441, 47.171558, 770.5],
          [10.596426, 47.171637, 769.25],
          [10.597215, 47.171904, 766.75],
          [10.597653, 47.172048, 766.0],
          [10.597780, 47.172054, 766.0],
          [10.598098, 47.172115, 768.25],
          [10.598242, 47.172089, 768.75],
          [10.598333, 47.172011, 769.0],
          [10.598473, 47.171744, 767.25],
          [10.598578, 47.171525, 761.75],
          [10.598990, 47.171636, 763.0],
          [10.599149, 47.171409, 764.5],
          [10.599017, 47.171386, 763.25],
          [10.598551, 47.171370, 759.25],
          [10.597997, 47.171210, 759.75],
          [10.597318, 47.171029, 760.25],
          [10.597042, 47.170906, 759.0],
          [10.596512, 47.170764, 759.5],
          [10.596372, 47.170705, 760.25],
          [10.595991, 47.170352, 756.75],
          [10.595765, 47.170169, 757.0],
          [10.595397, 47.169909, 757.0],
          [10.595143, 47.169720, 757.0],
          [10.594556, 47.169409, 757.0],
          [10.594191, 47.169186, 756.75],
          [10.593399, 47.168787, 757.0],
          [10.593115, 47.168618, 757.0],
          [10.592934, 47.168511, 757.5],
          [10.592695, 47.168327, 757.75],
          [10.592148, 47.167904, 757.25],
          [10.591925, 47.167631, 757.0],
          [10.592162, 47.167400, 756.75],
          [10.592259, 47.167258, 757.0],
          [10.592191, 47.167108, 757.25],
          [10.592062, 47.166987, 757.75],
          [10.592240, 47.166848, 757.5],
          [10.591317, 47.165876, 758.25],
          [10.591181, 47.165749, 758.25],
          [10.590681, 47.165386, 758.5],
          [10.590771, 47.165364, 758.25],
          [10.591917, 47.165080, 759.25],
          [10.592047, 47.165041, 761.25],
          [10.592001, 47.164958, 761.5],
          [10.591768, 47.164505, 760.5],
          [10.591747, 47.164468, 760.75],
          [10.591534, 47.164092, 760.0],
          [10.591284, 47.163780, 759.0],
          [10.591236, 47.163727, 759.0],
          [10.590991, 47.163452, 760.0],
          [10.590699, 47.163125, 760.75],
          [10.590616, 47.163032, 761.0],
          [10.590181, 47.162545, 761.5],
          [10.589995, 47.162332, 761.5],
          [10.589652, 47.161969, 761.75],
          [10.589512, 47.161822, 762.0],
          [10.589458, 47.161763, 762.0],
          [10.589246, 47.161533, 762.0],
          [10.589232, 47.161517, 762.0],
          [10.589055, 47.161326, 762.0],
          [10.588984, 47.161249, 762.0],
          [10.588774, 47.161021, 762.0],
          [10.588713, 47.160954, 762.25],
          [10.588701, 47.160942, 762.25],
          [10.588687, 47.160926, 762.25],
          [10.588534, 47.160759, 762.5],
          [10.588491, 47.160701, 762.25],
          [10.589465, 47.159940, 763.0],
          [10.589901, 47.159625, 763.25],
          [10.590140, 47.159451, 764.25],
          [10.590441, 47.159245, 765.25],
          [10.590769, 47.159081, 766.25],
          [10.590628, 47.158963, 766.5],
          [10.590487, 47.158847, 766.5],
          [10.590293, 47.158657, 766.0],
          [10.590210, 47.158549, 766.0],
          [10.590160, 47.158461, 766.0],
          [10.590066, 47.158304, 766.0],
          [10.590040, 47.158260, 766.0],
          [10.589842, 47.158013, 766.0],
          [10.589792, 47.157841, 766.0],
          [10.589778, 47.157800, 766.0],
          [10.589571, 47.157752, 766.5],
          [10.589701, 47.157713, 766.25],
          [10.589589, 47.157504, 766.75],
          [10.590004, 47.157436, 767.0],
          [10.590142, 47.157264, 767.25],
          [10.590256, 47.157071, 768.5]
        ]
      }
    }
  ]
}
