{
  "type": "FeatureCollection",
  "features": [
    {
      "type": "Feature",
      "properties": {
        "creator": "BRouter-1.7.10",
        "name": "brouter_mtb_0",
        "track-length": "36717",
        "filtered ascend": "2015",
        "plain-ascend": "227",
        "total-time": "20175",
        "total-energy": "1941724",
        "cost": "294304",
        "messages": [
          ["Longitude", "Latitude", "Elevation", "Distance", "CostPerKm", "ElevCost", "TurnCost", "NodeCost", "InitialCost", "WayTags", "NodeTags", "Time", "Energy"],
          ["11264042", "47388727", "963", "33", "13675", "0", "0", "0", "0", "reversedirection=yes highway=service surface=asphalt", "", "6", "662"],
          ["11264320", "47388432", "961", "39", "11495", "0", "67", "0", "30", "reversedirection=yes highway=residential surface=asphalt mtb:scale=0 route_bicycle_rcn=yes", "", "12", "1217"],
          ["11264626", "47388229", "961", "33", "11495", "0", "1", "0", "0", "reversedirection=yes highway=residential surface=asphalt cycleway:both=no mtb:scale=0 route_bicycle_rcn=yes", "", "16", "1650"],
          ["11264724", "47388165", "961", "10", "11495", "0", "0", "0", "0", "reversedirection=yes highway=residential surface=asphalt mtb:scale=0 route_bicycle_rcn=yes", "", "17", "1794"],
          ["11270005", "47386204", "966", "520", "6575", "0", "16", "0", "30", "reversedirection=yes highway=track surface=compacted tracktype=grade2 foot=yes bicycle=yes", "", "123", "12382"],
          ["11271725", "47384359", "969", "263", "11495", "0", "24", "0", "30", "highway=residential surface=asphalt route_bicycle_rcn=yes", "nodeaccessgranted=yes highway=give_way direction=forward", "181", "18114"],
          ["11271705", "47384307", "970", "6", "11495", "0", "0", "0", "0", "highway=residential surface=asphalt route_bicycle_rcn=yes", "", "182", "18288"],
          ["11272638", "47384042", "969", "76", "11495", "0", "54", "0", "0", "highway=residential surface=asphalt smoothness=excellent cycleway:both=no route_bicycle_rcn=yes", "", "197", "19763"],
          ["11272661", "47384060", "969", "3", "13575", "0", "46", "0", "0", "highway=residential surface=asphalt smoothness=excellent cycleway:both=no", "highway=give_way direction=backward", "198", "19831"],
          ["11272580", "47384789", "980", "93", "13450", "0", "21", "0", "0", "highway=residential surface=asphalt smoothness=excellent cycleway:both=no", "", "239", "23969"],
          ["11272596", "47384787", "980", "1", "13450", "0", "60", "0", "0", "reversedirection=yes highway=residential surface=asphalt smoothness=excellent cycleway:both=no", "highway=give_way direction=forward", "240", "24027"],
          ["11274334", "47383979", "993", "166", "13450", "0", "23", "0", "0", "reversedirection=yes highway=residential surface=asphalt smoothness=excellent cycleway:both=no", "", "377", "37779"],
          ["11307268", "47402066", "1101", "4139", "6575", "0", "170", "0", "30", "reversedirection=yes highway=track surface=fine_gravel tracktype=grade2 foot=yes bicycle=yes mtb:scale=0", "barrier=lift_gate bicycle=yes foot=yes", "2047", "204775"],
          ["11317035", "47413598", "1140", "1556", "6700", "0", "14", "0", "0", "reversedirection=yes highway=track surface=fine_gravel tracktype=grade2 foot=yes bicycle=yes mtb:scale=0", "", "2543", "254406"],
          ["11317143", "47413620", "1140", "9", "6400", "0", "1", "0", "0", "reversedirection=yes highway=track surface=wood tracktype=grade2 foot=yes bicycle=yes mtb:scale=0", "", "2545", "254561"],
          ["11327537", "47420100", "1161", "1186", "6700", "0", "22", "0", "0", "reversedirection=yes highway=track surface=fine_gravel tracktype=grade2 foot=yes bicycle=yes mtb:scale=0", "", "2875", "287577"],
          ["11327655", "47420148", "1162", "10", "6700", "0", "0", "0", "0", "reversedirection=yes highway=track surface=wood tracktype=grade2 foot=yes bicycle=yes mtb:scale=0", "", "2878", "287873"],
          ["11328483", "47420459", "1164", "72", "6700", "0", "0", "0", "0", "reversedirection=yes highway=track surface=fine_gravel tracktype=grade2 foot=yes bicycle=yes mtb:scale=0", "barrier=gate access=yes bicycle=yes", "2902", "290268"],
          ["11335731", "47424417", "1178", "704", "6700", "0", "1", "0", "0", "reversedirection=yes highway=track surface=fine_gravel tracktype=grade2 foot=yes bicycle=yes mtb:scale=0", "", "3104", "310470"],
          ["11352200", "47421146", "1755", "1967", "10300", "0", "842", "0", "0", "reversedirection=yes highway=path", "", "8108", "810987"],
          ["11335731", "47424417", "1178", "1967", "10150", "0", "805", "0", "0", "highway=path", "", "8281", "813434"],
          ["11336041", "47424645", "1178", "34", "6625", "0", "20", "0", "0", "reversedirection=yes highway=track surface=fine_gravel tracktype=grade2 foot=yes bicycle=yes mtb:scale=0", "", "8284", "813434"],
          ["11336162", "47424737", "1178", "14", "6625", "0", "0", "0", "0", "reversedirection=yes highway=track surface=fine_gravel tracktype=grade2 foot=yes bicycle=yes", "", "8285", "813434"],
          ["11346195", "47427677", "1197", "866", "6575", "0", "5", "0", "0", "reversedirection=yes highway=track surface=fine_gravel tracktype=grade2 foot=yes bicycle=yes mtb:scale=0", "barrier=gate", "8469", "831775"],
          ["11372781", "47432551", "1307", "2232", "6575", "0", "18", "0", "0", "reversedirection=yes highway=track surface=fine_gravel tracktype=grade2 foot=yes bicycle=yes mtb:scale=0", "", "9698", "954740"],
          ["11372940", "47432548", "1307", "12", "6400", "0", "0", "0", "0", "reversedirection=yes highway=track surface=wood tracktype=grade2 foot=yes bicycle=yes mtb:scale=0", "", "9701", "955030"],
          ["11373001", "47432548", "1308", "5", "6575", "0", "0", "0", "0", "reversedirection=yes highway=track surface=fine_gravel tracktype=grade2 foot=yes bicycle=yes mtb:scale=0", "", "9702", "955155"],
          ["11377741", "47435527", "1374", "589", "11225", "0", "52", "0", "0", "reversedirection=yes highway=track surface=compacted tracktype=grade2 foot=yes bicycle=no", "", "10376", "1022490"],
          ["11377466", "47436088", "1390", "68", "11300", "0", "34", "0", "0", "highway=track surface=compacted tracktype=grade2 foot=yes bicycle=no", "", "10413", "1026264"],
          ["11378311", "47436425", "1407", "85", "10300", "0", "56", "0", "0", "reversedirection=yes highway=path", "", "10516", "1036544"],
          ["11383913", "47441762", "1787", "2008", "10300", "0", "1399", "0", "0", "highway=path", "", "14035", "1388426"],
          ["11374175", "47448373", "1757", "1241", "7800", "0", "319", "0", "0", "reversedirection=yes highway=path surface=unpaved", "", "14529", "1432369"],
          ["11368118", "47449366", "1650", "515", "7800", "0", "76", "0", "0", "highway=path surface=unpaved", "", "14598", "1435852"],
          ["11366750", "47450092", "1608", "144", "10150", "0", "33", "0", "0", "reversedirection=yes highway=path", "", "14610", "1435852"],
          ["11374363", "47449729", "1496", "617", "10150", "0", "168", "0", "0", "highway=path", "", "14659", "1435852"],
          ["11377912", "47458989", "1330", "1237", "10150", "0", "654", "0", "0", "reversedirection=yes highway=path", "", "14820", "1445999"],
          ["11376517", "47466217", "1172", "820", "9520", "0", "11", "0", "0", "reversedirection=yes highway=track surface=ground tracktype=grade5", "", "14885", "1445999"],
          ["11376812", "47467546", "1156", "153", "7225", "0", "5", "0", "0", "reversedirection=yes highway=track tracktype=grade2", "", "14898", "1445999"],
          ["11376764", "47467636", "1155", "11", "7225", "0", "13", "0", "0", "highway=track surface=compacted tracktype=grade2", "", "14898", "1445999"],
          ["11376719", "47467747", "1154", "13", "7225", "0", "0", "0", "0", "highway=track tracktype=grade2", "", "14899", "1445999"],
          ["11376582", "47468000", "1155", "30", "7225", "0", "0", "0", "0", "highway=track surface=compacted tracktype=grade2", "", "14902", "1445999"],
          ["11383643", "47472971", "1109", "921", "7225", "0", "67", "0", "0", "reversedirection=yes highway=track surface=compacted tracktype=grade2", "", "15007", "1451247"],
          ["11383710", "47472505", "1108", "54", "10150", "0", "55", "200", "0", "highway=path foot=yes", "ford=yes", "15011", "1451535"],
          ["11383893", "47472168", "1110", "46", "10150", "0", "24", "0", "0", "highway=path foot=yes", "", "15016", "1452024"],
          ["11384851", "47472985", "1120", "184", "8700", "0", "32", "0", "0", "highway=track tracktype=grade4", "", "15066", "1457097"],
          ["11403788", "47485203", "1139", "2204", "6575", "0", "50", "0", "0", "highway=track tracktype=grade3 bicycle=yes", "", "15682", "1518686"],
          ["11452230", "47485115", "1037", "5259", "6625", "0", "123", "0", "0", "highway=track tracktype=grade2 bicycle=yes", "", "17402", "1673791"],
          ["11452252", "47485068", "1036", "5", "7225", "0", "1", "0", "0", "highway=track tracktype=grade2", "", "17403", "1673791"],
          ["11460098", "47480896", "944", "955", "6625", "0", "55", "0", "0", "highway=track surface=fine_gravel tracktype=grade2 bicycle=yes", "", "17480", "1674568"],
          ["11464956", "47476006", "922", "728", "6625", "0", "35", "0", "0", "highway=track tracktype=grade2 bicycle=yes", "", "17546", "1678854"],
          ["11464771", "47476378", "921", "44", "21820", "0", "147", "0", "50", "highway=tertiary surface=asphalt estimated_traffic_class=1 cycleway:both=no", "", "17552", "1679388"],
          ["11469174", "47473194", "959", "552", "7300", "0", "116", "0", "30", "reversedirection=yes highway=track tracktype=grade2", "", "17830", "1707267"],
          ["11477789", "47475892", "1198", "2081", "7300", "0", "313", "0", "0", "highway=track tracktype=grade2", "", "20130", "1937254"],
          ["11477293", "47476066", "1194", "43", "6700", "0", "8", "0", "0", "highway=track tracktype=grade4 foot=yes bicycle=yes", "", "20151", "1939378"],
          ["11476563", "47476738", "1189", "94", "6625", "0", "0", "0", "0", "highway=track tracktype=grade5 foot=yes bicycle=yes", "", "20175", "1941724"]
        ],
        "times": [0,2.656,6.62,10.089,12.171,13.134,15.361,16.5,17.943,20.202,20.977,21.896,26.492,31.218,33.663,36.839,42.868,50.601,61.447,70.353,74.455,80.375,84.722,88.31,90.314,94.34,99.962,100.826,104.182,108.967,118.366,120.283,123.799,128.994,131.442,133.704,137.207,140.879,148.855,153.698,156.3,173.577,174.705,176.154,177.489,178.435,179.643,181.109,182.853,185.496,190.594,192.934,197.605,198.281,201.108,203.114,203.731,204.59,207.077,214.662,216.409,217.431,218.494,239.658,240.233,245.497,246.845,249.558,260.829,266.585,278.899,299.732,337.008,344.921,360.785,370.998,375.897,377.755,378.663,381.289,382.942,387.992,404.765,414.246,418.019,421.265,435.233,441.122,448.975,459.549,483.45,493.994,514.043,521.6,534.187,536.953,539.582,542.076,549.516,555.192,560.292,577.61,606.833,644.046,654.654,660.488,668.234,672.385,676.358,681.342,686.517,690.684,694.77,736.268,749.14,757.687,764.475,770.249,774.709,778.572,785.681,792.955,802.967,818.061,824.618,828.173,831.57,854.376,868.338,876.121,882.538,890.996,895.185,898.714,907.979,913.694,917.673,931.799,936.892,967.292,979.228,1010.911,1046.317,1097.669,1151.529,1160.808,1188.483,1212.347,1233.506,1246.158,1261.466,1287.658,1301.752,1307.763,1323.845,1342.66,1351.676,1358.37,1369.973,1377.487,1385.036,1393.569,1397.134,1401.974,1407.871,1414.011,1429.242,1435.364,1439.399,1440.978,1444.481,1449.052,1462.24,1466.697,1470.541,1496.225,1499.656,1509.186,1525.318,1536.686,1541.169,1545.065,1559.883,1569.421,1579.471,1584.63,1593.067,1599.442,1601.647,1603.42,1610.676,1620.991,1635.141,1649.779,1658.156,1663.453,1666.911,1671.456,1679.125,1698.351,1715.392,1718.954,1725.599,1742.48,1744.547,1747.554,1751.701,1756.768,1760.766,1764.861,1770.923,1788.309,1790.285,1791.927,1794.035,1802.111,1812.389,1817.829,1822.833,1827.044,1831.135,1845.182,1849.769,1854.074,1859.588,1869.243,1875.01,1878.828,1881.749,1890.162,1893.549,1895.109,1896.771,1899.146,1900.51,1906.127,1908.587,1910.971,1923.021,1925.199,1929.038,1932.423,1935.134,1937.529,1939.452,1940.711,1941.689,1942.437,1943.868,1946.613,1947.6,1948.354,1950.444,1952.667,1956.165,1957.126,1958.486,1963.915,1965.181,1966.354,1967.932,1969.931,1971.373,1979.196,1980.635,1982.176,1986.958,1988.391,1990.042,1991.461,1993.309,1997.908,1999.165,2000.441,2002.465,2003.635,2007.999,2013.921,2014.855,2015.317,2015.868,2017.256,2018.72,2019.923,2022.82,2024.063,2025.418,2026.535,2028.025,2028.834,2030.147,2031.908,2032.949,2033.837,2035.634,2041.531,2043.862,2045.142,2046.235,2047.557,2050.805,2056.915,2060.029,2062.154,2064.466,2067.115,2072.937,2074.81,2079.847,2087.715,2093.783,2098.669,2104.883,2108.039,2112.502,2121.177,2137.534,2140.605,2143.771,2145.183,2149.312,2153.942,2159.849,2165.71,2171.574,2175.613,2179.668,2185.102,2191.886,2198.003,2202.971,2223.371,2247.291,2252.272,2261.775,2323.894,2327.257,2335.354,2340.495,2344.028,2348.396,2356.047,2371.374,2391.429,2416.157,2422.779,2429.356,2438.95,2449.84,2461.996,2474.192,2476.566,2480.346,2485.848,2497.093,2505.89,2513.462,2515.855,2517.956,2524.573,2526.735,2530.351,2538.717,2541.91,2542.838,2543.762,2545.308,2551.867,2555.927,2558.517,2561.415,2563.138,2564.048,2565.105,2568.268,2574.242,2577.124,2598.73,2602.532,2610.339,2612.266,2616.354,2618.809,2620.945,2626.081,2629.213,2632.661,2637.745,2673.462,2678.483,2685.074,2694.211,2697.99,2702.344,2706.648,2710.408,2713.436,2718.336,2723.228,2726.918,2729.5,2732.293,2748.391,2753.551,2757.358,2761.036,2764.485,2767.862,2772.279,2775.968,2778.574,2780.033,2784.194,2786.442,2790.162,2792.452,2797.727,2800.733,2805.281,2809.997,2816.985,2821.851,2829.522,2833.024,2836.118,2842.155,2844.43,2846.953,2860.815,2867.761,2875.397,2878.358,2888.212,2891.616,2900.011,2901.006,2902.305,3040.706,3046.436,3050.549,3054.265,3060.927,3068.941,3088.015,3098.112,3104.265,3169.489,3228.657,3237.27,3238.947,3242.691,3245.486,3247.932,3255.786,3308.302,3430.906,3512.011,3536.975,3555.87,3577.442,3613.343,3631.213,3682.025,3685.514,3706.923,3720.851,3736.686,3866.535,3956.445,4033.533,4145.041,4232.331,4314.479,4413.881,4506.421,4648.481,4698.43,4798.61,4859.564,4922.187,4972.326,5082.706,5767.34,6273.559,6456.274,6713.863,6904.009,7152.74,7237.068,7250.657,7345.742,7361.23,7711.873,7873.411,7915.435,8015.949,8108.408,8125.66,8127.899,8129.339,8133.66,8145.899,8149.02,8153.339,8154.144,8157.582,8162.142,8164.942,8168.222,8170.782,8177.582,8189.422,8193.822,8195.902,8198.302,8200.862,8204.942,8207.582,8211.982,8215.822,8219.582,8223.022,8226.702,8230.942,8234.622,8238.622,8244.143,8245.103,8245.822,8246.862,8247.022,8249.183,8250.143,8251.982,8253.183,8254.062,8255.022,8258.143,8263.902,8268.622,8269.582,8269.902,8270.223,8270.622,8270.782,8271.582,8276.062,8281.982,8284.702,8285.822,8287.179,8293.142,8294.747,8298.829,8300.793,8302.006,8307.523,8316.751,8318.312,8320.309,8323.646,8326.524,8328.225,8333.28,8338.452,8342.477,8346.394,8351.714,8359.893,8362.223,8364.637,8367.033,8375.037,8379.219,8382.191,8386.664,8394.616,8401.908,8449.672,8462.914,8469.191,8495.491,8507.287,8519.114,8530.72,8547.81,8551.516,8554.251,8568.979,8576.9,8588.228,8594.707,8600.573,8604.346,8608.531,8617.444,8622.024,8629.451,8638.945,8642.088,8644.486,8648.094,8654.601,8669.594,8678.376,8684.481,8689.108,8702.547,8709.631,8721.167,8725.043,8727.891,8775.315,8790.975,8817.263,8856.465,8863.213,8887.33,8894.55,8916.934,8930.653,8942.031,8949.765,8956.856,8966.281,8976.57,9003.563,9021.505,9027.089,9045.568,9054.482,9068.185,9086.275,9098.014,9120.715,9146.693,9158.779,9167.952,9172.072,9193.289,9201.04,9225.076,9243.891,9268.609,9278.878,9288.863,9299.095,9308.062,9362.251,9395.555,9401.939,9406.697,9425.307,9431.351,9440.585,9478.418,9504.545,9531.736,9586.658,9605.185,9613.612,9624.537,9636.849,9645.784,9651.226,9660.216,9674.039,9676.852,9683.119,9687.452,9691.977,9695.973,9698.748,9701.646,9702.901,9718.513,9743.342,9774.464,9911.957,9953.504,9986.55,10038.316,10081.107,10121.139,10153.977,10198.395,10235.313,10272.7,10292.473,10323.029,10345.426,10357.958,10366.729,10376.242,10384.674,10405.356,10411.562,10413.975,10431.635,10468.533,10516.774,10528.637,10566.281,10601.838,10764.064,10810.951,10858.53,10868.681,10894.771,10945.474,10983.321,11015.598,11039.623,11123.011,11189.229,11244.938,11281.858,11338.236,11406.011,11426.228,11455.496,11563.432,11614.552,11637.416,11646.33,11705.812,11742.209,11769.084,11827.84,11859.246,11908.885,11938.002,11987.891,12042.291,12106.014,12165.973,12209.458,12282.639,12372.697,12440.729,12478.81,12518.317,12554.268,12598.758,12615.301,12667.016,12716.985,12780.002,12851.446,12899.52,12986.137,13078.681,13139.132,13197.766,13268.586,13317.27,13417.658,13450.256,13502.422,13560.209,13627.311,13692.412,13768.362,13859.525,13916.573,13958.023,13970.812,13996.461,14010.851,14035.596,14058.619,14066.246,14078.277,14088.874,14092.318,14100.434,14108.605,14127.464,14139.013,14145.45,14169.562,14183.896,14195.131,14203.036,14215.275,14230.387,14237.857,14246.885,14254.782,14261.184,14267.867,14272.717,14288.347,14294.371,14312.348,14318.176,14325.055,14339.564,14353.129,14368.29,14376.086,14381.83,14408.436,14417.131,14420.297,14423.442,14434.457,14438.738,14441.348,14442.672,14443.409,14444.039,14444.553,14445.027,14447.593,14452.793,14453.033,14453.273,14453.834,14454.554,14454.953,14455.273,14455.754,14456.793,14457.914,14458.474,14458.793,14459.594,14461.834,14462.633,14463.354,14464.394,14466.233,14466.633,14468.873,14469.354,14469.834,14470.313,14471.754,14472.313,14473.594,14474.393,14474.633,14475.193,14475.514,14476.553,14477.354,14478.073,14478.473,14479.354,14480.312,14481.193,14481.992,14483.033,14483.808,14484.057,14485.257,14485.977,14486.322,14487.054,14487.467,14489.59,14490.336,14491.662,14492.334,14493.1,14494.652,14497.498,14499.738,14500.619,14501.339,14502.619,14503.339,14504.539,14506.699,14507.42,14508.219,14510.699,14511.26,14513.02,14513.419,14513.659,14514.139,14515.1,14515.499,14516.459,14519.045,14519.445,14520.718,14522.631,14524.314,14527.4,14529.205,14533.449,14534.729,14535.688,14539.982,14541.422,14542.862,14544.383,14545.662,14552.862,14553.982,14555.662,14560.062,14562.703,14565.901,14588.994,14594.354,14595.554,14596.354,14598.754,14600.273,14603.233,14603.793,14604.754,14606.834,14607.554,14608.434,14610.273,14610.994,14612.273,14612.674,14613.153,14614.033,14614.754,14615.394,14615.953,14617.074,14618.354,14619.633,14621.233,14622.113,14622.674,14623.953,14626.193,14629.473,14630.833,14631.873,14633.473,14634.354,14634.673,14634.992,14635.553,14635.953,14636.353,14636.912,14637.312,14637.793,14640.672,14642.353,14649.232,14651.633,14656.032,14659.633,14660.992,14664.592,14665.232,14667.393,14669.473,14670.113,14673.793,14676.434,14677.473,14678.833,14681.232,14682.434,14683.232,14684.913,14685.793,14686.993,14687.633,14688.354,14688.994,14689.953,14690.834,14691.793,14692.914,14695.713,14699.073,14700.514,14702.434,14705.553,14711.233,14716.896,14717.464,14734.846,14750.924,14765.328,14786.863,14795.08,14805.064,14812.68,14820.2,14827.96,14835.561,14838.92,14849.48,14856.439,14861.48,14868.2,14871.641,14877,14881.721,14883.881,14884.601,14885.801,14889.721,14892.361,14893.561,14896.281,14897.401,14898.041,14898.922,14899.961,14902.361,14906.281,14908.441,14910.922,14912.281,14916.361,14925.161,14928.01,14929.92,14939.273,14951.604,14960.888,14967.459,14971.768,14975.24,14982.681,14983.164,14983.563,14984.043,14984.684,14987.804,14989.724,14990.523,14991.084,14992.203,14994.684,15000.604,15003.004,15005.644,15007.004,15007.803,15008.844,15009.883,15011.344,15012.834,15014.473,15016.237,15031.062,15032.057,15032.789,15033.168,15038.694,15044.431,15047.82,15049.958,15066.953,15075.064,15077.004,15078.364,15080.587,15084.777,15090.817,15095.671,15096.73,15101.391,15108.362,15119.553,15122.324,15123.929,15125.516,15126.236,15127.516,15128.016,15129.325,15134.06,15135.966,15138.143,15139.617,15141.641,15150.991,15153.277,15156.325,15159.857,15161.619,15165.803,15172.998,15183.582,15187.325,15190.781,15194.037,15196.789,15201.098,15202.975,15205.016,15205.928,15208.529,15216.176,15219.282,15226.527,15227.538,15242.887,15247.537,15249.846,15257.365,15259.525,15262.514,15265.244,15268.889,15271.539,15274.891,15276.59,15278.794,15285.314,15287.758,15294.125,15310.732,15313.137,15320.799,15326.475,15330.146,15345.521,15366.309,15376.691,15384.65,15397.451,15405.762,15418.033,15424.895,15433.34,15436.233,15439.807,15456.479,15467.508,15476.041,15485.018,15498.065,15500.352,15506.783,15522.382,15529.727,15533.456,15552.908,15559.48,15571.322,15582.188,15592.188,15598.066,15605.123,15609.4,15611.619,15613.734,15616.287,15620.141,15622.939,15624.23,15626.902,15628.555,15631.342,15637.818,15642.277,15643.129,15644.242,15645.297,15646.237,15647.318,15647.957,15648.965,15649.906,15650.574,15652.164,15652.715,15654.127,15658.785,15659.6,15660.651,15661.127,15664.824,15666.414,15667.748,15670.457,15671.912,15673.164,15674.818,15677.34,15681.525,15682.99,15683.627,15684.301,15685.738,15686.538,15689.438,15690.086,15691.209,15692.924,15695.222,15696.518,15697.219,15697.812,15698.48,15699.157,15699.674,15700.234,15701.439,15703.925,15704.947,15706.678,15707.59,15708.623,15711.194,15712.665,15717.373,15718.619,15719.418,15720.713,15721.579,15722.852,15725.643,15729.479,15730.649,15732.227,15733.666,15734.547,15736.668,15737.797,15738.87,15740.652,15745.545,15748.332,15749.506,15750.413,15756.082,15760.641,15762.998,15764.125,15765.396,15766.816,15768.203,15769.824,15771.616,15779.26,15783.131,15786.008,15788.387,15790.885,15793.391,15795.328,15798.579,15800.444,15804.443,15815.695,15818.57,15821.18,15828.723,15839.646,15842.084,15844.611,15847.228,15852.988,15857.035,15862.841,15871.555,15880.693,15892.369,15897.416,15903.518,15912.854,15916.178,15919.576,15923.152,15927.111,15945.513,15952.852,15967.447,15974.844,15981.496,15997.062,16004.908,16063.477,16074.281,16099.551,16108.189,16118.189,16128.631,16133.545,16136.775,16142.526,16143.886,16147.01,16153.916,16159.828,16165.014,16169.281,16175.353,16180.354,16193.006,16197.539,16202.121,16211.409,16214.467,16218.037,16224.731,16228.705,16233.133,16240.127,16243.461,16248.576,16257.632,16268.961,16278.996,16292.602,16296.199,16299.629,16304.45,16312.835,16318.787,16325.574,16342.273,16363.046,16371.825,16378.405,16387.164,16402.977,16408.789,16424.129,16437.918,16450.836,16470.064,16479.348,16495.691,16523.121,16533.055,16539.289,16546.91,16556.219,16563.893,16599.582,16605.164,16612.863,16620.076,16629.301,16637.297,16642.891,16662.754,16666.764,16671.91,16684.125,16689.207,16711.242,16725.523,16737.82,16753.672,16773.492,16784.41,16810.199,16817.684,16830.764,16834.789,16867.529,16872.109,16877.848,16884.832,16903.613,16920.084,16929.297,16957.812,16974.617,16983.641,17001.836,17009.854,17018.844,17038.812,17056.535,17072.715,17087.439,17097.535,17103.613,17108.293,17116.07,17123.02,17133.291,17139.035,17145.84,17150.719,17152.254,17155.027,17166.885,17169.496,17171.449,17189.811,17193.277,17196.309,17197.914,17199.488,17200.725,17202.225,17203.146,17204.166,17208.51,17213.293,17215.328,17216.508,17218.508,17220.51,17222.393,17224.742,17226.26,17228.457,17229.891,17231.492,17232.41,17232.816,17233.223,17235.461,17235.863,17236.422,17237.301,17240.182,17241.701,17245.381,17246.5,17248.18,17248.82,17249.941,17252.262,17253.381,17256.82,17257.541,17258.021,17259.461,17260.182,17262.662,17264.502,17266.342,17268.502,17269.863,17271.303,17272.582,17274.023,17275.145,17276.824,17277.863,17279.305,17280.424,17281.543,17283.863,17284.584,17285.465,17286.504,17288.264,17290.424,17290.984,17292.742,17296.984,17298.023,17299.305,17299.703,17300.105,17300.904,17301.703,17303.145,17304.023,17305.703,17306.344,17306.664,17307.064,17308.023,17309.863,17310.344,17310.746,17311.625,17312.025,17315.145,17315.705,17316.824,17318.504,17320.105,17321.385,17322.184,17324.586,17332.426,17335.785,17338.664,17341.145,17343.305,17345.387,17346.266,17346.984,17348.984,17352.586,17353.145,17354.023,17355.703,17356.744,17357.945,17358.344,17358.664,17359.225,17359.545,17359.785,17359.945,17360.105,17360.586,17361.547,17367.867,17371.945,17374.426,17376.188,17378.508,17379.707,17382.027,17384.828,17387.148,17389.629,17391.387,17392.027,17393.787,17394.828,17396.348,17398.105,17398.906,17401.625,17402.586,17402.906,17403.307,17403.467,17403.787,17404.268,17404.906,17405.707,17406.746,17408.854,17411.094,17411.744,17413.207,17413.979,17414.785,17415.746,17416.227,17416.627,17417.188,17417.826,17418.785,17419.105,17419.586,17421.746,17422.307,17422.867,17423.426,17424.145,17425.186,17426.227,17427.186,17428.145,17429.105,17430.547,17431.186,17432.227,17433.426,17433.984,17434.545,17435.984,17436.305,17436.865,17437.824,17438.385,17439.586,17440.145,17440.625,17441.426,17442.385,17443.746,17444.305,17444.705,17445.186,17445.746,17449.344,17450.305,17450.945,17451.504,17452.223,17452.943,17453.742,17454.943,17455.582,17458.863,17459.664,17460.623,17461.422,17462.223,17464.143,17465.184,17467.184,17467.822,17468.781,17472.301,17473.262,17475.422,17477.98,17479.021,17480.383,17482.141,17482.49,17482.977,17483.297,17483.617,17485.539,17486.02,17486.34,17488.258,17492.098,17492.781,17493.398,17495.156,17495.797,17498.197,17501.316,17502.357,17502.838,17503.797,17504.277,17505.078,17506.52,17506.918,17507.559,17509,17510.439,17512.039,17513.32,17514.211,17515.086,17516.531,17517.012,17518.133,17519.859,17520.436,17521.004,17522.123,17522.785,17523.312,17524.137,17525.324,17528.824,17531.676,17534.361,17536.285,17539.982,17544.133,17546.789,17547.713,17551.34,17552.123,17553.836,17557.484,17565.227,17574.664,17577.418,17587.078,17591.555,17600.559,17612.906,17648.225,17684.594,17723.988,17740.416,17761.102,17811.471,17818.703,17830.891,17911.32,17926.727,17956.283,18005.625,18015.203,18028.414,18072.961,18085.547,18114.467,18136.672,18159.281,18177.98,18259.541,18273.512,18322.688,18346.018,18382.055,18402.059,18416,18418.596,18421.447,18431.07,18455.006,18466.221,18486.301,18508.738,18654.125,18670.375,18679.58,18698.676,18709.633,18734.262,18744.844,18827.227,18858.09,18881.244,18913.934,18937.855,19079.455,19100.762,19124.857,19163.166,19204.488,19224.014,19250.781,19265.699,19378.789,19388.658,19399.855,19439.742,19460.652,19591.055,19607.77,19642.529,19670.352,19729.246,19834.201,19860.748,19868.895,19909.355,19919.789,19974.742,20030.34,20091.795,20120.523,20130.756,20144.375,20148.184,20151.992,20164.244,20170.934,20173.105,20175.445]
      },
      "geometry": {
        "type": "LineString",
        "coordinates": [
          [11.264441, 47.388863, 962.75],
          [11.264291, 47.388800, 963.5],
          [11.264042, 47.388727, 963.5],
          [11.264197, 47.388545, 962.5],
          [11.264320, 47.388432, 961.75],
          [11.264392, 47.388385, 961.25],
          [11.264553, 47.388278, 961.5],
          [11.264626, 47.388229, 961.75],
          [11.264724, 47.388165, 961.75],
          [11.264967, 47.388185, 961.0],
          [11.265043, 47.388170, 961.0],
          [11.265118, 47.388128, 961.0],
          [11.265409, 47.387917, 961.25],
          [11.265614, 47.387741, 962.25],
          [11.265723, 47.387632, 961.75],
          [11.265824, 47.387512, 962.75],
          [11.265982, 47.387280, 963.0],
          [11.266180, 47.387022, 963.75],
          [11.266482, 47.386672, 964.25],
          [11.266851, 47.386394, 964.25],
          [11.267078, 47.386266, 964.0],
          [11.267369, 47.386130, 964.75],
          [11.267620, 47.386045, 964.75],
          [11.267840, 47.385988, 964.75],
          [11.267983, 47.385970, 964.5],
          [11.268261, 47.385954, 964.75],
          [11.268595, 47.385951, 965.5],
          [11.268653, 47.385956, 965.5],
          [11.268868, 47.386014, 965.25],
          [11.269188, 47.386078, 965.25],
          [11.269661, 47.386187, 966.5],
          [11.269778, 47.386200, 966.25],
          [11.270005, 47.386204, 966.25],
          [11.270298, 47.386136, 966.75],
          [11.270453, 47.386082, 966.25],
          [11.270595, 47.386023, 966.0],
          [11.270807, 47.385924, 966.25],
          [11.270989, 47.385812, 966.5],
          [11.271321, 47.385558, 967.0],
          [11.271471, 47.385376, 967.25],
          [11.271519, 47.385275, 967.5],
          [11.271671, 47.384678, 968.75],
          [11.271670, 47.384632, 968.75],
          [11.271728, 47.384578, 968.5],
          [11.271750, 47.384516, 968.25],
          [11.271754, 47.384468, 968.25],
          [11.271746, 47.384412, 968.5],
          [11.271725, 47.384359, 969.25],
          [11.271705, 47.384307, 970.0],
          [11.271903, 47.384258, 968.0],
          [11.272262, 47.384162, 968.25],
          [11.272402, 47.384127, 969.0],
          [11.272638, 47.384042, 969.5],
          [11.272661, 47.384060, 969.5],
          [11.272764, 47.384139, 969.75],
          [11.272801, 47.384186, 971.25],
          [11.272804, 47.384215, 972.5],
          [11.272797, 47.384243, 973.75],
          [11.272759, 47.384290, 975.5],
          [11.272552, 47.384409, 975.5],
          [11.272522, 47.384448, 975.5],
          [11.272510, 47.384478, 975.5],
          [11.272509, 47.384506, 975.75],
          [11.272580, 47.384789, 980.5],
          [11.272596, 47.384787, 980.5],
          [11.272696, 47.384771, 981.75],
          [11.272722, 47.384759, 982.25],
          [11.272751, 47.384734, 982.5],
          [11.272810, 47.384594, 983.5],
          [11.272864, 47.384534, 984.5],
          [11.273021, 47.384462, 987.25],
          [11.273274, 47.384379, 990.25],
          [11.273742, 47.384281, 993.5],
          [11.273852, 47.384241, 994.25],
          [11.274029, 47.384132, 995.5],
          [11.274166, 47.384031, 994.5],
          [11.274289, 47.383988, 993.0],
          [11.274334, 47.383979, 993.0],
          [11.274364, 47.383977, 993.0],
          [11.274428, 47.383986, 994.0],
          [11.274466, 47.384004, 994.5],
          [11.274526, 47.384061, 995.75],
          [11.274617, 47.384219, 999.75],
          [11.274692, 47.384316, 1000.0],
          [11.274743, 47.384346, 1000.25],
          [11.274793, 47.384365, 1001.25],
          [11.275013, 47.384358, 1002.25],
          [11.275111, 47.384375, 1002.25],
          [11.275233, 47.384418, 1003.5],
          [11.275365, 47.384496, 1004.75],
          [11.275601, 47.384672, 1007.75],
          [11.275724, 47.384734, 1009.0],
          [11.276000, 47.384826, 1010.5],
          [11.276089, 47.384885, 1011.5],
          [11.276203, 47.384977, 1014.0],
          [11.276241, 47.384988, 1014.25],
          [11.276283, 47.384988, 1014.0],
          [11.276320, 47.384981, 1013.75],
          [11.276416, 47.384919, 1013.25],
          [11.276511, 47.384892, 1013.5],
          [11.276604, 47.384895, 1014.25],
          [11.276858, 47.384978, 1016.5],
          [11.277243, 47.385171, 1018.75],
          [11.277615, 47.385449, 1023.0],
          [11.277796, 47.385502, 1023.25],
          [11.277855, 47.385554, 1025.5],
          [11.277939, 47.385608, 1026.5],
          [11.277991, 47.385628, 1026.75],
          [11.278059, 47.385628, 1026.75],
          [11.278141, 47.385594, 1026.25],
          [11.278240, 47.385571, 1026.0],
          [11.278324, 47.385582, 1027.0],
          [11.278401, 47.385603, 1027.25],
          [11.278889, 47.385851, 1032.25],
          [11.279087, 47.385897, 1033.75],
          [11.279230, 47.385906, 1034.5],
          [11.279354, 47.385900, 1035.0],
          [11.279450, 47.385863, 1035.25],
          [11.279493, 47.385822, 1036.0],
          [11.279512, 47.385783, 1036.75],
          [11.279505, 47.385703, 1037.5],
          [11.279458, 47.385617, 1037.5],
          [11.279360, 47.385475, 1036.75],
          [11.279337, 47.385273, 1038.75],
          [11.279272, 47.385167, 1038.0],
          [11.279262, 47.385103, 1038.5],
          [11.279274, 47.385051, 1039.5],
          [11.279474, 47.384890, 1045.75],
          [11.279503, 47.384749, 1046.25],
          [11.279562, 47.384681, 1047.25],
          [11.279584, 47.384612, 1047.25],
          [11.279574, 47.384495, 1046.25],
          [11.279584, 47.384435, 1046.25],
          [11.279630, 47.384391, 1046.5],
          [11.279763, 47.384331, 1049.25],
          [11.279826, 47.384290, 1050.5],
          [11.279860, 47.384250, 1050.75],
          [11.279929, 47.384065, 1050.25],
          [11.279982, 47.384000, 1050.75],
          [11.280390, 47.383827, 1055.0],
          [11.280570, 47.383775, 1056.5],
          [11.281028, 47.383688, 1059.75],
          [11.281536, 47.383641, 1063.5],
          [11.282237, 47.383650, 1068.75],
          [11.282954, 47.383696, 1074.5],
          [11.283103, 47.383691, 1075.75],
          [11.283502, 47.383635, 1078.25],
          [11.283860, 47.383595, 1080.75],
          [11.284172, 47.383598, 1083.0],
          [11.284369, 47.383619, 1084.25],
          [11.284600, 47.383670, 1085.75],
          [11.284961, 47.383763, 1088.5],
          [11.285103, 47.383865, 1090.25],
          [11.285159, 47.383917, 1091.0],
          [11.285243, 47.384077, 1092.0],
          [11.285418, 47.384304, 1091.75],
          [11.285467, 47.384429, 1092.75],
          [11.285475, 47.384540, 1092.5],
          [11.285450, 47.384763, 1092.25],
          [11.285359, 47.384935, 1092.0],
          [11.285270, 47.385133, 1092.0],
          [11.285214, 47.385404, 1092.0],
          [11.285172, 47.385516, 1092.25],
          [11.285004, 47.385691, 1091.5],
          [11.284784, 47.385871, 1092.0],
          [11.284610, 47.386123, 1091.75],
          [11.284406, 47.386677, 1093.0],
          [11.284397, 47.386890, 1093.75],
          [11.284439, 47.387028, 1094.0],
          [11.284450, 47.387092, 1093.75],
          [11.284450, 47.387231, 1094.0],
          [11.284399, 47.387382, 1094.75],
          [11.284230, 47.387662, 1097.0],
          [11.284205, 47.387767, 1097.5],
          [11.284225, 47.387854, 1098.0],
          [11.284495, 47.388352, 1100.0],
          [11.284557, 47.388424, 1100.5],
          [11.284779, 47.388579, 1101.25],
          [11.285048, 47.388848, 1103.0],
          [11.285179, 47.389030, 1104.75],
          [11.285266, 47.389086, 1105.5],
          [11.285373, 47.389104, 1105.75],
          [11.285817, 47.389062, 1106.0],
          [11.286174, 47.389050, 1106.0],
          [11.286593, 47.389068, 1106.25],
          [11.286762, 47.389118, 1107.5],
          [11.287015, 47.389210, 1108.25],
          [11.287207, 47.389282, 1108.75],
          [11.287260, 47.389317, 1109.0],
          [11.287290, 47.389356, 1109.0],
          [11.287335, 47.389538, 1109.25],
          [11.287358, 47.389835, 1109.5],
          [11.287487, 47.390206, 1110.75],
          [11.287593, 47.390557, 1112.25],
          [11.287602, 47.390786, 1112.75],
          [11.287630, 47.390919, 1113.5],
          [11.287691, 47.390998, 1113.75],
          [11.287854, 47.391081, 1113.5],
          [11.288079, 47.391174, 1115.0],
          [11.288621, 47.391374, 1116.5],
          [11.289079, 47.391616, 1117.75],
          [11.289213, 47.391662, 1117.75],
          [11.289471, 47.391679, 1118.25],
          [11.290040, 47.391682, 1120.0],
          [11.290133, 47.391699, 1119.5],
          [11.290246, 47.391751, 1119.75],
          [11.290340, 47.391844, 1120.25],
          [11.290391, 47.391955, 1121.5],
          [11.290461, 47.392026, 1122.0],
          [11.290568, 47.392090, 1122.0],
          [11.290740, 47.392174, 1122.5],
          [11.291161, 47.392472, 1123.5],
          [11.291233, 47.392516, 1123.0],
          [11.291284, 47.392561, 1123.0],
          [11.291311, 47.392619, 1123.5],
          [11.291367, 47.392815, 1124.75],
          [11.291440, 47.393015, 1126.5],
          [11.291500, 47.393107, 1127.75],
          [11.291606, 47.393171, 1127.75],
          [11.291722, 47.393212, 1127.75],
          [11.291866, 47.393235, 1127.5],
          [11.292690, 47.393295, 1126.0],
          [11.292856, 47.393300, 1125.25],
          [11.293127, 47.393376, 1126.25],
          [11.293446, 47.393552, 1126.0],
          [11.293711, 47.393742, 1125.75],
          [11.293944, 47.393892, 1125.0],
          [11.294190, 47.393997, 1124.0],
          [11.294367, 47.394108, 1123.75],
          [11.294910, 47.394417, 1123.5],
          [11.295155, 47.394568, 1122.75],
          [11.295287, 47.394641, 1122.0],
          [11.295463, 47.394689, 1121.75],
          [11.295717, 47.394732, 1121.5],
          [11.295854, 47.394766, 1121.5],
          [11.296309, 47.395063, 1120.75],
          [11.296523, 47.395188, 1120.25],
          [11.296720, 47.395319, 1119.75],
          [11.297269, 47.395853, 1118.25],
          [11.297427, 47.396023, 1118.5],
          [11.297707, 47.396222, 1116.25],
          [11.297984, 47.396383, 1115.75],
          [11.298202, 47.396478, 1116.0],
          [11.298416, 47.396543, 1115.75],
          [11.298590, 47.396580, 1115.75],
          [11.298725, 47.396602, 1115.25],
          [11.298815, 47.396639, 1115.0],
          [11.298864, 47.396683, 1115.0],
          [11.298930, 47.396796, 1113.75],
          [11.299025, 47.397022, 1113.5],
          [11.299094, 47.397080, 1114.0],
          [11.299162, 47.397105, 1114.0],
          [11.299373, 47.397145, 1113.75],
          [11.299625, 47.397160, 1113.25],
          [11.300000, 47.397165, 1113.25],
          [11.300134, 47.397174, 1111.5],
          [11.300303, 47.397218, 1111.25],
          [11.300893, 47.397470, 1110.75],
          [11.301038, 47.397514, 1110.25],
          [11.301172, 47.397566, 1109.5],
          [11.301328, 47.397679, 1108.75],
          [11.301478, 47.397832, 1108.75],
          [11.301596, 47.397921, 1109.0],
          [11.302291, 47.398393, 1107.75],
          [11.302431, 47.398478, 1106.75],
          [11.302616, 47.398563, 1105.5],
          [11.302855, 47.398820, 1107.5],
          [11.302956, 47.398886, 1107.0],
          [11.303169, 47.398969, 1104.25],
          [11.303269, 47.399055, 1105.75],
          [11.303500, 47.399159, 1103.5],
          [11.303712, 47.399409, 1105.75],
          [11.303831, 47.399487, 1104.0],
          [11.303979, 47.399568, 1102.75],
          [11.304133, 47.399716, 1103.0],
          [11.304211, 47.399791, 1103.5],
          [11.304522, 47.400056, 1103.0],
          [11.304839, 47.400393, 1103.25],
          [11.304896, 47.400437, 1103.0],
          [11.304943, 47.400459, 1102.25],
          [11.305013, 47.400475, 1100.75],
          [11.305197, 47.400485, 1101.0],
          [11.305378, 47.400507, 1101.0],
          [11.305511, 47.400544, 1101.0],
          [11.305866, 47.400652, 1100.0],
          [11.305998, 47.400716, 1099.75],
          [11.306113, 47.400789, 1100.0],
          [11.306199, 47.400863, 1099.75],
          [11.306271, 47.400983, 1099.25],
          [11.306283, 47.401041, 1099.5],
          [11.306277, 47.401132, 1100.0],
          [11.306236, 47.401224, 1100.75],
          [11.306216, 47.401323, 1101.0],
          [11.306245, 47.401406, 1101.0],
          [11.306363, 47.401525, 1101.5],
          [11.306810, 47.401773, 1102.0],
          [11.307048, 47.401862, 1101.0],
          [11.307170, 47.401926, 1100.25],
          [11.307231, 47.401993, 1100.75],
          [11.307268, 47.402066, 1101.5],
          [11.307322, 47.402213, 1102.5],
          [11.307349, 47.402429, 1103.75],
          [11.307414, 47.402554, 1103.25],
          [11.307492, 47.402648, 1102.75],
          [11.307607, 47.402752, 1102.5],
          [11.307765, 47.402855, 1102.25],
          [11.308073, 47.403011, 1103.25],
          [11.308169, 47.403059, 1103.5],
          [11.308426, 47.403154, 1104.0],
          [11.308737, 47.403303, 1105.0],
          [11.308996, 47.403447, 1105.0],
          [11.309219, 47.403647, 1107.0],
          [11.309447, 47.403872, 1107.75],
          [11.309589, 47.403993, 1107.5],
          [11.309817, 47.404133, 1107.75],
          [11.310226, 47.404354, 1108.5],
          [11.310882, 47.404658, 1110.0],
          [11.311005, 47.404752, 1109.75],
          [11.311088, 47.404863, 1110.0],
          [11.311115, 47.404911, 1110.25],
          [11.311188, 47.405041, 1111.0],
          [11.311306, 47.405152, 1111.75],
          [11.311499, 47.405290, 1111.75],
          [11.311670, 47.405402, 1112.75],
          [11.311874, 47.405511, 1112.75],
          [11.312043, 47.405602, 1112.5],
          [11.312177, 47.405705, 1113.0],
          [11.312285, 47.405852, 1113.75],
          [11.312353, 47.406075, 1113.75],
          [11.312436, 47.406297, 1113.75],
          [11.312530, 47.406509, 1113.25],
          [11.312741, 47.407118, 1115.5],
          [11.312902, 47.407859, 1117.0],
          [11.312950, 47.408029, 1117.5],
          [11.313065, 47.408283, 1118.75],
          [11.313768, 47.409394, 1124.25],
          [11.313797, 47.409503, 1124.25],
          [11.313802, 47.409725, 1125.25],
          [11.313825, 47.409894, 1125.0],
          [11.313883, 47.410028, 1124.5],
          [11.313977, 47.410144, 1125.75],
          [11.314239, 47.410379, 1125.25],
          [11.314626, 47.410821, 1126.5],
          [11.315004, 47.411391, 1128.0],
          [11.315267, 47.411751, 1133.0],
          [11.315343, 47.411832, 1135.0],
          [11.315450, 47.411911, 1135.0],
          [11.315658, 47.412010, 1135.25],
          [11.315866, 47.412099, 1137.0],
          [11.316110, 47.412171, 1138.5],
          [11.316404, 47.412223, 1138.75],
          [11.316464, 47.412247, 1138.75],
          [11.316533, 47.412302, 1139.0],
          [11.316582, 47.412396, 1139.75],
          [11.316611, 47.412560, 1142.0],
          [11.316667, 47.412681, 1143.0],
          [11.316728, 47.412789, 1143.25],
          [11.316740, 47.412833, 1142.5],
          [11.316739, 47.412878, 1142.0],
          [11.316677, 47.413024, 1142.0],
          [11.316673, 47.413075, 1142.0],
          [11.316709, 47.413165, 1142.25],
          [11.316830, 47.413408, 1141.75],
          [11.316944, 47.413544, 1140.5],
          [11.316984, 47.413576, 1140.5],
          [11.317035, 47.413598, 1140.5],
          [11.317143, 47.413620, 1140.25],
          [11.317426, 47.413671, 1139.5],
          [11.317651, 47.413703, 1139.0],
          [11.317814, 47.413747, 1138.5],
          [11.318009, 47.413841, 1137.75],
          [11.318126, 47.413918, 1137.25],
          [11.318177, 47.413970, 1136.75],
          [11.318211, 47.414039, 1136.75],
          [11.318232, 47.414237, 1137.0],
          [11.318199, 47.414510, 1138.25],
          [11.318258, 47.414651, 1138.0],
          [11.318905, 47.415627, 1138.25],
          [11.319025, 47.415772, 1139.0],
          [11.319232, 47.415933, 1141.0],
          [11.319306, 47.416018, 1142.0],
          [11.319365, 47.416168, 1143.25],
          [11.319416, 47.416251, 1143.5],
          [11.319491, 47.416313, 1143.5],
          [11.319708, 47.416416, 1144.0],
          [11.319847, 47.416492, 1144.0],
          [11.319994, 47.416588, 1144.0],
          [11.320138, 47.416696, 1145.5],
          [11.320592, 47.417102, 1151.25],
          [11.320685, 47.417151, 1152.25],
          [11.320878, 47.417226, 1150.75],
          [11.321133, 47.417304, 1152.0],
          [11.321240, 47.417324, 1153.0],
          [11.321356, 47.417331, 1153.5],
          [11.321479, 47.417307, 1153.25],
          [11.321607, 47.417260, 1152.5],
          [11.321728, 47.417224, 1152.25],
          [11.321891, 47.417192, 1153.5],
          [11.322092, 47.417192, 1153.25],
          [11.322253, 47.417243, 1153.0],
          [11.322347, 47.417290, 1153.25],
          [11.322425, 47.417354, 1153.75],
          [11.322743, 47.417683, 1155.25],
          [11.322909, 47.417787, 1155.25],
          [11.323046, 47.417843, 1155.75],
          [11.323180, 47.417880, 1156.25],
          [11.323317, 47.417903, 1156.25],
          [11.323488, 47.417909, 1155.75],
          [11.323784, 47.417897, 1155.0],
          [11.324037, 47.417864, 1155.0],
          [11.324202, 47.417859, 1155.5],
          [11.324286, 47.417865, 1156.0],
          [11.324451, 47.417910, 1157.25],
          [11.324525, 47.417941, 1157.5],
          [11.324652, 47.418023, 1157.25],
          [11.324746, 47.418069, 1157.0],
          [11.325049, 47.418155, 1156.5],
          [11.325188, 47.418228, 1157.0],
          [11.325343, 47.418339, 1157.75],
          [11.325490, 47.418478, 1157.75],
          [11.325666, 47.418688, 1158.25],
          [11.325705, 47.418840, 1159.0],
          [11.325725, 47.419087, 1159.25],
          [11.325790, 47.419201, 1159.25],
          [11.325865, 47.419307, 1159.25],
          [11.326058, 47.419513, 1159.25],
          [11.326149, 47.419584, 1159.5],
          [11.326262, 47.419638, 1160.0],
          [11.326852, 47.419831, 1161.0],
          [11.327191, 47.419954, 1161.0],
          [11.327537, 47.420100, 1161.5],
          [11.327655, 47.420148, 1162.5],
          [11.328011, 47.420328, 1163.0],
          [11.328131, 47.420364, 1164.0],
          [11.328402, 47.420428, 1165.0],
          [11.328442, 47.420443, 1164.75],
          [11.328483, 47.420459, 1164.75],
          [11.333582, 47.423286, 1171.5],
          [11.333845, 47.423458, 1172.25],
          [11.334014, 47.423606, 1172.25],
          [11.334171, 47.423685, 1173.25],
          [11.334514, 47.423811, 1173.25],
          [11.334816, 47.423953, 1174.5],
          [11.335289, 47.424159, 1177.75],
          [11.335564, 47.424308, 1178.0],
          [11.335731, 47.424417, 1178.5],
          [11.336212, 47.423832, 1188.5],
          [11.336606, 47.423406, 1196.75],
          [11.336663, 47.423328, 1197.75],
          [11.336691, 47.423316, 1198.0],
          [11.336667, 47.423274, 1197.25],
          [11.336673, 47.423238, 1197.0],
          [11.336648, 47.423207, 1196.25],
          [11.336748, 47.423124, 1197.25],
          [11.336914, 47.422605, 1203.25],
          [11.337849, 47.422494, 1222.25],
          [11.338342, 47.422600, 1237.0],
          [11.338499, 47.422598, 1242.5],
          [11.338514, 47.422692, 1240.75],
          [11.338556, 47.422824, 1239.75],
          [11.338765, 47.422975, 1244.25],
          [11.338782, 47.422866, 1246.25],
          [11.338907, 47.422643, 1254.5],
          [11.338930, 47.422635, 1255.75],
          [11.339010, 47.422743, 1256.0],
          [11.339087, 47.422809, 1256.75],
          [11.339124, 47.422917, 1255.75],
          [11.340031, 47.422845, 1270.75],
          [11.339607, 47.422502, 1281.25],
          [11.340211, 47.422531, 1288.75],
          [11.339811, 47.422144, 1304.0],
          [11.340423, 47.422142, 1312.25],
          [11.340235, 47.421781, 1321.5],
          [11.340854, 47.421859, 1333.75],
          [11.340804, 47.421433, 1342.0],
          [11.341490, 47.421596, 1362.5],
          [11.341398, 47.421306, 1360.25],
          [11.341439, 47.420847, 1373.75],
          [11.341833, 47.420954, 1381.5],
          [11.342225, 47.420984, 1390.25],
          [11.342319, 47.421207, 1394.5],
          [11.342094, 47.421677, 1404.5],
          [11.344053, 47.421673, 1486.75],
          [11.345076, 47.421360, 1563.0],
          [11.345420, 47.421191, 1595.25],
          [11.345958, 47.421121, 1626.75],
          [11.346413, 47.421083, 1641.75],
          [11.347166, 47.421135, 1654.75],
          [11.347534, 47.421273, 1652.5],
          [11.347573, 47.421334, 1649.75],
          [11.348272, 47.421443, 1654.0],
          [11.348675, 47.421666, 1643.75],
          [11.350661, 47.421364, 1689.75],
          [11.351345, 47.421206, 1721.75],
          [11.351540, 47.421295, 1724.75],
          [11.351849, 47.421159, 1747.0],
          [11.352200, 47.421146, 1755.75],
          [11.351849, 47.421159, 1747.0],
          [11.351540, 47.421295, 1724.75],
          [11.351345, 47.421206, 1721.75],
          [11.350661, 47.421364, 1689.75],
          [11.348675, 47.421666, 1643.75],
          [11.348272, 47.421443, 1654.0],
          [11.347573, 47.421334, 1649.75],
          [11.347534, 47.421273, 1652.5],
          [11.347166, 47.421135, 1654.75],
          [11.346413, 47.421083, 1641.75],
          [11.345958, 47.421121, 1626.75],
          [11.345420, 47.421191, 1595.25],
          [11.345076, 47.421360, 1563.0],
          [11.344053, 47.421673, 1486.75],
          [11.342094, 47.421677, 1404.5],
          [11.342319, 47.421207, 1394.5],
          [11.342225, 47.420984, 1390.25],
          [11.341833, 47.420954, 1381.5],
          [11.341439, 47.420847, 1373.75],
          [11.341398, 47.421306, 1360.25],
          [11.341490, 47.421596, 1362.5],
          [11.340804, 47.421433, 1342.0],
          [11.340854, 47.421859, 1333.75],
          [11.340235, 47.421781, 1321.5],
          [11.340423, 47.422142, 1312.25],
          [11.339811, 47.422144, 1304.0],
          [11.340211, 47.422531, 1288.75],
          [11.339607, 47.422502, 1281.25],
          [11.340031, 47.422845, 1270.75],
          [11.339124, 47.422917, 1255.75],
          [11.339087, 47.422809, 1256.75],
          [11.339010, 47.422743, 1256.0],
          [11.338930, 47.422635, 1255.75],
          [11.338907, 47.422643, 1254.5],
          [11.338782, 47.422866, 1246.25],
          [11.338765, 47.422975, 1244.25],
          [11.338556, 47.422824, 1239.75],
          [11.338514, 47.422692, 1240.75],
          [11.338499, 47.422598, 1242.5],
          [11.338342, 47.422600, 1237.0],
          [11.337849, 47.422494, 1222.25],
          [11.336914, 47.422605, 1203.25],
          [11.336748, 47.423124, 1197.25],
          [11.336648, 47.423207, 1196.25],
          [11.336673, 47.423238, 1197.0],
          [11.336667, 47.423274, 1197.25],
          [11.336691, 47.423316, 1198.0],
          [11.336663, 47.423328, 1197.75],
          [11.336606, 47.423406, 1196.75],
          [11.336212, 47.423832, 1188.5],
          [11.335731, 47.424417, 1178.5],
          [11.336041, 47.424645, 1178.0],
          [11.336162, 47.424737, 1178.5],
          [11.336322, 47.424829, 1180.5],
          [11.336796, 47.425053, 1182.75],
          [11.336897, 47.425118, 1183.25],
          [11.337171, 47.425358, 1184.75],
          [11.337299, 47.425435, 1185.5],
          [11.337377, 47.425464, 1186.0],
          [11.337766, 47.425570, 1186.0],
          [11.338444, 47.425722, 1189.0],
          [11.338537, 47.425734, 1190.0],
          [11.338638, 47.425737, 1190.5],
          [11.338858, 47.425707, 1189.75],
          [11.339052, 47.425708, 1189.75],
          [11.339166, 47.425718, 1189.75],
          [11.339522, 47.425816, 1189.5],
          [11.339729, 47.425848, 1189.0],
          [11.339893, 47.425857, 1189.5],
          [11.340167, 47.425830, 1190.5],
          [11.340562, 47.425758, 1190.25],
          [11.341046, 47.425656, 1191.25],
          [11.341183, 47.425655, 1191.75],
          [11.341314, 47.425674, 1192.0],
          [11.341420, 47.425715, 1192.5],
          [11.341759, 47.425956, 1192.0],
          [11.341974, 47.426087, 1191.75],
          [11.342127, 47.426152, 1192.25],
          [11.342345, 47.426221, 1193.0],
          [11.342784, 47.426327, 1193.0],
          [11.343162, 47.426469, 1193.25],
          [11.345190, 47.427301, 1196.0],
          [11.345844, 47.427548, 1197.0],
          [11.346195, 47.427677, 1197.0],
          [11.346970, 47.427983, 1200.75],
          [11.347355, 47.428107, 1202.0],
          [11.347651, 47.428182, 1204.5],
          [11.347991, 47.428230, 1205.0],
          [11.348856, 47.428223, 1200.75],
          [11.349127, 47.428227, 1203.0],
          [11.349317, 47.428260, 1203.0],
          [11.349814, 47.428454, 1206.0],
          [11.350176, 47.428555, 1205.75],
          [11.350730, 47.428672, 1206.25],
          [11.350971, 47.428767, 1207.5],
          [11.351277, 47.428947, 1206.0],
          [11.351468, 47.429050, 1206.5],
          [11.351653, 47.429099, 1207.75],
          [11.352016, 47.429153, 1205.75],
          [11.352365, 47.429192, 1206.75],
          [11.352690, 47.429285, 1208.75],
          [11.353231, 47.429379, 1208.5],
          [11.353422, 47.429399, 1208.5],
          [11.353574, 47.429406, 1208.75],
          [11.353772, 47.429401, 1209.25],
          [11.354090, 47.429380, 1210.0],
          [11.354729, 47.429304, 1211.25],
          [11.355135, 47.429276, 1211.75],
          [11.355374, 47.429294, 1213.0],
          [11.355531, 47.429316, 1214.0],
          [11.355904, 47.429390, 1215.75],
          [11.356098, 47.429399, 1216.75],
          [11.356440, 47.429385, 1217.25],
          [11.356549, 47.429405, 1217.75],
          [11.356630, 47.429429, 1217.75],
          [11.357313, 47.429763, 1224.5],
          [11.357592, 47.429868, 1226.25],
          [11.358020, 47.430008, 1229.25],
          [11.358503, 47.430259, 1234.0],
          [11.358625, 47.430279, 1235.0],
          [11.358979, 47.430298, 1238.25],
          [11.359098, 47.430292, 1238.75],
          [11.359394, 47.430226, 1242.25],
          [11.359598, 47.430209, 1242.75],
          [11.359787, 47.430221, 1243.5],
          [11.359913, 47.430234, 1244.0],
          [11.360040, 47.430256, 1244.0],
          [11.360186, 47.430314, 1245.0],
          [11.360324, 47.430360, 1247.5],
          [11.360632, 47.430440, 1252.0],
          [11.360876, 47.430481, 1252.75],
          [11.360956, 47.430508, 1252.25],
          [11.361126, 47.430635, 1255.5],
          [11.361213, 47.430680, 1258.5],
          [11.361363, 47.430724, 1260.0],
          [11.361608, 47.430773, 1259.5],
          [11.361811, 47.430839, 1258.0],
          [11.362098, 47.430944, 1262.25],
          [11.362412, 47.431027, 1266.25],
          [11.362603, 47.431069, 1265.5],
          [11.362862, 47.431111, 1262.5],
          [11.362951, 47.431156, 1263.75],
          [11.363306, 47.431399, 1265.5],
          [11.363424, 47.431493, 1266.75],
          [11.363664, 47.431797, 1269.25],
          [11.363819, 47.432022, 1271.75],
          [11.363925, 47.432277, 1276.0],
          [11.364001, 47.432382, 1277.0],
          [11.364085, 47.432474, 1278.5],
          [11.364218, 47.432547, 1279.0],
          [11.364349, 47.432604, 1279.5],
          [11.365083, 47.432814, 1284.75],
          [11.365536, 47.432947, 1289.0],
          [11.365636, 47.432965, 1289.75],
          [11.365710, 47.432967, 1290.25],
          [11.366017, 47.432914, 1291.25],
          [11.366131, 47.432912, 1291.25],
          [11.366350, 47.432919, 1290.5],
          [11.367218, 47.432940, 1293.25],
          [11.367769, 47.432918, 1296.75],
          [11.368304, 47.432906, 1300.0],
          [11.369575, 47.433006, 1303.0],
          [11.370061, 47.433075, 1305.25],
          [11.370308, 47.433086, 1305.75],
          [11.370624, 47.433083, 1306.75],
          [11.370929, 47.433105, 1308.75],
          [11.371142, 47.433132, 1310.0],
          [11.371277, 47.433124, 1310.5],
          [11.371495, 47.433081, 1311.0],
          [11.371844, 47.432958, 1311.25],
          [11.371916, 47.432923, 1311.25],
          [11.372132, 47.432817, 1310.5],
          [11.372326, 47.432683, 1309.25],
          [11.372461, 47.432608, 1308.5],
          [11.372635, 47.432568, 1308.0],
          [11.372781, 47.432551, 1307.75],
          [11.372940, 47.432548, 1307.75],
          [11.373001, 47.432548, 1308.0],
          [11.373028, 47.432859, 1314.25],
          [11.373081, 47.433169, 1319.25],
          [11.373211, 47.433457, 1324.75],
          [11.373788, 47.434153, 1341.5],
          [11.374029, 47.434381, 1347.75],
          [11.374122, 47.434575, 1352.75],
          [11.374369, 47.434795, 1360.0],
          [11.374533, 47.434997, 1364.75],
          [11.374666, 47.435183, 1370.25],
          [11.374817, 47.435317, 1374.0],
          [11.374953, 47.435507, 1380.5],
          [11.375126, 47.435626, 1385.0],
          [11.375411, 47.435654, 1386.25],
          [11.375592, 47.435625, 1386.0],
          [11.375892, 47.435668, 1387.75],
          [11.376187, 47.435597, 1386.0],
          [11.376418, 47.435585, 1385.5],
          [11.376729, 47.435488, 1381.75],
          [11.377741, 47.435527, 1374.75],
          [11.377733, 47.435780, 1381.0],
          [11.377528, 47.435997, 1387.25],
          [11.377474, 47.436064, 1389.25],
          [11.377466, 47.436088, 1390.0],
          [11.377763, 47.436161, 1390.25],
          [11.377898, 47.436419, 1398.75],
          [11.378311, 47.436425, 1407.0],
          [11.378410, 47.436412, 1409.25],
          [11.378658, 47.436472, 1416.5],
          [11.378890, 47.436420, 1421.5],
          [11.379781, 47.436417, 1438.25],
          [11.379491, 47.436547, 1441.75],
          [11.379092, 47.436698, 1442.25],
          [11.379188, 47.436696, 1445.75],
          [11.379384, 47.436711, 1451.0],
          [11.379716, 47.436687, 1458.5],
          [11.379963, 47.436589, 1459.75],
          [11.380202, 47.436533, 1463.25],
          [11.380416, 47.436473, 1463.0],
          [11.381045, 47.436515, 1472.75],
          [11.381529, 47.436514, 1481.25],
          [11.381094, 47.436657, 1485.0],
          [11.380834, 47.436767, 1490.5],
          [11.380287, 47.436869, 1492.25],
          [11.379829, 47.437250, 1498.0],
          [11.380001, 47.437233, 1506.0],
          [11.380212, 47.437142, 1508.5],
          [11.381025, 47.437101, 1519.0],
          [11.381575, 47.436995, 1520.5],
          [11.381804, 47.436993, 1526.0],
          [11.381800, 47.437046, 1529.25],
          [11.381414, 47.437264, 1534.0],
          [11.381115, 47.437368, 1537.75],
          [11.381346, 47.437403, 1541.5],
          [11.381746, 47.437392, 1551.5],
          [11.381511, 47.437494, 1551.0],
          [11.381057, 47.437639, 1553.25],
          [11.380895, 47.437776, 1559.0],
          [11.381268, 47.437793, 1567.0],
          [11.381218, 47.437993, 1579.25],
          [11.381589, 47.437895, 1583.0],
          [11.381965, 47.437666, 1583.5],
          [11.382216, 47.437688, 1597.0],
          [11.382628, 47.437542, 1601.25],
          [11.382262, 47.437889, 1608.25],
          [11.382665, 47.437809, 1619.0],
          [11.382436, 47.437965, 1618.5],
          [11.382702, 47.437922, 1626.0],
          [11.382938, 47.437804, 1627.25],
          [11.383295, 47.437851, 1631.75],
          [11.383390, 47.437914, 1635.0],
          [11.383050, 47.437991, 1641.75],
          [11.383394, 47.438063, 1646.5],
          [11.382910, 47.438196, 1650.0],
          [11.383334, 47.438301, 1662.75],
          [11.383020, 47.438387, 1666.25],
          [11.382492, 47.438711, 1671.0],
          [11.383116, 47.438662, 1684.75],
          [11.382824, 47.438924, 1689.0],
          [11.383044, 47.439153, 1699.0],
          [11.382908, 47.439508, 1703.5],
          [11.382792, 47.439775, 1708.0],
          [11.382783, 47.440208, 1722.25],
          [11.382911, 47.440307, 1730.0],
          [11.383008, 47.440505, 1735.75],
          [11.383144, 47.440710, 1742.25],
          [11.383327, 47.440946, 1748.25],
          [11.383375, 47.440609, 1749.5],
          [11.383654, 47.440911, 1759.25],
          [11.383694, 47.441378, 1766.75],
          [11.383348, 47.441654, 1770.75],
          [11.383361, 47.441903, 1776.5],
          [11.383466, 47.441843, 1777.0],
          [11.383658, 47.441901, 1782.75],
          [11.383734, 47.441824, 1783.0],
          [11.383913, 47.441762, 1787.5],
          [11.383858, 47.441893, 1788.75],
          [11.383871, 47.441936, 1790.25],
          [11.383917, 47.441993, 1793.5],
          [11.383927, 47.442043, 1795.25],
          [11.383919, 47.442063, 1795.5],
          [11.383876, 47.442095, 1795.0],
          [11.383873, 47.442136, 1796.0],
          [11.383787, 47.442223, 1796.75],
          [11.383783, 47.442282, 1799.25],
          [11.383750, 47.442314, 1799.75],
          [11.383573, 47.442395, 1800.25],
          [11.383545, 47.442470, 1803.25],
          [11.383473, 47.442514, 1804.75],
          [11.383463, 47.442563, 1805.5],
          [11.383388, 47.442608, 1806.0],
          [11.383320, 47.442687, 1807.25],
          [11.383311, 47.442731, 1808.25],
          [11.383348, 47.442783, 1809.25],
          [11.383392, 47.442822, 1811.0],
          [11.383381, 47.442857, 1812.0],
          [11.383381, 47.442895, 1813.5],
          [11.383340, 47.442908, 1813.5],
          [11.383212, 47.442899, 1814.0],
          [11.383165, 47.442911, 1814.5],
          [11.383060, 47.442975, 1817.25],
          [11.383013, 47.442976, 1816.5],
          [11.382956, 47.442998, 1816.25],
          [11.382857, 47.443067, 1816.75],
          [11.382744, 47.443127, 1817.25],
          [11.382623, 47.443208, 1818.0],
          [11.382529, 47.443237, 1817.0],
          [11.382452, 47.443240, 1817.5],
          [11.382234, 47.443390, 1821.5],
          [11.382139, 47.443424, 1822.5],
          [11.382103, 47.443419, 1822.75],
          [11.382069, 47.443427, 1823.0],
          [11.381934, 47.443484, 1822.25],
          [11.381872, 47.443535, 1819.5],
          [11.381841, 47.443588, 1817.75],
          [11.381786, 47.443606, 1815.75],
          [11.381745, 47.443629, 1814.5],
          [11.381719, 47.443634, 1813.5],
          [11.381694, 47.443629, 1812.75],
          [11.381688, 47.443614, 1812.5],
          [11.381697, 47.443545, 1813.75],
          [11.381050, 47.443158, 1796.0],
          [11.381009, 47.443146, 1796.25],
          [11.380968, 47.443146, 1796.0],
          [11.380882, 47.443166, 1794.75],
          [11.380776, 47.443205, 1793.75],
          [11.380710, 47.443221, 1793.75],
          [11.380664, 47.443243, 1793.5],
          [11.380597, 47.443279, 1792.75],
          [11.380477, 47.443368, 1790.75],
          [11.380329, 47.443438, 1789.25],
          [11.380259, 47.443485, 1787.25],
          [11.380211, 47.443501, 1786.75],
          [11.380087, 47.443523, 1786.75],
          [11.379728, 47.443578, 1786.75],
          [11.379623, 47.443627, 1784.75],
          [11.379533, 47.443679, 1783.25],
          [11.379368, 47.443725, 1784.25],
          [11.379134, 47.443851, 1781.25],
          [11.379069, 47.443873, 1781.5],
          [11.378825, 47.444058, 1776.0],
          [11.378770, 47.444094, 1774.75],
          [11.378704, 47.444123, 1774.25],
          [11.378627, 47.444141, 1774.5],
          [11.378387, 47.444173, 1774.25],
          [11.378293, 47.444191, 1774.25],
          [11.378104, 47.444254, 1773.5],
          [11.377974, 47.444286, 1775.0],
          [11.377949, 47.444301, 1775.0],
          [11.377915, 47.444359, 1773.5],
          [11.377879, 47.444390, 1773.25],
          [11.377790, 47.444490, 1771.75],
          [11.377692, 47.444551, 1771.75],
          [11.377601, 47.444598, 1771.75],
          [11.377537, 47.444621, 1772.25],
          [11.377437, 47.444691, 1771.0],
          [11.377313, 47.444755, 1771.5],
          [11.377213, 47.444830, 1771.0],
          [11.377096, 47.444880, 1770.25],
          [11.376940, 47.444921, 1769.75],
          [11.376845, 47.444973, 1770.5],
          [11.376823, 47.444995, 1770.0],
          [11.376813, 47.445130, 1768.25],
          [11.376788, 47.445208, 1768.0],
          [11.376746, 47.445232, 1769.0],
          [11.376678, 47.445250, 1771.0],
          [11.376649, 47.445269, 1771.5],
          [11.376565, 47.445440, 1770.0],
          [11.376531, 47.445495, 1769.75],
          [11.376451, 47.445579, 1770.25],
          [11.376421, 47.445633, 1769.75],
          [11.376378, 47.445689, 1769.5],
          [11.376307, 47.445823, 1768.5],
          [11.376289, 47.446134, 1766.25],
          [11.376252, 47.446383, 1764.0],
          [11.376268, 47.446485, 1762.5],
          [11.376292, 47.446561, 1761.5],
          [11.376383, 47.446689, 1758.5],
          [11.376380, 47.446769, 1757.25],
          [11.376327, 47.446903, 1755.75],
          [11.376147, 47.447118, 1753.5],
          [11.376065, 47.447174, 1753.0],
          [11.375954, 47.447223, 1753.0],
          [11.375761, 47.447472, 1750.0],
          [11.375738, 47.447529, 1748.5],
          [11.375594, 47.447699, 1746.25],
          [11.375571, 47.447740, 1745.5],
          [11.375542, 47.447761, 1745.5],
          [11.375471, 47.447778, 1746.5],
          [11.375336, 47.447831, 1745.25],
          [11.375266, 47.447844, 1745.5],
          [11.375138, 47.447907, 1743.75],
          [11.374776, 47.448019, 1747.25],
          [11.374763, 47.448060, 1745.25],
          [11.374626, 47.448137, 1747.25],
          [11.374459, 47.448245, 1750.75],
          [11.374349, 47.448270, 1755.75],
          [11.374243, 47.448350, 1757.0],
          [11.374175, 47.448373, 1757.75],
          [11.374004, 47.448425, 1758.0],
          [11.373952, 47.448560, 1739.5],
          [11.373793, 47.448557, 1742.0],
          [11.373425, 47.448393, 1749.5],
          [11.373189, 47.448374, 1738.5],
          [11.372954, 47.448400, 1716.5],
          [11.372703, 47.448397, 1711.0],
          [11.372486, 47.448394, 1710.0],
          [11.371299, 47.448454, 1700.5],
          [11.371120, 47.448483, 1694.25],
          [11.370850, 47.448511, 1689.5],
          [11.370377, 47.448889, 1671.25],
          [11.369949, 47.448940, 1681.25],
          [11.369730, 47.448905, 1692.25],
          [11.369506, 47.448868, 1710.5],
          [11.368710, 47.449129, 1660.25],
          [11.368624, 47.449254, 1641.75],
          [11.368512, 47.449309, 1641.25],
          [11.368118, 47.449366, 1650.75],
          [11.368094, 47.449540, 1639.25],
          [11.367829, 47.449815, 1630.25],
          [11.367762, 47.449852, 1629.0],
          [11.367620, 47.449901, 1626.25],
          [11.367276, 47.449940, 1620.75],
          [11.367180, 47.449987, 1617.25],
          [11.367030, 47.450004, 1614.0],
          [11.366750, 47.450092, 1608.75],
          [11.366829, 47.450151, 1605.25],
          [11.367036, 47.450198, 1603.5],
          [11.367104, 47.450202, 1603.75],
          [11.367172, 47.450227, 1602.75],
          [11.367319, 47.450225, 1603.5],
          [11.367426, 47.450255, 1602.0],
          [11.367532, 47.450261, 1602.0],
          [11.367614, 47.450283, 1600.5],
          [11.367799, 47.450274, 1600.75],
          [11.368015, 47.450293, 1596.5],
          [11.368225, 47.450282, 1593.0],
          [11.368491, 47.450255, 1588.75],
          [11.368638, 47.450229, 1586.75],
          [11.368733, 47.450227, 1584.0],
          [11.368932, 47.450178, 1580.5],
          [11.369286, 47.450110, 1572.0],
          [11.369723, 47.449890, 1561.25],
          [11.369865, 47.450003, 1553.75],
          [11.369997, 47.449932, 1551.5],
          [11.370256, 47.449966, 1547.0],
          [11.370404, 47.449971, 1546.25],
          [11.370462, 47.449970, 1546.0],
          [11.370518, 47.449978, 1545.5],
          [11.370611, 47.449961, 1546.25],
          [11.370677, 47.449956, 1546.25],
          [11.370734, 47.449936, 1547.5],
          [11.370821, 47.449953, 1546.25],
          [11.370891, 47.449953, 1546.5],
          [11.370962, 47.449972, 1545.75],
          [11.371424, 47.449906, 1547.5],
          [11.371695, 47.449876, 1546.0],
          [11.372781, 47.449645, 1537.25],
          [11.373105, 47.449488, 1536.5],
          [11.373763, 47.449711, 1500.25],
          [11.374363, 47.449729, 1496.75],
          [11.374291, 47.449876, 1486.5],
          [11.374355, 47.450280, 1463.75],
          [11.374414, 47.450336, 1460.75],
          [11.374449, 47.450581, 1448.0],
          [11.374640, 47.450781, 1440.5],
          [11.374739, 47.450793, 1440.0],
          [11.374892, 47.451198, 1419.75],
          [11.374865, 47.451494, 1405.5],
          [11.374782, 47.451599, 1401.25],
          [11.375004, 47.451600, 1398.5],
          [11.374795, 47.451829, 1389.75],
          [11.374991, 47.451869, 1387.0],
          [11.374961, 47.451960, 1383.0],
          [11.374728, 47.452061, 1378.75],
          [11.374862, 47.452105, 1376.25],
          [11.374704, 47.452185, 1373.5],
          [11.374787, 47.452228, 1371.25],
          [11.374699, 47.452277, 1370.0],
          [11.374790, 47.452317, 1368.25],
          [11.374664, 47.452377, 1366.25],
          [11.374774, 47.452438, 1364.0],
          [11.374677, 47.452522, 1361.25],
          [11.374809, 47.452615, 1359.0],
          [11.375273, 47.452616, 1362.75],
          [11.375631, 47.452905, 1362.5],
          [11.375544, 47.453055, 1357.75],
          [11.375731, 47.453235, 1354.0],
          [11.375560, 47.453563, 1349.0],
          [11.375377, 47.454191, 1351.25],
          [11.375493, 47.454617, 1356.75],
          [11.375532, 47.454646, 1357.25],
          [11.376050, 47.455025, 1363.75],
          [11.376662, 47.455295, 1364.75],
          [11.376907, 47.455512, 1368.25],
          [11.376930, 47.456360, 1366.25],
          [11.376871, 47.456675, 1364.0],
          [11.377193, 47.457408, 1360.75],
          [11.377590, 47.458169, 1353.25],
          [11.377912, 47.458989, 1330.25],
          [11.377515, 47.459816, 1314.5],
          [11.377257, 47.460650, 1295.0],
          [11.377290, 47.461031, 1285.0],
          [11.376952, 47.462199, 1250.5],
          [11.376952, 47.462982, 1236.75],
          [11.377070, 47.463541, 1226.0],
          [11.376802, 47.464277, 1201.75],
          [11.376877, 47.464658, 1195.0],
          [11.376828, 47.465263, 1186.25],
          [11.376624, 47.465775, 1177.0],
          [11.376512, 47.466003, 1174.75],
          [11.376498, 47.466085, 1174.0],
          [11.376517, 47.466217, 1172.25],
          [11.376725, 47.466630, 1167.75],
          [11.376798, 47.466922, 1165.5],
          [11.376796, 47.467055, 1163.75],
          [11.376709, 47.467359, 1158.25],
          [11.376748, 47.467485, 1156.75],
          [11.376812, 47.467546, 1156.25],
          [11.376764, 47.467636, 1155.0],
          [11.376719, 47.467747, 1154.25],
          [11.376582, 47.468000, 1155.5],
          [11.377201, 47.468125, 1151.75],
          [11.377518, 47.468242, 1148.75],
          [11.377870, 47.468394, 1146.75],
          [11.378012, 47.468514, 1145.75],
          [11.378357, 47.468908, 1142.5],
          [11.379081, 47.469766, 1138.0],
          [11.379271, 47.469930, 1140.0],
          [11.379373, 47.470089, 1141.5],
          [11.379540, 47.470443, 1145.0],
          [11.379834, 47.470779, 1146.5],
          [11.380228, 47.471134, 1148.5],
          [11.380421, 47.471282, 1147.5],
          [11.380509, 47.471390, 1148.0],
          [11.380629, 47.471630, 1144.5],
          [11.380849, 47.472453, 1135.25],
          [11.380908, 47.472493, 1134.0],
          [11.380978, 47.472496, 1133.25],
          [11.381052, 47.472482, 1132.5],
          [11.381103, 47.472418, 1131.75],
          [11.381269, 47.472086, 1127.75],
          [11.381415, 47.471899, 1124.75],
          [11.381533, 47.471850, 1122.75],
          [11.381620, 47.471853, 1121.25],
          [11.381784, 47.471911, 1119.5],
          [11.382105, 47.472086, 1116.75],
          [11.382785, 47.472570, 1113.0],
          [11.383089, 47.472737, 1112.5],
          [11.383472, 47.472877, 1110.5],
          [11.383643, 47.472971, 1109.25],
          [11.383664, 47.472884, 1109.0],
          [11.383595, 47.472777, 1109.0],
          [11.383608, 47.472656, 1109.0],
          [11.383710, 47.472505, 1108.5],
          [11.383895, 47.472418, 1108.5],
          [11.383854, 47.472287, 1109.5],
          [11.383893, 47.472168, 1110.0],
          [11.384384, 47.471911, 1117.0],
          [11.384419, 47.471902, 1117.75],
          [11.384438, 47.471909, 1118.25],
          [11.384449, 47.471928, 1118.75],
          [11.384416, 47.472068, 1121.25],
          [11.384353, 47.472185, 1122.5],
          [11.384326, 47.472271, 1122.0],
          [11.384338, 47.472338, 1121.25],
          [11.384851, 47.472985, 1120.75],
          [11.385124, 47.473407, 1117.0],
          [11.385177, 47.473566, 1115.0],
          [11.385230, 47.473669, 1115.0],
          [11.385341, 47.473803, 1115.5],
          [11.385537, 47.473990, 1116.25],
          [11.385661, 47.474152, 1118.75],
          [11.385733, 47.474384, 1117.25],
          [11.385742, 47.474449, 1116.5],
          [11.385747, 47.474691, 1117.0],
          [11.385792, 47.475076, 1116.75],
          [11.385902, 47.475683, 1113.75],
          [11.385972, 47.475893, 1112.0],
          [11.386040, 47.476016, 1111.25],
          [11.386151, 47.476148, 1110.0],
          [11.386223, 47.476217, 1108.25],
          [11.386377, 47.476317, 1107.75],
          [11.386438, 47.476345, 1107.75],
          [11.386611, 47.476403, 1107.75],
          [11.387275, 47.476683, 1105.5],
          [11.387541, 47.476780, 1104.25],
          [11.387805, 47.476892, 1104.5],
          [11.387957, 47.476981, 1104.25],
          [11.388133, 47.477116, 1104.0],
          [11.388810, 47.477735, 1103.25],
          [11.388926, 47.477865, 1103.5],
          [11.389052, 47.478052, 1103.25],
          [11.389148, 47.478297, 1102.75],
          [11.389210, 47.478418, 1102.5],
          [11.389388, 47.478629, 1103.25],
          [11.389640, 47.478972, 1103.5],
          [11.389973, 47.479467, 1106.75],
          [11.390047, 47.479628, 1107.25],
          [11.390102, 47.479834, 1106.25],
          [11.390176, 47.480003, 1106.5],
          [11.390321, 47.480163, 1105.5],
          [11.390479, 47.480274, 1108.0],
          [11.390543, 47.480312, 1109.0],
          [11.390610, 47.480336, 1109.5],
          [11.390675, 47.480346, 1110.25],
          [11.390806, 47.480381, 1111.25],
          [11.391115, 47.480505, 1112.25],
          [11.391272, 47.480530, 1112.25],
          [11.391539, 47.480556, 1114.0],
          [11.391574, 47.480575, 1114.0],
          [11.391949, 47.480701, 1116.5],
          [11.392107, 47.480726, 1116.25],
          [11.392182, 47.480731, 1116.5],
          [11.392342, 47.480692, 1119.25],
          [11.392399, 47.480701, 1119.25],
          [11.392466, 47.480722, 1119.0],
          [11.392522, 47.480755, 1118.75],
          [11.392592, 47.480841, 1117.5],
          [11.392661, 47.480908, 1117.25],
          [11.392770, 47.480955, 1118.0],
          [11.392834, 47.480957, 1118.25],
          [11.392913, 47.480948, 1118.75],
          [11.393071, 47.480900, 1120.75],
          [11.393138, 47.480888, 1121.0],
          [11.393326, 47.480877, 1121.0],
          [11.393705, 47.480959, 1123.25],
          [11.393767, 47.480960, 1123.25],
          [11.393946, 47.480946, 1124.5],
          [11.394093, 47.480958, 1124.75],
          [11.394198, 47.480982, 1124.5],
          [11.394519, 47.481024, 1127.25],
          [11.394889, 47.481024, 1130.5],
          [11.395074, 47.481044, 1132.0],
          [11.395212, 47.481102, 1132.0],
          [11.395415, 47.481221, 1132.75],
          [11.395521, 47.481313, 1133.75],
          [11.395692, 47.481421, 1135.25],
          [11.395823, 47.481468, 1135.5],
          [11.396006, 47.481503, 1136.0],
          [11.396068, 47.481525, 1136.25],
          [11.396136, 47.481554, 1136.75],
          [11.396415, 47.481720, 1137.75],
          [11.396638, 47.481788, 1139.25],
          [11.396841, 47.481833, 1139.25],
          [11.397056, 47.481863, 1140.0],
          [11.397363, 47.481886, 1141.5],
          [11.397410, 47.481893, 1142.25],
          [11.397532, 47.481933, 1143.5],
          [11.397745, 47.482059, 1145.75],
          [11.397839, 47.482132, 1146.0],
          [11.397881, 47.482174, 1146.0],
          [11.398054, 47.482432, 1147.0],
          [11.398164, 47.482518, 1147.0],
          [11.398444, 47.482661, 1147.25],
          [11.398692, 47.482744, 1149.0],
          [11.398914, 47.482843, 1149.75],
          [11.399078, 47.482894, 1149.5],
          [11.399293, 47.482933, 1150.0],
          [11.399441, 47.482981, 1149.75],
          [11.399510, 47.483017, 1149.5],
          [11.399596, 47.483077, 1148.5],
          [11.399694, 47.483166, 1148.25],
          [11.399820, 47.483328, 1148.0],
          [11.399942, 47.483415, 1148.5],
          [11.399994, 47.483442, 1149.25],
          [11.400112, 47.483479, 1149.5],
          [11.400186, 47.483494, 1149.75],
          [11.400343, 47.483499, 1149.25],
          [11.400643, 47.483467, 1147.25],
          [11.400951, 47.483407, 1146.0],
          [11.401030, 47.483405, 1145.0],
          [11.401155, 47.483430, 1143.75],
          [11.401250, 47.483496, 1143.25],
          [11.401305, 47.483565, 1143.0],
          [11.401383, 47.483633, 1143.0],
          [11.401438, 47.483668, 1142.75],
          [11.401555, 47.483719, 1142.25],
          [11.401664, 47.483753, 1142.25],
          [11.401735, 47.483787, 1141.5],
          [11.401834, 47.483859, 1140.5],
          [11.401860, 47.483893, 1140.25],
          [11.401897, 47.483973, 1140.75],
          [11.401925, 47.484251, 1140.5],
          [11.401942, 47.484299, 1140.75],
          [11.401997, 47.484389, 1141.0],
          [11.402033, 47.484432, 1140.75],
          [11.402297, 47.484643, 1138.75],
          [11.402382, 47.484769, 1137.75],
          [11.402465, 47.484861, 1137.75],
          [11.402621, 47.484990, 1138.75],
          [11.402727, 47.485051, 1138.75],
          [11.402824, 47.485090, 1138.5],
          [11.402993, 47.485126, 1138.0],
          [11.403269, 47.485153, 1137.5],
          [11.403593, 47.485199, 1138.75],
          [11.403788, 47.485203, 1139.0],
          [11.403862, 47.485199, 1139.25],
          [11.403949, 47.485186, 1138.5],
          [11.404086, 47.485149, 1137.0],
          [11.404156, 47.485118, 1137.0],
          [11.404340, 47.485001, 1137.5],
          [11.404401, 47.484976, 1136.75],
          [11.404514, 47.484956, 1136.5],
          [11.404675, 47.484968, 1137.0],
          [11.404851, 47.485008, 1137.5],
          [11.404991, 47.485049, 1138.5],
          [11.405055, 47.485085, 1138.75],
          [11.405094, 47.485120, 1138.75],
          [11.405128, 47.485158, 1139.25],
          [11.405143, 47.485199, 1139.25],
          [11.405147, 47.485238, 1139.0],
          [11.405136, 47.485280, 1138.25],
          [11.405103, 47.485367, 1138.5],
          [11.405039, 47.485506, 1139.5],
          [11.405031, 47.485549, 1140.5],
          [11.405052, 47.485622, 1140.75],
          [11.405080, 47.485656, 1141.0],
          [11.405116, 47.485683, 1141.5],
          [11.405211, 47.485733, 1142.0],
          [11.405264, 47.485754, 1142.25],
          [11.405491, 47.485798, 1142.0],
          [11.405551, 47.485806, 1142.0],
          [11.405609, 47.485803, 1141.25],
          [11.405714, 47.485785, 1140.5],
          [11.405766, 47.485760, 1140.75],
          [11.405827, 47.485720, 1141.5],
          [11.405912, 47.485644, 1142.25],
          [11.406089, 47.485547, 1142.0],
          [11.406152, 47.485529, 1142.25],
          [11.406233, 47.485519, 1142.75],
          [11.406308, 47.485522, 1142.5],
          [11.406361, 47.485526, 1142.25],
          [11.406510, 47.485560, 1141.5],
          [11.406585, 47.485571, 1141.75],
          [11.406650, 47.485572, 1142.25],
          [11.406787, 47.485553, 1141.25],
          [11.407155, 47.485460, 1141.25],
          [11.407330, 47.485408, 1142.0],
          [11.407408, 47.485392, 1142.0],
          [11.407476, 47.485387, 1141.75],
          [11.407699, 47.485395, 1144.25],
          [11.407992, 47.485369, 1145.75],
          [11.408135, 47.485380, 1146.0],
          [11.408198, 47.485397, 1146.25],
          [11.408256, 47.485426, 1146.75],
          [11.408288, 47.485461, 1147.25],
          [11.408309, 47.485506, 1147.25],
          [11.408318, 47.485557, 1147.25],
          [11.408315, 47.485611, 1147.75],
          [11.408280, 47.485805, 1148.75],
          [11.408281, 47.485905, 1149.25],
          [11.408299, 47.485971, 1150.25],
          [11.408326, 47.486010, 1151.25],
          [11.408356, 47.486046, 1151.75],
          [11.408402, 47.486079, 1152.0],
          [11.408448, 47.486097, 1152.0],
          [11.408540, 47.486103, 1152.0],
          [11.408589, 47.486099, 1152.25],
          [11.408699, 47.486067, 1152.25],
          [11.408947, 47.485964, 1153.75],
          [11.409004, 47.485930, 1154.0],
          [11.409046, 47.485895, 1154.75],
          [11.409205, 47.485821, 1155.0],
          [11.409379, 47.485720, 1157.5],
          [11.409424, 47.485699, 1157.75],
          [11.409476, 47.485685, 1158.25],
          [11.409523, 47.485682, 1158.75],
          [11.409635, 47.485707, 1159.0],
          [11.409713, 47.485742, 1158.75],
          [11.409806, 47.485789, 1160.0],
          [11.409918, 47.485879, 1161.0],
          [11.409986, 47.485984, 1162.25],
          [11.410031, 47.486152, 1162.25],
          [11.410073, 47.486236, 1161.75],
          [11.410162, 47.486300, 1163.5],
          [11.410299, 47.486376, 1165.5],
          [11.410359, 47.486396, 1165.5],
          [11.410420, 47.486402, 1166.0],
          [11.410491, 47.486399, 1166.75],
          [11.410547, 47.486384, 1168.0],
          [11.410747, 47.486224, 1169.25],
          [11.410826, 47.486150, 1169.75],
          [11.410947, 47.486002, 1171.25],
          [11.410997, 47.485921, 1172.0],
          [11.411010, 47.485850, 1173.75],
          [11.411065, 47.485685, 1174.75],
          [11.411131, 47.485584, 1174.0],
          [11.411279, 47.485069, 1181.75],
          [11.411321, 47.484954, 1183.0],
          [11.411446, 47.484698, 1185.0],
          [11.411513, 47.484609, 1186.0],
          [11.411576, 47.484501, 1186.75],
          [11.411653, 47.484389, 1187.5],
          [11.411721, 47.484346, 1187.75],
          [11.411773, 47.484322, 1187.5],
          [11.411913, 47.484301, 1186.5],
          [11.411953, 47.484313, 1186.0],
          [11.412013, 47.484349, 1187.0],
          [11.412132, 47.484460, 1186.75],
          [11.412253, 47.484542, 1187.25],
          [11.412350, 47.484602, 1188.5],
          [11.412431, 47.484641, 1190.0],
          [11.412518, 47.484693, 1191.25],
          [11.412583, 47.484742, 1192.25],
          [11.412714, 47.484876, 1193.0],
          [11.412747, 47.484940, 1192.25],
          [11.412798, 47.485004, 1192.75],
          [11.412887, 47.485090, 1195.75],
          [11.412907, 47.485122, 1196.25],
          [11.412920, 47.485169, 1196.0],
          [11.412921, 47.485297, 1193.75],
          [11.412940, 47.485384, 1193.25],
          [11.412981, 47.485484, 1193.25],
          [11.413095, 47.485618, 1194.25],
          [11.413166, 47.485673, 1194.75],
          [11.413263, 47.485732, 1196.25],
          [11.413433, 47.485789, 1198.5],
          [11.413635, 47.485805, 1200.75],
          [11.413804, 47.485788, 1202.0],
          [11.414056, 47.485710, 1201.75],
          [11.414141, 47.485690, 1201.0],
          [11.414220, 47.485684, 1202.0],
          [11.414313, 47.485697, 1203.75],
          [11.414443, 47.485741, 1205.25],
          [11.414542, 47.485763, 1205.75],
          [11.414653, 47.485777, 1206.5],
          [11.414906, 47.485872, 1207.75],
          [11.415192, 47.486018, 1209.75],
          [11.415323, 47.486074, 1210.75],
          [11.415431, 47.486098, 1211.5],
          [11.415569, 47.486143, 1212.25],
          [11.415838, 47.486207, 1213.75],
          [11.415927, 47.486238, 1214.5],
          [11.416160, 47.486300, 1216.5],
          [11.416373, 47.486351, 1218.0],
          [11.416567, 47.486424, 1218.75],
          [11.416822, 47.486535, 1221.25],
          [11.416940, 47.486593, 1222.75],
          [11.417085, 47.486735, 1224.25],
          [11.417331, 47.486932, 1227.5],
          [11.417457, 47.486992, 1228.0],
          [11.417554, 47.487027, 1228.25],
          [11.417682, 47.487045, 1228.75],
          [11.417845, 47.487034, 1229.75],
          [11.417974, 47.487005, 1230.5],
          [11.418452, 47.486867, 1234.5],
          [11.418558, 47.486872, 1234.0],
          [11.418710, 47.486894, 1234.0],
          [11.418864, 47.486925, 1234.25],
          [11.419077, 47.486954, 1234.75],
          [11.419259, 47.486960, 1235.5],
          [11.419395, 47.486961, 1236.0],
          [11.419828, 47.486912, 1237.75],
          [11.419927, 47.486910, 1238.5],
          [11.420044, 47.486950, 1238.25],
          [11.420344, 47.487015, 1239.0],
          [11.420501, 47.487038, 1238.75],
          [11.421052, 47.487060, 1241.25],
          [11.421430, 47.487052, 1242.5],
          [11.421778, 47.487014, 1243.25],
          [11.422202, 47.486987, 1245.0],
          [11.422742, 47.486963, 1246.5],
          [11.423028, 47.486983, 1248.0],
          [11.423704, 47.487049, 1249.75],
          [11.423914, 47.487092, 1250.5],
          [11.424278, 47.487150, 1251.75],
          [11.424393, 47.487149, 1252.25],
          [11.425249, 47.487229, 1254.75],
          [11.425397, 47.487225, 1255.25],
          [11.425568, 47.487211, 1256.0],
          [11.425748, 47.487218, 1257.25],
          [11.426152, 47.487258, 1259.75],
          [11.426490, 47.487214, 1261.75],
          [11.426680, 47.487196, 1263.25],
          [11.427139, 47.487128, 1267.0],
          [11.427415, 47.487214, 1268.25],
          [11.427569, 47.487255, 1269.75],
          [11.427855, 47.487293, 1272.0],
          [11.427989, 47.487296, 1273.0],
          [11.428144, 47.487278, 1273.25],
          [11.428539, 47.487213, 1273.5],
          [11.428875, 47.487176, 1275.75],
          [11.429204, 47.487154, 1277.0],
          [11.429479, 47.487103, 1278.75],
          [11.429683, 47.487052, 1279.5],
          [11.429817, 47.487049, 1280.0],
          [11.429918, 47.487061, 1280.25],
          [11.430079, 47.487098, 1281.0],
          [11.430264, 47.487094, 1280.5],
          [11.430559, 47.487000, 1280.25],
          [11.430782, 47.486940, 1279.75],
          [11.431038, 47.486900, 1280.5],
          [11.431241, 47.486887, 1280.75],
          [11.431311, 47.486886, 1280.75],
          [11.431445, 47.486900, 1280.5],
          [11.431911, 47.486971, 1281.75],
          [11.432034, 47.486976, 1281.75],
          [11.432144, 47.486969, 1281.25],
          [11.433063, 47.486769, 1279.0],
          [11.433348, 47.486742, 1277.75],
          [11.433595, 47.486762, 1277.75],
          [11.433727, 47.486757, 1277.75],
          [11.433870, 47.486729, 1277.25],
          [11.433992, 47.486676, 1276.0],
          [11.434136, 47.486599, 1275.5],
          [11.434242, 47.486564, 1275.0],
          [11.434374, 47.486549, 1274.75],
          [11.434727, 47.486524, 1273.75],
          [11.435260, 47.486444, 1272.0],
          [11.435540, 47.486388, 1270.0],
          [11.435678, 47.486344, 1270.5],
          [11.435863, 47.486263, 1270.75],
          [11.436043, 47.486166, 1270.5],
          [11.436224, 47.486086, 1270.25],
          [11.436452, 47.486015, 1270.25],
          [11.436601, 47.485964, 1269.75],
          [11.436847, 47.485864, 1268.5],
          [11.437031, 47.485812, 1267.75],
          [11.437268, 47.485810, 1266.75],
          [11.437411, 47.485805, 1265.75],
          [11.437460, 47.485832, 1265.25],
          [11.437515, 47.485851, 1265.0],
          [11.437834, 47.485987, 1262.75],
          [11.437896, 47.486008, 1262.75],
          [11.437992, 47.486023, 1262.0],
          [11.438136, 47.486027, 1261.0],
          [11.438619, 47.486015, 1258.5],
          [11.438865, 47.486003, 1257.25],
          [11.439468, 47.485944, 1252.5],
          [11.439656, 47.485948, 1252.0],
          [11.439938, 47.485972, 1250.5],
          [11.440044, 47.485974, 1249.5],
          [11.440223, 47.485988, 1248.5],
          [11.440598, 47.486035, 1246.25],
          [11.440780, 47.486044, 1244.25],
          [11.441351, 47.486089, 1242.0],
          [11.441467, 47.486111, 1241.25],
          [11.441539, 47.486131, 1240.25],
          [11.441747, 47.486212, 1239.75],
          [11.441854, 47.486239, 1239.5],
          [11.442270, 47.486264, 1236.0],
          [11.442570, 47.486310, 1233.25],
          [11.442869, 47.486326, 1230.25],
          [11.443230, 47.486354, 1226.75],
          [11.443454, 47.486363, 1224.75],
          [11.443693, 47.486386, 1222.5],
          [11.443899, 47.486414, 1220.75],
          [11.444135, 47.486459, 1219.0],
          [11.444296, 47.486517, 1217.0],
          [11.444536, 47.486620, 1214.25],
          [11.444692, 47.486662, 1212.25],
          [11.444924, 47.486694, 1211.0],
          [11.445106, 47.486727, 1209.25],
          [11.445278, 47.486775, 1207.5],
          [11.445606, 47.486905, 1204.5],
          [11.445710, 47.486939, 1203.75],
          [11.445843, 47.486975, 1202.5],
          [11.446018, 47.486996, 1200.75],
          [11.446304, 47.486993, 1197.5],
          [11.446655, 47.487014, 1193.75],
          [11.446753, 47.487014, 1193.25],
          [11.447038, 47.486995, 1190.0],
          [11.447736, 47.486998, 1183.0],
          [11.447911, 47.486983, 1182.25],
          [11.448117, 47.486935, 1180.0],
          [11.448182, 47.486929, 1179.0],
          [11.448246, 47.486929, 1178.75],
          [11.448372, 47.486951, 1178.75],
          [11.448506, 47.486960, 1177.5],
          [11.448738, 47.486951, 1175.25],
          [11.448883, 47.486926, 1173.75],
          [11.449139, 47.486864, 1170.5],
          [11.449244, 47.486851, 1168.75],
          [11.449293, 47.486851, 1168.25],
          [11.449362, 47.486861, 1167.75],
          [11.449518, 47.486891, 1167.25],
          [11.449820, 47.486906, 1165.0],
          [11.449893, 47.486902, 1164.25],
          [11.449960, 47.486890, 1163.25],
          [11.450084, 47.486846, 1160.5],
          [11.450150, 47.486830, 1159.5],
          [11.450672, 47.486829, 1156.0],
          [11.450759, 47.486826, 1155.25],
          [11.450941, 47.486807, 1152.75],
          [11.451221, 47.486800, 1149.75],
          [11.451481, 47.486801, 1147.5],
          [11.451686, 47.486790, 1145.25],
          [11.451823, 47.486797, 1143.0],
          [11.452211, 47.486860, 1139.25],
          [11.453479, 47.487044, 1127.75],
          [11.454024, 47.487129, 1123.75],
          [11.454491, 47.487189, 1119.0],
          [11.454881, 47.487275, 1116.75],
          [11.455233, 47.487336, 1114.0],
          [11.455570, 47.487384, 1110.5],
          [11.455715, 47.487415, 1109.0],
          [11.455822, 47.487441, 1107.75],
          [11.456125, 47.487542, 1105.25],
          [11.456675, 47.487706, 1100.25],
          [11.456753, 47.487735, 1099.5],
          [11.456873, 47.487785, 1098.75],
          [11.457093, 47.487904, 1099.0],
          [11.457207, 47.487989, 1095.75],
          [11.457308, 47.488102, 1098.75],
          [11.457350, 47.488131, 1099.5],
          [11.457399, 47.488153, 1099.5],
          [11.457483, 47.488176, 1097.75],
          [11.457530, 47.488178, 1096.25],
          [11.457571, 47.488166, 1094.5],
          [11.457588, 47.488148, 1093.5],
          [11.457588, 47.488126, 1093.0],
          [11.457549, 47.488075, 1093.0],
          [11.457462, 47.487985, 1090.75],
          [11.456756, 47.487460, 1083.25],
          [11.456309, 47.487115, 1077.5],
          [11.456031, 47.486913, 1074.5],
          [11.455796, 47.486792, 1071.75],
          [11.455468, 47.486652, 1070.25],
          [11.455301, 47.486572, 1067.5],
          [11.454965, 47.486448, 1064.5],
          [11.454572, 47.486274, 1058.5],
          [11.454209, 47.486180, 1056.5],
          [11.453816, 47.486099, 1054.0],
          [11.453555, 47.486020, 1051.75],
          [11.453464, 47.485985, 1051.0],
          [11.453230, 47.485871, 1048.0],
          [11.453097, 47.485790, 1045.5],
          [11.452895, 47.485683, 1043.5],
          [11.452669, 47.485553, 1040.0],
          [11.452577, 47.485486, 1039.0],
          [11.452317, 47.485241, 1037.0],
          [11.452230, 47.485148, 1038.0],
          [11.452230, 47.485115, 1037.5],
          [11.452252, 47.485068, 1036.75],
          [11.452268, 47.485056, 1036.5],
          [11.452314, 47.485042, 1036.0],
          [11.452391, 47.485031, 1035.75],
          [11.452497, 47.485029, 1035.5],
          [11.452630, 47.485044, 1035.75],
          [11.452799, 47.485054, 1035.75],
          [11.453150, 47.485056, 1037.0],
          [11.453518, 47.485113, 1035.5],
          [11.453614, 47.485107, 1036.25],
          [11.453777, 47.485054, 1036.75],
          [11.453878, 47.485029, 1036.0],
          [11.453990, 47.485013, 1035.25],
          [11.454153, 47.485010, 1033.25],
          [11.454232, 47.484993, 1032.75],
          [11.454282, 47.484967, 1032.25],
          [11.454325, 47.484914, 1031.75],
          [11.454358, 47.484842, 1031.5],
          [11.454440, 47.484753, 1030.0],
          [11.454489, 47.484737, 1029.75],
          [11.454561, 47.484752, 1029.5],
          [11.454862, 47.484880, 1023.5],
          [11.454945, 47.484905, 1022.75],
          [11.455041, 47.484917, 1021.75],
          [11.455135, 47.484915, 1020.5],
          [11.455249, 47.484889, 1019.5],
          [11.455403, 47.484830, 1018.25],
          [11.455540, 47.484759, 1018.5],
          [11.455679, 47.484702, 1017.75],
          [11.455820, 47.484649, 1016.25],
          [11.455965, 47.484606, 1014.75],
          [11.456198, 47.484592, 1011.25],
          [11.456310, 47.484591, 1010.25],
          [11.456475, 47.484612, 1007.25],
          [11.456670, 47.484628, 1003.5],
          [11.456768, 47.484629, 1002.25],
          [11.456858, 47.484620, 1001.5],
          [11.457085, 47.484583, 999.0],
          [11.457139, 47.484567, 998.75],
          [11.457220, 47.484533, 998.25],
          [11.457348, 47.484466, 997.5],
          [11.457409, 47.484416, 997.25],
          [11.457491, 47.484294, 995.5],
          [11.457505, 47.484234, 995.0],
          [11.457501, 47.484181, 995.0],
          [11.457457, 47.484097, 993.25],
          [11.457368, 47.484012, 992.5],
          [11.457263, 47.483881, 991.75],
          [11.457249, 47.483815, 994.0],
          [11.457264, 47.483768, 995.0],
          [11.457323, 47.483732, 995.0],
          [11.457416, 47.483715, 994.0],
          [11.458016, 47.483742, 984.5],
          [11.458172, 47.483725, 982.0],
          [11.458273, 47.483702, 980.75],
          [11.458353, 47.483669, 980.5],
          [11.458433, 47.483611, 981.75],
          [11.458481, 47.483538, 979.75],
          [11.458504, 47.483451, 979.0],
          [11.458573, 47.483327, 977.75],
          [11.458633, 47.483265, 977.5],
          [11.459000, 47.482988, 971.25],
          [11.459079, 47.482919, 969.5],
          [11.459155, 47.482823, 968.0],
          [11.459248, 47.482758, 966.5],
          [11.459334, 47.482687, 966.25],
          [11.459581, 47.482547, 964.25],
          [11.459721, 47.482474, 963.25],
          [11.460011, 47.482370, 959.0],
          [11.460072, 47.482307, 958.25],
          [11.460098, 47.482203, 958.25],
          [11.460053, 47.481805, 954.25],
          [11.460064, 47.481693, 952.25],
          [11.460035, 47.481452, 950.75],
          [11.460022, 47.481161, 948.25],
          [11.460045, 47.481042, 946.75],
          [11.460098, 47.480896, 944.75],
          [11.459912, 47.480748, 948.75],
          [11.459902, 47.480711, 949.0],
          [11.459931, 47.480660, 948.25],
          [11.459964, 47.480637, 947.5],
          [11.460015, 47.480622, 946.5],
          [11.460326, 47.480574, 943.75],
          [11.460398, 47.480547, 942.75],
          [11.460438, 47.480519, 942.5],
          [11.460509, 47.480311, 943.75],
          [11.460685, 47.479892, 941.75],
          [11.460719, 47.479824, 942.0],
          [11.460764, 47.479766, 942.0],
          [11.460906, 47.479598, 940.5],
          [11.460967, 47.479539, 940.0],
          [11.461228, 47.479332, 938.75],
          [11.461586, 47.479075, 934.5],
          [11.461686, 47.478983, 932.0],
          [11.461715, 47.478937, 931.5],
          [11.461760, 47.478829, 930.0],
          [11.461765, 47.478778, 929.75],
          [11.461757, 47.478689, 930.0],
          [11.461812, 47.478533, 927.0],
          [11.461816, 47.478492, 926.75],
          [11.461799, 47.478417, 927.75],
          [11.461826, 47.478259, 928.25],
          [11.461881, 47.478100, 928.5],
          [11.461923, 47.477924, 927.25],
          [11.461995, 47.477789, 925.0],
          [11.462063, 47.477704, 926.25],
          [11.462132, 47.477632, 926.5],
          [11.462284, 47.477507, 925.25],
          [11.462318, 47.477458, 924.5],
          [11.462347, 47.477332, 924.25],
          [11.462362, 47.477162, 924.75],
          [11.462375, 47.477106, 924.75],
          [11.462394, 47.477049, 924.5],
          [11.462482, 47.476937, 922.75],
          [11.462545, 47.476886, 923.75],
          [11.462597, 47.476855, 924.25],
          [11.462681, 47.476815, 924.0],
          [11.462824, 47.476759, 923.5],
          [11.463262, 47.476631, 922.75],
          [11.463543, 47.476540, 923.5],
          [11.463867, 47.476396, 921.25],
          [11.464052, 47.476322, 922.25],
          [11.464369, 47.476178, 922.25],
          [11.464710, 47.476066, 922.5],
          [11.464956, 47.476006, 922.0],
          [11.464916, 47.476086, 920.5],
          [11.464807, 47.476332, 921.25],
          [11.464771, 47.476378, 921.25],
          [11.464996, 47.476332, 922.25],
          [11.465225, 47.476197, 924.5],
          [11.465730, 47.475865, 921.0],
          [11.465996, 47.475378, 921.25],
          [11.466130, 47.475171, 922.25],
          [11.466408, 47.474923, 926.0],
          [11.466469, 47.474785, 926.5],
          [11.466766, 47.474607, 930.25],
          [11.467151, 47.474536, 932.5],
          [11.467750, 47.474311, 938.0],
          [11.468270, 47.474054, 942.25],
          [11.468760, 47.474031, 949.75],
          [11.468957, 47.473916, 949.75],
          [11.469038, 47.473730, 953.0],
          [11.468895, 47.473216, 956.0],
          [11.468989, 47.473139, 956.25],
          [11.469174, 47.473194, 959.0],
          [11.470098, 47.473346, 967.75],
          [11.470348, 47.473340, 968.75],
          [11.470757, 47.473219, 971.75],
          [11.471274, 47.472932, 977.25],
          [11.471351, 47.472852, 978.75],
          [11.471348, 47.472725, 980.75],
          [11.471016, 47.472297, 982.5],
          [11.471069, 47.472162, 984.75],
          [11.471348, 47.471949, 988.25],
          [11.471652, 47.472060, 990.25],
          [11.471823, 47.472230, 994.0],
          [11.472021, 47.472317, 996.75],
          [11.473021, 47.472292, 1003.0],
          [11.473229, 47.472253, 1005.0],
          [11.473741, 47.471944, 1009.25],
          [11.474089, 47.471861, 1011.5],
          [11.474557, 47.471820, 1016.5],
          [11.474791, 47.471662, 1017.0],
          [11.474989, 47.471618, 1019.5],
          [11.475025, 47.471623, 1020.25],
          [11.475064, 47.471640, 1021.5],
          [11.475097, 47.471717, 1023.5],
          [11.475008, 47.471932, 1024.0],
          [11.474892, 47.472011, 1025.5],
          [11.474601, 47.472094, 1026.0],
          [11.474447, 47.472274, 1029.75],
          [11.474316, 47.473232, 1044.25],
          [11.474156, 47.473412, 1044.0],
          [11.474132, 47.473528, 1045.25],
          [11.474327, 47.473663, 1049.0],
          [11.474466, 47.473670, 1051.5],
          [11.474591, 47.473463, 1053.25],
          [11.474715, 47.473403, 1054.75],
          [11.475479, 47.473239, 1064.75],
          [11.475834, 47.473229, 1067.75],
          [11.476108, 47.473296, 1069.5],
          [11.476378, 47.473466, 1073.75],
          [11.476639, 47.473509, 1077.0],
          [11.477496, 47.472790, 1089.0],
          [11.477764, 47.472703, 1091.75],
          [11.477927, 47.472519, 1094.5],
          [11.478237, 47.472325, 1100.0],
          [11.478330, 47.472015, 1104.0],
          [11.478271, 47.471836, 1104.75],
          [11.478379, 47.471636, 1108.75],
          [11.478535, 47.471553, 1109.5],
          [11.479535, 47.471339, 1122.0],
          [11.479622, 47.471373, 1125.5],
          [11.479596, 47.471442, 1128.5],
          [11.479299, 47.471615, 1130.5],
          [11.479269, 47.471767, 1132.5],
          [11.479569, 47.472513, 1144.75],
          [11.479664, 47.472644, 1146.25],
          [11.479946, 47.472824, 1150.75],
          [11.479986, 47.473022, 1154.75],
          [11.479776, 47.473399, 1160.0],
          [11.479693, 47.474088, 1169.75],
          [11.479493, 47.474327, 1170.25],
          [11.479493, 47.474410, 1172.5],
          [11.479894, 47.474568, 1178.0],
          [11.479921, 47.474688, 1176.5],
          [11.479531, 47.475074, 1183.0],
          [11.479033, 47.475453, 1188.0],
          [11.478345, 47.475735, 1194.25],
          [11.477881, 47.475788, 1196.5],
          [11.477789, 47.475892, 1198.0],
          [11.477510, 47.475956, 1197.25],
          [11.477411, 47.476000, 1195.75],
          [11.477293, 47.476066, 1194.75],
          [11.476908, 47.476336, 1195.0],
          [11.476735, 47.476484, 1193.0],
          [11.476661, 47.476567, 1191.5],
          [11.476563, 47.476738, 1189.25]
        ]
      }
    }
  ]
}
