{
  "type": "FeatureCollection",
  "features": [
    {
      "type": "Feature",
      "properties": {
        "creator": "BRouter-1.7.10",
        "name": "brouter_fastbike_0",
        "track-length": "38697",
        "filtered ascend": "361",
        "plain-ascend": "174",
        "total-time": "8305",
        "total-energy": "822346",
        "cost": "55977",
        "messages": [
          ["Longitude", "Latitude", "Elevation", "Distance", "CostPerKm", "ElevCost", "TurnCost", "NodeCost", "InitialCost", "WayTags", "NodeTags", "Time", "Energy"],
          ["11738491", "47750540", "731", "95", "1290", "34", "0", "20", "0", "highway=primary surface=asphalt estimated_traffic_class=5 cycleway:both=no", "highway=traffic_signals estimated_crossing_class=0 crossing=traffic_signals", "8", "462"],
          ["11738558", "47750443", "730", "12", "1350", "19", "5", "0", "0", "highway=primary surface=asphalt estimated_traffic_class=6 smoothness=good cycleway:both=no lcn=yes route_bicycle_rcn=yes", "nodeaccessgranted=yes highway=crossing estimated_crossing_class=0", "9", "462"],
          ["11738625", "47750330", "730", "14", "1350", "32", "0", "0", "0", "highway=primary surface=asphalt estimated_traffic_class=6 smoothness=good cycleway:both=no lcn=yes route_bicycle_rcn=yes", "nodeaccessgranted=yes estimated_crossing_class=0", "11", "462"],
          ["11738739", "47750138", "727", "23", "1350", "159", "0", "0", "0", "highway=primary surface=asphalt estimated_traffic_class=6 smoothness=good cycleway:both=no lcn=yes route_bicycle_rcn=yes", "", "12", "462"],
          ["11738949", "47749814", "728", "39", "1290", "0", "0", "0", "0", "highway=primary surface=asphalt estimated_traffic_class=5 cycleway:both=no lcn=yes route_bicycle_rcn=yes", "nodeaccessgranted=yes estimated_crossing_class=5", "16", "548"],
          ["11738978", "47749773", "729", "5", "1290", "0", "0", "0", "0", "highway=primary surface=asphalt estimated_traffic_class=5 cycleway:both=no lcn=yes route_bicycle_rcn=yes", "nodeaccessgranted=yes estimated_crossing_class=5", "16", "607"],
          ["11739141", "47749411", "733", "42", "1290", "0", "2", "0", "0", "highway=primary surface=asphalt estimated_traffic_class=5 cycleway:both=no lcn=yes route_bicycle_rcn=yes", "nodeaccessgranted=yes estimated_crossing_class=5", "22", "1156"],
          ["11739151", "47749213", "733", "22", "1290", "0", "0", "0", "0", "highway=primary surface=asphalt estimated_traffic_class=5 cycleway:both=no lcn=yes route_bicycle_lcn=yes", "nodeaccessgranted=yes estimated_crossing_class=5", "25", "1522"],
          ["11739140", "47749133", "733", "9", "1290", "0", "0", "0", "0", "highway=primary surface=asphalt estimated_traffic_class=5 cycleway:both=no lcn=yes route_bicycle_lcn=yes", "nodeaccessgranted=yes highway=crossing crossing=unmarked kerb=lowered", "27", "1672"],
          ["11739027", "47748727", "734", "46", "1290", "0", "0", "0", "0", "highway=primary surface=asphalt estimated_traffic_class=5 cycleway:both=no lcn=yes route_bicycle_lcn=yes", "nodeaccessgranted=yes estimated_crossing_class=5", "36", "2555"],
          ["11738974", "47748577", "735", "17", "1290", "0", "0", "0", "0", "highway=primary surface=asphalt estimated_traffic_class=5 cycleway:both=no lcn=yes route_bicycle_lcn=yes", "nodeaccessgranted=yes estimated_crossing_class=4", "39", "2925"],
          ["11738806", "47748279", "735", "35", "1290", "0", "0", "0", "0", "highway=primary surface=asphalt estimated_traffic_class=5 cycleway:both=no lcn=yes route_bicycle_lcn=yes", "nodeaccessgranted=yes estimated_crossing_class=4", "47", "3642"],
          ["11738563", "47747723", "735", "65", "1290", "0", "1", "0", "0", "highway=primary surface=asphalt estimated_traffic_class=5 foot=use_sidepath bicycle=yes cycleway:both=no", "estimated_crossing_class=4", "61", "5121"],
          ["11738256", "47745519", "734", "247", "1290", "0", "0", "0", "0", "highway=primary surface=asphalt estimated_traffic_class=5 foot=use_sidepath cycleway:right=unknown cycleway:left=no", "estimated_crossing_class=4", "100", "8952"],
          ["11738219", "47745385", "734", "15", "1290", "0", "0", "0", "0", "highway=primary surface=asphalt estimated_traffic_class=5 foot=use_sidepath cycleway:right=unknown cycleway:left=no", "estimated_crossing_class=4", "102", "9199"],
          ["11738162", "47745181", "734", "23", "1290", "0", "0", "0", "0", "highway=primary surface=asphalt estimated_traffic_class=5 cycleway:right=unknown cycleway:left=no", "estimated_crossing_class=4", "106", "9579"],
          ["11738001", "47744645", "733", "61", "1260", "0", "0", "0", "0", "highway=primary surface=asphalt estimated_traffic_class=4 cycleway:right=unknown cycleway:left=no", "estimated_crossing_class=4", "114", "10382"],
          ["11737894", "47744290", "732", "40", "1260", "0", "0", "0", "0", "highway=primary surface=asphalt estimated_traffic_class=4 cycleway:right=unknown cycleway:left=no", "estimated_crossing_class=4", "119", "10932"],
          ["11737676", "47743523", "731", "87", "1260", "0", "0", "0", "0", "highway=primary surface=asphalt estimated_traffic_class=4 cycleway:right=unknown cycleway:left=no", "estimated_crossing_class=4", "130", "12034"],
          ["11737658", "47743368", "731", "17", "1260", "0", "0", "0", "0", "highway=primary surface=asphalt estimated_traffic_class=4 cycleway:right=unknown cycleway:left=no", "estimated_crossing_class=4", "133", "12266"],
          ["11737608", "47743042", "731", "36", "1260", "0", "4", "0", "0", "highway=primary surface=asphalt estimated_traffic_class=4 oneway=yes cycleway:right=unknown", "highway=crossing estimated_crossing_class=1 crossing=unmarked", "138", "12756"],
          ["11737646", "47742858", "731", "21", "1260", "0", "0", "0", "0", "highway=primary surface=asphalt estimated_traffic_class=4 oneway=yes cycleway:right=unknown", "highway=give_way", "141", "13041"],
          ["11737650", "47742780", "731", "9", "1260", "0", "0", "0", "0", "highway=primary surface=asphalt estimated_traffic_class=4 oneway=yes cycleway:right=unknown", "", "142", "13166"],
          ["11737672", "47742550", "730", "27", "1260", "0", "0", "0", "0", "highway=primary surface=asphalt estimated_traffic_class=4 junction=roundabout cycleway:right=unknown", "", "145", "13519"],
          ["11737618", "47742340", "730", "24", "1260", "0", "26", "0", "0", "highway=primary surface=asphalt estimated_traffic_class=4 oneway=yes cycleway:right=unknown", "highway=crossing estimated_crossing_class=1 crossing=unmarked", "148", "13835"],
          ["11737640", "47742071", "730", "29", "1260", "0", "2", "0", "0", "highway=primary surface=asphalt estimated_traffic_class=4 oneway=yes cycleway:right=unknown", "", "153", "14243"],
          ["11737636", "47741771", "730", "33", "1260", "0", "1", "0", "0", "highway=primary surface=asphalt estimated_traffic_class=4 cycleway:right=unknown cycleway:left=no", "estimated_crossing_class=4", "157", "14691"],
          ["11737630", "47741683", "730", "10", "1260", "0", "0", "0", "0", "highway=primary surface=asphalt estimated_traffic_class=4 cycleway:right=unknown cycleway:left=no", "highway=crossing estimated_crossing_class=2 crossing=uncontrolled", "158", "14832"],
          ["11737465", "47741682", "729", "12", "1200", "0", "85", "0", "0", "reversedirection=yes highway=path surface=asphalt foot=designated bicycle=designated", "", "160", "14995"],
          ["11738393", "47734234", "728", "840", "1200", "0", "85", "0", "0", "highway=path surface=asphalt foot=designated bicycle=designated smoothness=good lcn=yes route_bicycle_lcn=yes", "nodeaccessgranted=yes railway=crossing", "293", "28282"],
          ["11740782", "47731529", "728", "372", "1200", "0", "10", "0", "0", "highway=path surface=asphalt foot=designated bicycle=designated smoothness=good lcn=yes route_bicycle_lcn=yes", "nodeaccessgranted=yes highway=bus_stop", "357", "34689"],
          ["11741682", "47730006", "730", "182", "1200", "0", "0", "0", "0", "highway=path surface=asphalt foot=designated bicycle=designated smoothness=good lcn=yes route_bicycle_lcn=yes", "nodeaccessgranted=yes highway=crossing", "394", "38368"],
          ["11742219", "47729178", "729", "100", "1200", "0", "0", "0", "0", "highway=path surface=asphalt foot=designated bicycle=designated smoothness=good lcn=yes route_bicycle_lcn=yes", "", "410", "40027"],
          ["11750523", "47719117", "727", "1322", "1200", "0", "14", "0", "0", "highway=path surface=asphalt foot=designated bicycle=designated lcn=yes route_bicycle_lcn=yes", "", "628", "61820"],
          ["11752344", "47717540", "727", "223", "1200", "0", "1", "0", "0", "reversedirection=yes highway=path foot=designated bicycle=designated", "", "665", "65539"],
          ["11752800", "47717173", "727", "53", "1200", "0", "0", "0", "0", "highway=path foot=designated bicycle=designated", "", "675", "66471"],
          ["11753652", "47715907", "728", "157", "1200", "0", "0", "0", "0", "reversedirection=yes highway=path foot=designated bicycle=designated", "", "707", "69654"],
          ["11753706", "47715907", "728", "4", "5000", "0", "82", "0", "0", "reversedirection=yes highway=path", "estimated_crossing_class=4", "707", "69726"],
          ["11753776", "47715907", "729", "5", "1200", "0", "0", "0", "0", "highway=residential surface=asphalt oneway=no lcn=yes", "nodeaccessgranted=yes highway=stop direction=backward", "708", "69828"],
          ["11753833", "47715886", "729", "5", "1200", "0", "11", "0", "0", "highway=residential surface=asphalt oneway=no lcn=yes", "nodeaccessgranted=yes highway=crossing crossing=unmarked", "710", "69943"],
          ["11755120", "47713692", "747", "267", "1200", "0", "10", "0", "0", "highway=residential surface=asphalt oneway=no lcn=yes", "", "848", "83770"],
          ["11755467", "47713148", "748", "66", "1200", "0", "0", "0", "0", "highway=residential surface=asphalt smoothness=good oneway=no lcn=yes", "", "871", "86119"],
          ["11756347", "47711790", "748", "165", "1200", "0", "3", "20", "0", "highway=residential surface=asphalt oneway=no lcn=yes", "nodeaccessgranted=yes highway=traffic_signals crossing=traffic_signals", "907", "89735"],
          ["11757244", "47711159", "744", "102", "1200", "0", "28", "0", "0", "highway=residential surface=asphalt oneway=no lcn=yes", "", "927", "91647"],
          ["11757280", "47710993", "743", "19", "1200", "0", "86", "0", "0", "reversedirection=yes highway=residential surface=asphalt smoothness=good oneway=no lcn=yes", "", "929", "91866"],
          ["11757313", "47710879", "742", "13", "1200", "0", "0", "0", "0", "reversedirection=yes highway=residential surface=asphalt smoothness=excellent lcn=yes", "", "930", "92004"],
          ["11757036", "47708710", "735", "255", "1200", "0", "48", "0", "0", "reversedirection=yes highway=residential surface=asphalt lcn=yes", "nodeaccessgranted=yes highway=crossing crossing=unmarked", "963", "95249"],
          ["11756991", "47708565", "734", "16", "1200", "0", "0", "0", "0", "reversedirection=yes highway=residential surface=asphalt smoothness=good cycleway:both=no lcn=yes", "nodeaccessgranted=yes estimated_crossing_class=5", "964", "95394"],
          ["11757423", "47708389", "734", "37", "1290", "0", "75", "0", "0", "reversedirection=yes highway=primary surface=asphalt estimated_traffic_class=5 smoothness=good lcn=yes cycleway:left=track route_bicycle_lcn=yes cycleway:left:oneway=no", "nodeaccessgranted=yes highway=crossing estimated_crossing_class=4 crossing=unmarked", "968", "95752"],
          ["11757709", "47708133", "734", "36", "1290", "0", "3", "0", "0", "reversedirection=yes highway=primary surface=asphalt estimated_traffic_class=5 smoothness=good lcn=yes cycleway:left=track route_bicycle_lcn=yes cycleway:left:oneway=no", "nodeaccessgranted=yes estimated_crossing_class=4", "972", "96155"],
          ["11757882", "47707848", "732", "35", "1290", "0", "1", "0", "0", "reversedirection=yes highway=primary surface=asphalt estimated_traffic_class=5 smoothness=good lcn=yes cycleway:left=track route_bicycle_lcn=yes cycleway:left:oneway=no", "nodeaccessgranted=yes estimated_crossing_class=4", "975", "96522"],
          ["11757989", "47707558", "731", "34", "1290", "0", "0", "0", "0", "reversedirection=yes highway=primary surface=asphalt estimated_traffic_class=5 smoothness=good lcn=yes cycleway:left=track route_bicycle_lcn=yes cycleway:left:oneway=no", "nodeaccessgranted=yes estimated_crossing_class=4", "979", "96850"],
          ["11758163", "47706969", "728", "67", "1290", "2", "0", "0", "0", "reversedirection=yes highway=primary surface=asphalt estimated_traffic_class=5 smoothness=good lcn=yes cycleway:left=track route_bicycle_lcn=yes cycleway:left:oneway=no", "nodeaccessgranted=yes estimated_crossing_class=4", "984", "97425"],
          ["11758436", "47706567", "728", "49", "1290", "27", "0", "0", "0", "reversedirection=yes highway=primary surface=asphalt estimated_traffic_class=5 smoothness=good cycleway:both=no lcn=yes route_bicycle_lcn=yes", "nodeaccessgranted=yes estimated_crossing_class=4", "989", "97880"],
          ["11758520", "47706468", "727", "13", "1290", "0", "0", "0", "0", "reversedirection=yes highway=primary surface=asphalt estimated_traffic_class=5 smoothness=good cycleway:both=no lcn=yes route_bicycle_lcn=yes", "nodeaccessgranted=yes estimated_crossing_class=4", "990", "98010"],
          ["11758714", "47706296", "728", "24", "1290", "0", "0", "0", "0", "reversedirection=yes highway=primary surface=asphalt estimated_traffic_class=5 smoothness=good lcn=yes route_bicycle_lcn=yes", "nodeaccessgranted=yes estimated_crossing_class=4", "993", "98274"],
          ["11758988", "47706046", "728", "35", "1290", "0", "0", "0", "0", "reversedirection=yes highway=primary surface=asphalt estimated_traffic_class=5 smoothness=good lcn=yes route_bicycle_lcn=yes", "nodeaccessgranted=yes estimated_crossing_class=4", "998", "98770"],
          ["11759391", "47705418", "728", "76", "1290", "0", "1", "0", "0", "reversedirection=yes highway=primary surface=asphalt estimated_traffic_class=5 smoothness=good lcn=yes cycleway:left=track route_bicycle_lcn=yes cycleway:left:oneway=no", "nodeaccessgranted=yes estimated_crossing_class=4", "1009", "99880"],
          ["11759648", "47704873", "728", "64", "1290", "0", "0", "0", "0", "reversedirection=yes highway=primary surface=asphalt estimated_traffic_class=5 smoothness=good lcn=yes cycleway:left=track route_bicycle_lcn=yes cycleway:left:oneway=no", "nodeaccessgranted=yes estimated_crossing_class=0", "1018", "100829"],
          ["11759685", "47704714", "728", "18", "1290", "0", "0", "0", "0", "reversedirection=yes highway=primary surface=asphalt estimated_traffic_class=5 smoothness=good lcn=yes cycleway:left=track route_bicycle_lcn=yes cycleway:left:oneway=no", "nodeaccessgranted=yes highway=crossing estimated_crossing_class=0 crossing=uncontrolled", "1021", "101125"],
          ["11759722", "47704517", "728", "22", "1290", "0", "0", "0", "0", "reversedirection=yes highway=primary surface=asphalt estimated_traffic_class=5 smoothness=good lcn=yes cycleway:left=track route_bicycle_lcn=yes cycleway:left:oneway=no", "nodeaccessgranted=yes estimated_crossing_class=4", "1023", "101341"],
          ["11759735", "47704440", "729", "9", "1290", "0", "0", "0", "0", "reversedirection=yes highway=primary surface=asphalt estimated_traffic_class=5 smoothness=good lcn=yes cycleway:left=track route_bicycle_lcn=yes cycleway:left:oneway=no", "nodeaccessgranted=yes estimated_crossing_class=4", "1024", "101438"],
          ["11760025", "47703117", "736", "149", "1290", "0", "0", "0", "0", "reversedirection=yes highway=primary surface=asphalt estimated_traffic_class=5 smoothness=good lcn=yes cycleway:left=track route_bicycle_lcn=yes cycleway:left:oneway=no", "nodeaccessgranted=yes estimated_crossing_class=4", "1062", "105207"],
          ["11760296", "47702588", "739", "63", "1290", "0", "1", "0", "0", "reversedirection=yes highway=primary surface=asphalt estimated_traffic_class=5 foot=use_sidepath lcn=yes route_bicycle_lcn=yes", "nodeaccessgranted=yes estimated_crossing_class=4", "1082", "107206"],
          ["11760847", "47702230", "741", "58", "1290", "0", "5", "0", "0", "reversedirection=yes highway=primary surface=asphalt estimated_traffic_class=5 foot=use_sidepath lcn=yes route_bicycle_lcn=yes", "nodeaccessgranted=yes highway=crossing estimated_crossing_class=3", "1103", "109308"],
          ["11761002", "47702149", "743", "15", "1290", "0", "0", "0", "0", "reversedirection=yes highway=primary surface=asphalt estimated_traffic_class=5 lcn=yes cycleway:left=track route_bicycle_lcn=yes cycleway:left:oneway=no", "nodeaccessgranted=yes estimated_crossing_class=4", "1110", "109988"],
          ["11761911", "47701710", "745", "84", "1290", "0", "0", "0", "0", "reversedirection=yes highway=primary surface=asphalt estimated_traffic_class=5 lcn=yes cycleway:left=track route_bicycle_lcn=yes cycleway:left:oneway=no", "nodeaccessgranted=yes highway=crossing kerb=lowered", "1147", "113658"],
          ["11762149", "47701589", "743", "22", "1290", "0", "0", "0", "0", "reversedirection=yes highway=primary surface=asphalt estimated_traffic_class=5 lcn=yes cycleway:left=track route_bicycle_lcn=yes cycleway:left:oneway=no", "nodeaccessgranted=yes estimated_crossing_class=4", "1151", "114079"],
          ["11762215", "47701548", "743", "7", "1290", "0", "0", "0", "0", "reversedirection=yes highway=primary surface=asphalt estimated_traffic_class=5 smoothness=good lcn=yes cycleway:left=track route_bicycle_lcn=yes cycleway:left:oneway=no", "nodeaccessgranted=yes estimated_crossing_class=4", "1152", "114211"],
          ["11764353", "47700940", "734", "180", "1290", "0", "3", "0", "0", "reversedirection=yes highway=primary surface=asphalt estimated_traffic_class=5 smoothness=good lcn=yes cycleway:left=track route_bicycle_lcn=yes cycleway:left:oneway=no", "", "1177", "116660"],
          ["11766383", "47700370", "730", "164", "1290", "0", "1", "0", "0", "reversedirection=yes highway=primary surface=asphalt estimated_traffic_class=5 smoothness=intermediate lcn=yes cycleway:left=track route_bicycle_lcn=yes cycleway:left:oneway=no", "nodeaccessgranted=yes estimated_crossing_class=4", "1195", "118463"],
          ["11766710", "47700281", "730", "26", "1290", "0", "0", "0", "0", "reversedirection=yes highway=primary surface=asphalt estimated_traffic_class=5 smoothness=intermediate lcn=yes cycleway:left=track route_bicycle_lcn=yes cycleway:left:oneway=no", "nodeaccessgranted=yes estimated_crossing_class=4", "1197", "118743"],
          ["11768092", "47699806", "728", "117", "1290", "0", "1", "0", "0", "reversedirection=yes highway=primary surface=asphalt estimated_traffic_class=5 smoothness=intermediate lcn=yes cycleway:left=track route_bicycle_lcn=yes cycleway:left:oneway=no", "nodeaccessgranted=yes estimated_crossing_class=4", "1211", "120135"],
          ["11768674", "47699682", "727", "46", "1290", "0", "1", "0", "0", "reversedirection=yes highway=primary surface=asphalt estimated_traffic_class=5 smoothness=intermediate lcn=yes cycleway:left=track route_bicycle_lcn=yes cycleway:left:oneway=no", "nodeaccessgranted=yes estimated_crossing_class=4", "1216", "120631"],
          ["11769091", "47699498", "729", "37", "1290", "0", "2", "0", "0", "reversedirection=yes highway=primary surface=asphalt estimated_traffic_class=5 smoothness=intermediate lcn=yes cycleway:left=track route_bicycle_lcn=yes cycleway:left:oneway=no", "nodeaccessgranted=yes estimated_crossing_class=4", "1220", "121045"],
          ["11769582", "47699110", "730", "57", "1290", "0", "0", "0", "0", "reversedirection=yes highway=primary surface=asphalt estimated_traffic_class=5 smoothness=intermediate lcn=yes cycleway:left=track route_bicycle_lcn=yes cycleway:left:oneway=no", "nodeaccessgranted=yes estimated_crossing_class=4", "1228", "121786"],
          ["11770224", "47698524", "727", "81", "1290", "0", "0", "0", "0", "reversedirection=yes highway=primary surface=asphalt estimated_traffic_class=5 smoothness=intermediate lcn=yes cycleway:left=track route_bicycle_lcn=yes cycleway:left:oneway=no", "nodeaccessgranted=yes estimated_crossing_class=4", "1241", "123142"],
          ["11770486", "47698294", "727", "32", "1290", "0", "0", "0", "0", "reversedirection=yes highway=primary surface=asphalt estimated_traffic_class=5 smoothness=intermediate lcn=yes cycleway:left=track route_bicycle_lcn=yes cycleway:left:oneway=no", "nodeaccessgranted=yes estimated_crossing_class=4", "1247", "123678"],
          ["11770700", "47698164", "727", "22", "1290", "0", "1", "0", "0", "reversedirection=yes highway=primary surface=asphalt estimated_traffic_class=5 smoothness=intermediate lcn=yes cycleway:left=track route_bicycle_lcn=yes cycleway:left:oneway=no", "nodeaccessgranted=yes estimated_crossing_class=4", "1250", "124047"],
          ["11770810", "47698099", "727", "11", "1290", "0", "0", "0", "0", "reversedirection=yes highway=primary surface=asphalt estimated_traffic_class=5 cycleway:left=track cycleway:left:oneway=-1", "estimated_crossing_class=4", "1252", "124220"],
          ["11770915", "47698038", "727", "10", "1290", "0", "0", "0", "0", "reversedirection=yes highway=primary surface=asphalt estimated_traffic_class=5 cycleway:left=track cycleway:left:oneway=-1", "highway=crossing crossing=unmarked kerb=lowered", "1254", "124379"],
          ["11772286", "47697218", "728", "138", "1290", "0", "0", "0", "0", "reversedirection=yes highway=primary surface=asphalt estimated_traffic_class=5 cycleway:left=track cycleway:left:oneway=-1", "estimated_crossing_class=4", "1272", "126163"],
          ["11772380", "47697142", "728", "11", "1290", "0", "1", "0", "0", "reversedirection=yes highway=primary surface=asphalt estimated_traffic_class=5 cycleway:left=track cycleway:left:oneway=-1", "estimated_crossing_class=4", "1273", "126317"],
          ["11773080", "47696402", "727", "98", "1290", "0", "1", "0", "0", "reversedirection=yes highway=primary surface=asphalt estimated_traffic_class=5 cycleway:left=track cycleway:left:oneway=-1", "estimated_crossing_class=4", "1285", "127529"],
          ["11773291", "47695973", "727", "50", "1290", "0", "0", "0", "0", "reversedirection=yes highway=primary surface=asphalt estimated_traffic_class=5 cycleway:left=track cycleway:left:oneway=-1", "estimated_crossing_class=4", "1292", "128228"],
          ["11773277", "47695714", "726", "29", "1290", "0", "4", "0", "0", "reversedirection=yes highway=primary surface=asphalt estimated_traffic_class=5 smoothness=good cycleway:left=track cycleway:left:oneway=-1", "estimated_crossing_class=4", "1296", "128636"],
          ["11773273", "47695582", "726", "15", "1290", "0", "0", "0", "0", "reversedirection=yes highway=primary surface=asphalt estimated_traffic_class=5 smoothness=good cycleway:left=track cycleway:left:oneway=-1", "estimated_crossing_class=4", "1299", "128854"],
          ["11773153", "47695189", "727", "46", "1290", "0", "0", "20", "0", "reversedirection=yes highway=primary surface=asphalt estimated_traffic_class=5 smoothness=good cycleway:left=track cycleway:left:oneway=-1", "highway=crossing estimated_crossing_class=0 crossing=traffic_signals", "1306", "129607"],
          ["11773113", "47695115", "727", "9", "1290", "0", "0", "0", "0", "reversedirection=yes highway=primary surface=asphalt estimated_traffic_class=5 smoothness=good cycleway:both=no", "estimated_crossing_class=4", "1307", "129750"],
          ["11772627", "47694631", "727", "65", "1290", "0", "2", "0", "0", "reversedirection=yes highway=primary surface=asphalt estimated_traffic_class=5 smoothness=good cycleway:both=no", "estimated_crossing_class=4", "1319", "130852"],
          ["11772166", "47694259", "728", "54", "1290", "0", "0", "0", "0", "reversedirection=yes highway=primary surface=asphalt estimated_traffic_class=5 smoothness=good cycleway:both=no", "estimated_crossing_class=5", "1329", "131923"],
          ["11771903", "47694064", "728", "29", "1290", "0", "0", "0", "0", "reversedirection=yes highway=primary surface=asphalt estimated_traffic_class=5 smoothness=good cycleway:both=no", "estimated_crossing_class=5", "1335", "132500"],
          ["11771571", "47693865", "728", "33", "1290", "0", "0", "0", "0", "reversedirection=yes highway=primary surface=asphalt estimated_traffic_class=5 smoothness=good cycleway:both=no", "highway=crossing estimated_crossing_class=5 crossing=unmarked kerb=lowered", "1342", "133166"],
          ["11771537", "47693847", "728", "3", "1290", "0", "0", "0", "0", "reversedirection=yes highway=primary surface=asphalt estimated_traffic_class=5 smoothness=good cycleway:both=no", "traffic_sign:direction=forward", "1342", "133225"],
          ["11771348", "47693750", "728", "18", "1290", "0", "0", "0", "0", "reversedirection=yes highway=primary surface=asphalt estimated_traffic_class=5 smoothness=good cycleway:both=no lcn=yes", "nodeaccessgranted=yes estimated_crossing_class=5 traffic_sign:direction=backward", "1345", "133550"],
          ["11771259", "47693677", "728", "13", "1290", "0", "204", "0", "0", "reversedirection=yes highway=primary surface=asphalt estimated_traffic_class=5 smoothness=good", "estimated_crossing_class=5", "1348", "133782"],
          ["11770929", "47693465", "728", "34", "1290", "0", "0", "0", "0", "reversedirection=yes highway=primary surface=asphalt estimated_traffic_class=5 smoothness=good", "highway=crossing crossing=unmarked kerb=lowered", "1353", "134349"],
          ["11770890", "47693438", "728", "4", "1290", "0", "0", "0", "0", "reversedirection=yes highway=primary surface=asphalt estimated_traffic_class=5 smoothness=good", "estimated_crossing_class=5", "1354", "134415"],
          ["11770804", "47693381", "728", "9", "1290", "0", "0", "0", "0", "reversedirection=yes highway=primary surface=asphalt estimated_traffic_class=5 smoothness=good cycleway:both=no lcn=yes", "nodeaccessgranted=yes estimated_crossing_class=5", "1356", "134566"],
          ["11770496", "47693036", "728", "45", "1290", "0", "1", "20", "0", "reversedirection=yes highway=primary surface=asphalt estimated_traffic_class=5 smoothness=good cycleway:both=no lcn=yes", "nodeaccessgranted=yes highway=crossing crossing=traffic_signals kerb=lowered", "1363", "135318"],
          ["11770457", "47692926", "728", "13", "1290", "0", "1", "20", "0", "reversedirection=yes highway=primary surface=asphalt estimated_traffic_class=5 smoothness=good cycleway:both=no lcn=yes", "nodeaccessgranted=yes highway=traffic_signals estimated_crossing_class=0", "1365", "135550"],
          ["11770451", "47692873", "728", "6", "1350", "0", "1", "20", "0", "reversedirection=yes highway=primary surface=asphalt estimated_traffic_class=6 smoothness=good cycleway:both=no lcn=yes route_bicycle_icn=yes", "nodeaccessgranted=yes highway=crossing crossing=traffic_signals kerb=lowered", "1367", "135664"],
          ["11770447", "47692601", "729", "30", "1350", "0", "0", "0", "0", "reversedirection=yes highway=primary surface=asphalt estimated_traffic_class=6 smoothness=good cycleway:both=no lcn=yes route_bicycle_icn=yes", "nodeaccessgranted=yes estimated_crossing_class=5", "1374", "136376"],
          ["11770472", "47692366", "730", "26", "1350", "0", "0", "0", "0", "reversedirection=yes highway=primary surface=asphalt estimated_traffic_class=6 smoothness=good cycleway:both=no lcn=yes route_bicycle_icn=yes", "", "1381", "137057"],
          ["11770510", "47692119", "731", "28", "1350", "0", "0", "0", "0", "reversedirection=yes highway=primary surface=asphalt estimated_traffic_class=6 lcn=yes route_bicycle_icn=yes", "nodeaccessgranted=yes estimated_crossing_class=5", "1388", "137846"],
          ["11770520", "47692067", "731", "6", "1350", "0", "0", "0", "0", "reversedirection=yes highway=primary surface=asphalt estimated_traffic_class=6 cycleway:both=no lcn=yes route_bicycle_icn=yes", "nodeaccessgranted=yes estimated_crossing_class=5", "1390", "138002"],
          ["11769188", "47691873", "732", "111", "1200", "0", "68", "0", "0", "reversedirection=yes highway=residential surface=asphalt", "", "1421", "141070"],
          ["11766871", "47689045", "737", "364", "1200", "0", "108", "0", "0", "highway=residential surface=asphalt", "estimated_crossing_class=5", "1504", "149452"],
          ["11766369", "47689034", "737", "39", "1290", "0", "72", "0", "0", "reversedirection=yes highway=primary surface=asphalt estimated_traffic_class=5", "estimated_crossing_class=5", "1514", "150393"],
          ["11765548", "47688880", "737", "65", "1290", "0", "0", "0", "0", "reversedirection=yes highway=primary surface=asphalt estimated_traffic_class=5", "estimated_crossing_class=5", "1528", "151842"],
          ["11765424", "47688833", "738", "11", "1290", "0", "0", "20", "0", "reversedirection=yes highway=primary surface=asphalt estimated_traffic_class=5", "highway=crossing crossing=traffic_signals kerb=lowered", "1531", "152104"],
          ["11763072", "47687933", "738", "203", "1290", "0", "0", "0", "0", "reversedirection=yes highway=primary surface=asphalt estimated_traffic_class=5", "estimated_crossing_class=4", "1572", "156195"],
          ["11760363", "47687295", "737", "216", "1290", "0", "0", "0", "0", "reversedirection=yes highway=primary surface=asphalt estimated_traffic_class=5", "highway=crossing", "1606", "159614"],
          ["11759910", "47687144", "737", "37", "1290", "0", "0", "0", "0", "reversedirection=yes highway=primary surface=asphalt estimated_traffic_class=5", "estimated_crossing_class=4", "1613", "160258"],
          ["11759741", "47687057", "737", "16", "1290", "0", "1", "0", "0", "reversedirection=yes highway=primary surface=asphalt estimated_traffic_class=5 lcn=yes", "", "1615", "160534"],
          ["11759572", "47686967", "737", "16", "1290", "0", "0", "0", "0", "reversedirection=yes highway=primary surface=asphalt estimated_traffic_class=5", "estimated_crossing_class=4 traffic_sign:direction=backward", "1618", "160809"],
          ["11759455", "47686894", "737", "12", "1260", "0", "0", "0", "0", "reversedirection=yes highway=primary surface=asphalt estimated_traffic_class=4", "estimated_crossing_class=4", "1620", "160980"],
          ["11759206", "47686709", "736", "27", "1260", "0", "1", "0", "0", "reversedirection=yes highway=primary surface=asphalt estimated_traffic_class=4", "estimated_crossing_class=4", "1623", "161321"],
          ["11758883", "47686428", "737", "40", "1260", "0", "0", "20", "0", "reversedirection=yes highway=primary surface=asphalt estimated_traffic_class=4", "highway=traffic_signals estimated_crossing_class=0 traffic_signals=signal", "1629", "161953"],
          ["11758501", "47686018", "737", "54", "1260", "0", "0", "0", "0", "reversedirection=yes highway=primary surface=asphalt estimated_traffic_class=4 cycleway:both=no", "", "1638", "162825"],
          ["11758420", "47685916", "737", "13", "1260", "0", "0", "0", "0", "reversedirection=yes highway=primary surface=asphalt estimated_traffic_class=4", "estimated_crossing_class=4", "1640", "163052"],
          ["11758301", "47685749", "737", "21", "1260", "0", "0", "0", "0", "reversedirection=yes highway=primary surface=asphalt estimated_traffic_class=4", "highway=crossing crossing=unmarked", "1645", "163464"],
          ["11758153", "47685498", "737", "30", "1260", "0", "0", "0", "0", "reversedirection=yes highway=primary surface=asphalt estimated_traffic_class=4", "estimated_crossing_class=4", "1650", "163968"],
          ["11757959", "47685105", "737", "46", "1260", "0", "0", "0", "0", "reversedirection=yes highway=primary surface=asphalt estimated_traffic_class=4 cycleway:both=no", "traffic_sign:direction=backward", "1658", "164803"],
          ["11757957", "47685101", "737", "1", "1260", "0", "0", "0", "0", "reversedirection=yes highway=primary surface=asphalt estimated_traffic_class=4 cycleway:both=no", "traffic_sign:direction=forward", "1658", "164820"],
          ["11757851", "47684708", "737", "44", "1260", "0", "0", "0", "0", "reversedirection=yes highway=primary surface=asphalt estimated_traffic_class=4 cycleway:both=no", "estimated_crossing_class=4", "1666", "165560"],
          ["11757849", "47684684", "737", "3", "1260", "0", "0", "0", "0", "reversedirection=yes highway=primary surface=asphalt estimated_traffic_class=4 cycleway:both=no", "estimated_crossing_class=4", "1666", "165616"],
          ["11757816", "47684222", "738", "51", "1260", "0", "0", "0", "0", "reversedirection=yes highway=primary surface=asphalt estimated_traffic_class=4 cycleway:both=no", "estimated_crossing_class=4", "1676", "166595"],
          ["11757935", "47683051", "742", "131", "1260", "0", "1", "0", "0", "reversedirection=yes highway=primary surface=asphalt estimated_traffic_class=4 cycleway:both=no", "estimated_crossing_class=4", "1712", "170206"],
          ["11758723", "47681859", "746", "145", "1260", "0", "2", "20", "0", "reversedirection=yes highway=primary surface=asphalt estimated_traffic_class=4 cycleway:both=no", "highway=crossing estimated_crossing_class=0 crossing=traffic_signals", "1748", "173825"],
          ["11759218", "47680372", "747", "170", "1260", "0", "2", "0", "0", "reversedirection=yes highway=primary surface=asphalt estimated_traffic_class=4 cycleway:both=no", "", "1786", "177597"],
          ["11759294", "47679830", "748", "61", "1260", "0", "1", "0", "0", "reversedirection=yes highway=primary surface=asphalt estimated_traffic_class=4", "estimated_crossing_class=3", "1799", "178925"],
          ["11759175", "47679608", "748", "26", "1260", "0", "3", "0", "0", "reversedirection=yes highway=primary surface=asphalt estimated_traffic_class=4", "estimated_crossing_class=3", "1804", "179453"],
          ["11758974", "47679307", "748", "37", "1260", "0", "0", "0", "0", "reversedirection=yes highway=primary surface=asphalt estimated_traffic_class=4", "estimated_crossing_class=3", "1813", "180305"],
          ["11758596", "47678637", "749", "80", "1260", "0", "1", "0", "0", "reversedirection=yes highway=primary surface=asphalt estimated_traffic_class=4", "estimated_crossing_class=3", "1829", "181905"],
          ["11758574", "47678348", "749", "32", "1260", "0", "1", "0", "0", "reversedirection=yes highway=primary surface=asphalt estimated_traffic_class=4", "estimated_crossing_class=3", "1837", "182662"],
          ["11750696", "47670256", "760", "1159", "1200", "0", "87", "0", "0", "highway=residential surface=asphalt oneway=no", "", "2109", "209882"],
          ["11747393", "47665598", "763", "582", "1200", "0", "5", "0", "0", "highway=residential surface=asphalt cycleway:both=no oneway=no", "", "2234", "222468"],
          ["11749118", "47660675", "769", "576", "1200", "0", "20", "0", "0", "highway=residential surface=asphalt oneway=no", "traffic_sign:direction=backward", "2354", "234455"],
          ["11749273", "47660592", "769", "15", "1200", "0", "0", "0", "0", "highway=residential surface=asphalt oneway=no", "", "2357", "234748"],
          ["11749237", "47659463", "769", "125", "1300", "0", "36", "0", "0", "highway=cycleway surface=asphalt foot=yes bicycle=yes", "highway=crossing", "2383", "237332"],
          ["11748776", "47655004", "770", "498", "1300", "0", "0", "0", "0", "reversedirection=yes highway=cycleway surface=asphalt foot=yes bicycle=yes", "highway=crossing", "2480", "247054"],
          ["11747907", "47653426", "767", "187", "1300", "0", "0", "0", "0", "reversedirection=yes highway=cycleway surface=asphalt tracktype=grade1 foot=yes bicycle=yes", "", "2509", "249914"],
          ["11747357", "47652534", "768", "111", "1100", "0", "7", "0", "0", "highway=unclassified surface=asphalt oneway=no", "", "2522", "251223"],
          ["11746218", "47647943", "771", "522", "1300", "0", "7", "0", "0", "highway=cycleway surface=asphalt tracktype=grade1 foot=yes bicycle=yes", "", "2617", "260692"],
          ["11746210", "47647506", "771", "48", "1300", "0", "2", "0", "0", "highway=cycleway surface=asphalt tracktype=grade1 foot=yes bicycle=yes lcn=yes", "nodeaccessgranted=yes highway=crossing", "2627", "261719"],
          ["11746298", "47647486", "771", "7", "1200", "0", "59", "0", "0", "reversedirection=yes highway=residential surface=asphalt oneway=no lcn=yes", "nodeaccessgranted=yes estimated_crossing_class=5", "2628", "261853"],
          ["11746366", "47647466", "771", "6", "1200", "0", "0", "0", "0", "reversedirection=yes highway=service surface=paving_stones oneway=no", "", "2629", "261958"],
          ["11745292", "47644504", "774", "347", "1200", "0", "52", "0", "0", "highway=path surface=asphalt tracktype=grade1 foot=yes bicycle=yes", "highway=crossing", "2703", "269361"],
          ["11745276", "47644317", "775", "21", "1200", "0", "0", "0", "0", "highway=path surface=asphalt tracktype=grade1 foot=yes bicycle=yes", "", "2708", "269845"],
          ["11745575", "47644263", "773", "23", "1200", "0", "78", "0", "0", "highway=residential surface=asphalt cycleway:both=no", "", "2712", "270190"],
          ["11745971", "47644166", "772", "32", "1200", "0", "0", "0", "0", "highway=residential surface=asphalt smoothness=excellent cycleway:both=no", "", "2716", "270613"],
          ["11746108", "47644148", "774", "11", "1200", "0", "1", "0", "0", "highway=residential surface=asphalt cycleway:both=no", "", "2718", "270852"],
          ["11746544", "47641726", "777", "274", "1200", "0", "45", "0", "0", "highway=residential surface=asphalt smoothness=good oneway=no route_bicycle_icn=yes route_bicycle_lcn=yes", "", "2778", "276779"],
          ["11746030", "47641691", "776", "39", "1200", "0", "89", "0", "0", "reversedirection=yes highway=service surface=asphalt", "", "2785", "277507"],
          ["11745728", "47641812", "775", "27", "1200", "0", "27", "0", "0", "highway=service oneway=no", "", "2789", "277940"],
          ["11745531", "47641850", "775", "16", "10000", "0", "13", "0", "0", "highway=footway", "", "2791", "278154"],
          ["11745532", "47641975", "774", "14", "20000", "0", "79", "0", "0", "highway=path surface=compacted foot=designated bicycle=no", "", "2793", "278331"],
          ["11745537", "47642100", "774", "14", "10000", "0", "0", "0", "0", "highway=path foot=designated bicycle=no", "", "2795", "278514"],
          ["11745532", "47641975", "774", "14", "10000", "0", "0", "0", "0", "reversedirection=yes highway=path foot=designated bicycle=no", "", "2797", "278750"],
          ["11745531", "47641850", "775", "14", "20000", "0", "0", "0", "0", "reversedirection=yes highway=path surface=compacted foot=designated bicycle=no", "", "2800", "279000"],
          ["11745728", "47641812", "775", "16", "10000", "0", "90", "0", "0", "reversedirection=yes highway=footway", "", "2803", "279331"],
          ["11746030", "47641691", "776", "27", "1200", "0", "3", "0", "0", "reversedirection=yes highway=service oneway=no", "", "2809", "279963"],
          ["11746544", "47641726", "777", "39", "1200", "0", "26", "0", "0", "highway=service surface=asphalt", "", "2820", "281067"],
          ["11746801", "47640349", "777", "154", "1200", "0", "89", "0", "0", "highway=residential surface=asphalt smoothness=good oneway=no route_bicycle_icn=yes route_bicycle_lcn=yes", "", "2852", "284234"],
          ["11747420", "47639754", "778", "81", "1100", "0", "6", "0", "0", "highway=unclassified surface=asphalt tracktype=grade1 smoothness=intermediate oneway=no route_bicycle_icn=yes route_bicycle_lcn=yes", "", "2869", "285897"],
          ["11747795", "47634173", "783", "646", "1200", "0", "5", "0", "0", "highway=track surface=asphalt tracktype=grade1 bicycle=yes smoothness=bad route_bicycle_icn=yes route_bicycle_lcn=yes", "", "3008", "299872"],
          ["11747140", "47634385", "782", "55", "1200", "0", "96", "0", "0", "highway=residential oneway=no", "", "3017", "300703"],
          ["11746161", "47634424", "783", "74", "1200", "0", "0", "0", "0", "reversedirection=yes highway=residential oneway=no", "estimated_crossing_class=4", "3028", "301853"],
          ["11746151", "47634353", "783", "8", "1260", "0", "88", "0", "0", "highway=primary surface=asphalt estimated_traffic_class=4 oneway=no", "estimated_crossing_class=3", "3030", "301996"],
          ["11746111", "47634159", "783", "22", "1260", "0", "0", "0", "0", "highway=primary surface=asphalt estimated_traffic_class=4 oneway=no", "", "3034", "302386"],
          ["11745737", "47633100", "784", "121", "1260", "0", "0", "0", "0", "highway=primary surface=asphalt estimated_traffic_class=4 cycleway:both=no oneway=no", "", "3059", "304928"],
          ["11745364", "47632124", "785", "113", "1230", "0", "0", "0", "0", "highway=primary surface=asphalt estimated_traffic_class=3 cycleway:both=no oneway=no", "estimated_crossing_class=3", "3083", "307298"],
          ["11746061", "47629172", "788", "337", "1230", "0", "0", "0", "0", "highway=primary surface=asphalt estimated_traffic_class=3 cycleway:both=no oneway=no", "estimated_crossing_class=3", "3152", "314282"],
          ["11746501", "47626749", "791", "281", "1230", "0", "0", "0", "0", "highway=primary surface=asphalt estimated_traffic_class=3 cycleway:both=no oneway=no", "", "3217", "320712"],
          ["11746329", "47626525", "792", "28", "1230", "0", "0", "0", "0", "highway=primary surface=asphalt estimated_traffic_class=3 oneway=no", "estimated_crossing_class=3", "3225", "321516"],
          ["11746240", "47626410", "793", "14", "1230", "0", "0", "0", "0", "highway=primary surface=asphalt estimated_traffic_class=3 oneway=no", "estimated_crossing_class=3", "3229", "321952"],
          ["11745975", "47626167", "794", "34", "1230", "0", "1", "0", "0", "highway=primary surface=asphalt estimated_traffic_class=3 oneway=no", "", "3235", "322539"],
          ["11734974", "47623013", "805", "913", "1230", "0", "3", "0", "0", "highway=primary surface=asphalt estimated_traffic_class=3 smoothness=good cycleway:both=no oneway=no", "estimated_crossing_class=2", "3479", "346972"],
          ["11734772", "47622980", "805", "16", "1230", "0", "0", "0", "0", "highway=primary surface=asphalt estimated_traffic_class=3 smoothness=good cycleway:both=no oneway=no", "estimated_crossing_class=2", "3482", "347222"],
          ["11732885", "47622816", "808", "143", "1230", "0", "0", "0", "0", "highway=primary surface=asphalt estimated_traffic_class=3 smoothness=good cycleway:both=no oneway=no", "estimated_crossing_class=2", "3514", "350407"],
          ["11730662", "47622705", "808", "168", "1230", "0", "0", "0", "0", "highway=primary surface=asphalt estimated_traffic_class=3 smoothness=good cycleway:both=no oneway=no", "", "3550", "354058"],
          ["11727859", "47622324", "809", "216", "1230", "0", "0", "0", "0", "highway=primary surface=asphalt estimated_traffic_class=3 cycleway:both=no oneway=no", "estimated_crossing_class=3", "3591", "358142"],
          ["11727552", "47622322", "811", "23", "1230", "0", "0", "0", "0", "highway=primary surface=asphalt estimated_traffic_class=3 cycleway:both=no oneway=no", "estimated_crossing_class=3", "3598", "358881"],
          ["11723718", "47623353", "812", "315", "1230", "0", "1", "0", "0", "highway=primary surface=asphalt estimated_traffic_class=3 cycleway:both=no oneway=no", "estimated_crossing_class=3", "3665", "365498"],
          ["11721754", "47623185", "812", "151", "1230", "0", "1", "0", "0", "highway=primary surface=asphalt estimated_traffic_class=3 cycleway:both=no oneway=no", "estimated_crossing_class=3", "3691", "368190"],
          ["11720849", "47622939", "815", "74", "1230", "0", "0", "0", "0", "highway=primary surface=asphalt estimated_traffic_class=3 cycleway:both=no oneway=no", "estimated_crossing_class=3", "3711", "370185"],
          ["11720114", "47622728", "817", "60", "1230", "0", "0", "0", "0", "highway=primary surface=asphalt estimated_traffic_class=3 cycleway:both=no oneway=no", "estimated_crossing_class=3", "3722", "371251"],
          ["11716833", "47622474", "821", "252", "1230", "0", "0", "0", "0", "highway=primary surface=asphalt estimated_traffic_class=3 cycleway:both=no oneway=no", "estimated_crossing_class=2", "3786", "377622"],
          ["11715178", "47622494", "824", "125", "1230", "0", "0", "0", "0", "highway=primary surface=asphalt estimated_traffic_class=3 cycleway:both=no oneway=no", "estimated_crossing_class=2", "3824", "381449"],
          ["11714966", "47622480", "825", "16", "1230", "0", "0", "0", "0", "highway=primary surface=asphalt estimated_traffic_class=3 cycleway:both=no oneway=no", "estimated_crossing_class=2", "3828", "381886"],
          ["11713256", "47622271", "828", "132", "1230", "0", "0", "0", "0", "highway=primary surface=asphalt estimated_traffic_class=3 cycleway:both=no oneway=no", "estimated_crossing_class=2", "3872", "386221"],
          ["11712720", "47622151", "828", "42", "1230", "0", "0", "0", "0", "highway=primary surface=asphalt estimated_traffic_class=3 cycleway:both=no oneway=no", "", "3881", "387197"],
          ["11712699", "47622146", "828", "2", "1230", "0", "0", "0", "0", "highway=primary surface=asphalt estimated_traffic_class=3", "estimated_crossing_class=2", "3882", "387246"],
          ["11712627", "47622128", "829", "6", "1230", "0", "0", "0", "0", "highway=primary surface=asphalt estimated_traffic_class=3", "estimated_crossing_class=2", "3884", "387411"],
          ["11712547", "47622109", "829", "6", "1230", "0", "0", "0", "0", "highway=primary surface=asphalt estimated_traffic_class=3", "estimated_crossing_class=2", "3885", "387582"],
          ["11711202", "47621765", "828", "108", "1230", "0", "0", "0", "0", "highway=primary surface=asphalt estimated_traffic_class=3", "", "3907", "389760"],
          ["11710831", "47621658", "828", "30", "1230", "0", "0", "0", "0", "highway=primary surface=asphalt estimated_traffic_class=3 oneway=no", "estimated_crossing_class=2", "3913", "390353"],
          ["11704307", "47620012", "833", "524", "1230", "0", "0", "0", "0", "highway=primary surface=asphalt estimated_traffic_class=3 oneway=no", "estimated_crossing_class=3", "4026", "401610"],
          ["11700909", "47619534", "836", "262", "1230", "0", "0", "0", "0", "highway=primary surface=asphalt estimated_traffic_class=3 oneway=no", "estimated_crossing_class=3", "4084", "407414"],
          ["11698128", "47619305", "837", "210", "1230", "0", "0", "0", "0", "highway=primary surface=asphalt estimated_traffic_class=3 oneway=no", "estimated_crossing_class=3", "4129", "411936"],
          ["11695832", "47619167", "842", "173", "1230", "0", "0", "0", "0", "highway=primary surface=asphalt estimated_traffic_class=3 oneway=no", "estimated_crossing_class=3", "4182", "417280"],
          ["11691950", "47618931", "846", "293", "1230", "0", "0", "0", "0", "highway=primary surface=asphalt estimated_traffic_class=3 oneway=no", "estimated_crossing_class=3", "4256", "424663"],
          ["11686894", "47617712", "848", "409", "1230", "0", "0", "0", "0", "highway=primary surface=asphalt estimated_traffic_class=3 oneway=no", "estimated_crossing_class=2", "4342", "433211"],
          ["11685832", "47617237", "851", "96", "1230", "0", "0", "0", "0", "highway=primary surface=asphalt estimated_traffic_class=3 oneway=no", "estimated_crossing_class=2", "4367", "435768"],
          ["11685391", "47617053", "851", "39", "1230", "0", "0", "0", "0", "highway=primary surface=asphalt estimated_traffic_class=3 oneway=no", "", "4376", "436640"],
          ["11685046", "47616910", "851", "30", "1230", "0", "0", "0", "0", "highway=primary surface=asphalt estimated_traffic_class=3 cycleway:both=no oneway=no", "estimated_crossing_class=2", "4383", "437336"],
          ["11684811", "47616835", "852", "20", "1230", "0", "0", "0", "0", "highway=primary surface=asphalt estimated_traffic_class=3 cycleway:both=no oneway=no", "estimated_crossing_class=2", "4387", "437796"],
          ["11684242", "47616647", "852", "48", "1230", "0", "0", "0", "0", "highway=primary surface=asphalt estimated_traffic_class=3 cycleway:both=no oneway=no", "estimated_crossing_class=2", "4399", "438989"],
          ["11684086", "47616597", "853", "13", "1230", "0", "0", "0", "0", "highway=primary surface=asphalt estimated_traffic_class=3 cycleway:both=no oneway=no", "estimated_crossing_class=2", "4402", "439300"],
          ["11683566", "47616438", "853", "43", "1230", "0", "0", "0", "0", "highway=primary surface=asphalt estimated_traffic_class=3 cycleway:both=no oneway=no", "estimated_crossing_class=2", "4413", "440345"],
          ["11682844", "47616257", "854", "58", "1230", "0", "0", "0", "0", "highway=primary surface=asphalt estimated_traffic_class=3 cycleway:both=no oneway=no", "estimated_crossing_class=2", "4429", "441947"],
          ["11682419", "47616171", "855", "33", "1230", "0", "0", "0", "0", "highway=primary surface=asphalt estimated_traffic_class=3 cycleway:both=no oneway=no", "estimated_crossing_class=2", "4437", "442753"],
          ["11681154", "47615943", "856", "98", "1230", "0", "0", "0", "0", "highway=primary surface=asphalt estimated_traffic_class=3 cycleway:both=no oneway=no", "estimated_crossing_class=2", "4462", "445217"],
          ["11679288", "47615711", "857", "143", "1230", "0", "0", "0", "0", "highway=primary surface=asphalt estimated_traffic_class=3 cycleway:both=no oneway=no", "estimated_crossing_class=2", "4491", "448189"],
          ["11677638", "47615617", "861", "124", "1230", "0", "0", "0", "0", "highway=primary surface=asphalt estimated_traffic_class=3 cycleway:both=no oneway=no", "", "4539", "453009"],
          ["11677343", "47615605", "860", "22", "1230", "0", "0", "0", "0", "highway=primary surface=asphalt estimated_traffic_class=3 oneway=no", "", "4544", "453435"],
          ["11677255", "47615603", "860", "7", "1230", "0", "0", "0", "0", "highway=primary surface=asphalt estimated_traffic_class=3 cycleway:both=no oneway=no", "estimated_crossing_class=2", "4545", "453568"],
          ["11675561", "47615535", "862", "127", "1230", "0", "0", "0", "0", "highway=primary surface=asphalt estimated_traffic_class=3 cycleway:both=no oneway=no", "estimated_crossing_class=2", "4576", "456701"],
          ["11675136", "47615522", "862", "32", "1230", "0", "0", "0", "0", "highway=primary surface=asphalt estimated_traffic_class=3 cycleway:both=no oneway=no", "estimated_crossing_class=2", "4583", "457333"],
          ["11674803", "47615506", "863", "25", "1230", "0", "0", "0", "0", "highway=primary surface=asphalt estimated_traffic_class=3 cycleway:both=no oneway=no", "estimated_crossing_class=2", "4588", "457838"],
          ["11673926", "47615466", "863", "66", "1230", "0", "0", "0", "0", "highway=primary surface=asphalt estimated_traffic_class=3 cycleway:both=no oneway=no", "", "4602", "459293"],
          ["11670594", "47614879", "868", "261", "1230", "0", "1", "0", "0", "highway=primary surface=asphalt estimated_traffic_class=3 oneway=no", "estimated_crossing_class=2", "4671", "466148"],
          ["11669083", "47613959", "869", "154", "1230", "0", "0", "0", "0", "highway=primary surface=asphalt estimated_traffic_class=3 oneway=no", "estimated_crossing_class=2", "4704", "469451"],
          ["11668862", "47613776", "869", "26", "1230", "0", "0", "0", "0", "highway=primary surface=asphalt estimated_traffic_class=3 oneway=no", "estimated_crossing_class=2", "4709", "470011"],
          ["11668439", "47613401", "870", "52", "1200", "0", "0", "0", "0", "highway=primary surface=asphalt estimated_traffic_class=2", "estimated_crossing_class=2", "4722", "471297"],
          ["11666845", "47612080", "871", "190", "1200", "0", "0", "0", "0", "highway=primary surface=asphalt estimated_traffic_class=2", "estimated_crossing_class=2", "4763", "475331"],
          ["11665859", "47611558", "872", "94", "1230", "0", "0", "0", "0", "highway=primary surface=asphalt estimated_traffic_class=3 cycleway:both=no", "estimated_crossing_class=2", "4783", "477380"],
          ["11661683", "47611056", "877", "323", "1230", "0", "0", "0", "0", "highway=primary surface=asphalt estimated_traffic_class=3 cycleway:both=no", "estimated_crossing_class=2", "4863", "485359"],
          ["11661302", "47611082", "878", "29", "1230", "0", "0", "0", "0", "highway=primary surface=asphalt estimated_traffic_class=3 cycleway:both=no", "estimated_crossing_class=2", "4872", "486229"],
          ["11658062", "47612139", "884", "275", "1230", "0", "0", "0", "0", "highway=primary surface=asphalt estimated_traffic_class=3 cycleway:both=no", "estimated_crossing_class=2", "4951", "494173"],
          ["11656678", "47612841", "884", "130", "1230", "0", "0", "0", "0", "highway=primary surface=asphalt estimated_traffic_class=3 cycleway:both=no", "estimated_crossing_class=2", "4979", "496928"],
          ["11655052", "47613184", "886", "130", "1230", "0", "0", "0", "0", "highway=primary surface=asphalt estimated_traffic_class=3 cycleway:both=no", "estimated_crossing_class=2", "5008", "499868"],
          ["11651567", "47612347", "890", "287", "1230", "0", "0", "0", "0", "highway=primary surface=asphalt estimated_traffic_class=3 cycleway:both=no", "estimated_crossing_class=2", "5080", "507031"],
          ["11651409", "47612261", "890", "15", "1200", "0", "0", "0", "0", "highway=primary surface=asphalt estimated_traffic_class=2 route_bicycle_icn=yes", "nodeaccessgranted=yes estimated_crossing_class=2", "5084", "507466"],
          ["11649985", "47611347", "893", "147", "1200", "0", "0", "0", "0", "highway=primary surface=asphalt estimated_traffic_class=2", "estimated_crossing_class=2", "5123", "511373"],
          ["11649435", "47610980", "894", "58", "1200", "0", "0", "0", "0", "highway=primary surface=asphalt estimated_traffic_class=2", "estimated_crossing_class=2", "5140", "513094"],
          ["11648394", "47610381", "898", "103", "1200", "0", "0", "0", "0", "highway=primary surface=asphalt estimated_traffic_class=2", "estimated_crossing_class=2", "5179", "517021"],
          ["11648101", "47610236", "899", "27", "1200", "0", "0", "0", "0", "highway=primary surface=asphalt estimated_traffic_class=2", "estimated_crossing_class=2", "5189", "517994"],
          ["11640613", "47608958", "931", "589", "1200", "0", "2", "0", "0", "highway=primary surface=asphalt estimated_traffic_class=2", "estimated_crossing_class=2", "5518", "550866"],
          ["11640539", "47608930", "931", "6", "1200", "0", "0", "0", "0", "highway=primary surface=asphalt estimated_traffic_class=2 smoothness=excellent", "estimated_crossing_class=2", "5521", "551150"],
          ["11638211", "47606155", "940", "363", "1200", "0", "0", "0", "0", "highway=primary surface=asphalt estimated_traffic_class=2 smoothness=excellent", "estimated_crossing_class=2", "5660", "565106"],
          ["11637240", "47605590", "941", "96", "1200", "0", "2", "0", "0", "highway=primary surface=asphalt estimated_traffic_class=2", "estimated_crossing_class=2", "5685", "567575"],
          ["11635746", "47604177", "939", "199", "1200", "0", "0", "0", "0", "highway=primary surface=asphalt estimated_traffic_class=2 smoothness=excellent cycleway:both=no", "", "5730", "572073"],
          ["11635736", "47604132", "940", "5", "1200", "0", "0", "0", "0", "highway=primary surface=asphalt estimated_traffic_class=2", "estimated_crossing_class=2", "5731", "572175"],
          ["11635717", "47604015", "940", "13", "1200", "0", "0", "0", "0", "highway=primary surface=asphalt estimated_traffic_class=2 cycleway:both=no", "estimated_crossing_class=2", "5734", "572435"],
          ["11635716", "47603983", "940", "4", "1200", "0", "0", "0", "0", "highway=primary surface=asphalt estimated_traffic_class=2 cycleway:both=no", "", "5734", "572513"],
          ["11635715", "47603962", "940", "2", "1200", "0", "0", "0", "0", "highway=primary surface=asphalt estimated_traffic_class=2 smoothness=excellent cycleway:both=no", "estimated_crossing_class=2", "5735", "572553"],
          ["11633598", "47592626", "879", "1355", "1200", "1751", "11", "0", "0", "highway=primary surface=asphalt estimated_traffic_class=2 smoothness=excellent cycleway:both=no", "highway=milestone", "5856", "580802"],
          ["11632699", "47590335", "875", "277", "1200", "135", "0", "0", "0", "highway=primary surface=asphalt estimated_traffic_class=2 smoothness=excellent cycleway:both=no", "estimated_crossing_class=2", "5884", "583615"],
          ["11632813", "47589928", "874", "46", "1200", "0", "0", "0", "0", "highway=primary surface=asphalt estimated_traffic_class=2 smoothness=excellent cycleway:both=no", "highway=milestone", "5889", "584171"],
          ["11632818", "47589871", "875", "6", "1200", "0", "0", "0", "0", "highway=primary surface=asphalt estimated_traffic_class=2 smoothness=excellent cycleway:both=no", "", "5890", "584256"],
          ["11632284", "47588331", "873", "177", "1200", "0", "3", "0", "0", "highway=primary surface=asphalt estimated_traffic_class=2 cycleway:both=no", "highway=milestone", "5915", "586696"],
          ["11631924", "47586936", "873", "158", "1200", "0", "0", "0", "0", "highway=primary surface=asphalt estimated_traffic_class=2 cycleway:both=no", "estimated_crossing_class=2", "5933", "588559"],
          ["11631900", "47586724", "875", "23", "1200", "0", "0", "0", "0", "highway=primary surface=asphalt estimated_traffic_class=2 cycleway:both=no", "estimated_crossing_class=2", "5937", "588932"],
          ["11632053", "47585012", "856", "215", "1200", "520", "9", "0", "0", "highway=primary surface=asphalt estimated_traffic_class=2 cycleway:both=no", "highway=milestone", "5958", "590127"],
          ["11632900", "47584061", "840", "133", "1200", "853", "7", "0", "0", "highway=primary surface=asphalt estimated_traffic_class=2 cycleway:both=no", "estimated_crossing_class=2", "5969", "590127"],
          ["11633014", "47583547", "835", "59", "1200", "215", "2", "0", "0", "highway=primary surface=asphalt estimated_traffic_class=2 cycleway:both=no", "highway=milestone", "5973", "590127"],
          ["11634376", "47582440", "832", "168", "1200", "164", "1", "0", "0", "highway=primary surface=asphalt estimated_traffic_class=2 cycleway:both=no", "", "5988", "590608"],
          ["11635114", "47582376", "836", "56", "1200", "0", "0", "0", "0", "highway=primary surface=asphalt estimated_traffic_class=2 cycleway:both=no oneway=no", "estimated_crossing_class=2", "5995", "591355"],
          ["11635375", "47582389", "837", "20", "1200", "0", "0", "0", "0", "highway=primary surface=asphalt estimated_traffic_class=2 oneway=no", "", "5999", "591770"],
          ["11635524", "47582400", "838", "11", "1200", "0", "0", "0", "0", "highway=primary surface=asphalt estimated_traffic_class=2 oneway=no route_bicycle_ncn=yes route_bicycle_rcn=yes", "nodeaccessgranted=yes estimated_crossing_class=2", "6002", "592023"],
          ["11635698", "47582523", "836", "22", "1200", "0", "122", "0", "0", "reversedirection=yes highway=track surface=asphalt tracktype=grade1 oneway=no route_bicycle_icn=yes route_bicycle_ncn=yes route_bicycle_rcn=yes", "", "6005", "592346"],
          ["11643737", "47577858", "827", "922", "1300", "0", "21", "0", "0", "reversedirection=yes highway=cycleway surface=asphalt tracktype=grade1 foot=designated bicycle=designated oneway=no route_bicycle_icn=yes route_bicycle_ncn=yes route_bicycle_rcn=yes", "", "6164", "608199"],
          ["11646039", "47575711", "825", "299", "1200", "0", "34", "0", "0", "reversedirection=yes highway=track surface=asphalt tracktype=grade1 oneway=no route_bicycle_icn=yes route_bicycle_ncn=yes route_bicycle_rcn=yes", "", "6203", "612142"],
          ["11647327", "47574927", "820", "131", "1300", "0", "0", "0", "0", "reversedirection=yes highway=cycleway surface=asphalt tracktype=grade1 foot=designated bicycle=designated oneway=no route_bicycle_icn=yes route_bicycle_ncn=yes route_bicycle_rcn=yes", "", "6217", "613564"],
          ["11648905", "47574583", "822", "125", "1200", "0", "1", "0", "0", "reversedirection=yes highway=track surface=asphalt tracktype=grade1 foot=yes bicycle=yes oneway=no route_bicycle_icn=yes route_bicycle_ncn=yes route_bicycle_rcn=yes", "", "6236", "615451"],
          ["11649005", "47574544", "822", "9", "1200", "0", "0", "0", "0", "reversedirection=yes highway=track surface=asphalt tracktype=grade1 oneway=no route_bicycle_icn=yes route_bicycle_ncn=yes route_bicycle_rcn=yes", "", "6238", "615595"],
          ["11652694", "47573714", "821", "293", "1300", "0", "0", "0", "0", "reversedirection=yes highway=cycleway surface=asphalt tracktype=grade1 foot=designated bicycle=designated oneway=no route_bicycle_icn=yes route_bicycle_ncn=yes route_bicycle_rcn=yes", "", "6285", "620349"],
          ["11654365", "47573001", "820", "151", "1200", "0", "1", "0", "0", "reversedirection=yes highway=track surface=asphalt tracktype=grade1 oneway=no route_bicycle_icn=yes route_bicycle_ncn=yes route_bicycle_rcn=yes", "", "6308", "622665"],
          ["11657916", "47571460", "830", "328", "1300", "0", "4", "0", "0", "reversedirection=yes highway=cycleway surface=asphalt tracktype=grade1 foot=designated bicycle=designated oneway=no route_bicycle_icn=yes route_bicycle_ncn=yes route_bicycle_rcn=yes", "", "6377", "629523"],
          ["11665363", "47569959", "828", "665", "1200", "12", "40", "0", "0", "reversedirection=yes highway=track surface=asphalt tracktype=grade1 foot=yes bicycle=yes oneway=no route_bicycle_icn=yes route_bicycle_ncn=yes route_bicycle_rcn=yes", "", "6511", "642967"],
          ["11665360", "47569435", "829", "58", "1200", "0", "136", "0", "0", "reversedirection=yes highway=residential surface=asphalt route_bicycle_icn=yes route_bicycle_ncn=yes route_bicycle_rcn=yes", "", "6523", "644183"],
          ["11666594", "47569405", "830", "93", "1300", "0", "100", "0", "0", "reversedirection=yes highway=cycleway surface=asphalt foot=designated bicycle=designated oneway=no route_bicycle_icn=yes route_bicycle_ncn=yes route_bicycle_rcn=yes", "", "6547", "646557"],
          ["11667515", "47569196", "831", "73", "1200", "0", "1", "0", "0", "reversedirection=yes highway=track surface=asphalt tracktype=grade1 bicycle=designated route_bicycle_icn=yes route_bicycle_ncn=yes route_bicycle_rcn=yes", "", "6563", "648128"],
          ["11670258", "47566794", "836", "361", "1300", "0", "7", "0", "0", "reversedirection=yes highway=cycleway surface=asphalt foot=designated bicycle=designated oneway=no route_bicycle_icn=yes route_bicycle_ncn=yes route_bicycle_rcn=yes", "", "6650", "656790"],
          ["11670176", "47566799", "839", "6", "1200", "0", "105", "0", "0", "reversedirection=yes highway=residential surface=asphalt", "estimated_crossing_class=2", "6651", "656960"],
          ["11671241", "47564657", "840", "258", "1200", "0", "99", "0", "0", "highway=primary surface=asphalt estimated_traffic_class=2 cycleway:both=no", "estimated_crossing_class=2", "6707", "662566"],
          ["11671412", "47564538", "841", "18", "1200", "0", "0", "0", "0", "highway=primary surface=asphalt estimated_traffic_class=2 cycleway:both=no", "estimated_crossing_class=2", "6712", "663069"],
          ["11672153", "47564101", "842", "74", "1200", "0", "0", "0", "0", "highway=primary surface=asphalt estimated_traffic_class=2 cycleway:both=no", "estimated_crossing_class=2", "6732", "665069"],
          ["11672854", "47563675", "843", "71", "1200", "0", "0", "0", "0", "highway=primary surface=asphalt estimated_traffic_class=2 cycleway:both=no", "estimated_crossing_class=2", "6751", "666903"],
          ["11673271", "47563340", "843", "49", "1200", "0", "0", "0", "0", "highway=primary surface=asphalt estimated_traffic_class=2 cycleway:both=no", "estimated_crossing_class=2", "6762", "668089"],
          ["11673420", "47563166", "843", "22", "1200", "0", "0", "0", "0", "highway=primary surface=asphalt estimated_traffic_class=2 cycleway:both=no", "", "6767", "668555"],
          ["11673506", "47563061", "844", "13", "1200", "0", "0", "0", "0", "highway=primary surface=asphalt estimated_traffic_class=2", "", "6770", "668877"],
          ["11674119", "47562502", "847", "78", "1200", "0", "0", "0", "0", "highway=primary surface=asphalt estimated_traffic_class=2 cycleway:both=no", "estimated_crossing_class=2", "6797", "671590"],
          ["11674242", "47562400", "847", "15", "1200", "0", "0", "0", "0", "highway=primary surface=asphalt estimated_traffic_class=2 cycleway:both=no", "estimated_crossing_class=2", "6802", "672030"],
          ["11675519", "47561414", "856", "147", "1200", "0", "3", "0", "0", "highway=primary surface=asphalt estimated_traffic_class=2 cycleway:both=no", "highway=milestone", "6868", "678622"],
          ["11675805", "47560881", "860", "63", "1200", "0", "1", "0", "0", "highway=primary surface=asphalt estimated_traffic_class=2 cycleway:both=no", "estimated_crossing_class=2", "6908", "682609"],
          ["11680577", "47556699", "874", "634", "1200", "0", "15", "0", "0", "highway=primary surface=asphalt estimated_traffic_class=2 cycleway:both=no", "estimated_crossing_class=2", "7190", "710801"],
          ["11680735", "47556481", "877", "27", "1200", "0", "0", "0", "0", "highway=primary surface=asphalt estimated_traffic_class=2 cycleway:both=no", "estimated_crossing_class=2", "7196", "711427"],
          ["11680949", "47556159", "876", "39", "1200", "0", "0", "0", "0", "highway=primary surface=asphalt estimated_traffic_class=2 cycleway:both=no", "estimated_crossing_class=2", "7203", "712121"],
          ["11681240", "47555745", "875", "51", "1200", "0", "0", "0", "0", "highway=primary surface=asphalt estimated_traffic_class=2 cycleway:both=no", "estimated_crossing_class=2", "7211", "712954"],
          ["11681560", "47555398", "875", "46", "1200", "0", "0", "0", "0", "highway=primary surface=asphalt estimated_traffic_class=2 cycleway:both=no", "estimated_crossing_class=2", "7218", "713673"],
          ["11682938", "47554419", "883", "151", "1200", "0", "0", "0", "0", "highway=primary surface=asphalt estimated_traffic_class=2 cycleway:both=no", "highway=milestone", "7258", "717691"],
          ["11686607", "47552367", "878", "361", "1200", "0", "0", "0", "0", "highway=primary surface=asphalt estimated_traffic_class=2 cycleway:both=no", "estimated_crossing_class=2", "7332", "725031"],
          ["11686834", "47552222", "879", "23", "1200", "0", "0", "0", "0", "highway=primary surface=asphalt estimated_traffic_class=2 cycleway:both=no", "estimated_crossing_class=2", "7336", "725446"],
          ["11687094", "47552059", "879", "27", "1200", "0", "0", "0", "0", "highway=primary surface=asphalt estimated_traffic_class=2 cycleway:both=no", "estimated_crossing_class=2", "7341", "725924"],
          ["11688139", "47551396", "880", "108", "1200", "0", "0", "0", "0", "highway=primary surface=asphalt estimated_traffic_class=2 cycleway:both=no", "estimated_crossing_class=2", "7361", "727957"],
          ["11688851", "47550933", "880", "74", "1200", "0", "0", "0", "0", "highway=primary surface=asphalt estimated_traffic_class=2 cycleway:both=no", "estimated_crossing_class=2", "7374", "729256"],
          ["11690189", "47550507", "881", "113", "1200", "0", "0", "0", "0", "highway=primary surface=asphalt estimated_traffic_class=2 cycleway:both=no", "estimated_crossing_class=2", "7396", "731475"],
          ["11690555", "47550422", "881", "29", "1200", "0", "0", "0", "0", "highway=primary surface=asphalt estimated_traffic_class=2 cycleway:both=no", "estimated_crossing_class=2", "7402", "732057"],
          ["11690975", "47550320", "881", "34", "1200", "0", "0", "0", "0", "highway=primary surface=asphalt estimated_traffic_class=2 cycleway:both=no", "highway=milestone", "7409", "732790"],
          ["11691087", "47550293", "881", "9", "1200", "0", "0", "0", "0", "highway=primary surface=asphalt estimated_traffic_class=2 cycleway:both=no", "estimated_crossing_class=2", "7411", "732974"],
          ["11691372", "47550213", "882", "23", "1200", "0", "0", "0", "0", "highway=primary surface=asphalt estimated_traffic_class=2 cycleway:both=no", "estimated_crossing_class=2", "7416", "733462"],
          ["11692313", "47549893", "883", "79", "1200", "0", "0", "0", "0", "highway=primary surface=asphalt estimated_traffic_class=2 cycleway:both=no", "estimated_crossing_class=2", "7434", "735283"],
          ["11693261", "47549480", "883", "85", "1200", "0", "0", "0", "0", "highway=primary surface=asphalt estimated_traffic_class=2 cycleway:both=no", "highway=milestone", "7454", "737216"],
          ["11696463", "47547199", "887", "352", "1200", "0", "0", "0", "0", "highway=primary surface=asphalt estimated_traffic_class=2 cycleway:both=no", "estimated_crossing_class=2", "7533", "745182"],
          ["11696502", "47547162", "887", "5", "1200", "0", "0", "0", "0", "highway=primary surface=asphalt estimated_traffic_class=2 cycleway:both=no", "estimated_crossing_class=2", "7534", "745271"],
          ["11697496", "47546214", "890", "129", "1200", "0", "0", "0", "0", "highway=primary surface=asphalt estimated_traffic_class=2 cycleway:both=no", "estimated_crossing_class=2", "7558", "747688"],
          ["11697906", "47545864", "890", "50", "1200", "0", "0", "0", "0", "highway=primary surface=asphalt estimated_traffic_class=2", "estimated_crossing_class=2", "7574", "749265"],
          ["11699358", "47545343", "891", "125", "1200", "0", "1", "0", "0", "highway=primary surface=asphalt estimated_traffic_class=2", "estimated_crossing_class=2", "7604", "752216"],
          ["11700478", "47545162", "891", "87", "1200", "0", "0", "0", "0", "highway=primary surface=asphalt estimated_traffic_class=2", "estimated_crossing_class=2", "7622", "754022"],
          ["11700752", "47545112", "891", "21", "1200", "0", "0", "0", "0", "highway=primary surface=asphalt estimated_traffic_class=2 cycleway:both=no route_bicycle_icn=yes route_bicycle_ncn=yes route_bicycle_rcn=yes", "nodeaccessgranted=yes estimated_crossing_class=2", "7626", "754461"],
          ["11700834", "47544898", "892", "26", "1200", "0", "103", "0", "0", "reversedirection=yes highway=residential surface=asphalt route_bicycle_icn=yes route_bicycle_ncn=yes route_bicycle_rcn=yes", "nodeaccessgranted=yes traffic_sign:direction=backward", "7632", "755033"],
          ["11707116", "47528303", "918", "2029", "1200", "0", "140", "0", "0", "reversedirection=yes highway=residential surface=asphalt route_bicycle_icn=yes route_bicycle_ncn=yes route_bicycle_rcn=yes", "", "8110", "802826"],
          ["11707093", "47523034", "912", "603", "1200", "0", "47", "0", "0", "highway=residential surface=asphalt route_bicycle_icn=yes route_bicycle_ncn=yes route_bicycle_rcn=yes", "", "8209", "812749"],
          ["11707918", "47521558", "914", "180", "1200", "0", "7", "0", "0", "highway=residential surface=asphalt cycleway:both=no route_bicycle_icn=yes route_bicycle_ncn=yes route_bicycle_rcn=yes", "", "8249", "816741"],
          ["11705900", "47521524", "919", "156", "1200", "0", "92", "0", "0", "reversedirection=yes highway=residential surface=asphalt", "", "8287", "820521"],
          ["11705637", "47522169", "917", "75", "1200", "0", "81", "0", "0", "reversedirection=yes highway=residential surface=paved", "", "8305", "822346"]
        ],
        "times": [0,1.037,4.627,8.947,9.907,11.027,12.867,15.267,16.129,16.715,18.137,20.707,22.204,25.865,27.365,29.033,36.191,39.888,47.062,55.63,61.851,64.642,70.644,97.405,100.154,102.624,106.424,114.459,119.958,127.961,130.977,133.3,135.706,138.196,141.042,142.296,143.096,143.863,144.51,145.165,145.827,146.902,148.987,149.654,151.009,153.062,157.545,158.957,160.588,175.38,217.001,223.007,226.081,229.316,235.596,244.239,250.15,256.889,269.077,272.335,275.555,280.986,285.621,289.077,291.593,293.432,297.781,299.826,301.695,305.668,309.41,313.152,316.214,319.641,328.534,334.074,346.562,350.84,353.156,355.246,357.496,365.842,377.492,394.286,397.697,401.529,408.974,410.874,412.43,417.677,420.319,424.177,426.635,431.323,437.603,445.11,446.321,450.629,454.912,457.641,460.23,463.374,466.335,468.163,472.393,477.432,480.005,483.464,486.837,498.825,502.714,506.694,509.601,515.409,521.079,528.535,534.276,541.239,546.084,548.414,550.723,552.983,563.014,564.679,568.316,570.374,576.662,587.194,590.632,592.838,596.284,600.716,603.809,607.49,611.694,617.107,621.479,623.416,626.935,628.779,634.997,641.932,646.911,651.331,653.341,658.529,660.121,662.203,665.974,670.411,675.286,677.758,680.215,695.112,698.071,699.716,702.792,705.119,707.119,707.832,708.852,710.01,710.988,713.719,716.483,728.399,788.06,819.709,846.16,848.259,854.87,867.924,871.745,878.306,886.139,896.481,903.18,907.905,914.034,920.914,924.68,924.934,926.432,927.018,929.209,930.586,931.967,932.849,934.1,937.809,939.12,945.122,947.463,950.153,955.639,956.789,961.526,963.033,964.481,965.216,966.137,968.063,970.015,972.086,973.182,974.648,975.758,977.534,979.042,983.457,984.789,985.666,986.461,988.049,989.339,990.642,991.797,993.283,998.232,1005.716,1009.333,1017.298,1018.826,1021.783,1023.941,1024.919,1049.71,1062.597,1073.044,1082.579,1092.039,1103.588,1110.396,1137.933,1147.084,1151.299,1152.616,1163.175,1164.842,1165.862,1167.664,1169.591,1177.103,1179.268,1181.724,1190.103,1195.129,1197.927,1203.467,1208.409,1211.852,1216.578,1216.811,1219.2,1220.354,1220.952,1228.357,1241.913,1247.278,1250.968,1252.701,1254.287,1272.124,1273.668,1277.541,1282.155,1285.779,1287.813,1292.772,1296.846,1299.026,1300.754,1302.494,1306.559,1307.988,1319.01,1329.718,1335.486,1342.145,1342.731,1345.984,1346.342,1348.308,1353.972,1354.639,1356.141,1358.313,1360.82,1363.664,1365.983,1367.122,1374.241,1381.046,1388.934,1390.496,1404.502,1408.778,1412.193,1413.828,1417.965,1421.171,1438.015,1446.346,1453.957,1457.161,1463.206,1464.45,1480.041,1485.291,1493.839,1504.971,1507.95,1511.725,1514.382,1519.267,1522.889,1525.611,1528.862,1531.488,1535.123,1539.628,1548.4,1564.057,1572.389,1581.283,1591.095,1595.922,1600.395,1604.129,1606.579,1609.372,1610.242,1613.014,1615.774,1617.494,1618.523,1620.236,1620.372,1623.647,1629.964,1633.497,1638.689,1640.605,1640.952,1645.074,1650.12,1653.742,1658.462,1658.635,1662.55,1666.039,1666.596,1676.381,1699.518,1706.193,1712.484,1715.198,1726.017,1748.663,1752.799,1755.927,1765.168,1770.783,1782.019,1786.376,1792.934,1796.033,1799.649,1801.303,1804.931,1813.449,1823.381,1829.451,1837.02,1840.312,1844.12,1860.865,1876.057,1881.016,1883.624,1886.379,1894.936,1899.144,1902.872,1907.542,1910.291,1920.277,1922.279,1924.543,1926.895,1929.392,1946.09,1970.703,1981.007,1999.741,2005.647,2011.424,2017.316,2025.269,2035.898,2056.942,2073.063,2077.909,2088.495,2100.465,2107.798,2109.159,2112.813,2116.729,2125.773,2142.687,2149.368,2153.919,2155.931,2162.924,2170.483,2177.683,2224.379,2229.21,2232.195,2234.99,2236.711,2240.741,2245.487,2250.553,2257.118,2262.878,2268.356,2278.734,2283.291,2288.555,2290.359,2295.43,2300.502,2307.348,2316.911,2324.472,2331.612,2341.125,2345.338,2348.319,2350.608,2352.443,2354.841,2357.773,2375.934,2383.609,2436.348,2451.813,2464.676,2475.123,2480.819,2491.94,2498.449,2508.415,2509.403,2513.03,2514.127,2515.726,2518.647,2520.74,2522.494,2524.853,2536.149,2543.096,2558.86,2572.092,2587.144,2594.377,2606.054,2611.343,2614.747,2617.177,2619.09,2627.453,2628.785,2629.843,2635.526,2641.048,2645.488,2648.614,2651.631,2655.248,2657.649,2661.335,2669.206,2675.524,2678.246,2680.215,2682.948,2688.146,2692.536,2703.852,2708.698,2711.079,2712.149,2716.378,2716.687,2718.765,2721.888,2723.86,2728.016,2736.956,2737.671,2741.505,2745.667,2748.682,2751.201,2752.523,2759.246,2763.507,2778.021,2785.304,2786.841,2788.121,2789.631,2790.347,2791.774,2793.545,2794.323,2795.377,2796.721,2797.729,2800.236,2802.468,2803.539,2805.789,2807.667,2809.864,2820.896,2823.857,2827.869,2840.944,2846.444,2849.171,2852.565,2858.701,2863.116,2864.292,2869.193,2875.989,2883.346,2888.554,2892.179,2898.263,2933.681,2941.101,2948.366,2957.742,2962.003,2969.995,2971.584,2974.928,2990.062,2992.067,2999.171,3008.917,3009.986,3010.453,3011.424,3012.686,3014.422,3015.253,3016.495,3017.225,3022.652,3023.102,3028.723,3030.153,3034.053,3042.233,3059.467,3067.841,3075.491,3078.851,3083.165,3090.503,3095.256,3099.171,3108.129,3113.661,3119.192,3123.775,3134.543,3138.284,3152.998,3161.071,3164.369,3171.87,3177.886,3180.956,3184.353,3191.425,3199.449,3204.623,3212.273,3217.287,3225.32,3229.683,3235.547,3246.611,3256.738,3270.472,3279.207,3288.364,3344.036,3360.012,3370.991,3377.69,3383.424,3401.822,3415.923,3428.106,3438.972,3455.271,3465.053,3472.073,3479.825,3482.321,3490.292,3499.746,3514.162,3535.47,3542.954,3550.666,3563.884,3575.169,3580.464,3585.018,3591.507,3598.888,3606.739,3610.842,3618.802,3621.488,3624.677,3637.832,3646.466,3651.157,3656.392,3659.217,3661.13,3665.055,3671.672,3676.072,3681.605,3685.869,3689.495,3691.976,3701.256,3711.917,3719.618,3722.571,3731.302,3733.989,3746.467,3752.234,3760.976,3768.62,3786.271,3800.881,3824.522,3828.892,3840.787,3844.781,3856.354,3863.188,3872.229,3876.015,3881.989,3882.479,3884.128,3885.84,3897.382,3907.613,3913.543,3933.921,3952.027,3986.554,4002.219,4016.06,4026.094,4035.032,4048.962,4062.172,4084.124,4109.535,4129.34,4130.775,4182.755,4224.725,4256.563,4268.998,4275.355,4294.159,4298.808,4311.171,4318.285,4324.938,4337.196,4342.037,4367.594,4376.316,4383.277,4387.878,4399.805,4402.91,4407.439,4413.36,4429.37,4437.43,4446.331,4455.147,4462.06,4475.367,4484.239,4491.781,4523.817,4539.967,4544.229,4545.558,4576.884,4583.204,4588.248,4602.802,4612.053,4621.982,4631.42,4651.58,4665.637,4671.325,4676.709,4684.892,4691.058,4698.22,4704.358,4709.951,4722.809,4727.809,4732.337,4752.467,4761.4,4763.144,4769.219,4775.091,4783.629,4791.782,4798.133,4806.621,4816.12,4823.507,4830.179,4840.792,4850.2,4863.396,4872.098,4881.398,4887.887,4898.524,4903.907,4908.42,4913.04,4922.113,4935.371,4951.516,4967.645,4972.975,4979.063,4982.999,4991.584,4996.739,5000.584,5008.45,5013.587,5018.807,5022.777,5027.974,5039.318,5047.051,5056.421,5064.695,5080.069,5084.414,5094.493,5103.143,5123.471,5140.68,5166.137,5179.937,5189.667,5195.852,5199.595,5211.631,5218.378,5224.81,5237.86,5257.3,5276.445,5287.574,5303.382,5322.909,5369.983,5383.3,5392.937,5402.453,5415.036,5426.327,5478.377,5490.968,5501.058,5509.309,5518.358,5521.205,5534.561,5542.224,5549.506,5557.926,5562.949,5568.572,5574.767,5590.915,5607.15,5622.491,5639.748,5649.568,5660.73,5669.098,5672.637,5679.281,5685.416,5690.673,5694.52,5701.769,5706.5,5710.636,5715.162,5720.901,5724.347,5727.886,5730.383,5731.4,5734,5734.789,5735.182,5739.9,5744.07,5747.251,5751.448,5753.077,5754.117,5756.117,5758.117,5760.597,5762.356,5763.877,5765.316,5766.837,5767.717,5768.917,5772.276,5775.077,5776.356,5779.877,5781.204,5782.287,5783.541,5784.929,5786.688,5788.688,5791.329,5793.089,5795.009,5796.208,5798.528,5802.448,5803.703,5806.148,5807.785,5816.025,5819.115,5821.262,5822.763,5824.45,5825.865,5827.087,5828.725,5830.504,5834.549,5835.781,5836.99,5838.749,5840.277,5842.533,5844.182,5845.457,5846.817,5848.839,5854.562,5855.19,5856.16,5860.263,5862.65,5863.935,5865.217,5866.791,5868.942,5871.137,5873.345,5875.106,5877.012,5878.924,5880.771,5884.286,5888.387,5889.838,5890.691,5891.914,5893.338,5903.959,5909.245,5911.256,5915.093,5919.305,5922.926,5924.14,5926.084,5930.617,5931.94,5933.714,5935.738,5937.444,5939.164,5941.603,5944.603,5948.655,5950.015,5950.895,5951.774,5952.654,5953.375,5954.415,5955.375,5956.254,5957.534,5958.574,5960.015,5961.614,5964.334,5965.294,5966.174,5966.975,5967.614,5969.214,5970.254,5970.975,5971.774,5973.935,5976.094,5977.374,5978.414,5980.015,5981.774,5983.214,5984.094,5986.388,5987.821,5988.33,5988.849,5989.946,5991.673,5992.827,5995.806,5999.952,6002.479,6003.332,6004.133,6005.714,6012.161,6014.107,6016.155,6018.155,6019.894,6031.002,6041.271,6048.106,6058.194,6066.838,6070.504,6077.17,6080.571,6082.508,6086.661,6090.635,6094.625,6098.026,6102.017,6116.65,6121.177,6126.728,6131.503,6134.214,6138.828,6144.456,6147.136,6156.723,6163.26,6163.78,6164.204,6164.409,6169.178,6176.376,6178.354,6181.084,6183.213,6191.504,6197.439,6198.93,6203.632,6210.217,6212.236,6214.328,6215.507,6216.669,6217.857,6218.62,6220.196,6224.52,6230.864,6233.539,6236.721,6238.163,6243.458,6245.913,6249.132,6250.948,6268.653,6277.546,6281.511,6285.687,6290.231,6294.349,6296.636,6300.416,6303.882,6308.854,6309.719,6312.821,6321.836,6326.206,6332.016,6344.989,6349.488,6352.555,6356.03,6359.113,6362.293,6365.161,6370.037,6372.224,6377.421,6381.829,6384.23,6387.001,6402.74,6419.99,6425.913,6433.467,6439.252,6440.623,6441.092,6441.633,6443.411,6444.758,6446.691,6449.095,6451.907,6455.345,6458.423,6460.262,6462.113,6467.904,6469.981,6474.006,6477.469,6483.152,6485.279,6489.21,6493.378,6499.599,6505.022,6511.83,6513.539,6517.817,6523.992,6526.804,6532.917,6539.644,6547.729,6554.609,6563.432,6577.395,6586.197,6595.872,6601.239,6605.912,6611.095,6618.358,6627.719,6632.365,6641.201,6643.852,6650.033,6651.729,6659.067,6664.853,6670.432,6673.164,6678.36,6683.81,6688.959,6696.534,6702.836,6707.785,6712.807,6732.802,6751.138,6756.185,6760.12,6762.997,6767.653,6770.88,6776.562,6784.068,6797.997,6802.399,6808.202,6813.428,6842.91,6848.729,6855.311,6868.309,6891.374,6901.742,6908.172,6916.981,6928.689,6938.898,7004.351,7014.107,7021.833,7029.571,7037.083,7045.136,7053.165,7059.77,7085.869,7099.318,7111.763,7123.379,7130.377,7138.83,7145.072,7153.149,7173.232,7179.997,7185.36,7190.068,7196.327,7203.265,7207.55,7211.599,7214.285,7218.784,7225.212,7232.939,7248.545,7258.954,7268.45,7278.921,7295.085,7304.679,7307.949,7312.578,7314.797,7318.83,7322.885,7324.128,7327.083,7332.34,7336.481,7341.269,7351.18,7361.599,7374.589,7376.489,7379.416,7383.561,7387.396,7396.776,7402.593,7409.917,7411.762,7416.637,7426.555,7432.467,7434.841,7442.72,7454.171,7467.877,7482.148,7491.352,7516.628,7520.921,7533.811,7534.701,7558.872,7574.64,7579.356,7582.236,7586.296,7590.288,7594.562,7604.143,7616.458,7622.2,7626.591,7628.113,7629.396,7630.527,7632.302,7637.206,7640.694,7642.281,7646.998,7653.888,7663.69,7669.43,7673.466,7684.389,7691.243,7693.861,7694.787,7697.174,7700.052,7705.202,7713.642,7714.408,7718.567,7720.207,7722.548,7731.512,7740.053,7744.535,7751.256,7754.235,7758.802,7762.394,7766.294,7771.253,7777.013,7783.623,7784.443,7790.165,7797.134,7802.396,7805.263,7812.391,7821.788,7827.078,7833.641,7848.941,7855.825,7863.792,7875.018,7884.061,7888.4,7892.036,7896.513,7902.878,7924.835,7931.892,7935.987,7937.553,7946.145,7950.247,7958.181,7963.005,7966.428,7967.218,7975.516,7977.74,7979.528,7985.878,7996.894,8008.452,8015.485,8018.985,8029.145,8039.484,8044.554,8063.881,8092.369,8104.787,8110.143,8113.146,8126.317,8130.07,8133.384,8136.235,8137.871,8139.168,8140.488,8144,8145.142,8146.199,8147.525,8151.309,8152.951,8154.661,8162.127,8168.546,8174.115,8195.5,8201.588,8204.688,8209.361,8210.543,8212.988,8217.316,8222.583,8231.09,8241.109,8247.07,8249.277,8251.944,8255.607,8257.365,8259.557,8261.912,8273.128,8277.195,8283.562,8287.07,8297.139,8304.566,8305.307]
      },
      "geometry": {
        "type": "LineString",
        "coordinates": [
          [11.738447, 47.751401, 743.25],
          [11.738440, 47.751334, 742.75],
          [11.738432, 47.751026, 737.75],
          [11.738491, 47.750540, 731.25],
          [11.738558, 47.750443, 730.75],
          [11.738625, 47.750330, 730.0],
          [11.738739, 47.750138, 727.0],
          [11.738900, 47.749889, 727.0],
          [11.738949, 47.749814, 728.75],
          [11.738978, 47.749773, 729.75],
          [11.739032, 47.749697, 731.0],
          [11.739119, 47.749512, 732.5],
          [11.739141, 47.749411, 733.0],
          [11.739151, 47.749213, 733.75],
          [11.739140, 47.749133, 733.75],
          [11.739125, 47.749047, 733.75],
          [11.739027, 47.748727, 734.5],
          [11.738974, 47.748577, 735.0],
          [11.738806, 47.748279, 735.0],
          [11.738646, 47.747987, 736.0],
          [11.738563, 47.747723, 735.75],
          [11.738522, 47.747593, 735.5],
          [11.738458, 47.747259, 735.0],
          [11.738282, 47.745676, 734.25],
          [11.738256, 47.745519, 734.0],
          [11.738219, 47.745385, 734.25],
          [11.738162, 47.745181, 734.25],
          [11.738001, 47.744645, 733.0],
          [11.737894, 47.744290, 732.75],
          [11.737723, 47.743724, 731.75],
          [11.737676, 47.743523, 731.5],
          [11.737658, 47.743368, 731.5],
          [11.737599, 47.743207, 731.25],
          [11.737608, 47.743042, 731.25],
          [11.737646, 47.742858, 731.0],
          [11.737650, 47.742780, 731.0],
          [11.737603, 47.742732, 730.75],
          [11.737584, 47.742676, 730.5],
          [11.737593, 47.742628, 730.5],
          [11.737623, 47.742585, 730.5],
          [11.737672, 47.742550, 730.5],
          [11.737677, 47.742477, 730.5],
          [11.737618, 47.742340, 730.25],
          [11.737607, 47.742292, 730.25],
          [11.737608, 47.742199, 730.25],
          [11.737640, 47.742071, 730.5],
          [11.737636, 47.741771, 730.0],
          [11.737630, 47.741683, 730.0],
          [11.737465, 47.741682, 729.75],
          [11.737363, 47.740749, 729.5],
          [11.737205, 47.738727, 730.75],
          [11.737185, 47.738416, 730.75],
          [11.737185, 47.738255, 730.75],
          [11.737201, 47.738083, 730.75],
          [11.737268, 47.737750, 730.75],
          [11.737411, 47.737157, 729.25],
          [11.737577, 47.736732, 728.25],
          [11.737795, 47.736248, 727.5],
          [11.738077, 47.735556, 728.0],
          [11.738168, 47.735355, 727.5],
          [11.738220, 47.735163, 727.5],
          [11.738324, 47.734865, 727.75],
          [11.738390, 47.734629, 728.0],
          [11.738420, 47.734458, 728.25],
          [11.738428, 47.734333, 728.25],
          [11.738393, 47.734234, 728.0],
          [11.738340, 47.734007, 728.0],
          [11.738324, 47.733894, 727.75],
          [11.738331, 47.733770, 727.0],
          [11.738438, 47.733510, 726.75],
          [11.738561, 47.733309, 727.25],
          [11.738717, 47.733111, 727.0],
          [11.738883, 47.732976, 727.0],
          [11.739091, 47.732839, 727.0],
          [11.739668, 47.732561, 727.25],
          [11.740018, 47.732385, 727.25],
          [11.740487, 47.731984, 728.5],
          [11.740603, 47.731825, 728.75],
          [11.740665, 47.731725, 728.5],
          [11.740730, 47.731634, 728.5],
          [11.740782, 47.731529, 728.5],
          [11.740980, 47.731092, 728.0],
          [11.741280, 47.730617, 729.0],
          [11.741682, 47.730006, 730.0],
          [11.741787, 47.729863, 729.75],
          [11.741897, 47.729675, 729.5],
          [11.742153, 47.729280, 729.0],
          [11.742219, 47.729178, 729.0],
          [11.742277, 47.729088, 728.5],
          [11.742554, 47.728752, 727.5],
          [11.742701, 47.728603, 727.5],
          [11.742980, 47.728382, 726.75],
          [11.743129, 47.728238, 726.5],
          [11.743358, 47.727972, 726.75],
          [11.743554, 47.727592, 726.5],
          [11.743701, 47.727214, 727.25],
          [11.743712, 47.727149, 727.25],
          [11.743715, 47.726926, 727.25],
          [11.743699, 47.726704, 727.25],
          [11.743702, 47.726548, 727.0],
          [11.743721, 47.726392, 726.75],
          [11.743759, 47.726236, 727.25],
          [11.743807, 47.726100, 727.5],
          [11.743848, 47.726012, 727.5],
          [11.743962, 47.725829, 727.75],
          [11.744134, 47.725619, 727.75],
          [11.744247, 47.725503, 727.5],
          [11.744410, 47.725368, 727.75],
          [11.744598, 47.725244, 727.5],
          [11.745390, 47.724786, 727.0],
          [11.745620, 47.724644, 727.25],
          [11.745836, 47.724473, 727.0],
          [11.745970, 47.724355, 727.25],
          [11.746158, 47.724171, 728.5],
          [11.746349, 47.723954, 728.25],
          [11.746742, 47.723634, 727.5],
          [11.747062, 47.723401, 727.5],
          [11.747470, 47.723058, 726.75],
          [11.747718, 47.722798, 726.5],
          [11.747783, 47.722683, 727.0],
          [11.747819, 47.722565, 727.25],
          [11.747823, 47.722454, 727.5],
          [11.747810, 47.721933, 727.25],
          [11.747837, 47.721833, 726.75],
          [11.747951, 47.721624, 726.5],
          [11.748034, 47.721524, 726.75],
          [11.748306, 47.721267, 727.25],
          [11.748781, 47.720862, 727.5],
          [11.748927, 47.720728, 727.75],
          [11.748996, 47.720636, 728.0],
          [11.749099, 47.720467, 727.5],
          [11.749201, 47.720215, 727.0],
          [11.749302, 47.720042, 726.75],
          [11.749450, 47.719860, 727.0],
          [11.749665, 47.719672, 727.0],
          [11.749913, 47.719510, 728.0],
          [11.750124, 47.719374, 728.0],
          [11.750213, 47.719312, 728.0],
          [11.750404, 47.719179, 727.5],
          [11.750523, 47.719117, 727.5],
          [11.750829, 47.718880, 727.75],
          [11.751160, 47.718576, 727.5],
          [11.751405, 47.718363, 727.5],
          [11.751597, 47.718176, 727.75],
          [11.751700, 47.718079, 727.25],
          [11.751959, 47.717844, 727.25],
          [11.752040, 47.717769, 727.25],
          [11.752149, 47.717683, 727.25],
          [11.752344, 47.717540, 727.5],
          [11.752582, 47.717364, 727.5],
          [11.752800, 47.717173, 727.75],
          [11.752897, 47.717076, 728.0],
          [11.752982, 47.716968, 727.75],
          [11.753410, 47.716478, 729.25],
          [11.753505, 47.716351, 728.75],
          [11.753545, 47.716279, 728.75],
          [11.753607, 47.716136, 728.75],
          [11.753637, 47.716018, 728.75],
          [11.753652, 47.715907, 728.5],
          [11.753706, 47.715907, 728.75],
          [11.753776, 47.715907, 729.25],
          [11.753833, 47.715886, 729.75],
          [11.753881, 47.715865, 730.0],
          [11.754043, 47.715787, 732.0],
          [11.754130, 47.715709, 733.25],
          [11.754230, 47.715451, 735.75],
          [11.754538, 47.714650, 742.5],
          [11.754808, 47.714174, 745.5],
          [11.755093, 47.713734, 747.5],
          [11.755120, 47.713692, 747.75],
          [11.755205, 47.713555, 747.75],
          [11.755391, 47.713257, 748.25],
          [11.755467, 47.713148, 748.0],
          [11.755608, 47.712932, 747.75],
          [11.755849, 47.712617, 747.25],
          [11.756127, 47.712296, 748.5],
          [11.756234, 47.711998, 748.0],
          [11.756347, 47.711790, 748.0],
          [11.756502, 47.711581, 746.0],
          [11.756710, 47.711377, 746.5],
          [11.757014, 47.711185, 743.75],
          [11.757045, 47.711183, 743.75],
          [11.757186, 47.711155, 744.0],
          [11.757244, 47.711159, 744.25],
          [11.757280, 47.710993, 743.0],
          [11.757313, 47.710879, 742.25],
          [11.757334, 47.710761, 742.0],
          [11.757326, 47.710692, 742.0],
          [11.757247, 47.710605, 742.0],
          [11.757145, 47.710362, 742.5],
          [11.757178, 47.710281, 742.75],
          [11.757456, 47.709973, 742.75],
          [11.757456, 47.709819, 742.25],
          [11.757429, 47.709626, 741.5],
          [11.757391, 47.709319, 739.5],
          [11.757360, 47.709250, 739.0],
          [11.757080, 47.708852, 736.25],
          [11.757036, 47.708710, 735.25],
          [11.756991, 47.708565, 734.5],
          [11.757096, 47.708537, 734.25],
          [11.757214, 47.708492, 734.0],
          [11.757423, 47.708389, 734.25],
          [11.757586, 47.708270, 734.25],
          [11.757709, 47.708133, 734.25],
          [11.757771, 47.708058, 733.75],
          [11.757845, 47.707941, 733.25],
          [11.757882, 47.707848, 732.75],
          [11.757950, 47.707696, 732.25],
          [11.757989, 47.707558, 731.5],
          [11.758112, 47.707099, 729.5],
          [11.758163, 47.706969, 728.75],
          [11.758202, 47.706884, 728.25],
          [11.758251, 47.706806, 728.0],
          [11.758346, 47.706668, 728.0],
          [11.758436, 47.706567, 728.0],
          [11.758520, 47.706468, 727.75],
          [11.758600, 47.706388, 727.75],
          [11.758714, 47.706296, 728.0],
          [11.758988, 47.706046, 728.75],
          [11.759272, 47.705636, 728.75],
          [11.759391, 47.705418, 728.25],
          [11.759615, 47.704958, 728.25],
          [11.759648, 47.704873, 728.25],
          [11.759685, 47.704714, 728.5],
          [11.759722, 47.704517, 728.75],
          [11.759735, 47.704440, 729.0],
          [11.759870, 47.703625, 733.5],
          [11.760025, 47.703117, 736.75],
          [11.760137, 47.702833, 738.75],
          [11.760296, 47.702588, 739.5],
          [11.760501, 47.702407, 741.0],
          [11.760847, 47.702230, 741.5],
          [11.761002, 47.702149, 743.5],
          [11.761615, 47.701848, 745.5],
          [11.761911, 47.701710, 745.25],
          [11.762149, 47.701589, 743.5],
          [11.762215, 47.701548, 743.5],
          [11.762815, 47.701176, 740.25],
          [11.762956, 47.701114, 739.0],
          [11.763072, 47.701080, 738.25],
          [11.763272, 47.701044, 738.0],
          [11.763501, 47.701017, 737.75],
          [11.764353, 47.700940, 734.25],
          [11.764604, 47.700897, 733.5],
          [11.764893, 47.700818, 732.75],
          [11.765773, 47.700535, 732.25],
          [11.766383, 47.700370, 730.5],
          [11.766710, 47.700281, 730.0],
          [11.767231, 47.700065, 730.0],
          [11.767674, 47.699914, 730.0],
          [11.768092, 47.699806, 728.0],
          [11.768646, 47.699692, 727.5],
          [11.768674, 47.699682, 727.5],
          [11.768902, 47.699603, 727.75],
          [11.769035, 47.699538, 729.0],
          [11.769091, 47.699498, 729.0],
          [11.769582, 47.699110, 730.0],
          [11.770224, 47.698524, 727.75],
          [11.770486, 47.698294, 727.75],
          [11.770700, 47.698164, 727.75],
          [11.770810, 47.698099, 727.5],
          [11.770915, 47.698038, 727.5],
          [11.772286, 47.697218, 728.75],
          [11.772380, 47.697142, 728.5],
          [11.772652, 47.696928, 727.75],
          [11.772934, 47.696636, 727.0],
          [11.773080, 47.696402, 727.0],
          [11.773160, 47.696275, 727.0],
          [11.773291, 47.695973, 727.0],
          [11.773277, 47.695714, 726.75],
          [11.773273, 47.695582, 726.75],
          [11.773265, 47.695487, 727.0],
          [11.773240, 47.695393, 727.0],
          [11.773153, 47.695189, 727.25],
          [11.773113, 47.695115, 727.0],
          [11.772627, 47.694631, 727.25],
          [11.772166, 47.694259, 728.0],
          [11.771903, 47.694064, 728.25],
          [11.771571, 47.693865, 728.5],
          [11.771537, 47.693847, 728.5],
          [11.771348, 47.693750, 728.25],
          [11.771364, 47.693740, 728.25],
          [11.771259, 47.693677, 728.25],
          [11.770929, 47.693465, 728.0],
          [11.770890, 47.693438, 728.0],
          [11.770804, 47.693381, 728.0],
          [11.770694, 47.693285, 728.0],
          [11.770590, 47.693174, 728.0],
          [11.770496, 47.693036, 728.0],
          [11.770457, 47.692926, 728.25],
          [11.770451, 47.692873, 728.5],
          [11.770447, 47.692601, 729.5],
          [11.770472, 47.692366, 730.25],
          [11.770510, 47.692119, 731.0],
          [11.770520, 47.692067, 731.0],
          [11.769976, 47.691847, 732.0],
          [11.769806, 47.691779, 732.5],
          [11.769643, 47.691776, 732.75],
          [11.769563, 47.691782, 732.75],
          [11.769354, 47.691835, 732.5],
          [11.769188, 47.691873, 732.75],
          [11.768752, 47.691273, 733.0],
          [11.768512, 47.690930, 733.0],
          [11.768303, 47.690637, 733.5],
          [11.768220, 47.690522, 734.0],
          [11.767894, 47.690408, 734.0],
          [11.767828, 47.690371, 734.0],
          [11.767434, 47.689846, 735.0],
          [11.767236, 47.689662, 735.0],
          [11.767004, 47.689398, 736.0],
          [11.766871, 47.689045, 737.0],
          [11.766717, 47.689050, 737.0],
          [11.766510, 47.689044, 737.0],
          [11.766369, 47.689034, 737.25],
          [11.766110, 47.689008, 737.5],
          [11.765875, 47.688966, 737.0],
          [11.765714, 47.688929, 737.25],
          [11.765548, 47.688880, 737.75],
          [11.765424, 47.688833, 738.0],
          [11.765229, 47.688758, 737.75],
          [11.764971, 47.688659, 737.75],
          [11.764425, 47.688434, 737.5],
          [11.763628, 47.688119, 738.75],
          [11.763072, 47.687933, 738.25],
          [11.762401, 47.687770, 738.0],
          [11.761577, 47.687593, 737.5],
          [11.761219, 47.687500, 737.75],
          [11.760840, 47.687406, 737.25],
          [11.760543, 47.687345, 737.5],
          [11.760363, 47.687295, 737.5],
          [11.760160, 47.687239, 737.75],
          [11.760099, 47.687216, 737.75],
          [11.759910, 47.687144, 737.75],
          [11.759741, 47.687057, 737.75],
          [11.759633, 47.687000, 737.75],
          [11.759572, 47.686967, 737.75],
          [11.759455, 47.686894, 737.0],
          [11.759441, 47.686886, 736.75],
          [11.759206, 47.686709, 736.25],
          [11.758883, 47.686428, 737.0],
          [11.758720, 47.686265, 737.0],
          [11.758501, 47.686018, 737.0],
          [11.758430, 47.685929, 737.25],
          [11.758420, 47.685916, 737.25],
          [11.758301, 47.685749, 737.75],
          [11.758153, 47.685498, 737.25],
          [11.758062, 47.685341, 737.75],
          [11.757959, 47.685105, 737.5],
          [11.757957, 47.685101, 737.5],
          [11.757884, 47.684890, 737.25],
          [11.757851, 47.684708, 737.5],
          [11.757849, 47.684684, 737.75],
          [11.757816, 47.684222, 738.0],
          [11.757828, 47.683424, 740.0],
          [11.757866, 47.683215, 741.25],
          [11.757935, 47.683051, 742.25],
          [11.758017, 47.682918, 743.0],
          [11.758314, 47.682583, 744.75],
          [11.758723, 47.681859, 746.0],
          [11.758806, 47.681697, 746.0],
          [11.758840, 47.681572, 746.25],
          [11.758878, 47.681238, 747.0],
          [11.758934, 47.681020, 747.0],
          [11.759156, 47.680548, 747.0],
          [11.759218, 47.680372, 747.5],
          [11.759297, 47.680103, 747.75],
          [11.759305, 47.679979, 748.0],
          [11.759294, 47.679830, 748.0],
          [11.759272, 47.679757, 748.0],
          [11.759175, 47.679608, 748.0],
          [11.758974, 47.679307, 748.75],
          [11.758687, 47.678890, 748.5],
          [11.758596, 47.678637, 749.0],
          [11.758574, 47.678348, 749.75],
          [11.758473, 47.678237, 750.0],
          [11.758394, 47.678098, 750.0],
          [11.758207, 47.677470, 750.75],
          [11.757835, 47.676862, 751.0],
          [11.757688, 47.676653, 751.0],
          [11.757631, 47.676529, 751.0],
          [11.757585, 47.676400, 751.0],
          [11.757551, 47.676037, 751.75],
          [11.757459, 47.675857, 751.75],
          [11.757358, 47.675714, 752.0],
          [11.757186, 47.675518, 751.75],
          [11.757110, 47.675380, 751.5],
          [11.757017, 47.675036, 753.25],
          [11.756978, 47.674966, 753.5],
          [11.756912, 47.674887, 753.25],
          [11.756828, 47.674812, 753.5],
          [11.756711, 47.674781, 754.25],
          [11.755994, 47.674639, 755.25],
          [11.754859, 47.674220, 756.0],
          [11.754297, 47.674090, 756.5],
          [11.753498, 47.673955, 758.5],
          [11.753192, 47.673800, 757.75],
          [11.753024, 47.673578, 758.0],
          [11.752883, 47.673308, 757.75],
          [11.752641, 47.672914, 757.5],
          [11.752222, 47.672428, 757.5],
          [11.751982, 47.671789, 757.25],
          [11.751323, 47.671393, 757.75],
          [11.751177, 47.671239, 758.25],
          [11.750999, 47.670873, 758.75],
          [11.750874, 47.670501, 760.0],
          [11.750741, 47.670291, 760.75],
          [11.750696, 47.670256, 760.75],
          [11.750569, 47.670158, 760.75],
          [11.750442, 47.670060, 761.25],
          [11.750152, 47.669803, 761.25],
          [11.749468, 47.669251, 764.25],
          [11.749325, 47.668989, 764.75],
          [11.749242, 47.668811, 765.0],
          [11.749192, 47.668736, 765.25],
          [11.748968, 47.668482, 765.25],
          [11.748713, 47.668208, 765.5],
          [11.748494, 47.667892, 765.25],
          [11.747582, 47.666145, 764.5],
          [11.747481, 47.665927, 764.75],
          [11.747424, 47.665773, 764.25],
          [11.747393, 47.665598, 763.5],
          [11.747379, 47.665486, 763.5],
          [11.747403, 47.665284, 764.25],
          [11.747489, 47.665033, 764.0],
          [11.747639, 47.664790, 764.25],
          [11.747917, 47.664504, 764.25],
          [11.748093, 47.664277, 765.0],
          [11.748114, 47.664026, 765.0],
          [11.748129, 47.663602, 765.75],
          [11.748151, 47.663412, 766.0],
          [11.748239, 47.663201, 766.25],
          [11.748269, 47.663131, 766.5],
          [11.748345, 47.662942, 766.75],
          [11.748373, 47.662749, 767.0],
          [11.748382, 47.662461, 767.0],
          [11.748394, 47.662076, 767.5],
          [11.748465, 47.661787, 768.0],
          [11.748583, 47.661513, 768.25],
          [11.748702, 47.661168, 769.0],
          [11.748765, 47.661007, 769.0],
          [11.748850, 47.660883, 768.75],
          [11.748932, 47.660806, 769.0],
          [11.748999, 47.660742, 769.0],
          [11.749118, 47.660675, 769.0],
          [11.749273, 47.660592, 769.0],
          [11.749237, 47.659861, 770.0],
          [11.749237, 47.659463, 769.5],
          [11.749245, 47.657042, 771.0],
          [11.749167, 47.656379, 772.0],
          [11.749079, 47.655938, 773.5],
          [11.748944, 47.655466, 773.0],
          [11.748776, 47.655004, 770.0],
          [11.748445, 47.654356, 767.75],
          [11.748236, 47.653983, 767.5],
          [11.747936, 47.653477, 767.75],
          [11.747907, 47.653426, 767.75],
          [11.747622, 47.653171, 768.0],
          [11.747547, 47.653094, 768.0],
          [11.747465, 47.652977, 768.0],
          [11.747368, 47.652790, 768.5],
          [11.747356, 47.652649, 768.25],
          [11.747357, 47.652534, 768.25],
          [11.747269, 47.652390, 768.25],
          [11.746971, 47.651769, 768.5],
          [11.746814, 47.651419, 768.75],
          [11.746578, 47.650704, 769.5],
          [11.746430, 47.650086, 769.75],
          [11.746303, 47.649473, 770.75],
          [11.746252, 47.649081, 770.0],
          [11.746203, 47.648476, 770.25],
          [11.746192, 47.648216, 770.5],
          [11.746217, 47.648047, 770.5],
          [11.746218, 47.647943, 771.0],
          [11.746198, 47.647860, 771.25],
          [11.746210, 47.647506, 771.5],
          [11.746298, 47.647486, 771.25],
          [11.746366, 47.647466, 771.0],
          [11.746378, 47.647223, 771.75],
          [11.746384, 47.646989, 772.0],
          [11.746366, 47.646792, 772.0],
          [11.746341, 47.646664, 772.5],
          [11.746302, 47.646530, 772.25],
          [11.746202, 47.646349, 771.75],
          [11.746114, 47.646233, 771.75],
          [11.745976, 47.646093, 772.25],
          [11.745750, 47.645840, 773.25],
          [11.745557, 47.645592, 773.0],
          [11.745492, 47.645486, 773.25],
          [11.745448, 47.645414, 773.5],
          [11.745399, 47.645309, 773.75],
          [11.745340, 47.645100, 773.75],
          [11.745303, 47.644924, 774.0],
          [11.745292, 47.644504, 774.75],
          [11.745276, 47.644317, 775.0],
          [11.745476, 47.644290, 773.75],
          [11.745575, 47.644263, 773.0],
          [11.745971, 47.644166, 772.75],
          [11.745994, 47.644161, 773.25],
          [11.746108, 47.644148, 774.75],
          [11.746184, 47.644016, 774.25],
          [11.746209, 47.643922, 774.0],
          [11.746248, 47.643729, 774.25],
          [11.746299, 47.643294, 774.25],
          [11.746304, 47.643259, 774.25],
          [11.746328, 47.643092, 774.75],
          [11.746351, 47.642909, 775.0],
          [11.746370, 47.642774, 775.0],
          [11.746389, 47.642668, 775.25],
          [11.746399, 47.642611, 775.5],
          [11.746446, 47.642347, 775.75],
          [11.746481, 47.642180, 776.0],
          [11.746544, 47.641726, 777.5],
          [11.746030, 47.641691, 776.5],
          [11.745940, 47.641740, 776.25],
          [11.745850, 47.641776, 776.0],
          [11.745728, 47.641812, 775.75],
          [11.745678, 47.641837, 775.5],
          [11.745531, 47.641850, 775.0],
          [11.745532, 47.641975, 774.75],
          [11.745534, 47.642027, 774.75],
          [11.745537, 47.642100, 774.75],
          [11.745534, 47.642027, 774.75],
          [11.745532, 47.641975, 774.75],
          [11.745531, 47.641850, 775.0],
          [11.745678, 47.641837, 775.5],
          [11.745728, 47.641812, 775.75],
          [11.745850, 47.641776, 776.0],
          [11.745940, 47.641740, 776.25],
          [11.746030, 47.641691, 776.5],
          [11.746544, 47.641726, 777.5],
          [11.746560, 47.641624, 777.75],
          [11.746594, 47.641462, 777.25],
          [11.746670, 47.640855, 777.0],
          [11.746728, 47.640638, 777.75],
          [11.746745, 47.640518, 777.75],
          [11.746801, 47.640349, 777.25],
          [11.747017, 47.640131, 778.0],
          [11.747176, 47.639967, 778.0],
          [11.747229, 47.639925, 778.0],
          [11.747420, 47.639754, 778.25],
          [11.747724, 47.639518, 778.25],
          [11.748021, 47.639195, 778.0],
          [11.748142, 47.638985, 778.75],
          [11.748208, 47.638837, 779.0],
          [11.748251, 47.638568, 779.0],
          [11.748345, 47.637098, 780.25],
          [11.748347, 47.636795, 781.0],
          [11.748375, 47.636473, 781.0],
          [11.748390, 47.636125, 782.0],
          [11.748416, 47.635992, 783.0],
          [11.748388, 47.635761, 783.75],
          [11.748373, 47.635704, 783.5],
          [11.748337, 47.635572, 783.0],
          [11.748147, 47.635048, 784.0],
          [11.748110, 47.634955, 783.25],
          [11.747977, 47.634592, 783.0],
          [11.747795, 47.634173, 783.75],
          [11.747722, 47.634187, 783.5],
          [11.747681, 47.634201, 783.0],
          [11.747598, 47.634236, 782.5],
          [11.747497, 47.634297, 782.0],
          [11.747365, 47.634354, 782.5],
          [11.747299, 47.634374, 783.0],
          [11.747209, 47.634382, 783.25],
          [11.747140, 47.634385, 782.5],
          [11.746606, 47.634403, 782.0],
          [11.746568, 47.634403, 782.25],
          [11.746161, 47.634424, 783.0],
          [11.746151, 47.634353, 783.0],
          [11.746111, 47.634159, 783.0],
          [11.746029, 47.633831, 784.0],
          [11.745737, 47.633100, 784.25],
          [11.745582, 47.632756, 784.75],
          [11.745450, 47.632437, 785.0],
          [11.745404, 47.632299, 785.25],
          [11.745364, 47.632124, 785.5],
          [11.745305, 47.631819, 785.75],
          [11.745277, 47.631619, 786.0],
          [11.745267, 47.631445, 786.0],
          [11.745291, 47.631035, 786.0],
          [11.745324, 47.630780, 786.25],
          [11.745377, 47.630504, 786.0],
          [11.745445, 47.630305, 786.5],
          [11.745633, 47.629861, 787.0],
          [11.745719, 47.629696, 787.0],
          [11.746061, 47.629172, 788.0],
          [11.746283, 47.628843, 788.0],
          [11.746357, 47.628713, 788.5],
          [11.746503, 47.628445, 789.0],
          [11.746604, 47.628207, 789.0],
          [11.746651, 47.628075, 789.0],
          [11.746692, 47.627932, 789.25],
          [11.746730, 47.627654, 789.75],
          [11.746717, 47.627352, 790.25],
          [11.746680, 47.627168, 790.75],
          [11.746587, 47.626907, 791.25],
          [11.746501, 47.626749, 791.75],
          [11.746329, 47.626525, 792.5],
          [11.746240, 47.626410, 793.25],
          [11.745975, 47.626167, 794.25],
          [11.745596, 47.625902, 796.25],
          [11.745330, 47.625765, 798.75],
          [11.744988, 47.625616, 800.25],
          [11.744548, 47.625484, 798.5],
          [11.744034, 47.625391, 798.75],
          [11.742004, 47.625160, 803.5],
          [11.741381, 47.625069, 805.5],
          [11.740911, 47.624963, 803.0],
          [11.740444, 47.624831, 804.5],
          [11.740060, 47.624684, 801.5],
          [11.739381, 47.624389, 804.25],
          [11.738786, 47.624122, 804.75],
          [11.738184, 47.623877, 805.0],
          [11.737520, 47.623637, 804.75],
          [11.736757, 47.623402, 806.5],
          [11.736124, 47.623233, 806.0],
          [11.735586, 47.623114, 805.5],
          [11.734974, 47.623013, 805.5],
          [11.734772, 47.622980, 805.25],
          [11.734188, 47.622898, 805.75],
          [11.733582, 47.622848, 806.5],
          [11.732885, 47.622816, 808.25],
          [11.731760, 47.622782, 809.0],
          [11.731192, 47.622752, 808.25],
          [11.730662, 47.622705, 808.75],
          [11.729990, 47.622605, 810.25],
          [11.729067, 47.622447, 808.75],
          [11.728664, 47.622386, 809.0],
          [11.728265, 47.622348, 808.5],
          [11.727859, 47.622324, 809.75],
          [11.727552, 47.622322, 811.75],
          [11.727186, 47.622351, 811.75],
          [11.726914, 47.622389, 810.75],
          [11.726414, 47.622509, 811.0],
          [11.726226, 47.622568, 810.5],
          [11.726009, 47.622648, 810.5],
          [11.725198, 47.622972, 811.0],
          [11.724827, 47.623107, 812.75],
          [11.724628, 47.623173, 813.25],
          [11.724314, 47.623257, 812.5],
          [11.724119, 47.623297, 812.25],
          [11.723979, 47.623322, 812.0],
          [11.723718, 47.623353, 812.5],
          [11.723257, 47.623381, 812.5],
          [11.722934, 47.623369, 812.5],
          [11.722558, 47.623329, 812.75],
          [11.722220, 47.623279, 812.25],
          [11.721939, 47.623231, 812.25],
          [11.721754, 47.623185, 812.25],
          [11.721322, 47.623076, 814.25],
          [11.720849, 47.622939, 815.0],
          [11.720313, 47.622780, 816.75],
          [11.720114, 47.622728, 817.0],
          [11.719669, 47.622611, 818.25],
          [11.719512, 47.622579, 818.25],
          [11.718855, 47.622481, 819.0],
          [11.718565, 47.622454, 819.75],
          [11.718157, 47.622433, 820.5],
          [11.717721, 47.622439, 820.25],
          [11.716833, 47.622474, 821.5],
          [11.716147, 47.622499, 822.75],
          [11.715178, 47.622494, 824.75],
          [11.714966, 47.622480, 825.0],
          [11.714501, 47.622451, 826.5],
          [11.714348, 47.622434, 827.0],
          [11.713933, 47.622387, 828.0],
          [11.713666, 47.622349, 828.25],
          [11.713256, 47.622271, 828.25],
          [11.713035, 47.622222, 827.75],
          [11.712720, 47.622151, 828.25],
          [11.712699, 47.622146, 828.5],
          [11.712627, 47.622128, 829.0],
          [11.712547, 47.622109, 829.25],
          [11.711904, 47.621955, 828.75],
          [11.711202, 47.621765, 828.25],
          [11.710831, 47.621658, 828.75],
          [11.709637, 47.621315, 829.5],
          [11.708691, 47.621045, 830.75],
          [11.706719, 47.620513, 831.75],
          [11.705825, 47.620311, 832.75],
          [11.704857, 47.620106, 832.5],
          [11.704307, 47.620012, 833.75],
          [11.703757, 47.619918, 833.75],
          [11.702995, 47.619798, 834.75],
          [11.702188, 47.619690, 835.0],
          [11.700909, 47.619534, 836.0],
          [11.699379, 47.619387, 837.0],
          [11.698128, 47.619305, 837.75],
          [11.698035, 47.619300, 838.0],
          [11.695832, 47.619167, 842.0],
          [11.693677, 47.619057, 844.25],
          [11.691950, 47.618931, 846.0],
          [11.691098, 47.618850, 846.0],
          [11.690698, 47.618798, 846.5],
          [11.689694, 47.618636, 847.75],
          [11.689348, 47.618566, 847.0],
          [11.688578, 47.618359, 847.75],
          [11.688312, 47.618278, 847.0],
          [11.687901, 47.618120, 848.25],
          [11.687187, 47.617833, 848.75],
          [11.686894, 47.617712, 848.75],
          [11.685832, 47.617237, 851.0],
          [11.685391, 47.617053, 851.25],
          [11.685046, 47.616910, 851.75],
          [11.684811, 47.616835, 852.0],
          [11.684242, 47.616647, 852.75],
          [11.684086, 47.616597, 853.0],
          [11.683837, 47.616525, 853.0],
          [11.683566, 47.616438, 853.75],
          [11.682844, 47.616257, 854.75],
          [11.682419, 47.616171, 855.0],
          [11.681980, 47.616081, 855.75],
          [11.681544, 47.616004, 856.25],
          [11.681154, 47.615943, 856.25],
          [11.680403, 47.615836, 856.75],
          [11.679725, 47.615755, 856.0],
          [11.679288, 47.615711, 857.25],
          [11.678560, 47.615659, 863.5],
          [11.677638, 47.615617, 861.0],
          [11.677343, 47.615605, 860.75],
          [11.677255, 47.615603, 860.75],
          [11.675561, 47.615535, 862.75],
          [11.675136, 47.615522, 862.75],
          [11.674803, 47.615506, 863.0],
          [11.673926, 47.615466, 863.75],
          [11.673371, 47.615434, 864.25],
          [11.672749, 47.615387, 864.5],
          [11.672327, 47.615330, 866.25],
          [11.671482, 47.615170, 867.5],
          [11.670896, 47.614996, 868.5],
          [11.670594, 47.614879, 868.0],
          [11.670337, 47.614769, 868.5],
          [11.669892, 47.614529, 868.0],
          [11.669620, 47.614356, 868.75],
          [11.669350, 47.614166, 869.5],
          [11.669083, 47.613959, 869.0],
          [11.668862, 47.613776, 869.5],
          [11.668439, 47.613401, 870.5],
          [11.668226, 47.613217, 870.0],
          [11.668069, 47.613070, 870.75],
          [11.667365, 47.612454, 871.5],
          [11.666932, 47.612136, 871.25],
          [11.666845, 47.612080, 871.5],
          [11.666601, 47.611931, 872.5],
          [11.666312, 47.611766, 872.25],
          [11.665859, 47.611558, 872.5],
          [11.665497, 47.611425, 873.75],
          [11.665167, 47.611331, 873.75],
          [11.664776, 47.611236, 874.75],
          [11.664264, 47.611150, 874.75],
          [11.663907, 47.611106, 875.75],
          [11.663493, 47.611069, 875.25],
          [11.662898, 47.611031, 876.0],
          [11.662364, 47.611029, 876.5],
          [11.661683, 47.611056, 877.5],
          [11.661302, 47.611082, 878.75],
          [11.660856, 47.611123, 879.0],
          [11.660583, 47.611170, 880.0],
          [11.660202, 47.611248, 881.25],
          [11.659900, 47.611322, 880.0],
          [11.659652, 47.611393, 880.25],
          [11.659422, 47.611468, 880.75],
          [11.658952, 47.611657, 880.75],
          [11.658555, 47.611867, 883.25],
          [11.658062, 47.612139, 884.25],
          [11.657245, 47.612588, 883.25],
          [11.657010, 47.612701, 884.25],
          [11.656678, 47.612841, 884.0],
          [11.656435, 47.612930, 883.75],
          [11.656001, 47.613056, 885.0],
          [11.655649, 47.613127, 884.25],
          [11.655394, 47.613162, 884.5],
          [11.655052, 47.613184, 886.5],
          [11.654803, 47.613191, 886.5],
          [11.654530, 47.613187, 886.5],
          [11.654325, 47.613171, 886.75],
          [11.654048, 47.613144, 887.0],
          [11.653496, 47.613056, 887.75],
          [11.653051, 47.612945, 887.5],
          [11.652651, 47.612826, 889.0],
          [11.652154, 47.612636, 888.0],
          [11.651567, 47.612347, 890.0],
          [11.651409, 47.612261, 890.75],
          [11.650896, 47.611969, 889.75],
          [11.650573, 47.611749, 891.0],
          [11.649985, 47.611347, 893.0],
          [11.649435, 47.610980, 894.0],
          [11.648803, 47.610595, 897.0],
          [11.648394, 47.610381, 898.0],
          [11.648101, 47.610236, 899.0],
          [11.647857, 47.610140, 898.75],
          [11.647709, 47.610084, 899.0],
          [11.647217, 47.609936, 899.75],
          [11.646858, 47.609863, 896.5],
          [11.646608, 47.609831, 901.25],
          [11.646333, 47.609807, 905.5],
          [11.645883, 47.609780, 906.5],
          [11.645533, 47.609760, 910.25],
          [11.645322, 47.609737, 911.25],
          [11.645056, 47.609694, 913.25],
          [11.644738, 47.609610, 915.0],
          [11.644014, 47.609371, 918.75],
          [11.643707, 47.609279, 918.75],
          [11.643469, 47.609222, 919.5],
          [11.643248, 47.609188, 921.0],
          [11.642995, 47.609163, 923.25],
          [11.642750, 47.609154, 924.0],
          [11.641694, 47.609167, 927.75],
          [11.641370, 47.609140, 928.75],
          [11.641098, 47.609095, 929.5],
          [11.640835, 47.609031, 929.25],
          [11.640613, 47.608958, 931.0],
          [11.640539, 47.608930, 931.5],
          [11.640242, 47.608799, 932.5],
          [11.640080, 47.608706, 933.25],
          [11.639936, 47.608614, 934.0],
          [11.639785, 47.608494, 934.5],
          [11.639686, 47.608406, 934.5],
          [11.639581, 47.608299, 934.75],
          [11.639493, 47.608190, 935.75],
          [11.639293, 47.607906, 937.0],
          [11.639111, 47.607553, 937.5],
          [11.638887, 47.607159, 938.0],
          [11.638660, 47.606738, 939.5],
          [11.638485, 47.606476, 940.0],
          [11.638211, 47.606155, 940.25],
          [11.637957, 47.605969, 941.25],
          [11.637820, 47.605884, 941.0],
          [11.637557, 47.605746, 941.5],
          [11.637240, 47.605590, 941.0],
          [11.636933, 47.605441, 940.75],
          [11.636711, 47.605324, 940.75],
          [11.636501, 47.605192, 940.25],
          [11.636352, 47.605082, 940.0],
          [11.636217, 47.604965, 940.0],
          [11.636072, 47.604809, 939.75],
          [11.635911, 47.604589, 939.75],
          [11.635832, 47.604443, 939.75],
          [11.635772, 47.604289, 939.75],
          [11.635746, 47.604177, 939.75],
          [11.635736, 47.604132, 940.0],
          [11.635717, 47.604015, 940.0],
          [11.635716, 47.603983, 940.0],
          [11.635715, 47.603962, 940.0],
          [11.635706, 47.603752, 940.25],
          [11.635719, 47.603532, 939.75],
          [11.635740, 47.603262, 937.25],
          [11.635784, 47.602897, 933.25],
          [11.635825, 47.602727, 931.25],
          [11.635871, 47.602611, 929.75],
          [11.635989, 47.602400, 926.75],
          [11.636132, 47.602199, 926.0],
          [11.636342, 47.601961, 924.5],
          [11.636474, 47.601787, 922.5],
          [11.636584, 47.601632, 921.75],
          [11.636669, 47.601480, 920.0],
          [11.636736, 47.601319, 919.75],
          [11.636763, 47.601219, 919.25],
          [11.636787, 47.601082, 918.0],
          [11.636754, 47.600702, 916.0],
          [11.636683, 47.600393, 913.5],
          [11.636613, 47.600261, 913.25],
          [11.636362, 47.599904, 911.5],
          [11.636302, 47.599769, 911.5],
          [11.636284, 47.599655, 911.0],
          [11.636276, 47.599524, 910.5],
          [11.636295, 47.599379, 910.25],
          [11.636338, 47.599203, 909.75],
          [11.636407, 47.598985, 906.75],
          [11.636467, 47.598694, 904.75],
          [11.636494, 47.598499, 903.5],
          [11.636496, 47.598285, 902.5],
          [11.636479, 47.598149, 902.0],
          [11.636391, 47.597893, 901.0],
          [11.636134, 47.597489, 899.5],
          [11.636077, 47.597365, 899.5],
          [11.636048, 47.597134, 899.25],
          [11.636055, 47.596992, 899.25],
          [11.636237, 47.596074, 894.75],
          [11.636284, 47.595767, 893.5],
          [11.636285, 47.595553, 892.5],
          [11.636258, 47.595399, 891.75],
          [11.636197, 47.595222, 890.75],
          [11.636115, 47.595086, 890.5],
          [11.636023, 47.594982, 890.5],
          [11.635888, 47.594860, 890.25],
          [11.635694, 47.594715, 888.25],
          [11.635217, 47.594412, 887.0],
          [11.635101, 47.594323, 887.0],
          [11.634994, 47.594227, 886.5],
          [11.634876, 47.594076, 886.0],
          [11.634788, 47.593929, 884.75],
          [11.634699, 47.593714, 884.5],
          [11.634616, 47.593548, 883.5],
          [11.634533, 47.593421, 882.75],
          [11.634429, 47.593301, 882.75],
          [11.634272, 47.593156, 883.0],
          [11.633732, 47.592726, 880.25],
          [11.633676, 47.592683, 880.0],
          [11.633598, 47.592626, 879.75],
          [11.633224, 47.592342, 879.75],
          [11.633022, 47.592158, 878.75],
          [11.632935, 47.592063, 879.0],
          [11.632870, 47.591969, 878.75],
          [11.632786, 47.591820, 877.0],
          [11.632699, 47.591610, 876.5],
          [11.632631, 47.591412, 876.25],
          [11.632579, 47.591218, 876.0],
          [11.632553, 47.591064, 875.75],
          [11.632557, 47.590903, 875.5],
          [11.632580, 47.590751, 875.5],
          [11.632618, 47.590596, 875.0],
          [11.632699, 47.590335, 875.0],
          [11.632795, 47.590028, 874.5],
          [11.632813, 47.589928, 874.75],
          [11.632818, 47.589871, 875.0],
          [11.632808, 47.589791, 874.75],
          [11.632779, 47.589682, 874.0],
          [11.632526, 47.588958, 873.75],
          [11.632407, 47.588674, 874.25],
          [11.632340, 47.588559, 873.75],
          [11.632284, 47.588331, 873.75],
          [11.632255, 47.587991, 872.0],
          [11.632206, 47.587703, 871.5],
          [11.632180, 47.587604, 871.0],
          [11.632114, 47.587439, 870.25],
          [11.631999, 47.587193, 872.0],
          [11.631954, 47.587069, 872.25],
          [11.631924, 47.586936, 873.25],
          [11.631903, 47.586807, 874.0],
          [11.631900, 47.586724, 875.0],
          [11.631889, 47.586653, 875.5],
          [11.631836, 47.586513, 874.25],
          [11.631735, 47.586299, 873.0],
          [11.631536, 47.585945, 868.0],
          [11.631477, 47.585801, 865.25],
          [11.631443, 47.585701, 863.0],
          [11.631434, 47.585606, 862.0],
          [11.631442, 47.585508, 861.5],
          [11.631468, 47.585433, 861.25],
          [11.631529, 47.585321, 860.75],
          [11.631618, 47.585227, 859.0],
          [11.631727, 47.585159, 857.5],
          [11.631899, 47.585070, 856.75],
          [11.632053, 47.585012, 856.25],
          [11.632254, 47.584921, 852.75],
          [11.632469, 47.584812, 852.75],
          [11.632776, 47.584586, 847.0],
          [11.632865, 47.584495, 845.0],
          [11.632913, 47.584404, 842.75],
          [11.632924, 47.584317, 841.75],
          [11.632925, 47.584243, 841.0],
          [11.632900, 47.584061, 840.0],
          [11.632884, 47.583945, 839.75],
          [11.632889, 47.583862, 839.25],
          [11.632910, 47.583775, 837.75],
          [11.633014, 47.583547, 835.5],
          [11.633126, 47.583321, 833.25],
          [11.633202, 47.583189, 832.5],
          [11.633273, 47.583085, 832.0],
          [11.633417, 47.582932, 831.75],
          [11.633607, 47.582777, 831.75],
          [11.633778, 47.582667, 831.0],
          [11.633896, 47.582607, 831.0],
          [11.634149, 47.582508, 832.75],
          [11.634314, 47.582458, 832.25],
          [11.634376, 47.582440, 832.0],
          [11.634434, 47.582428, 832.0],
          [11.634554, 47.582403, 832.75],
          [11.634694, 47.582386, 833.75],
          [11.634846, 47.582376, 834.75],
          [11.635114, 47.582376, 836.25],
          [11.635375, 47.582389, 837.5],
          [11.635524, 47.582400, 838.0],
          [11.635523, 47.582445, 837.0],
          [11.635552, 47.582494, 836.0],
          [11.635698, 47.582523, 836.25],
          [11.636209, 47.582559, 836.75],
          [11.636348, 47.582583, 837.0],
          [11.636520, 47.582628, 836.25],
          [11.636718, 47.582648, 835.75],
          [11.636873, 47.582657, 836.0],
          [11.637475, 47.582654, 838.25],
          [11.638273, 47.582609, 840.25],
          [11.638773, 47.582605, 840.5],
          [11.639200, 47.582574, 840.0],
          [11.639548, 47.582531, 840.75],
          [11.639693, 47.582497, 841.0],
          [11.639929, 47.582410, 841.75],
          [11.640167, 47.582336, 842.5],
          [11.640299, 47.582308, 843.0],
          [11.640518, 47.582250, 843.75],
          [11.640698, 47.582152, 844.0],
          [11.640866, 47.582036, 844.0],
          [11.640991, 47.581930, 844.25],
          [11.641152, 47.581771, 843.75],
          [11.641532, 47.581349, 842.5],
          [11.641707, 47.581137, 841.25],
          [11.641966, 47.580871, 841.0],
          [11.642212, 47.580569, 839.75],
          [11.642343, 47.580339, 838.0],
          [11.642432, 47.580092, 837.0],
          [11.642693, 47.579690, 835.0],
          [11.642813, 47.579482, 834.0],
          [11.643371, 47.578520, 829.5],
          [11.643736, 47.577942, 827.5],
          [11.643749, 47.577896, 827.25],
          [11.643737, 47.577858, 827.25],
          [11.643726, 47.577840, 827.0],
          [11.643991, 47.577468, 826.5],
          [11.644347, 47.576936, 825.75],
          [11.644448, 47.576821, 826.0],
          [11.644606, 47.576661, 825.75],
          [11.644801, 47.576551, 824.75],
          [11.645300, 47.576209, 826.0],
          [11.645680, 47.575966, 825.75],
          [11.645764, 47.575904, 826.0],
          [11.646039, 47.575711, 825.75],
          [11.646539, 47.575363, 824.25],
          [11.646723, 47.575240, 823.0],
          [11.646919, 47.575120, 822.5],
          [11.647041, 47.575047, 821.75],
          [11.647180, 47.574983, 820.75],
          [11.647327, 47.574927, 820.5],
          [11.647419, 47.574895, 820.5],
          [11.647601, 47.574853, 821.25],
          [11.647958, 47.574786, 822.5],
          [11.648448, 47.574701, 822.75],
          [11.648660, 47.574652, 822.5],
          [11.648905, 47.574583, 822.5],
          [11.649005, 47.574544, 822.5],
          [11.649549, 47.574342, 823.5],
          [11.649731, 47.574281, 824.75],
          [11.650008, 47.574211, 824.25],
          [11.650254, 47.574160, 821.75],
          [11.651150, 47.573999, 826.25],
          [11.652045, 47.573851, 820.75],
          [11.652370, 47.573790, 821.25],
          [11.652694, 47.573714, 821.25],
          [11.653040, 47.573634, 821.25],
          [11.653440, 47.573498, 819.75],
          [11.653607, 47.573431, 820.5],
          [11.653857, 47.573307, 820.75],
          [11.654077, 47.573188, 820.75],
          [11.654365, 47.573001, 820.75],
          [11.654458, 47.572945, 821.0],
          [11.654745, 47.572742, 820.75],
          [11.655231, 47.572486, 823.5],
          [11.655357, 47.572393, 825.5],
          [11.655584, 47.572197, 827.25],
          [11.656120, 47.571876, 828.25],
          [11.656345, 47.571759, 828.25],
          [11.656529, 47.571675, 827.75],
          [11.656702, 47.571609, 828.75],
          [11.656861, 47.571560, 829.0],
          [11.657036, 47.571517, 829.0],
          [11.657233, 47.571479, 828.5],
          [11.657540, 47.571456, 829.0],
          [11.657677, 47.571450, 829.25],
          [11.657916, 47.571460, 830.5],
          [11.658093, 47.571470, 831.5],
          [11.658195, 47.571457, 831.25],
          [11.658334, 47.571433, 830.75],
          [11.658815, 47.571310, 833.5],
          [11.659209, 47.571301, 837.0],
          [11.659636, 47.571278, 832.75],
          [11.660043, 47.571306, 831.0],
          [11.660657, 47.571373, 828.25],
          [11.660813, 47.571370, 827.5],
          [11.660857, 47.571356, 827.5],
          [11.660897, 47.571321, 827.0],
          [11.660959, 47.571235, 825.75],
          [11.661011, 47.571141, 824.5],
          [11.661107, 47.571010, 824.25],
          [11.661222, 47.570862, 824.25],
          [11.661345, 47.570727, 825.0],
          [11.661520, 47.570562, 824.75],
          [11.661688, 47.570435, 825.0],
          [11.661798, 47.570362, 824.75],
          [11.662009, 47.570263, 825.25],
          [11.662654, 47.570042, 825.0],
          [11.662814, 47.569976, 826.0],
          [11.663111, 47.569826, 825.75],
          [11.663361, 47.569720, 826.0],
          [11.663693, 47.569603, 827.0],
          [11.663866, 47.569567, 826.0],
          [11.664188, 47.569545, 826.25],
          [11.664454, 47.569587, 827.0],
          [11.664771, 47.569703, 827.75],
          [11.665070, 47.569841, 827.5],
          [11.665363, 47.569959, 828.75],
          [11.665362, 47.569883, 828.25],
          [11.665360, 47.569660, 827.5],
          [11.665360, 47.569435, 829.0],
          [11.665536, 47.569449, 828.75],
          [11.665844, 47.569461, 829.75],
          [11.666216, 47.569446, 829.75],
          [11.666594, 47.569405, 830.75],
          [11.667073, 47.569296, 832.5],
          [11.667515, 47.569196, 831.0],
          [11.668473, 47.568978, 833.25],
          [11.668770, 47.568857, 833.0],
          [11.669079, 47.568685, 833.5],
          [11.669242, 47.568552, 833.5],
          [11.669388, 47.568423, 833.5],
          [11.669550, 47.568245, 833.25],
          [11.669704, 47.568021, 834.25],
          [11.669828, 47.567734, 835.0],
          [11.669950, 47.567501, 836.5],
          [11.670202, 47.567092, 836.75],
          [11.670240, 47.566955, 836.75],
          [11.670258, 47.566794, 836.5],
          [11.670176, 47.566799, 839.0],
          [11.670181, 47.566471, 838.0],
          [11.670202, 47.566198, 838.0],
          [11.670260, 47.565929, 838.0],
          [11.670310, 47.565796, 838.0],
          [11.670405, 47.565587, 838.75],
          [11.670524, 47.565375, 839.0],
          [11.670648, 47.565198, 839.5],
          [11.670862, 47.564960, 840.0],
          [11.671064, 47.564786, 840.5],
          [11.671241, 47.564657, 840.75],
          [11.671412, 47.564538, 841.5],
          [11.672153, 47.564101, 842.25],
          [11.672854, 47.563675, 843.25],
          [11.673036, 47.563558, 844.0],
          [11.673180, 47.563437, 843.75],
          [11.673271, 47.563340, 843.75],
          [11.673420, 47.563166, 843.75],
          [11.673506, 47.563061, 844.5],
          [11.673643, 47.562921, 845.5],
          [11.673810, 47.562767, 846.75],
          [11.674119, 47.562502, 847.75],
          [11.674242, 47.562400, 847.5],
          [11.674398, 47.562276, 848.25],
          [11.674539, 47.562178, 849.0],
          [11.675214, 47.561781, 851.75],
          [11.675328, 47.561688, 853.25],
          [11.675416, 47.561589, 854.5],
          [11.675519, 47.561414, 856.75],
          [11.675643, 47.561106, 859.0],
          [11.675727, 47.560964, 860.0],
          [11.675805, 47.560881, 860.5],
          [11.675934, 47.560791, 861.75],
          [11.676096, 47.560710, 864.5],
          [11.676257, 47.560655, 865.0],
          [11.677409, 47.560387, 869.0],
          [11.677629, 47.560331, 870.25],
          [11.677776, 47.560288, 872.25],
          [11.677890, 47.560234, 874.5],
          [11.677987, 47.560170, 875.0],
          [11.678069, 47.560072, 874.25],
          [11.678116, 47.559956, 875.0],
          [11.678132, 47.559854, 875.5],
          [11.678133, 47.559438, 876.75],
          [11.678146, 47.559230, 878.75],
          [11.678195, 47.559031, 879.75],
          [11.678283, 47.558797, 879.25],
          [11.678389, 47.558595, 878.25],
          [11.678552, 47.558384, 879.25],
          [11.678813, 47.558112, 877.25],
          [11.679110, 47.557875, 875.5],
          [11.679750, 47.557423, 877.25],
          [11.680041, 47.557207, 876.75],
          [11.680306, 47.556975, 876.0],
          [11.680577, 47.556699, 874.75],
          [11.680735, 47.556481, 877.0],
          [11.680949, 47.556159, 876.25],
          [11.681073, 47.555970, 876.5],
          [11.681240, 47.555745, 875.5],
          [11.681345, 47.555624, 876.0],
          [11.681560, 47.555398, 875.5],
          [11.681830, 47.555160, 876.5],
          [11.682041, 47.555000, 878.75],
          [11.682640, 47.554605, 881.5],
          [11.682938, 47.554419, 883.5],
          [11.683264, 47.554258, 884.0],
          [11.683643, 47.554101, 884.75],
          [11.684301, 47.553902, 882.5],
          [11.684684, 47.553753, 883.25],
          [11.684912, 47.553638, 881.25],
          [11.685171, 47.553485, 881.75],
          [11.685353, 47.553346, 879.25],
          [11.685612, 47.553114, 879.75],
          [11.685920, 47.552858, 878.5],
          [11.686008, 47.552786, 878.75],
          [11.686232, 47.552614, 878.25],
          [11.686607, 47.552367, 878.5],
          [11.686834, 47.552222, 879.5],
          [11.687094, 47.552059, 879.5],
          [11.687594, 47.551747, 880.0],
          [11.688139, 47.551396, 880.0],
          [11.688851, 47.550933, 880.0],
          [11.688964, 47.550873, 880.0],
          [11.689150, 47.550788, 880.0],
          [11.689382, 47.550708, 880.75],
          [11.689595, 47.550642, 881.0],
          [11.690189, 47.550507, 881.0],
          [11.690555, 47.550422, 881.25],
          [11.690975, 47.550320, 881.75],
          [11.691087, 47.550293, 881.75],
          [11.691372, 47.550213, 882.0],
          [11.691877, 47.550051, 882.75],
          [11.692181, 47.549945, 883.0],
          [11.692313, 47.549893, 883.0],
          [11.692680, 47.549749, 883.75],
          [11.693261, 47.549480, 883.75],
          [11.693877, 47.549175, 884.75],
          [11.694436, 47.548849, 885.75],
          [11.694819, 47.548602, 886.0],
          [11.695799, 47.547815, 886.75],
          [11.695968, 47.547667, 887.0],
          [11.696463, 47.547199, 887.25],
          [11.696502, 47.547162, 887.0],
          [11.697496, 47.546214, 890.5],
          [11.697906, 47.545864, 890.25],
          [11.698074, 47.545742, 890.0],
          [11.698240, 47.545660, 889.25],
          [11.698459, 47.545571, 889.75],
          [11.698658, 47.545509, 890.5],
          [11.698856, 47.545456, 891.0],
          [11.699358, 47.545343, 891.0],
          [11.700117, 47.545226, 891.0],
          [11.700478, 47.545162, 891.25],
          [11.700752, 47.545112, 891.5],
          [11.700729, 47.545054, 891.75],
          [11.700733, 47.545001, 891.75],
          [11.700766, 47.544959, 892.0],
          [11.700834, 47.544898, 892.0],
          [11.701025, 47.544742, 892.0],
          [11.701130, 47.544622, 892.25],
          [11.701179, 47.544564, 892.5],
          [11.701285, 47.544408, 893.0],
          [11.701398, 47.544196, 893.75],
          [11.701538, 47.543890, 894.25],
          [11.701616, 47.543708, 894.75],
          [11.701677, 47.543584, 895.0],
          [11.701829, 47.543273, 896.0],
          [11.701935, 47.543033, 895.75],
          [11.702007, 47.542919, 895.0],
          [11.702034, 47.542876, 895.0],
          [11.702108, 47.542766, 895.0],
          [11.702180, 47.542660, 895.75],
          [11.702374, 47.542470, 895.5],
          [11.702649, 47.542243, 896.75],
          [11.702683, 47.542222, 897.0],
          [11.702903, 47.542088, 896.0],
          [11.703024, 47.542016, 894.75],
          [11.703188, 47.541965, 895.5],
          [11.703030, 47.541543, 896.0],
          [11.702863, 47.541152, 896.25],
          [11.702762, 47.540954, 896.5],
          [11.702519, 47.540655, 896.25],
          [11.702445, 47.540516, 896.5],
          [11.702422, 47.540292, 896.5],
          [11.702527, 47.540126, 896.5],
          [11.702696, 47.539970, 896.5],
          [11.702947, 47.539823, 897.0],
          [11.703222, 47.539704, 897.75],
          [11.703548, 47.539530, 897.75],
          [11.703587, 47.539502, 897.75],
          [11.703835, 47.539330, 898.0],
          [11.704076, 47.539060, 898.0],
          [11.704297, 47.538884, 898.25],
          [11.704400, 47.538802, 899.0],
          [11.704603, 47.538573, 899.25],
          [11.704778, 47.538195, 899.25],
          [11.704801, 47.537972, 899.5],
          [11.704814, 47.537711, 900.0],
          [11.704752, 47.537168, 901.0],
          [11.704836, 47.536864, 900.75],
          [11.705026, 47.536555, 901.25],
          [11.705286, 47.536132, 901.75],
          [11.705495, 47.535773, 902.0],
          [11.705579, 47.535581, 902.0],
          [11.705631, 47.535412, 902.0],
          [11.705675, 47.535200, 902.0],
          [11.705728, 47.534901, 902.25],
          [11.705814, 47.534079, 903.75],
          [11.705854, 47.533779, 904.0],
          [11.705947, 47.533620, 904.25],
          [11.705981, 47.533561, 904.5],
          [11.706218, 47.533346, 905.75],
          [11.706304, 47.533202, 905.5],
          [11.706426, 47.532866, 905.25],
          [11.706455, 47.532658, 905.5],
          [11.706476, 47.532502, 905.5],
          [11.706481, 47.532462, 905.5],
          [11.706430, 47.532050, 905.25],
          [11.706384, 47.531952, 905.75],
          [11.706346, 47.531873, 905.75],
          [11.706261, 47.531586, 905.75],
          [11.706220, 47.531228, 907.5],
          [11.706169, 47.530780, 907.5],
          [11.706098, 47.530516, 908.0],
          [11.706026, 47.530385, 908.0],
          [11.705896, 47.530066, 909.25],
          [11.705873, 47.529786, 910.75],
          [11.705976, 47.529585, 912.5],
          [11.706358, 47.529205, 915.75],
          [11.706828, 47.528737, 918.75],
          [11.707021, 47.528473, 919.5],
          [11.707116, 47.528303, 918.75],
          [11.707172, 47.528199, 918.75],
          [11.707536, 47.527549, 917.5],
          [11.707547, 47.527452, 917.25],
          [11.707520, 47.527353, 917.0],
          [11.707411, 47.527267, 916.0],
          [11.707340, 47.527192, 915.0],
          [11.707294, 47.527110, 914.0],
          [11.707293, 47.527010, 913.5],
          [11.707352, 47.526695, 912.0],
          [11.707422, 47.526618, 912.25],
          [11.707454, 47.526537, 912.25],
          [11.707464, 47.526429, 911.75],
          [11.707465, 47.526094, 910.75],
          [11.707464, 47.525967, 911.0],
          [11.707490, 47.525845, 911.0],
          [11.707264, 47.525301, 910.25],
          [11.707156, 47.524918, 910.75],
          [11.707131, 47.524611, 911.0],
          [11.707226, 47.523636, 912.0],
          [11.707207, 47.523388, 912.75],
          [11.707175, 47.523251, 912.75],
          [11.707093, 47.523034, 912.5],
          [11.707077, 47.522978, 912.75],
          [11.707047, 47.522877, 913.25],
          [11.707055, 47.522703, 913.5],
          [11.707112, 47.522501, 913.75],
          [11.707314, 47.522183, 914.0],
          [11.707665, 47.521863, 914.5],
          [11.707845, 47.521655, 914.75],
          [11.707918, 47.521558, 914.25],
          [11.707777, 47.521500, 915.0],
          [11.707591, 47.521442, 915.5],
          [11.707494, 47.521431, 915.75],
          [11.707368, 47.521431, 915.75],
          [11.707240, 47.521451, 915.75],
          [11.706610, 47.521545, 916.0],
          [11.706417, 47.521569, 917.0],
          [11.706151, 47.521560, 918.0],
          [11.705900, 47.521524, 919.25],
          [11.705761, 47.521825, 918.25],
          [11.705651, 47.522136, 917.5],
          [11.705637, 47.522169, 917.0]
        ]
      }
    }
  ]
}
