{
  "type": "FeatureCollection",
  "features": [
    {
      "type": "Feature",
      "properties": {
        "creator": "BRouter-1.7.10",
        "name": "brouter_fastbike_0",
        "track-length": "44628",
        "filtered ascend": "96",
        "plain-ascend": "57",
        "total-time": "7969",
        "total-energy": "796820",
        "cost": "62833",
        "messages": [
          ["Longitude", "Latitude", "Elevation", "Distance", "CostPerKm", "ElevCost", "TurnCost", "NodeCost", "InitialCost", "WayTags", "NodeTags", "Time", "Energy"],
          ["9684242", "47546081", "399", "20", "5000", "0", "0", "0", "0", "reversedirection=yes highway=pedestrian surface=sett smoothness=intermediate", "", "3", "336"],
          ["9684293", "47545912", "398", "19", "7000", "0", "89", "0", "0", "reversedirection=yes highway=footway surface=sett foot=designated smoothness=bad", "barrier=bollard", "6", "604"],
          ["9684299", "47545891", "398", "2", "7000", "0", "0", "0", "0", "reversedirection=yes highway=footway surface=sett foot=designated smoothness=bad", "", "6", "631"],
          ["9684730", "47545904", "399", "32", "1200", "0", "77", "0", "0", "highway=living_street surface=sett smoothness=intermediate", "", "11", "1127"],
          ["9686248", "47545809", "399", "117", "5000", "0", "17", "0", "0", "highway=pedestrian surface=sett foot=designated bicycle=yes smoothness=intermediate vehicle=no", "", "29", "2957"],
          ["9686477", "47545801", "399", "20", "1200", "0", "97", "0", "0", "highway=living_street surface=sett smoothness=intermediate oneway=yes oneway:bicycle=no", "", "33", "3302"],
          ["9687153", "47546030", "399", "57", "1200", "0", "1", "0", "0", "highway=living_street surface=sett smoothness=intermediate cycleway:both=no oneway=yes oneway:bicycle=no", "wheelchair=limited", "42", "4279"],
          ["9688532", "47546817", "398", "148", "1200", "0", "8", "0", "0", "highway=living_street surface=sett smoothness=intermediate cycleway:both=no oneway=yes oneway:bicycle=no", "", "68", "6876"],
          ["9688790", "47547640", "399", "98", "1200", "0", "18", "0", "0", "highway=living_street surface=sett smoothness=intermediate oneway=yes oneway:bicycle=no", "", "84", "8403"],
          ["9689072", "47547904", "399", "37", "1200", "0", "36", "0", "0", "highway=living_street surface=sett smoothness=intermediate cycleway:both=no oneway=yes oneway:bicycle=no", "", "90", "9055"],
          ["9689266", "47548015", "399", "27", "1000", "0", "0", "0", "0", "highway=tertiary surface=asphalt estimated_traffic_class=2 smoothness=good junction=roundabout cycleway:right=no route_bicycle_lcn=yes", "", "95", "9524"],
          ["9690315", "47548839", "399", "121", "1000", "0", "47", "0", "0", "highway=tertiary surface=asphalt estimated_traffic_class=2 smoothness=good oneway=yes cycleway:right=lane route_bicycle_lcn=yes", "nodeaccessgranted=yes highway=crossing crossing=unmarked", "117", "11772"],
          ["9690352", "47548867", "399", "4", "1000", "0", "0", "0", "0", "highway=tertiary surface=asphalt estimated_traffic_class=2 smoothness=good oneway=yes cycleway:right=lane route_bicycle_lcn=yes", "", "118", "11834"],
          ["9691832", "47549984", "397", "167", "1000", "0", "0", "0", "0", "highway=tertiary surface=asphalt estimated_traffic_class=2 smoothness=excellent oneway=yes cycleway:right=lane route_bicycle_lcn=yes", "", "140", "14083"],
          ["9691912", "47550036", "398", "8", "1000", "0", "0", "0", "0", "highway=tertiary surface=asphalt estimated_traffic_class=2 smoothness=good oneway=yes cycleway:right=lane route_bicycle_lcn=yes", "nodeaccessgranted=yes highway=crossing crossing=uncontrolled", "142", "14243"],
          ["9692076", "47550142", "399", "17", "1000", "0", "0", "0", "0", "highway=tertiary surface=asphalt estimated_traffic_class=2 smoothness=good oneway=yes cycleway:right=lane route_bicycle_lcn=yes", "nodeaccessgranted=yes highway=give_way direction=forward", "146", "14623"],
          ["9692122", "47550162", "399", "4", "1000", "0", "1", "0", "0", "highway=tertiary surface=asphalt estimated_traffic_class=2 smoothness=good oneway=yes cycleway:right=lane route_bicycle_lcn=yes", "", "147", "14710"],
          ["9692413", "47550309", "399", "34", "1130", "0", "0", "0", "0", "highway=secondary surface=asphalt estimated_traffic_class=3 smoothness=excellent junction=roundabout cycleway:right=no route_bicycle_rcn=yes route_bicycle_lcn=yes", "", "154", "15417"],
          ["9692611", "47550378", "398", "17", "1200", "0", "45", "0", "0", "highway=residential surface=asphalt smoothness=excellent cycleway:both=no oneway=yes route_bicycle_rcn=yes route_bicycle_lcn=yes", "nodeaccessgranted=yes highway=crossing crossing=uncontrolled", "157", "15712"],
          ["9692747", "47550435", "398", "12", "1200", "0", "0", "0", "0", "highway=residential surface=asphalt smoothness=excellent cycleway:both=no oneway=yes route_bicycle_rcn=yes route_bicycle_lcn=yes", "", "159", "15920"],
          ["9692864", "47550457", "398", "9", "1200", "0", "3", "0", "0", "reversedirection=yes highway=residential surface=asphalt bicycle=designated smoothness=excellent vehicle=destination route_bicycle_icn=yes route_bicycle_rcn=yes route_bicycle_lcn=yes bicycle_road=yes", "", "160", "16075"],
          ["9694421", "47551141", "398", "145", "1200", "0", "7", "0", "0", "reversedirection=yes highway=residential surface=asphalt bicycle=designated smoothness=excellent vehicle=destination oneway=no route_bicycle_icn=yes route_bicycle_rcn=yes route_bicycle_lcn=yes bicycle_road=yes", "", "186", "18636"],
          ["9696207", "47551464", "397", "142", "1200", "0", "3", "0", "0", "reversedirection=yes highway=residential surface=asphalt bicycle=designated smoothness=excellent vehicle=destination route_bicycle_icn=yes route_bicycle_rcn=yes route_bicycle_lcn=yes bicycle_road=yes", "", "207", "20788"],
          ["9696727", "47551803", "396", "58", "1200", "0", "6", "0", "0", "reversedirection=yes highway=service surface=asphalt smoothness=excellent route_bicycle_icn=yes route_bicycle_rcn=yes", "", "215", "21574"],
          ["9713757", "47550893", "398", "1301", "1200", "0", "26", "0", "0", "highway=service surface=asphalt smoothness=excellent cycleway:both=no route_bicycle_icn=yes route_bicycle_rcn=yes", "", "437", "43716"],
          ["9713835", "47550893", "398", "6", "1300", "0", "7", "0", "0", "reversedirection=yes highway=cycleway surface=asphalt smoothness=excellent oneway=no", "highway=give_way direction=forward", "438", "43839"],
          ["9714215", "47550772", "399", "35", "1300", "0", "16", "0", "0", "reversedirection=yes highway=cycleway surface=asphalt smoothness=excellent oneway=no", "", "446", "44627"],
          ["9715907", "47549849", "397", "180", "1200", "0", "28", "0", "0", "highway=residential surface=asphalt smoothness=good cycleway:both=no route_bicycle_icn=yes route_bicycle_rcn=yes route_bicycle_lcn=yes", "", "473", "47387"],
          ["9716299", "47549735", "397", "32", "1200", "0", "0", "0", "0", "highway=residential surface=asphalt smoothness=good route_bicycle_icn=yes route_bicycle_rcn=yes route_bicycle_lcn=yes", "", "479", "47915"],
          ["9719971", "47547544", "397", "373", "1200", "0", "0", "0", "0", "highway=residential surface=asphalt bicycle=designated smoothness=excellent vehicle=destination route_bicycle_icn=yes route_bicycle_rcn=yes route_bicycle_lcn=yes bicycle_road=yes", "nodeaccessgranted=yes highway=crossing crossing=unmarked bicycle=designated", "542", "54236"],
          ["9722677", "47545393", "398", "316", "1200", "0", "36", "0", "0", "highway=residential surface=asphalt bicycle=designated smoothness=excellent vehicle=destination oneway=no route_bicycle_icn=yes route_bicycle_rcn=yes route_bicycle_lcn=yes bicycle_road=yes", "", "599", "59952"],
          ["9727939", "47542088", "399", "543", "1200", "0", "3", "0", "0", "highway=residential surface=asphalt bicycle=designated smoothness=excellent vehicle=destination oneway=no route_bicycle_icn=yes route_bicycle_rcn=yes bicycle_road=yes", "", "692", "69203"],
          ["9728028", "47541981", "399", "14", "1200", "0", "14", "0", "0", "highway=service surface=asphalt foot=no bicycle=designated smoothness=excellent vehicle=agricultural oneway=no route_bicycle_icn=yes bicycle_road=yes", "nodeaccessgranted=yes highway=give_way direction=backward", "694", "69438"],
          ["9729153", "47540585", "398", "180", "1200", "0", "11", "0", "0", "highway=service surface=asphalt foot=no bicycle=designated smoothness=excellent vehicle=agricultural oneway=no route_bicycle_icn=yes bicycle_road=yes", "", "722", "72294"],
          ["9730930", "47538255", "398", "293", "1200", "0", "11", "0", "0", "reversedirection=yes highway=path surface=asphalt foot=designated bicycle=designated smoothness=excellent oneway=no route_bicycle_icn=yes", "", "770", "77100"],
          ["9731175", "47537870", "398", "47", "1200", "0", "0", "0", "0", "reversedirection=yes highway=service surface=asphalt foot=yes bicycle=designated smoothness=excellent cycleway:both=no route_bicycle_icn=yes bicycle_road=yes", "nodeaccessgranted=yes highway=give_way direction=backward", "779", "77951"],
          ["9731189", "47537847", "398", "3", "1200", "0", "0", "0", "0", "reversedirection=yes highway=service surface=asphalt foot=yes bicycle=designated smoothness=excellent cycleway:both=no route_bicycle_icn=yes bicycle_road=yes", "", "780", "78005"],
          ["9735807", "47534387", "398", "537", "1200", "0", "33", "0", "0", "reversedirection=yes highway=path surface=asphalt foot=designated bicycle=designated smoothness=excellent oneway=no route_bicycle_icn=yes", "", "873", "87397"],
          ["9736007", "47534242", "398", "22", "1300", "0", "0", "0", "0", "reversedirection=yes highway=cycleway surface=concrete foot=designated bicycle=designated smoothness=excellent oneway=no route_bicycle_icn=yes", "", "877", "87745"],
          ["9736130", "47534157", "399", "13", "1200", "0", "0", "0", "0", "reversedirection=yes highway=path surface=asphalt foot=designated bicycle=designated smoothness=excellent oneway=no route_bicycle_icn=yes", "", "880", "88033"],
          ["9739136", "47532043", "399", "327", "1200", "0", "0", "0", "0", "reversedirection=yes highway=path surface=asphalt foot=designated bicycle=designated smoothness=excellent oneway=no route_bicycle_icn=yes route_bicycle_ncn=yes", "", "937", "93726"],
          ["9739228", "47531974", "399", "10", "1200", "0", "0", "0", "0", "reversedirection=yes highway=path surface=asphalt foot=designated bicycle=designated smoothness=good oneway=no route_bicycle_icn=yes route_bicycle_ncn=yes", "", "938", "93897"],
          ["9742944", "47528747", "397", "455", "1200", "0", "4", "0", "0", "reversedirection=yes highway=path surface=asphalt foot=designated bicycle=designated smoothness=excellent oneway=no route_bicycle_icn=yes route_bicycle_ncn=yes", "", "1012", "101284"],
          ["9743075", "47527454", "398", "144", "1300", "0", "1", "0", "0", "reversedirection=yes highway=cycleway surface=asphalt bicycle=designated smoothness=excellent oneway=no route_bicycle_icn=yes route_bicycle_ncn=yes", "", "1035", "103534"],
          ["9743178", "47527222", "397", "27", "1200", "0", "2", "0", "0", "reversedirection=yes highway=path surface=asphalt foot=designated bicycle=designated smoothness=excellent oneway=no route_bicycle_icn=yes route_bicycle_ncn=yes", "nodeaccessgranted=yes highway=crossing crossing=uncontrolled", "1039", "103962"],
          ["9743344", "47527006", "398", "27", "1200", "0", "0", "0", "0", "reversedirection=yes highway=path surface=asphalt foot=designated bicycle=designated smoothness=excellent oneway=no route_bicycle_icn=yes route_bicycle_ncn=yes", "nodeaccessgranted=yes highway=crossing crossing=marked", "1044", "104405"],
          ["9744282", "47526576", "397", "87", "1200", "0", "5", "0", "0", "reversedirection=yes highway=path surface=asphalt foot=designated bicycle=designated smoothness=excellent oneway=no route_bicycle_icn=yes route_bicycle_ncn=yes", "nodeaccessgranted=yes highway=crossing crossing=marked", "1057", "105729"],
          ["9746314", "47526204", "398", "160", "1300", "0", "9", "0", "0", "reversedirection=yes highway=cycleway surface=asphalt bicycle=designated smoothness=excellent oneway=no route_bicycle_icn=yes route_bicycle_ncn=yes", "", "1085", "108603"],
          ["9746582", "47525973", "399", "33", "1200", "0", "1", "0", "0", "reversedirection=yes highway=path surface=asphalt foot=designated bicycle=designated smoothness=excellent oneway=no route_bicycle_icn=yes route_bicycle_ncn=yes", "nodeaccessgranted=yes highway=crossing crossing=uncontrolled", "1092", "109286"],
          ["9747263", "47525389", "398", "83", "1300", "0", "3", "0", "0", "reversedirection=yes highway=cycleway surface=asphalt bicycle=designated smoothness=excellent oneway=no route_bicycle_icn=yes route_bicycle_ncn=yes", "", "1107", "110740"],
          ["9748407", "47524450", "399", "135", "1200", "0", "1", "0", "0", "reversedirection=yes highway=path surface=asphalt foot=designated bicycle=designated smoothness=excellent oneway=no route_bicycle_icn=yes route_bicycle_ncn=yes", "", "1131", "113191"],
          ["9750515", "47522693", "398", "252", "1300", "0", "6", "0", "0", "reversedirection=yes highway=cycleway surface=asphalt smoothness=excellent oneway=no route_bicycle_icn=yes route_bicycle_ncn=yes", "", "1174", "117418"],
          ["9750623", "47522594", "398", "14", "1300", "0", "0", "0", "0", "reversedirection=yes highway=cycleway surface=sett smoothness=intermediate oneway=no route_bicycle_icn=yes route_bicycle_ncn=yes", "", "1176", "117621"],
          ["9752374", "47510872", "397", "1366", "1300", "0", "0", "0", "0", "reversedirection=yes highway=cycleway surface=asphalt smoothness=excellent oneway=no route_bicycle_icn=yes route_bicycle_ncn=yes", "", "1402", "140264"],
          ["9752041", "47510174", "398", "81", "1300", "0", "0", "0", "0", "reversedirection=yes highway=cycleway surface=asphalt bicycle=designated smoothness=excellent oneway=no route_bicycle_icn=yes route_bicycle_ncn=yes", "", "1416", "141698"],
          ["9751906", "47509891", "397", "33", "1300", "0", "0", "0", "0", "reversedirection=yes highway=cycleway surface=sett bicycle=designated smoothness=intermediate oneway=no route_bicycle_icn=yes route_bicycle_ncn=yes", "", "1422", "142255"],
          ["9751755", "47509566", "398", "38", "1300", "0", "0", "0", "0", "reversedirection=yes highway=cycleway surface=asphalt bicycle=designated smoothness=excellent oneway=no route_bicycle_icn=yes route_bicycle_ncn=yes", "", "1429", "142914"],
          ["9751699", "47509463", "398", "13", "1300", "0", "0", "0", "0", "reversedirection=yes highway=cycleway surface=concrete bicycle=designated smoothness=good oneway=no route_bicycle_icn=yes route_bicycle_ncn=yes", "", "1431", "143137"],
          ["9749910", "47507375", "397", "270", "1300", "0", "0", "0", "0", "reversedirection=yes highway=cycleway surface=asphalt bicycle=designated smoothness=excellent oneway=no route_bicycle_icn=yes route_bicycle_ncn=yes", "", "1475", "147592"],
          ["9748434", "47506309", "398", "162", "1300", "0", "0", "0", "0", "reversedirection=yes highway=cycleway surface=asphalt foot=designated bicycle=designated smoothness=excellent oneway=no route_bicycle_icn=yes route_bicycle_ncn=yes", "nodeaccessgranted=yes railway=unknown", "1503", "150345"],
          ["9747949", "47505994", "398", "51", "1300", "0", "0", "0", "0", "reversedirection=yes highway=cycleway surface=asphalt foot=designated bicycle=designated smoothness=excellent oneway=no route_bicycle_icn=yes route_bicycle_ncn=yes", "", "1512", "151250"],
          ["9747865", "47505945", "398", "8", "1300", "0", "0", "0", "0", "reversedirection=yes highway=cycleway surface=sett bicycle=designated smoothness=intermediate oneway=no route_bicycle_icn=yes route_bicycle_ncn=yes", "", "1513", "151390"],
          ["9745970", "47505086", "398", "173", "1300", "0", "4", "0", "0", "reversedirection=yes highway=cycleway surface=asphalt bicycle=designated smoothness=excellent oneway=no route_bicycle_icn=yes route_bicycle_ncn=yes", "", "1543", "154351"],
          ["9746013", "47504974", "398", "13", "5000", "0", "95", "0", "0", "highway=pedestrian surface=asphalt bicycle=yes smoothness=good route_bicycle_ncn=yes", "nodeaccessgranted=yes railway=level_crossing", "1545", "154570"],
          ["9746036", "47504932", "398", "5", "5000", "0", "0", "0", "0", "highway=pedestrian surface=asphalt bicycle=yes smoothness=good route_bicycle_ncn=yes", "nodeaccessgranted=yes railway=level_crossing", "1546", "154655"],
          ["9746130", "47504800", "398", "16", "5000", "0", "0", "0", "0", "highway=pedestrian surface=asphalt bicycle=yes smoothness=good route_bicycle_ncn=yes", "nodeaccessgranted=yes estimated_crossing_class=0", "1549", "154925"],
          ["9746181", "47504729", "398", "9", "1200", "0", "0", "0", "0", "highway=residential surface=asphalt smoothness=excellent cycleway:both=no route_bicycle_ncn=yes", "nodeaccessgranted=yes estimated_crossing_class=0", "1550", "155077"],
          ["9746232", "47504673", "398", "7", "5000", "0", "0", "20", "0", "highway=pedestrian surface=asphalt bicycle=yes route_bicycle_ncn=yes", "nodeaccessgranted=yes highway=crossing crossing=traffic_signals kerb=lowered", "1551", "155195"],
          ["9746264", "47504624", "398", "6", "5000", "0", "1", "20", "0", "highway=pedestrian surface=asphalt bicycle=yes route_bicycle_ncn=yes", "nodeaccessgranted=yes highway=traffic_signals crossing=no traffic_signals:direction=backward", "1552", "155296"],
          ["9746386", "47504393", "398", "28", "5000", "0", "0", "0", "0", "highway=pedestrian surface=asphalt bicycle=yes route_bicycle_ncn=yes", "", "1557", "155768"],
          ["9746481", "47504151", "398", "28", "5000", "0", "0", "0", "0", "highway=pedestrian surface=concrete bicycle=yes smoothness=excellent vehicle=yes route_bicycle_ncn=yes", "", "1562", "156240"],
          ["9746742", "47503483", "398", "77", "5000", "0", "0", "0", "0", "highway=pedestrian surface=concrete bicycle=yes smoothness=excellent vehicle=yes", "", "1575", "157560"],
          ["9746936", "47503150", "399", "39", "5000", "0", "0", "0", "0", "highway=pedestrian surface=paving_stones bicycle=yes smoothness=excellent", "", "1584", "158440"],
          ["9747002", "47503072", "399", "10", "5000", "0", "1", "0", "0", "highway=pedestrian surface=asphalt bicycle=yes smoothness=excellent", "", "1586", "158677"],
          ["9747193", "47502899", "400", "24", "5000", "0", "0", "0", "0", "highway=pedestrian surface=sett bicycle=yes smoothness=good", "barrier=bollard", "1591", "159158"],
          ["9746885", "47502260", "400", "93", "5000", "0", "80", "0", "0", "highway=pedestrian surface=asphalt bicycle=yes smoothness=excellent", "", "1610", "161058"],
          ["9746842", "47502217", "401", "6", "5000", "0", "0", "0", "0", "reversedirection=yes highway=pedestrian surface=asphalt bicycle=yes smoothness=excellent", "", "1611", "161173"],
          ["9746907", "47502185", "401", "6", "5000", "0", "87", "0", "0", "highway=pedestrian surface=asphalt bicycle=yes smoothness=excellent vehicle=yes", "highway=crossing crossing=unmarked kerb=lowered", "1612", "161286"],
          ["9747067", "47501381", "404", "91", "5000", "0", "7", "0", "0", "highway=pedestrian surface=asphalt bicycle=yes smoothness=excellent vehicle=yes", "barrier=bollard", "1629", "162997"],
          ["9747071", "47501231", "404", "17", "5000", "0", "0", "0", "0", "highway=pedestrian surface=asphalt bicycle=yes smoothness=excellent vehicle=yes", "", "1633", "163350"],
          ["9746999", "47501142", "405", "11", "1200", "0", "20", "0", "0", "highway=living_street surface=sett smoothness=intermediate vehicle=yes cycleway:both=no", "", "1635", "163606"],
          ["9746555", "47500483", "412", "83", "1200", "0", "14", "0", "0", "highway=residential surface=sett smoothness=bad cycleway:both=no", "", "1671", "167189"],
          ["9746642", "47500302", "413", "21", "1200", "0", "3", "0", "0", "highway=residential surface=sett cycleway:both=no", "highway=crossing crossing=uncontrolled kerb=lowered", "1684", "168424"],
          ["9746655", "47500219", "415", "9", "1200", "0", "2", "0", "0", "highway=residential surface=sett cycleway:both=no", "", "1689", "169006"],
          ["9746386", "47499970", "417", "35", "1200", "0", "7", "0", "0", "highway=residential surface=paving_stones cycleway:both=no", "", "1714", "171442"],
          ["9745449", "47499461", "424", "91", "1200", "0", "0", "0", "0", "highway=residential surface=asphalt cycleway:both=no", "highway=crossing crossing=marked kerb=lowered", "1784", "178508"],
          ["9743810", "47498113", "427", "197", "1200", "0", "1", "0", "0", "highway=residential surface=asphalt cycleway:both=no", "highway=crossing crossing=uncontrolled", "1864", "186496"],
          ["9743580", "47497699", "427", "49", "1200", "0", "0", "0", "0", "highway=residential surface=asphalt cycleway:both=no", "highway=crossing crossing=uncontrolled kerb=lowered", "1877", "187754"],
          ["9742339", "47496118", "429", "200", "1200", "0", "0", "0", "0", "highway=residential surface=asphalt cycleway:both=no", "highway=crossing crossing=uncontrolled", "1927", "192738"],
          ["9741549", "47494538", "430", "185", "1200", "0", "0", "0", "0", "highway=residential surface=asphalt cycleway:both=no", "highway=crossing crossing=uncontrolled", "1963", "196392"],
          ["9741232", "47493762", "430", "89", "1200", "0", "0", "0", "0", "highway=residential surface=asphalt cycleway:both=no", "", "1979", "197942"],
          ["9741012", "47493492", "429", "34", "1090", "0", "1", "0", "0", "reversedirection=yes highway=tertiary surface=asphalt estimated_traffic_class=5 cycleway:both=no", "highway=crossing crossing=marked", "1987", "198776"],
          ["9740934", "47493425", "429", "9", "1090", "0", "0", "0", "0", "reversedirection=yes highway=tertiary surface=asphalt estimated_traffic_class=5 cycleway:both=no", "highway=stop direction=backward", "1990", "199043"],
          ["9740880", "47493388", "429", "6", "1090", "0", "0", "0", "0", "reversedirection=yes highway=tertiary surface=asphalt estimated_traffic_class=5 cycleway:both=no", "estimated_crossing_class=0", "1991", "199204"],
          ["9740838", "47493353", "429", "5", "1090", "0", "0", "0", "0", "highway=tertiary surface=asphalt estimated_traffic_class=5 cycleway:both=no", "highway=stop direction=backward", "1993", "199327"],
          ["9740798", "47493323", "428", "4", "1090", "0", "0", "0", "0", "highway=tertiary surface=asphalt estimated_traffic_class=5 cycleway:both=no", "highway=crossing crossing=marked", "1994", "199417"],
          ["9740511", "47493088", "427", "34", "1090", "0", "0", "0", "0", "highway=tertiary surface=asphalt estimated_traffic_class=5 cycleway:both=no", "", "1998", "199905"],
          ["9738650", "47491709", "415", "208", "1090", "52", "0", "0", "0", "highway=tertiary surface=asphalt estimated_traffic_class=5 smoothness=excellent cycleway:both=no", "highway=crossing crossing=uncontrolled bicycle=yes traffic_calming=table", "2018", "201733"],
          ["9738068", "47491311", "413", "62", "1090", "23", "0", "0", "0", "highway=tertiary surface=asphalt estimated_traffic_class=5 smoothness=excellent cycleway:both=no", "highway=crossing crossing=zebra", "2024", "202283"],
          ["9737264", "47490749", "414", "87", "1090", "0", "0", "0", "0", "highway=tertiary surface=asphalt estimated_traffic_class=5 smoothness=excellent cycleway:both=no", "highway=crossing crossing=uncontrolled", "2034", "203315"],
          ["9735775", "47489730", "414", "160", "1090", "0", "0", "0", "0", "highway=tertiary surface=asphalt estimated_traffic_class=5 smoothness=excellent cycleway:both=no", "highway=crossing crossing=zebra traffic_calming=table", "2058", "205700"],
          ["9734588", "47488905", "413", "128", "1090", "0", "1", "0", "0", "highway=tertiary surface=asphalt estimated_traffic_class=5 smoothness=excellent cycleway:both=no", "highway=crossing crossing=uncontrolled", "2079", "207754"],
          ["9734563", "47488872", "413", "4", "1090", "0", "0", "0", "0", "highway=tertiary surface=asphalt estimated_traffic_class=5 smoothness=excellent cycleway:both=no", "", "2079", "207818"],
          ["9734224", "47488511", "413", "49", "1300", "0", "23", "0", "0", "highway=cycleway surface=asphalt oneway=yes", "", "2087", "208599"],
          ["9733135", "47487172", "416", "180", "1090", "0", "13", "0", "0", "highway=tertiary surface=asphalt estimated_traffic_class=5 smoothness=good cycleway:both=no", "highway=crossing crossing=uncontrolled", "2114", "211295"],
          ["9732908", "47487163", "416", "18", "1090", "0", "5", "0", "0", "highway=tertiary surface=asphalt estimated_traffic_class=5 smoothness=good cycleway:both=no", "estimated_crossing_class=0", "2117", "211608"],
          ["9732899", "47487072", "416", "10", "1350", "0", "97", "0", "0", "highway=primary surface=asphalt estimated_traffic_class=6 cycleway:both=lane", "estimated_crossing_class=6", "2119", "211782"],
          ["9732862", "47486886", "416", "21", "1350", "0", "0", "0", "0", "highway=primary surface=asphalt estimated_traffic_class=6 cycleway:both=lane", "highway=crossing estimated_crossing_class=0 crossing=uncontrolled bicycle=yes", "2122", "212144"],
          ["9732821", "47486745", "416", "16", "1350", "0", "0", "0", "0", "highway=primary surface=asphalt estimated_traffic_class=6 cycleway:both=lane", "estimated_crossing_class=0", "2125", "212419"],
          ["9732675", "47486374", "414", "43", "1350", "0", "0", "0", "0", "highway=primary surface=asphalt estimated_traffic_class=6 cycleway:both=lane", "", "2130", "212927"],
          ["9731855", "47484550", "414", "213", "1350", "0", "0", "0", "0", "highway=primary surface=asphalt estimated_traffic_class=6 cycleway:right=lane cycleway:left=unknown", "estimated_crossing_class=4", "2161", "216026"],
          ["9731830", "47484426", "413", "14", "1350", "0", "0", "20", "0", "highway=primary surface=asphalt estimated_traffic_class=6 smoothness=good cycleway:right=lane cycleway:left=unknown", "highway=traffic_signals traffic_signals:direction=forward", "2164", "216255"],
          ["9731813", "47484233", "413", "21", "1350", "0", "0", "0", "0", "highway=primary surface=asphalt estimated_traffic_class=6 smoothness=good cycleway:right=lane cycleway:left=unknown", "estimated_crossing_class=0 crossing=no", "2166", "216546"],
          ["9731802", "47484093", "412", "16", "1350", "0", "0", "0", "0", "highway=primary surface=asphalt estimated_traffic_class=6 smoothness=good cycleway:both=lane", "highway=crossing estimated_crossing_class=0 crossing=marked", "2169", "216751"],
          ["9731801", "47484020", "412", "8", "1350", "0", "0", "20", "0", "highway=primary surface=asphalt estimated_traffic_class=6 smoothness=good cycleway:both=lane", "highway=traffic_signals traffic_signals:direction=backward", "2170", "216851"],
          ["9731799", "47483771", "412", "28", "1350", "0", "0", "0", "0", "highway=primary surface=asphalt estimated_traffic_class=6 smoothness=good cycleway:both=lane", "estimated_crossing_class=6", "2173", "217200"],
          ["9731811", "47483316", "411", "51", "1350", "0", "0", "0", "0", "highway=primary surface=asphalt estimated_traffic_class=6 smoothness=good cycleway:both=lane", "estimated_crossing_class=6", "2179", "217831"],
          ["9731818", "47483131", "411", "21", "1350", "0", "0", "0", "0", "highway=primary surface=asphalt estimated_traffic_class=6 smoothness=good cycleway:both=lane", "estimated_crossing_class=6", "2182", "218103"],
          ["9731823", "47481913", "411", "136", "1350", "0", "0", "0", "0", "highway=primary surface=asphalt estimated_traffic_class=6 smoothness=good cycleway:both=lane", "estimated_crossing_class=6", "2201", "220039"],
          ["9731819", "47481683", "411", "26", "1350", "0", "0", "0", "0", "highway=primary surface=asphalt estimated_traffic_class=6 smoothness=good cycleway:both=lane", "estimated_crossing_class=6", "2205", "220445"],
          ["9731813", "47481388", "411", "33", "1350", "0", "0", "0", "0", "highway=primary surface=asphalt estimated_traffic_class=6 smoothness=good cycleway:both=lane", "estimated_crossing_class=6", "2211", "221001"],
          ["9731805", "47481157", "411", "26", "1350", "0", "0", "0", "0", "highway=primary surface=asphalt estimated_traffic_class=6 smoothness=good cycleway:both=lane", "estimated_crossing_class=6", "2216", "221466"],
          ["9731803", "47481006", "411", "17", "1350", "0", "0", "0", "0", "highway=primary surface=asphalt estimated_traffic_class=6 smoothness=good cycleway:both=lane", "estimated_crossing_class=6", "2219", "221766"],
          ["9731801", "47480871", "411", "15", "1350", "0", "0", "0", "0", "highway=primary surface=asphalt estimated_traffic_class=6 smoothness=good cycleway:both=lane", "", "2221", "222029"],
          ["9731798", "47480660", "411", "23", "1350", "0", "0", "0", "0", "highway=primary surface=asphalt estimated_traffic_class=6 cycleway:both=lane", "estimated_crossing_class=0", "2226", "222455"],
          ["9731797", "47480603", "411", "6", "1350", "0", "0", "0", "0", "highway=primary surface=asphalt estimated_traffic_class=6 cycleway:both=lane", "highway=crossing estimated_crossing_class=0 crossing=marked", "2227", "222565"],
          ["9731795", "47480476", "412", "14", "1350", "0", "0", "0", "0", "highway=primary surface=asphalt estimated_traffic_class=6 cycleway:both=lane", "estimated_crossing_class=0", "2229", "222835"],
          ["9731795", "47480430", "412", "5", "1350", "0", "0", "0", "0", "highway=primary surface=asphalt estimated_traffic_class=6 cycleway:both=lane", "estimated_crossing_class=0", "2230", "222931"],
          ["9731795", "47480250", "412", "20", "1350", "0", "0", "0", "0", "highway=primary surface=asphalt estimated_traffic_class=6 cycleway:both=lane", "estimated_crossing_class=6", "2234", "223307"],
          ["9731795", "47479855", "412", "44", "1350", "0", "0", "0", "0", "highway=primary surface=asphalt estimated_traffic_class=6 cycleway:both=lane", "estimated_crossing_class=6", "2242", "224109"],
          ["9731801", "47479507", "412", "39", "1350", "0", "0", "0", "0", "highway=primary surface=asphalt estimated_traffic_class=6 cycleway:both=lane", "estimated_crossing_class=6", "2249", "224801"],
          ["9731804", "47479314", "412", "21", "1350", "0", "0", "0", "0", "highway=primary surface=asphalt estimated_traffic_class=6 cycleway:both=lane", "estimated_crossing_class=6", "2253", "225168"],
          ["9731804", "47479295", "412", "2", "1350", "0", "0", "0", "0", "highway=primary surface=asphalt estimated_traffic_class=6 cycleway:both=lane", "estimated_crossing_class=6", "2253", "225202"],
          ["9731804", "47479251", "412", "5", "1350", "0", "0", "0", "0", "highway=primary surface=asphalt estimated_traffic_class=6 cycleway:both=lane", "estimated_crossing_class=6", "2254", "225289"],
          ["9731804", "47479236", "412", "2", "1350", "0", "0", "0", "0", "highway=primary surface=asphalt estimated_traffic_class=6 cycleway:both=lane", "estimated_crossing_class=6", "2254", "225324"],
          ["9731806", "47479047", "412", "21", "1350", "0", "0", "0", "0", "highway=primary surface=asphalt estimated_traffic_class=6 cycleway:both=lane", "highway=crossing estimated_crossing_class=0 crossing=marked", "2258", "225711"],
          ["9731806", "47478949", "412", "11", "1350", "0", "0", "0", "0", "highway=primary surface=asphalt estimated_traffic_class=6 cycleway:both=lane", "estimated_crossing_class=0", "2260", "225939"],
          ["9731732", "47478045", "412", "100", "1350", "0", "0", "0", "0", "highway=primary surface=asphalt estimated_traffic_class=6 cycleway:both=lane", "estimated_crossing_class=6", "2280", "227897"],
          ["9731693", "47477885", "412", "18", "1350", "0", "0", "0", "0", "highway=primary surface=asphalt estimated_traffic_class=6 cycleway:both=lane", "estimated_crossing_class=6", "2283", "228213"],
          ["9731599", "47477603", "413", "32", "1350", "0", "0", "0", "0", "highway=primary surface=asphalt estimated_traffic_class=6 cycleway:both=lane", "estimated_crossing_class=6", "2289", "228803"],
          ["9731590", "47477577", "413", "3", "1350", "0", "0", "0", "0", "highway=primary surface=asphalt estimated_traffic_class=6 cycleway:both=lane", "estimated_crossing_class=6", "2290", "228857"],
          ["9731433", "47477130", "412", "51", "1350", "0", "0", "20", "0", "highway=primary surface=asphalt estimated_traffic_class=6 cycleway:both=lane", "highway=traffic_signals crossing=no traffic_signals:direction=forward", "2298", "229675"],
          ["9731417", "47477087", "412", "5", "1350", "0", "0", "20", "0", "highway=primary surface=asphalt estimated_traffic_class=6 cycleway:both=lane", "highway=crossing estimated_crossing_class=0 crossing=traffic_signals", "2299", "229756"],
          ["9731379", "47476968", "412", "14", "1350", "0", "0", "0", "0", "highway=primary surface=asphalt estimated_traffic_class=6 cycleway:both=lane", "estimated_crossing_class=0", "2301", "229959"],
          ["9731354", "47476891", "412", "8", "1350", "0", "0", "0", "0", "highway=primary surface=asphalt estimated_traffic_class=6 cycleway:both=lane", "estimated_crossing_class=0", "2302", "230076"],
          ["9731327", "47476815", "412", "9", "1350", "0", "0", "20", "0", "highway=primary surface=asphalt estimated_traffic_class=6 cycleway:both=lane", "highway=crossing estimated_crossing_class=0 crossing=traffic_signals", "2303", "230209"],
          ["9731288", "47476703", "411", "13", "1350", "0", "0", "0", "0", "highway=primary surface=asphalt estimated_traffic_class=6 cycleway:both=lane", "estimated_crossing_class=0", "2305", "230394"],
          ["9731179", "47476394", "412", "35", "1350", "0", "0", "20", "0", "highway=primary surface=asphalt estimated_traffic_class=6 cycleway:both=lane", "highway=traffic_signals estimated_crossing_class=0 crossing=no traffic_signals:direction=backward", "2310", "230935"],
          ["9731115", "47476215", "412", "20", "1350", "0", "0", "0", "0", "highway=primary surface=asphalt estimated_traffic_class=6 cycleway:both=lane", "estimated_crossing_class=5", "2314", "231250"],
          ["9731026", "47475960", "412", "29", "1350", "0", "0", "0", "0", "highway=primary surface=asphalt estimated_traffic_class=6 cycleway:both=lane", "estimated_crossing_class=5", "2318", "231714"],
          ["9731013", "47475922", "411", "4", "1350", "0", "0", "0", "0", "highway=primary surface=asphalt estimated_traffic_class=6 cycleway:both=lane", "estimated_crossing_class=5", "2319", "231774"],
          ["9730943", "47475713", "412", "24", "1350", "0", "0", "0", "0", "highway=primary surface=asphalt estimated_traffic_class=6 cycleway:both=lane", "estimated_crossing_class=5", "2323", "232164"],
          ["9730859", "47475334", "412", "43", "1350", "0", "0", "0", "0", "highway=primary surface=asphalt estimated_traffic_class=6 cycleway:both=lane", "estimated_crossing_class=6", "2330", "232868"],
          ["9730856", "47475287", "412", "5", "1350", "0", "0", "0", "0", "highway=primary surface=asphalt estimated_traffic_class=6 cycleway:both=lane", "estimated_crossing_class=6", "2331", "232951"],
          ["9730854", "47475153", "411", "15", "1350", "0", "0", "0", "0", "highway=primary surface=asphalt estimated_traffic_class=6 cycleway:both=lane", "estimated_crossing_class=5", "2333", "233184"],
          ["9730894", "47474777", "411", "42", "1350", "0", "0", "0", "0", "highway=primary surface=asphalt estimated_traffic_class=6 cycleway:both=lane", "estimated_crossing_class=6", "2340", "233848"],
          ["9730902", "47474733", "411", "5", "1350", "0", "0", "0", "0", "highway=primary surface=asphalt estimated_traffic_class=6 cycleway:both=lane", "estimated_crossing_class=6", "2340", "233928"],
          ["9730912", "47474676", "411", "6", "1350", "0", "0", "0", "0", "highway=primary surface=asphalt estimated_traffic_class=6 cycleway:both=lane", "estimated_crossing_class=6", "2341", "234019"],
          ["9730916", "47474478", "411", "22", "1350", "0", "0", "0", "0", "highway=primary surface=asphalt estimated_traffic_class=6 cycleway:both=lane", "highway=crossing estimated_crossing_class=0 crossing=uncontrolled", "2344", "234337"],
          ["9730876", "47474281", "411", "22", "1350", "0", "0", "0", "0", "highway=primary surface=asphalt estimated_traffic_class=6 cycleway:both=lane", "estimated_crossing_class=5", "2347", "234647"],
          ["9730814", "47474122", "411", "18", "1350", "0", "0", "0", "0", "highway=primary surface=asphalt estimated_traffic_class=6 cycleway:both=lane", "estimated_crossing_class=5", "2350", "234908"],
          ["9730413", "47473669", "411", "58", "1350", "0", "1", "0", "0", "highway=primary surface=asphalt estimated_traffic_class=6 cycleway:both=lane", "estimated_crossing_class=5", "2359", "235808"],
          ["9729675", "47473180", "411", "78", "1350", "0", "0", "20", "0", "highway=primary surface=asphalt estimated_traffic_class=6 cycleway:both=lane", "highway=crossing estimated_crossing_class=0 crossing=traffic_signals", "2371", "237039"],
          ["9729540", "47473059", "411", "17", "1350", "0", "0", "20", "0", "highway=primary surface=asphalt estimated_traffic_class=6 cycleway:both=lane", "highway=traffic_signals estimated_crossing_class=0 crossing=no", "2374", "237314"],
          ["9729441", "47472968", "410", "13", "1350", "0", "0", "20", "0", "highway=primary surface=asphalt estimated_traffic_class=6 cycleway:both=lane route_bicycle_rcn=yes", "nodeaccessgranted=yes highway=crossing estimated_crossing_class=0 crossing=traffic_signals kerb=lowered", "2376", "237513"],
          ["9729351", "47472855", "410", "14", "1350", "0", "1", "0", "0", "highway=primary surface=asphalt estimated_traffic_class=6 cycleway:both=lane route_bicycle_rcn=yes", "nodeaccessgranted=yes estimated_crossing_class=5", "2378", "237717"],
          ["9729268", "47472733", "410", "15", "1350", "0", "0", "0", "0", "highway=primary surface=asphalt estimated_traffic_class=6 cycleway:both=lane route_bicycle_rcn=yes", "nodeaccessgranted=yes estimated_crossing_class=5", "2380", "237928"],
          ["9729192", "47472604", "410", "15", "1350", "0", "0", "0", "0", "highway=primary surface=asphalt estimated_traffic_class=6 cycleway:both=lane route_bicycle_rcn=yes", "", "2382", "238132"],
          ["9729082", "47472331", "410", "31", "1350", "0", "0", "0", "0", "highway=primary surface=asphalt estimated_traffic_class=6 smoothness=good cycleway:both=lane route_bicycle_rcn=yes", "nodeaccessgranted=yes estimated_crossing_class=6", "2387", "238571"],
          ["9728927", "47471826", "409", "57", "1350", "0", "0", "0", "0", "highway=primary surface=asphalt estimated_traffic_class=6 smoothness=good cycleway:both=lane route_bicycle_rcn=yes", "nodeaccessgranted=yes estimated_crossing_class=6", "2395", "239368"],
          ["9728905", "47471738", "409", "10", "1350", "0", "0", "0", "0", "highway=primary surface=asphalt estimated_traffic_class=6 smoothness=good cycleway:both=lane route_bicycle_rcn=yes", "nodeaccessgranted=yes estimated_crossing_class=6", "2396", "239503"],
          ["9728763", "47470990", "409", "84", "1350", "0", "0", "0", "0", "highway=primary surface=asphalt estimated_traffic_class=6 smoothness=good cycleway:both=lane route_bicycle_rcn=yes", "nodeaccessgranted=yes estimated_crossing_class=6", "2409", "240823"],
          ["9728754", "47470933", "409", "6", "1350", "0", "0", "0", "0", "highway=primary surface=asphalt estimated_traffic_class=6 smoothness=good cycleway:both=lane route_bicycle_rcn=yes", "nodeaccessgranted=yes estimated_crossing_class=0", "2410", "240915"],
          ["9728727", "47470761", "409", "19", "1350", "0", "0", "0", "0", "highway=primary surface=asphalt estimated_traffic_class=6 smoothness=good cycleway:both=lane route_bicycle_rcn=yes", "nodeaccessgranted=yes highway=crossing estimated_crossing_class=0 crossing=zebra kerb=lowered", "2413", "241210"],
          ["9728701", "47470566", "409", "22", "1350", "0", "0", "0", "0", "highway=primary surface=asphalt estimated_traffic_class=6 smoothness=good cycleway:both=lane route_bicycle_rcn=yes", "nodeaccessgranted=yes estimated_crossing_class=6", "2417", "241577"],
          ["9728679", "47470410", "410", "17", "1350", "0", "0", "0", "0", "highway=primary surface=asphalt estimated_traffic_class=6 smoothness=good cycleway:both=lane route_bicycle_rcn=yes", "nodeaccessgranted=yes estimated_crossing_class=6", "2420", "241880"],
          ["9728658", "47470247", "410", "18", "1350", "0", "0", "0", "0", "highway=primary surface=asphalt estimated_traffic_class=6 smoothness=good cycleway:both=lane route_bicycle_rcn=yes", "", "2423", "242197"],
          ["9728635", "47470067", "410", "20", "1350", "0", "0", "0", "0", "highway=primary surface=asphalt estimated_traffic_class=6 cycleway:both=lane route_bicycle_rcn=yes", "nodeaccessgranted=yes estimated_crossing_class=6", "2426", "242546"],
          ["9728620", "47469952", "410", "13", "1350", "0", "0", "0", "0", "highway=primary surface=asphalt estimated_traffic_class=6 cycleway:both=lane route_bicycle_rcn=yes", "nodeaccessgranted=yes estimated_crossing_class=6", "2429", "242772"],
          ["9728590", "47469683", "410", "30", "1350", "0", "0", "0", "0", "highway=primary surface=asphalt estimated_traffic_class=6 cycleway:both=lane route_bicycle_rcn=yes", "nodeaccessgranted=yes highway=crossing estimated_crossing_class=0 crossing=zebra", "2434", "243290"],
          ["9728572", "47469513", "410", "19", "1350", "0", "0", "0", "0", "highway=primary surface=asphalt estimated_traffic_class=6 cycleway:both=lane route_bicycle_rcn=yes", "nodeaccessgranted=yes estimated_crossing_class=6", "2437", "243600"],
          ["9728533", "47469153", "409", "40", "1350", "0", "0", "0", "0", "highway=primary surface=asphalt estimated_traffic_class=6 cycleway:both=lane route_bicycle_rcn=yes", "nodeaccessgranted=yes estimated_crossing_class=6", "2443", "244186"],
          ["9728495", "47468855", "409", "33", "1350", "0", "0", "0", "0", "highway=primary surface=asphalt estimated_traffic_class=6 cycleway:both=lane route_bicycle_rcn=yes", "nodeaccessgranted=yes estimated_crossing_class=6", "2448", "244664"],
          ["9728256", "47467968", "409", "103", "1300", "0", "72", "0", "0", "highway=cycleway surface=asphalt foot=designated bicycle=designated route_bicycle_rcn=yes", "nodeaccessgranted=yes highway=crossing crossing=uncontrolled bicycle=yes", "2464", "246261"],
          ["9728083", "47466403", "408", "175", "1300", "0", "0", "20", "0", "highway=cycleway surface=asphalt foot=designated bicycle=designated route_bicycle_rcn=yes", "nodeaccessgranted=yes highway=crossing crossing=traffic_signals bicycle=yes", "2490", "248871"],
          ["9728138", "47461037", "407", "603", "1300", "0", "19", "0", "0", "highway=cycleway surface=asphalt foot=designated bicycle=designated smoothness=excellent", "highway=crossing crossing=marked bicycle=yes", "2589", "258759"],
          ["9728838", "47459769", "406", "151", "1300", "0", "5", "0", "0", "highway=cycleway surface=asphalt foot=designated bicycle=designated smoothness=excellent", "", "2612", "261065"],
          ["9722434", "47456994", "404", "585", "1200", "0", "127", "0", "0", "highway=service surface=asphalt bicycle=yes vehicle=agricultural", "highway=give_way direction=forward", "2700", "269951"],
          ["9722446", "47456956", "404", "4", "1200", "0", "0", "0", "0", "highway=service surface=asphalt bicycle=yes vehicle=agricultural", "estimated_crossing_class=5", "2701", "270025"],
          ["9722205", "47456921", "404", "19", "1250", "0", "90", "0", "0", "reversedirection=yes highway=secondary surface=asphalt estimated_traffic_class=6 cycleway:both=lane", "", "2705", "270374"],
          ["9720854", "47456728", "403", "104", "1250", "0", "0", "0", "0", "highway=secondary surface=asphalt estimated_traffic_class=6 foot=yes bicycle=yes cycleway:both=lane", "estimated_crossing_class=5", "2720", "271933"],
          ["9720853", "47456677", "404", "6", "1300", "0", "70", "0", "0", "reversedirection=yes highway=cycleway surface=asphalt foot=yes smoothness=excellent route_bicycle_rcn=yes", "nodeaccessgranted=yes highway=give_way direction=forward", "2721", "272034"],
          ["9720821", "47455968", "404", "79", "1300", "0", "1", "0", "0", "reversedirection=yes highway=cycleway surface=asphalt foot=yes smoothness=excellent route_bicycle_rcn=yes", "", "2735", "273430"],
          ["9720787", "47455732", "403", "26", "1300", "0", "0", "0", "0", "reversedirection=yes highway=cycleway surface=asphalt tracktype=grade1 bicycle=yes smoothness=excellent route_bicycle_rcn=yes", "", "2739", "273809"],
          ["9721108", "47452885", "403", "318", "1300", "0", "0", "0", "0", "reversedirection=yes highway=cycleway surface=asphalt tracktype=grade1 foot=yes bicycle=yes smoothness=excellent oneway=no route_bicycle_rcn=yes", "", "2790", "278938"],
          ["9721121", "47452800", "403", "10", "1300", "0", "0", "0", "0", "reversedirection=yes highway=cycleway surface=asphalt foot=yes bicycle=yes smoothness=excellent route_bicycle_rcn=yes", "", "2792", "279087"],
          ["9720138", "47449225", "405", "441", "1300", "0", "14", "0", "0", "reversedirection=yes highway=cycleway surface=asphalt foot=designated bicycle=designated smoothness=excellent route_bicycle_rcn=yes", "", "2871", "287037"],
          ["9720097", "47449016", "405", "23", "1300", "0", "0", "0", "0", "reversedirection=yes highway=cycleway surface=asphalt tracktype=grade1 foot=designated bicycle=designated smoothness=good route_bicycle_rcn=yes", "", "2876", "287471"],
          ["9720050", "47447229", "404", "198", "1300", "0", "0", "0", "0", "reversedirection=yes highway=cycleway surface=asphalt foot=designated bicycle=designated smoothness=excellent oneway=no route_bicycle_rcn=yes", "", "2909", "290810"],
          ["9720071", "47447131", "404", "11", "1300", "0", "0", "0", "0", "reversedirection=yes highway=cycleway surface=asphalt foot=designated bicycle=designated smoothness=good oneway=no route_bicycle_rcn=yes", "", "2911", "290969"],
          ["9719803", "47445457", "405", "187", "1300", "0", "1", "0", "0", "reversedirection=yes highway=cycleway surface=asphalt foot=designated bicycle=designated smoothness=excellent oneway=no route_bicycle_rcn=yes", "", "2944", "294277"],
          ["9719774", "47445357", "405", "11", "1300", "0", "0", "0", "0", "reversedirection=yes highway=cycleway surface=asphalt tracktype=grade1 foot=designated bicycle=designated smoothness=excellent oneway=no route_bicycle_rcn=yes", "", "2946", "294467"],
          ["9720605", "47443714", "404", "203", "1300", "0", "30", "0", "0", "reversedirection=yes highway=cycleway surface=asphalt foot=designated bicycle=designated smoothness=excellent oneway=no route_bicycle_rcn=yes", "", "2978", "297744"],
          ["9720422", "47443404", "405", "51", "1300", "0", "31", "0", "0", "highway=cycleway surface=asphalt foot=designated bicycle=designated smoothness=good oneway=no route_bicycle_rcn=yes", "", "2989", "298840"],
          ["9720392", "47442251", "406", "133", "1300", "0", "5", "0", "0", "reversedirection=yes highway=cycleway surface=asphalt foot=designated bicycle=designated smoothness=excellent oneway=no route_bicycle_rcn=yes", "", "3016", "301455"],
          ["9722044", "47440573", "407", "227", "1200", "0", "16", "0", "0", "reversedirection=yes highway=service surface=asphalt foot=yes bicycle=yes smoothness=good route_bicycle_rcn=yes", "", "3057", "305623"],
          ["9719227", "47439082", "407", "289", "1300", "0", "26", "0", "0", "reversedirection=yes highway=cycleway surface=asphalt foot=yes bicycle=yes smoothness=excellent oneway=no route_bicycle_rcn=yes", "", "3114", "311277"],
          ["9719172", "47439117", "407", "6", "1100", "0", "85", "0", "0", "reversedirection=yes highway=unclassified surface=asphalt smoothness=good cycleway:both=no route_bicycle_rcn=yes", "", "3115", "311371"],
          ["9718647", "47439485", "407", "57", "1100", "0", "0", "0", "0", "reversedirection=yes highway=unclassified surface=asphalt foot=yes smoothness=good cycleway:both=no route_bicycle_rcn=yes", "", "3124", "312281"],
          ["9716826", "47429818", "412", "1344", "1100", "0", "182", "0", "0", "reversedirection=yes highway=unclassified surface=asphalt smoothness=good cycleway:both=no route_bicycle_rcn=yes", "nodeaccessgranted=yes estimated_crossing_class=4", "3368", "336735"],
          ["9712749", "47423769", "413", "797", "1100", "0", "69", "0", "0", "reversedirection=yes highway=unclassified surface=asphalt bicycle=yes smoothness=excellent cycleway:both=no route_bicycle_rcn=yes", "", "3513", "351190"],
          ["9709355", "47419424", "413", "597", "1100", "0", "103", "0", "0", "reversedirection=yes highway=unclassified surface=asphalt smoothness=excellent cycleway:both=no route_bicycle_rcn=yes", "", "3613", "361226"],
          ["9710190", "47418646", "414", "109", "1100", "0", "19", "0", "0", "reversedirection=yes highway=unclassified surface=asphalt smoothness=good cycleway:both=no route_bicycle_rcn=yes", "", "3632", "363121"],
          ["9712945", "47416014", "417", "395", "1200", "0", "37", "0", "0", "highway=track surface=asphalt tracktype=grade1", "", "3715", "371446"],
          ["9711713", "47415072", "417", "140", "1200", "0", "4", "0", "0", "highway=service surface=asphalt", "", "3740", "373944"],
          ["9711029", "47414756", "417", "62", "1200", "0", "3", "0", "0", "highway=residential surface=asphalt cycleway:both=no", "", "3751", "374967"],
          ["9710952", "47414725", "417", "7", "1200", "0", "3", "0", "0", "highway=residential surface=asphalt smoothness=good cycleway:both=no oneway=yes", "highway=give_way direction=forward", "3752", "375083"],
          ["9710879", "47414701", "417", "6", "1200", "0", "0", "0", "0", "highway=residential surface=asphalt smoothness=good cycleway:both=no oneway=yes", "", "3753", "375183"],
          ["9710744", "47414493", "417", "34", "1090", "0", "0", "0", "0", "highway=tertiary surface=asphalt estimated_traffic_class=5 smoothness=good junction=roundabout cycleway:right=no", "", "3758", "375749"],
          ["9710749", "47414375", "417", "13", "1090", "0", "18", "0", "0", "highway=tertiary surface=asphalt estimated_traffic_class=5 foot=yes smoothness=good oneway=yes cycleway:right=no", "highway=crossing crossing=unmarked", "3761", "375966"],
          ["9710751", "47414259", "417", "13", "1090", "0", "0", "0", "0", "highway=tertiary surface=asphalt estimated_traffic_class=5 foot=yes smoothness=good oneway=yes cycleway:right=no", "", "3763", "376183"],
          ["9710488", "47413736", "417", "63", "1090", "0", "3", "0", "0", "highway=tertiary surface=asphalt estimated_traffic_class=5 smoothness=good cycleway:both=no", "", "3773", "377256"],
          ["9710303", "47413599", "417", "21", "1000", "0", "3", "0", "0", "highway=tertiary_link surface=asphalt foot=yes smoothness=excellent oneway=yes cycleway:right=no", "highway=crossing crossing=uncontrolled bicycle=yes", "3777", "377612"],
          ["9710199", "47413511", "417", "13", "1000", "0", "0", "0", "0", "highway=tertiary_link surface=asphalt foot=yes smoothness=excellent oneway=yes cycleway:right=no", "highway=give_way direction=forward", "3779", "377841"],
          ["9710158", "47413476", "417", "5", "1000", "0", "0", "0", "0", "highway=tertiary_link surface=asphalt foot=yes smoothness=excellent oneway=yes cycleway:right=no", "", "3780", "377929"],
          ["9710017", "47413020", "417", "90", "1350", "0", "0", "0", "0", "highway=primary surface=asphalt estimated_traffic_class=6 smoothness=excellent junction=roundabout cycleway:right=no", "", "3795", "379389"],
          ["9710108", "47412906", "417", "14", "1100", "0", "33", "0", "0", "highway=unclassified surface=asphalt foot=yes smoothness=good oneway=yes cycleway:right=no", "", "3797", "379626"],
          ["9710115", "47412891", "417", "2", "1100", "0", "1", "0", "0", "highway=unclassified surface=asphalt foot=yes smoothness=excellent oneway=yes cycleway:right=no", "highway=crossing crossing=marked bicycle=yes", "3798", "379660"],
          ["9710176", "47412774", "417", "14", "1100", "0", "0", "0", "0", "highway=unclassified surface=asphalt foot=yes smoothness=excellent oneway=yes cycleway:right=no", "", "3800", "379929"],
          ["9709821", "47411828", "418", "109", "1100", "0", "15", "0", "0", "highway=unclassified surface=asphalt smoothness=good cycleway:both=no", "highway=crossing crossing=uncontrolled kerb=lowered", "3822", "382079"],
          ["9709736", "47411601", "418", "26", "1100", "0", "0", "0", "0", "highway=unclassified surface=asphalt smoothness=good cycleway:both=no", "", "3826", "382552"],
          ["9709679", "47411452", "418", "17", "1100", "0", "0", "0", "0", "highway=unclassified surface=asphalt foot=yes smoothness=good cycleway:both=no oneway=yes", "highway=give_way direction=forward", "3830", "382889"],
          ["9709670", "47411405", "418", "5", "1100", "0", "0", "0", "0", "highway=unclassified surface=asphalt foot=yes smoothness=good cycleway:both=no oneway=yes", "", "3831", "382996"],
          ["9709603", "47411266", "418", "18", "1100", "0", "0", "0", "0", "highway=unclassified surface=asphalt smoothness=good cycleway:both=no junction=roundabout", "", "3834", "383349"],
          ["9709544", "47411071", "418", "22", "1100", "0", "21", "0", "0", "highway=unclassified surface=asphalt foot=yes smoothness=good cycleway:both=no oneway=yes", "", "3838", "383743"],
          ["9708443", "47408151", "419", "333", "1100", "0", "1", "0", "0", "highway=unclassified surface=asphalt smoothness=good cycleway:both=no", "estimated_crossing_class=5", "3898", "389743"],
          ["9708150", "47407902", "418", "36", "1250", "0", "5", "0", "0", "reversedirection=yes highway=secondary surface=asphalt estimated_traffic_class=6 smoothness=good cycleway:both=no", "estimated_crossing_class=5", "3904", "390321"],
          ["9706513", "47408083", "417", "129", "1250", "0", "7", "0", "0", "reversedirection=yes highway=secondary surface=asphalt estimated_traffic_class=6 smoothness=excellent cycleway:both=no", "estimated_crossing_class=5", "3923", "392195"],
          ["9706050", "47408064", "417", "35", "1250", "0", "3", "0", "0", "reversedirection=yes highway=secondary surface=asphalt estimated_traffic_class=6 smoothness=excellent cycleway:both=no", "estimated_crossing_class=5", "3928", "392665"],
          ["9705546", "47408028", "417", "38", "1250", "0", "1", "0", "0", "reversedirection=yes highway=secondary surface=asphalt estimated_traffic_class=6 smoothness=excellent cycleway:both=no", "estimated_crossing_class=5", "3933", "393210"],
          ["9702072", "47405051", "413", "440", "1250", "0", "5", "0", "0", "reversedirection=yes highway=secondary surface=asphalt estimated_traffic_class=6 smoothness=excellent cycleway:both=no", "", "3994", "399321"],
          ["9701928", "47404909", "413", "19", "1190", "0", "0", "0", "0", "reversedirection=yes highway=secondary surface=asphalt estimated_traffic_class=5 foot=yes smoothness=excellent cycleway:both=no", "", "3997", "399565"],
          ["9701504", "47404498", "413", "56", "1190", "0", "0", "0", "0", "reversedirection=yes highway=secondary surface=asphalt estimated_traffic_class=5 smoothness=excellent cycleway:both=no", "", "4005", "400402"],
          ["9701393", "47404392", "413", "14", "1190", "0", "0", "0", "0", "reversedirection=yes highway=secondary surface=asphalt estimated_traffic_class=5 foot=yes smoothness=excellent cycleway:both=no", "", "4007", "400600"],
          ["9696787", "47399805", "411", "634", "1190", "0", "5", "0", "0", "reversedirection=yes highway=secondary surface=asphalt estimated_traffic_class=5 smoothness=excellent cycleway:both=no", "estimated_crossing_class=5", "4104", "410272"],
          ["9696917", "47399518", "411", "33", "1190", "0", "1", "0", "0", "reversedirection=yes highway=secondary surface=asphalt estimated_traffic_class=5 smoothness=excellent cycleway:both=no", "", "4109", "410800"],
          ["9696865", "47399421", "410", "11", "1190", "0", "13", "20", "0", "highway=secondary surface=asphalt estimated_traffic_class=5 smoothness=excellent cycleway:both=no oneway=yes", "highway=traffic_signals traffic_signals:direction=forward traffic_signals=signal", "4111", "410967"],
          ["9696823", "47399282", "411", "16", "1190", "0", "1", "0", "0", "highway=secondary surface=asphalt estimated_traffic_class=5 smoothness=excellent cycleway:both=no oneway=yes", "", "4113", "411228"],
          ["9697229", "47399230", "411", "32", "1190", "0", "90", "20", "0", "highway=secondary surface=asphalt estimated_traffic_class=5 smoothness=excellent cycleway:both=no", "highway=crossing estimated_crossing_class=0 crossing=traffic_signals bicycle=yes", "4118", "411754"],
          ["9697198", "47399143", "411", "10", "1300", "0", "95", "0", "0", "highway=cycleway surface=asphalt tracktype=grade1 foot=designated bicycle=designated smoothness=excellent vehicle=no", "", "4120", "411919"],
          ["9693045", "47398078", "410", "390", "1300", "0", "97", "0", "0", "highway=cycleway surface=asphalt foot=designated bicycle=designated smoothness=excellent vehicle=no oneway=no", "", "4181", "418062"],
          ["9685620", "47393723", "406", "745", "1300", "0", "42", "0", "0", "highway=cycleway surface=asphalt foot=designated bicycle=designated smoothness=excellent oneway=no", "", "4300", "429952"],
          ["9685615", "47392533", "408", "133", "1200", "0", "37", "0", "0", "reversedirection=yes highway=track surface=asphalt tracktype=grade1 smoothness=excellent", "", "4323", "432218"],
          ["9685453", "47391976", "407", "63", "1200", "0", "1", "0", "0", "reversedirection=yes highway=track surface=asphalt tracktype=grade1 smoothness=good", "", "4332", "433152"],
          ["9685035", "47390581", "407", "158", "1200", "0", "0", "0", "0", "reversedirection=yes highway=track surface=asphalt tracktype=grade1 smoothness=excellent", "", "4358", "435701"],
          ["9684523", "47389504", "408", "126", "3000", "0", "1", "0", "0", "reversedirection=yes highway=track surface=asphalt tracktype=grade2 smoothness=bad", "", "4381", "437973"],
          ["9684318", "47389354", "408", "23", "1200", "0", "5", "0", "0", "reversedirection=yes highway=track surface=asphalt tracktype=grade1 smoothness=good", "estimated_crossing_class=5", "4384", "438363"],
          ["9684219", "47388144", "408", "135", "1290", "0", "32", "0", "0", "reversedirection=yes highway=primary surface=asphalt estimated_traffic_class=5 smoothness=excellent cycleway:both=lane", "estimated_crossing_class=5", "4407", "440630"],
          ["9683667", "47387194", "408", "114", "1290", "0", "0", "0", "0", "reversedirection=yes highway=primary surface=asphalt estimated_traffic_class=5 smoothness=excellent cycleway:both=lane", "estimated_crossing_class=5", "4427", "442651"],
          ["9682616", "47385468", "408", "207", "1290", "0", "0", "0", "0", "reversedirection=yes highway=primary surface=asphalt estimated_traffic_class=5 smoothness=excellent cycleway:both=lane", "estimated_crossing_class=5", "4463", "446200"],
          ["9681031", "47382057", "407", "398", "1290", "0", "0", "0", "0", "reversedirection=yes highway=primary surface=asphalt estimated_traffic_class=5 smoothness=excellent cycleway:both=lane", "estimated_crossing_class=5", "4526", "452557"],
          ["9681005", "47381999", "407", "7", "1290", "0", "0", "0", "0", "reversedirection=yes highway=primary surface=asphalt estimated_traffic_class=5 smoothness=excellent cycleway:both=lane", "", "4528", "452674"],
          ["9680956", "47381889", "408", "13", "1290", "0", "0", "0", "0", "reversedirection=yes highway=primary surface=asphalt estimated_traffic_class=5 smoothness=good cycleway:both=lane", "estimated_crossing_class=6", "4530", "452906"],
          ["9679631", "47378986", "407", "338", "1350", "0", "0", "0", "0", "reversedirection=yes highway=primary surface=asphalt estimated_traffic_class=6 smoothness=excellent cycleway:both=lane", "estimated_crossing_class=6", "4587", "458566"],
          ["9679607", "47378932", "407", "6", "1350", "0", "0", "0", "0", "reversedirection=yes highway=primary surface=asphalt estimated_traffic_class=6 smoothness=excellent cycleway:both=lane", "estimated_crossing_class=6", "4588", "458667"],
          ["9679555", "47378819", "408", "13", "1350", "0", "0", "0", "0", "reversedirection=yes highway=primary surface=asphalt estimated_traffic_class=6 smoothness=excellent cycleway:both=lane", "estimated_crossing_class=6", "4590", "458899"],
          ["9679318", "47378299", "408", "61", "1350", "0", "0", "0", "0", "reversedirection=yes highway=primary surface=asphalt estimated_traffic_class=6 smoothness=excellent cycleway:both=lane", "estimated_crossing_class=6", "4601", "459971"],
          ["9678792", "47377139", "408", "135", "1350", "0", "0", "0", "0", "reversedirection=yes highway=primary surface=asphalt estimated_traffic_class=6 smoothness=excellent cycleway:both=lane", "estimated_crossing_class=6", "4625", "462368"],
          ["9678769", "47377087", "408", "6", "1350", "0", "0", "0", "0", "reversedirection=yes highway=primary surface=asphalt estimated_traffic_class=6 smoothness=excellent cycleway:both=lane", "estimated_crossing_class=6", "4626", "462464"],
          ["9678746", "47377036", "407", "6", "1350", "0", "0", "0", "0", "reversedirection=yes highway=primary surface=asphalt estimated_traffic_class=6 smoothness=excellent cycleway:both=lane", "", "4626", "462556"],
          ["9678628", "47376771", "408", "30", "1350", "0", "0", "0", "0", "reversedirection=yes highway=primary surface=asphalt estimated_traffic_class=6 smoothness=good cycleway:right=no cycleway:left=lane", "estimated_crossing_class=0", "4631", "463039"],
          ["9678578", "47376659", "408", "13", "1350", "0", "0", "0", "0", "reversedirection=yes highway=primary surface=asphalt estimated_traffic_class=6 smoothness=good cycleway:right=no cycleway:left=lane", "highway=crossing estimated_crossing_class=0 crossing=marked bicycle=yes", "4634", "463300"],
          ["9678525", "47376548", "408", "13", "1350", "0", "0", "0", "0", "reversedirection=yes highway=primary surface=asphalt estimated_traffic_class=6 smoothness=good cycleway:right=no cycleway:left=lane", "estimated_crossing_class=0", "4636", "463555"],
          ["9677846", "47375061", "409", "173", "1350", "0", "0", "0", "0", "reversedirection=yes highway=primary surface=asphalt estimated_traffic_class=6 smoothness=good cycleway:both=separate", "estimated_crossing_class=6", "4670", "466938"],
          ["9677727", "47374869", "410", "24", "1350", "0", "7", "0", "0", "highway=primary surface=asphalt estimated_traffic_class=6 smoothness=excellent oneway=yes cycleway:right=unknown", "highway=crossing estimated_crossing_class=0 crossing=zebra bicycle=yes", "4675", "467464"],
          ["9677705", "47374818", "410", "6", "1350", "0", "0", "0", "0", "highway=primary surface=asphalt estimated_traffic_class=6 smoothness=excellent oneway=yes cycleway:right=unknown", "", "4677", "467604"],
          ["9677517", "47374441", "411", "45", "1350", "0", "4", "0", "0", "highway=primary surface=asphalt estimated_traffic_class=6 smoothness=excellent oneway=yes cycleway:right=no", "highway=give_way direction=forward", "4688", "468695"],
          ["9677499", "47374415", "411", "3", "1350", "0", "0", "0", "0", "highway=primary surface=asphalt estimated_traffic_class=6 smoothness=excellent oneway=yes cycleway:right=no", "", "4688", "468762"],
          ["9677325", "47374146", "411", "41", "1350", "0", "0", "0", "0", "highway=primary surface=asphalt estimated_traffic_class=6 smoothness=excellent junction=roundabout cycleway:right=no", "", "4697", "469640"],
          ["9677198", "47373935", "410", "25", "1350", "0", "41", "0", "0", "highway=primary surface=asphalt estimated_traffic_class=6 foot=yes smoothness=excellent oneway=yes cycleway:right=no", "", "4702", "470117"],
          ["9677058", "47373738", "410", "24", "1350", "0", "0", "0", "0", "highway=primary surface=asphalt estimated_traffic_class=6 smoothness=good oneway=yes cycleway:right=unknown", "highway=crossing estimated_crossing_class=0 crossing=uncontrolled bicycle=yes", "4706", "470524"],
          ["9676982", "47373638", "410", "13", "1350", "0", "0", "0", "0", "highway=primary surface=asphalt estimated_traffic_class=6 smoothness=good oneway=yes cycleway:right=unknown", "", "4708", "470759"],
          ["9676951", "47373545", "410", "11", "1350", "0", "3", "0", "0", "highway=primary surface=asphalt estimated_traffic_class=6 smoothness=good oneway=yes cycleway:right=no", "", "4710", "470955"],
          ["9676904", "47373487", "410", "7", "1350", "0", "3", "0", "0", "reversedirection=yes highway=primary surface=asphalt estimated_traffic_class=6 smoothness=good cycleway:both=lane", "highway=crossing estimated_crossing_class=0 crossing=unmarked kerb=flush", "4711", "471065"],
          ["9676810", "47373373", "410", "15", "1350", "0", "0", "0", "0", "reversedirection=yes highway=primary surface=asphalt estimated_traffic_class=6 smoothness=excellent cycleway:both=lane", "highway=crossing estimated_crossing_class=0 crossing=marked", "4714", "471288"],
          ["9676479", "47372998", "410", "48", "1350", "0", "0", "0", "0", "reversedirection=yes highway=primary surface=asphalt estimated_traffic_class=6 smoothness=excellent cycleway:both=lane", "estimated_crossing_class=6", "4721", "472017"],
          ["9676396", "47372907", "410", "12", "1350", "0", "0", "0", "0", "reversedirection=yes highway=primary surface=asphalt estimated_traffic_class=6 smoothness=good cycleway:both=lane", "estimated_crossing_class=6", "4723", "472206"],
          ["9676229", "47372722", "410", "24", "1350", "0", "0", "0", "0", "reversedirection=yes highway=primary surface=asphalt estimated_traffic_class=6 smoothness=good cycleway:both=lane", "estimated_crossing_class=6", "4727", "472588"],
          ["9676057", "47372543", "410", "24", "1350", "0", "0", "0", "0", "reversedirection=yes highway=primary surface=asphalt estimated_traffic_class=6 smoothness=good cycleway:both=lane", "estimated_crossing_class=6", "4731", "472975"],
          ["9676011", "47372494", "410", "6", "1350", "0", "0", "0", "0", "reversedirection=yes highway=primary surface=asphalt estimated_traffic_class=6 smoothness=good cycleway:both=lane", "estimated_crossing_class=6", "4732", "473072"],
          ["9675841", "47372304", "410", "25", "1350", "0", "0", "0", "0", "reversedirection=yes highway=primary surface=asphalt estimated_traffic_class=6 smoothness=good cycleway:both=lane", "estimated_crossing_class=6", "4736", "473480"],
          ["9675776", "47372235", "410", "9", "1350", "0", "0", "0", "0", "reversedirection=yes highway=primary surface=asphalt estimated_traffic_class=6 smoothness=good cycleway:both=lane", "estimated_crossing_class=6", "4737", "473627"],
          ["9675334", "47371747", "409", "64", "1350", "0", "0", "0", "0", "reversedirection=yes highway=primary surface=asphalt estimated_traffic_class=6 smoothness=good cycleway:both=lane", "estimated_crossing_class=6", "4746", "474543"],
          ["9675041", "47371423", "409", "42", "1350", "0", "0", "0", "0", "reversedirection=yes highway=primary surface=asphalt estimated_traffic_class=6 smoothness=good cycleway:both=lane", "estimated_crossing_class=6", "4752", "475153"],
          ["9674725", "47371074", "408", "46", "1350", "0", "0", "0", "0", "reversedirection=yes highway=primary surface=asphalt estimated_traffic_class=6 smoothness=good cycleway:both=lane", "estimated_crossing_class=0", "4759", "475821"],
          ["9674640", "47370980", "409", "12", "1350", "0", "0", "0", "0", "reversedirection=yes highway=primary surface=asphalt estimated_traffic_class=6 smoothness=good cycleway:both=lane", "highway=crossing crossing=zebra", "4761", "476013"],
          ["9674555", "47370886", "409", "12", "1350", "0", "0", "0", "0", "reversedirection=yes highway=primary surface=asphalt estimated_traffic_class=6 smoothness=good cycleway:both=lane", "estimated_crossing_class=0", "4763", "476206"],
          ["9674510", "47370836", "409", "7", "1350", "0", "0", "0", "0", "reversedirection=yes highway=primary surface=asphalt estimated_traffic_class=6 smoothness=good cycleway:both=lane", "estimated_crossing_class=0", "4764", "476319"],
          ["9674195", "47370489", "408", "45", "1350", "0", "0", "0", "0", "reversedirection=yes highway=primary surface=asphalt estimated_traffic_class=6 smoothness=good cycleway:both=lane", "estimated_crossing_class=6", "4770", "476948"],
          ["9674019", "47370297", "408", "25", "1350", "0", "0", "0", "0", "reversedirection=yes highway=primary surface=asphalt estimated_traffic_class=6 smoothness=good cycleway:both=lane", "estimated_crossing_class=6", "4774", "477317"],
          ["9673618", "47369855", "409", "58", "1350", "0", "0", "0", "0", "reversedirection=yes highway=primary surface=asphalt estimated_traffic_class=6 smoothness=good cycleway:both=lane", "estimated_crossing_class=6", "4784", "478355"],
          ["9673516", "47369743", "408", "15", "1350", "0", "0", "0", "0", "reversedirection=yes highway=primary surface=asphalt estimated_traffic_class=6 smoothness=good cycleway:both=lane", "estimated_crossing_class=0", "4787", "478602"],
          ["9673414", "47369631", "409", "15", "1350", "0", "0", "0", "0", "reversedirection=yes highway=primary surface=asphalt estimated_traffic_class=6 smoothness=good cycleway:both=lane", "highway=crossing crossing=zebra kerb=lowered", "4789", "478866"],
          ["9673333", "47369542", "409", "12", "1350", "0", "0", "0", "0", "reversedirection=yes highway=primary surface=asphalt estimated_traffic_class=6 smoothness=good cycleway:both=lane", "estimated_crossing_class=0", "4792", "479076"],
          ["9673112", "47369296", "409", "32", "1350", "0", "0", "0", "0", "reversedirection=yes highway=primary surface=asphalt estimated_traffic_class=6 smoothness=good cycleway:both=lane", "estimated_crossing_class=6", "4797", "479631"],
          ["9672752", "47368902", "408", "52", "1350", "0", "0", "0", "0", "reversedirection=yes highway=primary surface=asphalt estimated_traffic_class=6 smoothness=good cycleway:both=lane", "estimated_crossing_class=0", "4806", "480478"],
          ["9672699", "47368844", "409", "8", "1350", "0", "0", "0", "0", "reversedirection=yes highway=primary surface=asphalt estimated_traffic_class=6 smoothness=good cycleway:both=lane", "highway=crossing crossing=marked kerb=lowered", "4807", "480618"],
          ["9672666", "47368809", "409", "5", "1350", "0", "0", "0", "0", "reversedirection=yes highway=primary surface=asphalt estimated_traffic_class=6 smoothness=good cycleway:both=lane", "estimated_crossing_class=0", "4808", "480712"],
          ["9672399", "47368518", "409", "38", "1350", "0", "0", "0", "0", "reversedirection=yes highway=primary surface=asphalt estimated_traffic_class=6 smoothness=good cycleway:both=lane", "estimated_crossing_class=6", "4816", "481494"],
          ["9672210", "47368313", "410", "27", "1350", "0", "0", "0", "0", "reversedirection=yes highway=primary surface=asphalt estimated_traffic_class=6 smoothness=good cycleway:both=lane", "estimated_crossing_class=6", "4821", "482053"],
          ["9672190", "47368292", "410", "3", "1350", "0", "0", "0", "0", "reversedirection=yes highway=primary surface=asphalt estimated_traffic_class=6 smoothness=good cycleway:both=lane", "estimated_crossing_class=6", "4822", "482113"],
          ["9672151", "47368250", "410", "6", "1350", "0", "0", "0", "0", "reversedirection=yes highway=primary surface=asphalt estimated_traffic_class=6 smoothness=good cycleway:both=lane", "estimated_crossing_class=6", "4823", "482233"],
          ["9672053", "47368140", "409", "14", "1350", "0", "0", "0", "0", "reversedirection=yes highway=primary surface=asphalt estimated_traffic_class=6 smoothness=good cycleway:both=lane", "estimated_crossing_class=6", "4826", "482489"],
          ["9671945", "47368013", "410", "16", "1350", "0", "0", "0", "0", "reversedirection=yes highway=primary surface=asphalt estimated_traffic_class=6 smoothness=good cycleway:both=lane", "estimated_crossing_class=6", "4829", "482799"],
          ["9671902", "47367961", "410", "7", "1350", "0", "0", "0", "0", "reversedirection=yes highway=primary surface=asphalt estimated_traffic_class=6 smoothness=good cycleway:both=lane", "estimated_crossing_class=6", "4830", "482941"],
          ["9671750", "47367766", "410", "25", "1350", "0", "0", "0", "0", "reversedirection=yes highway=primary surface=asphalt estimated_traffic_class=6 smoothness=good cycleway:both=lane", "estimated_crossing_class=0", "4835", "483436"],
          ["9671656", "47367636", "410", "16", "1290", "0", "0", "0", "0", "reversedirection=yes highway=primary surface=asphalt estimated_traffic_class=5 smoothness=excellent cycleway:both=lane route_bicycle_rcn=yes", "nodeaccessgranted=yes highway=crossing crossing=marked kerb=lowered", "4838", "483724"],
          ["9671565", "47367494", "410", "17", "1290", "0", "0", "0", "0", "reversedirection=yes highway=primary surface=asphalt estimated_traffic_class=5 smoothness=excellent cycleway:both=lane route_bicycle_rcn=yes", "nodeaccessgranted=yes estimated_crossing_class=0", "4841", "484047"],
          ["9671507", "47367376", "410", "14", "1290", "0", "0", "0", "0", "reversedirection=yes highway=primary surface=asphalt estimated_traffic_class=5 smoothness=excellent cycleway:both=lane route_bicycle_rcn=yes", "nodeaccessgranted=yes estimated_crossing_class=0", "4844", "484345"],
          ["9671500", "47367353", "410", "3", "1290", "0", "0", "0", "0", "reversedirection=yes highway=primary surface=asphalt estimated_traffic_class=5 smoothness=excellent cycleway:both=lane", "estimated_crossing_class=5", "4845", "484407"],
          ["9671412", "47367105", "410", "28", "1290", "0", "0", "0", "0", "reversedirection=yes highway=primary surface=asphalt estimated_traffic_class=5 smoothness=excellent cycleway:both=lane", "estimated_crossing_class=5", "4850", "484940"],
          ["9671360", "47366897", "410", "23", "1290", "0", "0", "0", "0", "reversedirection=yes highway=primary surface=asphalt estimated_traffic_class=5 smoothness=excellent cycleway:both=lane", "estimated_crossing_class=5", "4854", "485316"],
          ["9671303", "47366537", "411", "40", "1290", "0", "0", "0", "0", "reversedirection=yes highway=primary surface=asphalt estimated_traffic_class=5 smoothness=excellent cycleway:both=lane", "estimated_crossing_class=5", "4862", "486144"],
          ["9671287", "47366391", "411", "16", "1290", "0", "0", "0", "0", "reversedirection=yes highway=primary surface=asphalt estimated_traffic_class=5 smoothness=excellent cycleway:both=lane", "estimated_crossing_class=5", "4865", "486459"],
          ["9671264", "47366177", "411", "24", "1290", "0", "0", "0", "0", "reversedirection=yes highway=primary surface=asphalt estimated_traffic_class=5 smoothness=excellent cycleway:both=lane", "estimated_crossing_class=5", "4870", "486917"],
          ["9671258", "47366141", "411", "4", "1290", "0", "0", "0", "0", "reversedirection=yes highway=primary surface=asphalt estimated_traffic_class=5 smoothness=excellent cycleway:both=lane", "estimated_crossing_class=5", "4871", "486992"],
          ["9671226", "47365933", "411", "23", "1290", "0", "0", "0", "0", "reversedirection=yes highway=primary surface=asphalt estimated_traffic_class=5 smoothness=excellent cycleway:both=lane", "estimated_crossing_class=5", "4875", "487417"],
          ["9671213", "47365880", "411", "6", "1290", "0", "0", "0", "0", "reversedirection=yes highway=primary surface=asphalt estimated_traffic_class=5 smoothness=excellent cycleway:both=lane", "estimated_crossing_class=5", "4876", "487527"],
          ["9671182", "47365753", "411", "14", "1290", "0", "0", "0", "0", "reversedirection=yes highway=primary surface=asphalt estimated_traffic_class=5 smoothness=excellent cycleway:both=lane", "estimated_crossing_class=5", "4879", "487781"],
          ["9671077", "47365485", "410", "31", "1290", "0", "0", "0", "0", "reversedirection=yes highway=primary surface=asphalt estimated_traffic_class=5 smoothness=excellent cycleway:both=lane", "estimated_crossing_class=0", "4884", "488302"],
          ["9671068", "47365469", "410", "2", "1290", "0", "0", "0", "0", "reversedirection=yes highway=primary surface=asphalt estimated_traffic_class=5 smoothness=excellent cycleway:both=lane", "estimated_crossing_class=0", "4884", "488336"],
          ["9670982", "47365316", "410", "18", "1290", "0", "0", "0", "0", "reversedirection=yes highway=primary surface=asphalt estimated_traffic_class=5 smoothness=excellent cycleway:both=lane", "highway=crossing crossing=marked", "4887", "488621"],
          ["9670953", "47365272", "410", "5", "1290", "0", "0", "0", "0", "reversedirection=yes highway=primary surface=asphalt estimated_traffic_class=5 smoothness=excellent cycleway:both=lane", "estimated_crossing_class=0", "4888", "488695"],
          ["9670937", "47365248", "410", "3", "1290", "0", "0", "0", "0", "reversedirection=yes highway=primary surface=asphalt estimated_traffic_class=5 smoothness=excellent cycleway:both=lane", "estimated_crossing_class=0", "4888", "488741"],
          ["9670918", "47365220", "410", "3", "1290", "0", "0", "0", "0", "reversedirection=yes highway=primary surface=asphalt estimated_traffic_class=5 smoothness=excellent cycleway:both=lane", "estimated_crossing_class=0", "4889", "488786"],
          ["9670844", "47365111", "410", "13", "1290", "0", "0", "0", "0", "reversedirection=yes highway=primary surface=asphalt estimated_traffic_class=5 smoothness=excellent cycleway:both=lane", "estimated_crossing_class=5", "4891", "488996"],
          ["9670698", "47364921", "410", "24", "1290", "0", "0", "0", "0", "reversedirection=yes highway=primary surface=asphalt estimated_traffic_class=5 smoothness=excellent cycleway:both=lane", "estimated_crossing_class=5", "4895", "489386"],
          ["9670630", "47364854", "410", "9", "1290", "0", "0", "0", "0", "reversedirection=yes highway=primary surface=asphalt estimated_traffic_class=5 smoothness=excellent cycleway:both=lane", "estimated_crossing_class=5", "4896", "489533"],
          ["9670285", "47364542", "410", "43", "1290", "0", "0", "0", "0", "reversedirection=yes highway=primary surface=asphalt estimated_traffic_class=5 smoothness=excellent cycleway:both=lane", "estimated_crossing_class=5", "4903", "490240"],
          ["9670237", "47364501", "410", "6", "1290", "0", "0", "0", "0", "reversedirection=yes highway=primary surface=asphalt estimated_traffic_class=5 smoothness=excellent cycleway:both=lane", "estimated_crossing_class=5", "4904", "490346"],
          ["9670209", "47364481", "410", "3", "1290", "0", "0", "0", "0", "reversedirection=yes highway=primary surface=asphalt estimated_traffic_class=5 smoothness=excellent cycleway:both=lane", "estimated_crossing_class=5", "4905", "490398"],
          ["9669969", "47364310", "410", "26", "1290", "0", "0", "0", "0", "reversedirection=yes highway=primary surface=asphalt estimated_traffic_class=5 smoothness=excellent cycleway:both=lane", "estimated_crossing_class=5", "4909", "490803"],
          ["9669826", "47364222", "410", "15", "1290", "0", "0", "0", "0", "reversedirection=yes highway=primary surface=asphalt estimated_traffic_class=5 smoothness=excellent cycleway:both=lane", "estimated_crossing_class=5", "4911", "491026"],
          ["9669794", "47364203", "410", "3", "1290", "0", "0", "0", "0", "reversedirection=yes highway=primary surface=asphalt estimated_traffic_class=5 smoothness=excellent cycleway:both=lane", "estimated_crossing_class=5", "4912", "491071"],
          ["9669712", "47364153", "410", "8", "1290", "0", "0", "0", "0", "reversedirection=yes highway=primary surface=asphalt estimated_traffic_class=5 smoothness=excellent cycleway:both=lane", "estimated_crossing_class=5", "4913", "491192"],
          ["9669244", "47363868", "410", "47", "1290", "0", "0", "0", "0", "reversedirection=yes highway=primary surface=asphalt estimated_traffic_class=5 smoothness=excellent cycleway:both=lane", "estimated_crossing_class=5", "4920", "491919"],
          ["9669219", "47363851", "410", "3", "1290", "0", "0", "0", "0", "reversedirection=yes highway=primary surface=asphalt estimated_traffic_class=5 smoothness=excellent cycleway:both=lane", "estimated_crossing_class=5", "4920", "491967"],
          ["9668961", "47363679", "410", "27", "1290", "0", "0", "0", "0", "reversedirection=yes highway=primary surface=asphalt estimated_traffic_class=5 smoothness=excellent cycleway:both=lane", "estimated_crossing_class=5", "4925", "492396"],
          ["9668670", "47363476", "410", "32", "1290", "0", "0", "0", "0", "reversedirection=yes highway=primary surface=asphalt estimated_traffic_class=5 smoothness=excellent cycleway:both=lane", "estimated_crossing_class=5", "4930", "492912"],
          ["9668396", "47363258", "410", "32", "1290", "0", "0", "0", "0", "reversedirection=yes highway=primary surface=asphalt estimated_traffic_class=5 smoothness=excellent cycleway:both=lane", "highway=crossing crossing=marked kerb=flush", "4935", "493434"],
          ["9668277", "47363166", "410", "14", "1290", "0", "0", "0", "0", "reversedirection=yes highway=primary surface=asphalt estimated_traffic_class=5 smoothness=excellent cycleway:both=lane", "highway=crossing estimated_crossing_class=0 crossing=marked bicycle=yes kerb=flush", "4937", "493663"],
          ["9667939", "47362836", "410", "45", "1290", "0", "0", "0", "0", "reversedirection=yes highway=primary surface=asphalt estimated_traffic_class=5 smoothness=good cycleway:both=lane", "estimated_crossing_class=5", "4945", "494406"],
          ["9667622", "47362525", "409", "42", "1290", "0", "0", "0", "0", "reversedirection=yes highway=primary surface=asphalt estimated_traffic_class=5 smoothness=good cycleway:both=lane", "estimated_crossing_class=5", "4951", "495067"],
          ["9667372", "47362254", "409", "36", "1290", "0", "0", "0", "0", "reversedirection=yes highway=primary surface=asphalt estimated_traffic_class=5 smoothness=good cycleway:both=lane", "estimated_crossing_class=5", "4957", "495645"],
          ["9667222", "47362089", "410", "22", "1290", "0", "0", "0", "0", "reversedirection=yes highway=primary surface=asphalt estimated_traffic_class=5 smoothness=good cycleway:both=lane", "estimated_crossing_class=5", "4961", "496025"],
          ["9667198", "47362062", "410", "4", "1290", "0", "0", "0", "0", "reversedirection=yes highway=primary surface=asphalt estimated_traffic_class=5 smoothness=good cycleway:both=lane", "estimated_crossing_class=5", "4962", "496094"],
          ["9667144", "47362001", "410", "8", "1290", "0", "0", "0", "0", "reversedirection=yes highway=primary surface=asphalt estimated_traffic_class=5 smoothness=good cycleway:both=lane", "estimated_crossing_class=5", "4963", "496231"],
          ["9666938", "47361769", "410", "30", "1290", "0", "0", "0", "0", "reversedirection=yes highway=primary surface=asphalt estimated_traffic_class=5 smoothness=good cycleway:both=lane", "estimated_crossing_class=5", "4968", "496745"],
          ["9666861", "47361682", "410", "11", "1290", "0", "0", "0", "0", "reversedirection=yes highway=primary surface=asphalt estimated_traffic_class=5 smoothness=good cycleway:both=lane", "estimated_crossing_class=5", "4970", "496932"],
          ["9666825", "47361625", "410", "7", "1290", "0", "1", "0", "0", "reversedirection=yes highway=primary surface=asphalt estimated_traffic_class=5 smoothness=good cycleway:both=lane", "estimated_crossing_class=5", "4971", "497051"],
          ["9666725", "47361460", "410", "20", "1290", "0", "0", "0", "0", "reversedirection=yes highway=primary surface=asphalt estimated_traffic_class=5 smoothness=good cycleway:both=lane", "estimated_crossing_class=5", "4975", "497392"],
          ["9666677", "47361383", "410", "9", "1290", "0", "0", "0", "0", "reversedirection=yes highway=primary surface=asphalt estimated_traffic_class=5 smoothness=good cycleway:both=lane", "estimated_crossing_class=5", "4976", "497544"],
          ["9666614", "47361280", "410", "12", "1290", "0", "0", "0", "0", "reversedirection=yes highway=primary surface=asphalt estimated_traffic_class=5 smoothness=good cycleway:both=lane", "estimated_crossing_class=5", "4978", "497748"],
          ["9666488", "47360985", "410", "34", "1290", "0", "0", "0", "0", "reversedirection=yes highway=primary surface=asphalt estimated_traffic_class=5 smoothness=good cycleway:both=lane", "estimated_crossing_class=5", "4984", "498323"],
          ["9666403", "47360787", "410", "23", "1290", "0", "0", "0", "0", "reversedirection=yes highway=primary surface=asphalt estimated_traffic_class=5 smoothness=good cycleway:both=lane", "estimated_crossing_class=5", "4988", "498712"],
          ["9666383", "47360741", "410", "5", "1290", "0", "0", "0", "0", "reversedirection=yes highway=primary surface=asphalt estimated_traffic_class=5 smoothness=good cycleway:both=lane", "estimated_crossing_class=5", "4989", "498802"],
          ["9666246", "47360497", "410", "29", "1290", "0", "0", "0", "0", "reversedirection=yes highway=primary surface=asphalt estimated_traffic_class=5 smoothness=good cycleway:both=lane", "estimated_crossing_class=5", "4994", "499352"],
          ["9666199", "47360426", "410", "9", "1290", "0", "0", "0", "0", "reversedirection=yes highway=primary surface=asphalt estimated_traffic_class=5 smoothness=good cycleway:both=lane", "estimated_crossing_class=5", "4996", "499519"],
          ["9666025", "47360211", "411", "27", "1290", "0", "0", "0", "0", "reversedirection=yes highway=primary surface=asphalt estimated_traffic_class=5 smoothness=good cycleway:both=lane", "", "5002", "500077"],
          ["9666008", "47360193", "411", "2", "1290", "0", "0", "0", "0", "reversedirection=yes highway=primary surface=asphalt estimated_traffic_class=5 smoothness=excellent cycleway:both=lane", "estimated_crossing_class=5", "5002", "500117"],
          ["9665853", "47360027", "411", "22", "1290", "0", "0", "0", "0", "reversedirection=yes highway=primary surface=asphalt estimated_traffic_class=5 smoothness=excellent cycleway:both=lane", "estimated_crossing_class=0", "5006", "500549"],
          ["9665772", "47359948", "411", "11", "1290", "0", "0", "0", "0", "reversedirection=yes highway=primary surface=asphalt estimated_traffic_class=5 smoothness=excellent cycleway:both=lane", "highway=crossing crossing=marked kerb=flush", "5008", "500760"],
          ["9665694", "47359871", "411", "10", "1290", "0", "0", "0", "0", "reversedirection=yes highway=primary surface=asphalt estimated_traffic_class=5 smoothness=excellent cycleway:both=lane", "estimated_crossing_class=0", "5010", "500950"],
          ["9665429", "47359616", "411", "35", "1290", "0", "0", "0", "0", "reversedirection=yes highway=primary surface=asphalt estimated_traffic_class=5 smoothness=excellent cycleway:both=lane", "estimated_crossing_class=5", "5017", "501597"],
          ["9665322", "47359496", "411", "16", "1290", "0", "0", "0", "0", "reversedirection=yes highway=primary surface=asphalt estimated_traffic_class=5 smoothness=excellent cycleway:both=lane", "", "5020", "501886"],
          ["9665270", "47359431", "411", "8", "1290", "0", "0", "0", "0", "highway=primary surface=asphalt estimated_traffic_class=5 smoothness=good cycleway:both=lane", "estimated_crossing_class=5", "5021", "502029"],
          ["9665178", "47359308", "411", "15", "1290", "0", "0", "0", "0", "highway=primary surface=asphalt estimated_traffic_class=5 smoothness=good cycleway:both=lane", "estimated_crossing_class=5", "5024", "502296"],
          ["9665125", "47359238", "410", "9", "1290", "0", "0", "0", "0", "highway=primary surface=asphalt estimated_traffic_class=5 smoothness=good cycleway:both=lane", "estimated_crossing_class=5", "5025", "502445"],
          ["9665017", "47359093", "410", "18", "1290", "0", "0", "0", "0", "highway=primary surface=asphalt estimated_traffic_class=5 smoothness=good cycleway:both=lane", "estimated_crossing_class=5", "5028", "502744"],
          ["9664938", "47358975", "411", "14", "1290", "0", "0", "0", "0", "highway=primary surface=asphalt estimated_traffic_class=5 smoothness=good cycleway:both=lane", "estimated_crossing_class=0", "5031", "502992"],
          ["9664897", "47358915", "411", "7", "1290", "0", "0", "0", "0", "highway=primary surface=asphalt estimated_traffic_class=5 smoothness=good cycleway:both=lane", "estimated_crossing_class=0", "5032", "503116"],
          ["9664850", "47358846", "411", "8", "1290", "0", "0", "0", "0", "highway=primary surface=asphalt estimated_traffic_class=5 smoothness=good cycleway:both=lane", "highway=crossing crossing=marked kerb=lowered", "5033", "503256"],
          ["9664714", "47358646", "411", "24", "1290", "0", "0", "0", "0", "highway=primary surface=asphalt estimated_traffic_class=5 smoothness=good cycleway:both=lane", "estimated_crossing_class=5", "5038", "503675"],
          ["9664595", "47358473", "411", "21", "1290", "0", "0", "0", "0", "highway=primary surface=asphalt estimated_traffic_class=5 smoothness=good cycleway:both=lane", "estimated_crossing_class=5", "5041", "504038"],
          ["9664498", "47358333", "411", "17", "1290", "0", "0", "0", "0", "highway=primary surface=asphalt estimated_traffic_class=5 smoothness=good cycleway:both=lane", "estimated_crossing_class=5", "5044", "504331"],
          ["9664481", "47358309", "411", "3", "1290", "0", "0", "0", "0", "highway=primary surface=asphalt estimated_traffic_class=5 smoothness=good cycleway:both=lane", "estimated_crossing_class=5", "5045", "504383"],
          ["9664343", "47358123", "410", "23", "1290", "0", "0", "0", "0", "highway=primary surface=asphalt estimated_traffic_class=5 smoothness=good cycleway:both=lane", "estimated_crossing_class=5", "5048", "504733"],
          ["9664312", "47358081", "410", "5", "1290", "0", "0", "0", "0", "highway=primary surface=asphalt estimated_traffic_class=5 smoothness=good cycleway:both=lane", "estimated_crossing_class=5", "5049", "504810"],
          ["9664265", "47358019", "410", "8", "1290", "0", "0", "0", "0", "highway=primary surface=asphalt estimated_traffic_class=5 smoothness=good cycleway:both=lane", "estimated_crossing_class=5", "5050", "504927"],
          ["9664209", "47357940", "410", "10", "1290", "0", "0", "0", "0", "highway=primary surface=asphalt estimated_traffic_class=5 smoothness=good cycleway:both=lane", "estimated_crossing_class=5", "5052", "505084"],
          ["9664084", "47357766", "410", "22", "1290", "0", "0", "0", "0", "highway=primary surface=asphalt estimated_traffic_class=5 smoothness=good cycleway:both=lane", "estimated_crossing_class=5", "5055", "505432"],
          ["9663901", "47357527", "410", "30", "1290", "0", "0", "0", "0", "highway=primary surface=asphalt estimated_traffic_class=5 smoothness=good cycleway:both=lane", "estimated_crossing_class=5", "5059", "505864"],
          ["9663779", "47357357", "410", "21", "1290", "0", "0", "0", "0", "highway=primary surface=asphalt estimated_traffic_class=5 smoothness=good cycleway:both=lane", "estimated_crossing_class=5", "5063", "506215"],
          ["9663735", "47357295", "410", "8", "1290", "0", "0", "0", "0", "highway=primary surface=asphalt estimated_traffic_class=5 smoothness=good cycleway:both=lane", "estimated_crossing_class=5", "5064", "506341"],
          ["9663721", "47357275", "410", "2", "1290", "0", "0", "0", "0", "highway=primary surface=asphalt estimated_traffic_class=5 smoothness=good cycleway:both=lane", "estimated_crossing_class=5", "5065", "506373"],
          ["9663535", "47357003", "410", "33", "1290", "0", "0", "0", "0", "highway=primary surface=asphalt estimated_traffic_class=5 smoothness=good cycleway:both=lane", "estimated_crossing_class=5", "5070", "506898"],
          ["9663449", "47356877", "410", "15", "1290", "0", "0", "0", "0", "highway=primary surface=asphalt estimated_traffic_class=5 smoothness=good cycleway:both=lane", "estimated_crossing_class=5", "5072", "507155"],
          ["9663432", "47356848", "410", "3", "1290", "0", "0", "0", "0", "highway=primary surface=asphalt estimated_traffic_class=5 smoothness=good cycleway:both=lane", "estimated_crossing_class=5", "5073", "507210"],
          ["9663253", "47356535", "411", "37", "1290", "0", "0", "0", "0", "highway=primary surface=asphalt estimated_traffic_class=5 smoothness=good cycleway:both=lane", "estimated_crossing_class=0", "5080", "507917"],
          ["9663227", "47356486", "411", "6", "1290", "0", "0", "0", "0", "highway=primary surface=asphalt estimated_traffic_class=5 smoothness=good cycleway:both=lane", "highway=crossing crossing=marked kerb=lowered", "5081", "508028"],
          ["9663043", "47356075", "411", "48", "1290", "0", "0", "0", "0", "highway=primary surface=asphalt estimated_traffic_class=5 smoothness=good cycleway:both=lane", "estimated_crossing_class=5", "5090", "508901"],
          ["9662990", "47355949", "411", "15", "1290", "0", "0", "0", "0", "highway=primary surface=asphalt estimated_traffic_class=5 smoothness=good cycleway:both=lane", "estimated_crossing_class=5", "5092", "509168"],
          ["9662979", "47355923", "411", "3", "1290", "0", "0", "0", "0", "highway=primary surface=asphalt estimated_traffic_class=5 smoothness=good cycleway:both=lane", "estimated_crossing_class=5", "5093", "509221"],
          ["9662865", "47355643", "410", "32", "1290", "0", "0", "0", "0", "highway=primary surface=asphalt estimated_traffic_class=5 smoothness=good cycleway:both=lane", "estimated_crossing_class=0", "5098", "509751"],
          ["9662842", "47355586", "411", "7", "1290", "0", "0", "0", "0", "highway=primary surface=asphalt estimated_traffic_class=5 smoothness=good cycleway:both=lane", "highway=crossing estimated_crossing_class=0 crossing=marked", "5100", "509875"],
          ["9662822", "47355540", "410", "5", "1290", "0", "0", "0", "0", "highway=primary surface=asphalt estimated_traffic_class=5 smoothness=good cycleway:both=lane", "estimated_crossing_class=0", "5100", "509958"],
          ["9662758", "47355404", "411", "16", "1290", "0", "0", "0", "0", "highway=primary surface=asphalt estimated_traffic_class=5 smoothness=good cycleway:both=lane", "estimated_crossing_class=5", "5103", "510240"],
          ["9662638", "47355182", "411", "26", "1290", "0", "0", "0", "0", "highway=primary surface=asphalt estimated_traffic_class=5 smoothness=good cycleway:both=lane", "estimated_crossing_class=0", "5108", "510695"],
          ["9662601", "47355118", "410", "8", "1290", "0", "0", "0", "0", "highway=primary surface=asphalt estimated_traffic_class=5 smoothness=good cycleway:both=lane", "highway=crossing crossing=marked kerb=lowered", "5109", "510825"],
          ["9662563", "47355055", "411", "8", "1290", "0", "0", "0", "0", "highway=primary surface=asphalt estimated_traffic_class=5 smoothness=good cycleway:both=lane", "estimated_crossing_class=0", "5110", "510964"],
          ["9662393", "47354774", "411", "34", "1290", "0", "0", "0", "0", "highway=primary surface=asphalt estimated_traffic_class=5 smoothness=good cycleway:both=lane", "highway=crossing estimated_crossing_class=0 crossing=marked", "5116", "511552"],
          ["9662251", "47354539", "410", "28", "1290", "0", "0", "0", "0", "highway=primary surface=asphalt estimated_traffic_class=5 smoothness=good cycleway:both=lane", "estimated_crossing_class=5", "5121", "512005"],
          ["9662245", "47354528", "410", "1", "1290", "0", "0", "0", "0", "highway=primary surface=asphalt estimated_traffic_class=5 smoothness=good cycleway:both=lane", "estimated_crossing_class=5", "5121", "512022"],
          ["9662207", "47354467", "411", "7", "1290", "0", "0", "0", "0", "highway=primary surface=asphalt estimated_traffic_class=5 smoothness=good cycleway:both=lane", "estimated_crossing_class=5", "5122", "512143"],
          ["9662132", "47354342", "411", "15", "1290", "0", "0", "0", "0", "highway=primary surface=asphalt estimated_traffic_class=5 smoothness=good cycleway:both=lane", "estimated_crossing_class=5", "5125", "512403"],
          ["9662018", "47354155", "410", "23", "1290", "0", "0", "0", "0", "highway=primary surface=asphalt estimated_traffic_class=5 smoothness=good cycleway:both=lane", "estimated_crossing_class=5", "5129", "512776"],
          ["9662003", "47354130", "410", "3", "1290", "0", "0", "0", "0", "highway=primary surface=asphalt estimated_traffic_class=5 smoothness=good cycleway:both=lane", "estimated_crossing_class=5", "5129", "512825"],
          ["9661892", "47353948", "411", "22", "1290", "0", "0", "0", "0", "highway=primary surface=asphalt estimated_traffic_class=5 smoothness=good cycleway:both=lane", "estimated_crossing_class=5", "5133", "513208"],
          ["9661726", "47353700", "410", "30", "1290", "0", "0", "0", "0", "highway=primary surface=asphalt estimated_traffic_class=5 smoothness=good cycleway:both=lane", "estimated_crossing_class=5", "5138", "513696"],
          ["9661506", "47353371", "411", "40", "1290", "0", "0", "0", "0", "highway=primary surface=asphalt estimated_traffic_class=5 smoothness=good cycleway:both=lane", "estimated_crossing_class=5", "5145", "514390"],
          ["9661464", "47353304", "411", "8", "1290", "0", "0", "0", "0", "highway=primary surface=asphalt estimated_traffic_class=5 smoothness=good cycleway:both=lane", "estimated_crossing_class=5", "5146", "514528"],
          ["9661445", "47353277", "411", "3", "1290", "0", "0", "0", "0", "highway=primary surface=asphalt estimated_traffic_class=5 smoothness=good cycleway:both=lane", "estimated_crossing_class=5", "5147", "514580"],
          ["9661237", "47352986", "411", "36", "1290", "0", "0", "0", "0", "highway=primary surface=asphalt estimated_traffic_class=5 smoothness=good cycleway:both=lane", "estimated_crossing_class=5", "5153", "515197"],
          ["9661152", "47352866", "411", "15", "1290", "0", "0", "0", "0", "highway=primary surface=asphalt estimated_traffic_class=5 smoothness=good cycleway:both=lane", "estimated_crossing_class=5", "5155", "515453"],
          ["9661081", "47352772", "410", "12", "1290", "0", "0", "0", "0", "highway=primary surface=asphalt estimated_traffic_class=5 smoothness=good cycleway:both=lane", "estimated_crossing_class=3", "5157", "515644"],
          ["9660999", "47352674", "410", "13", "1290", "0", "0", "20", "0", "highway=primary surface=asphalt estimated_traffic_class=5 smoothness=good cycleway:both=lane", "highway=traffic_signals estimated_crossing_class=0 bicycle=yes traffic_signals:direction=both traffic_signals=signal", "5159", "515853"],
          ["9660848", "47352475", "410", "25", "1290", "0", "0", "0", "0", "highway=primary surface=asphalt estimated_traffic_class=5 smoothness=good cycleway:both=separate", "estimated_crossing_class=5", "5163", "516206"],
          ["9659132", "47350006", "410", "304", "1290", "0", "0", "0", "0", "highway=primary surface=asphalt estimated_traffic_class=5 smoothness=good cycleway:both=separate", "estimated_crossing_class=5", "5210", "520926"],
          ["9657650", "47347270", "411", "324", "1350", "0", "0", "0", "0", "highway=primary surface=asphalt estimated_traffic_class=6 smoothness=good cycleway:right=unknown cycleway:left=lane", "estimated_crossing_class=5", "5275", "527400"],
          ["9657449", "47346921", "412", "42", "1350", "0", "0", "0", "0", "highway=primary surface=asphalt estimated_traffic_class=6 smoothness=good cycleway:right=unknown cycleway:left=lane", "estimated_crossing_class=5", "5283", "528200"],
          ["9657081", "47346285", "412", "76", "1350", "0", "0", "0", "0", "highway=primary surface=asphalt estimated_traffic_class=6 smoothness=good cycleway:right=unknown cycleway:left=lane", "estimated_crossing_class=5", "5296", "529570"],
          ["9656988", "47346125", "412", "19", "1350", "0", "0", "0", "0", "highway=primary surface=asphalt estimated_traffic_class=6 smoothness=good cycleway:right=unknown cycleway:left=lane", "estimated_crossing_class=5", "5300", "529903"],
          ["9656536", "47345332", "413", "95", "1350", "0", "0", "0", "0", "highway=primary surface=asphalt estimated_traffic_class=6 smoothness=good cycleway:right=unknown cycleway:left=lane", "estimated_crossing_class=5", "5319", "531862"],
          ["9656394", "47345093", "413", "29", "1350", "0", "0", "0", "0", "highway=primary surface=asphalt estimated_traffic_class=6 smoothness=good cycleway:right=unknown cycleway:left=lane", "estimated_crossing_class=5", "5326", "532474"],
          ["9656274", "47344902", "414", "23", "1350", "0", "0", "0", "0", "highway=primary surface=asphalt estimated_traffic_class=6 smoothness=good cycleway:right=unknown cycleway:left=lane", "", "5331", "532996"],
          ["9656199", "47344791", "414", "14", "1290", "0", "0", "0", "0", "highway=primary surface=asphalt estimated_traffic_class=5 smoothness=good cycleway:right=unknown cycleway:left=lane", "estimated_crossing_class=5", "5334", "533298"],
          ["9656179", "47344755", "414", "4", "1290", "0", "0", "0", "0", "highway=primary surface=asphalt estimated_traffic_class=5 smoothness=good cycleway:right=unknown cycleway:left=lane", "", "5335", "533382"],
          ["9656130", "47344731", "414", "5", "1290", "0", "15", "0", "0", "highway=primary surface=asphalt estimated_traffic_class=5 smoothness=good oneway=yes cycleway:right=unknown cycleway:left=no", "highway=crossing estimated_crossing_class=0 crossing=uncontrolled", "5336", "533487"],
          ["9655969", "47344468", "414", "32", "1290", "0", "11", "0", "0", "highway=primary surface=asphalt estimated_traffic_class=5 smoothness=good oneway=yes cycleway:right=unknown cycleway:left=no", "estimated_crossing_class=0", "5343", "534235"],
          ["9655963", "47344380", "415", "10", "1290", "0", "0", "0", "0", "highway=primary surface=asphalt estimated_traffic_class=5 smoothness=good cycleway:both=no oneway=yes", "highway=crossing estimated_crossing_class=0 crossing=uncontrolled bicycle=yes", "5346", "534477"],
          ["9655967", "47344310", "415", "8", "1290", "0", "0", "0", "0", "highway=primary surface=asphalt estimated_traffic_class=5 smoothness=good cycleway:both=no oneway=yes", "highway=give_way direction=forward", "5348", "534678"],
          ["9655969", "47344280", "415", "3", "1290", "0", "0", "0", "0", "highway=primary surface=asphalt estimated_traffic_class=5 smoothness=good cycleway:both=no oneway=yes", "", "5348", "534757"],
          ["9655887", "47344208", "415", "10", "1290", "0", "0", "0", "0", "highway=primary surface=asphalt estimated_traffic_class=5 smoothness=excellent junction=roundabout cycleway:right=no", "", "5351", "535025"],
          ["9655683", "47344092", "416", "20", "1290", "0", "7", "0", "0", "highway=primary surface=asphalt estimated_traffic_class=5 smoothness=good oneway=yes cycleway:right=no", "highway=crossing estimated_crossing_class=1 crossing=unmarked", "5357", "535585"],
          ["9655559", "47344003", "416", "14", "1290", "0", "5", "0", "0", "highway=primary surface=asphalt estimated_traffic_class=5 smoothness=good oneway=yes cycleway:right=no", "", "5361", "535972"],
          ["9655517", "47343984", "416", "4", "1290", "0", "7", "0", "0", "reversedirection=yes highway=primary surface=asphalt estimated_traffic_class=5 smoothness=good cycleway:both=no", "estimated_crossing_class=0", "5362", "536082"],
          ["9655258", "47343841", "419", "25", "1290", "0", "0", "0", "0", "reversedirection=yes highway=primary surface=asphalt estimated_traffic_class=5 smoothness=excellent cycleway:both=lane", "estimated_crossing_class=6", "5368", "536687"],
          ["9655108", "47343750", "420", "15", "1290", "0", "0", "0", "0", "reversedirection=yes highway=primary surface=asphalt estimated_traffic_class=5 smoothness=excellent cycleway:both=lane", "estimated_crossing_class=6", "5372", "537150"],
          ["9654791", "47343527", "420", "35", "1290", "0", "0", "0", "0", "reversedirection=yes highway=primary surface=asphalt estimated_traffic_class=5 smoothness=excellent cycleway:both=lane", "estimated_crossing_class=5", "5380", "537960"],
          ["9654715", "47343471", "419", "8", "1290", "0", "0", "0", "0", "reversedirection=yes highway=primary surface=asphalt estimated_traffic_class=5 smoothness=excellent cycleway:both=lane", "estimated_crossing_class=5", "5382", "538121"],
          ["9654627", "47343407", "419", "10", "1290", "0", "0", "0", "0", "reversedirection=yes highway=primary surface=asphalt estimated_traffic_class=5 smoothness=excellent cycleway:both=lane", "estimated_crossing_class=5", "5384", "538319"],
          ["9654394", "47343199", "422", "29", "1290", "0", "0", "0", "0", "reversedirection=yes highway=primary surface=asphalt estimated_traffic_class=5 smoothness=excellent cycleway:both=lane", "estimated_crossing_class=5", "5393", "539217"],
          ["9654224", "47343021", "423", "24", "1290", "0", "0", "0", "0", "reversedirection=yes highway=primary surface=asphalt estimated_traffic_class=5 smoothness=excellent cycleway:both=lane", "highway=crossing crossing=uncontrolled kerb=raised", "5402", "540110"],
          ["9654123", "47342900", "422", "15", "1290", "0", "0", "0", "0", "reversedirection=yes highway=primary surface=asphalt estimated_traffic_class=5 smoothness=excellent cycleway:both=lane", "estimated_crossing_class=0", "5407", "540576"],
          ["9654025", "47342926", "422", "8", "1200", "0", "76", "0", "0", "reversedirection=yes highway=residential surface=asphalt smoothness=good cycleway:both=no", "highway=stop direction=forward", "5409", "540791"],
          ["9651013", "47343361", "419", "234", "1200", "0", "4", "0", "0", "reversedirection=yes highway=residential surface=asphalt smoothness=good cycleway:both=no", "barrier=lift_gate bicycle=yes foot=yes", "5458", "545716"],
          ["9650139", "47343291", "419", "66", "1200", "0", "0", "0", "0", "reversedirection=yes highway=residential surface=asphalt smoothness=good cycleway:both=no", "estimated_crossing_class=4", "5468", "546741"],
          ["9650091", "47343285", "419", "4", "1200", "0", "0", "0", "0", "reversedirection=yes highway=residential surface=asphalt smoothness=good cycleway:both=no", "highway=give_way direction=forward", "5469", "546802"],
          ["9649868", "47343258", "419", "17", "1200", "0", "0", "0", "0", "reversedirection=yes highway=residential surface=asphalt smoothness=good cycleway:both=no", "highway=crossing crossing=unmarked", "5472", "547078"],
          ["9646759", "47340910", "426", "377", "1200", "0", "13", "0", "0", "reversedirection=yes highway=residential surface=asphalt smoothness=good cycleway:both=no", "highway=give_way direction=backward", "5550", "554888"],
          ["9646714", "47340885", "425", "4", "1200", "0", "0", "0", "0", "reversedirection=yes highway=residential surface=asphalt smoothness=good cycleway:both=no", "", "5550", "554971"],
          ["9645679", "47341023", "425", "81", "1200", "0", "77", "0", "0", "reversedirection=yes highway=residential surface=asphalt smoothness=good cycleway:both=no route_bicycle_rcn=yes", "", "5565", "556394"],
          ["9641645", "47339180", "427", "382", "1200", "0", "5", "0", "0", "reversedirection=yes highway=residential surface=asphalt smoothness=good cycleway:both=no", "highway=crossing crossing=uncontrolled", "5659", "565805"],
          ["9641580", "47339143", "428", "6", "1200", "0", "0", "0", "0", "reversedirection=yes highway=residential surface=asphalt smoothness=good cycleway:both=no", "highway=stop direction=backward", "5660", "565930"],
          ["9641492", "47339091", "428", "9", "1200", "0", "0", "0", "0", "reversedirection=yes highway=residential surface=asphalt smoothness=good cycleway:both=no", "highway=mini_roundabout estimated_crossing_class=0", "5662", "566115"],
          ["9641404", "47339040", "428", "9", "1090", "0", "0", "0", "0", "reversedirection=yes highway=tertiary surface=asphalt estimated_traffic_class=5 smoothness=good cycleway:both=lane", "highway=give_way direction=forward", "5664", "566297"],
          ["9641344", "47339005", "428", "6", "1090", "0", "0", "0", "0", "reversedirection=yes highway=tertiary surface=asphalt estimated_traffic_class=5 smoothness=good cycleway:both=lane", "highway=crossing crossing=uncontrolled", "5665", "566416"],
          ["9639701", "47337213", "429", "239", "1090", "0", "0", "0", "0", "reversedirection=yes highway=tertiary surface=asphalt estimated_traffic_class=5 smoothness=good cycleway:both=lane", "highway=crossing crossing=uncontrolled kerb=flush", "5715", "571409"],
          ["9639680", "47337096", "429", "13", "1090", "0", "1", "0", "0", "reversedirection=yes highway=tertiary surface=asphalt estimated_traffic_class=5 smoothness=good cycleway:both=lane", "", "5717", "571658"],
          ["9639668", "47336992", "429", "12", "1090", "0", "0", "0", "0", "reversedirection=yes highway=tertiary surface=asphalt estimated_traffic_class=5 smoothness=excellent cycleway:both=no route_bicycle_ncn=yes route_bicycle_rcn=yes", "nodeaccessgranted=yes highway=crossing crossing=uncontrolled kerb=flush", "5720", "571884"],
          ["9639256", "47336035", "431", "112", "1090", "0", "1", "0", "0", "reversedirection=yes highway=tertiary surface=asphalt estimated_traffic_class=5 smoothness=excellent cycleway:both=no route_bicycle_ncn=yes route_bicycle_rcn=yes", "nodeaccessgranted=yes highway=crossing crossing=uncontrolled kerb=lowered", "5744", "574331"],
          ["9639169", "47335978", "431", "9", "1090", "0", "2", "0", "0", "reversedirection=yes highway=tertiary surface=asphalt estimated_traffic_class=5 smoothness=excellent cycleway:both=no route_bicycle_ncn=yes route_bicycle_rcn=yes", "", "5746", "574508"],
          ["9639074", "47335918", "430", "10", "1090", "0", "0", "0", "0", "reversedirection=yes highway=tertiary surface=asphalt estimated_traffic_class=5 smoothness=good cycleway:both=no route_bicycle_ncn=yes route_bicycle_rcn=yes", "nodeaccessgranted=yes highway=crossing crossing=uncontrolled kerb=lowered", "5747", "574677"],
          ["9637908", "47332224", "431", "429", "1090", "0", "1", "0", "0", "reversedirection=yes highway=tertiary surface=asphalt estimated_traffic_class=5 smoothness=good cycleway:both=no route_bicycle_ncn=yes route_bicycle_rcn=yes", "nodeaccessgranted=yes highway=crossing crossing=uncontrolled", "5821", "582027"],
          ["9637898", "47332157", "432", "7", "1090", "0", "0", "0", "0", "reversedirection=yes highway=tertiary surface=asphalt estimated_traffic_class=5 smoothness=good cycleway:both=no route_bicycle_ncn=yes route_bicycle_rcn=yes", "", "5823", "582198"],
          ["9637828", "47331636", "431", "58", "1060", "0", "0", "0", "0", "reversedirection=yes highway=tertiary surface=asphalt estimated_traffic_class=4 smoothness=excellent cycleway:both=no route_bicycle_ncn=yes route_bicycle_rcn=yes", "nodeaccessgranted=yes highway=crossing crossing=uncontrolled kerb=lowered", "5834", "583350"],
          ["9637816", "47331585", "431", "6", "1060", "0", "0", "0", "0", "reversedirection=yes highway=tertiary surface=asphalt estimated_traffic_class=4 smoothness=excellent cycleway:both=no route_bicycle_ncn=yes route_bicycle_rcn=yes", "nodeaccessgranted=yes highway=give_way direction=backward", "5835", "583450"],
          ["9637804", "47331551", "431", "4", "1060", "0", "0", "0", "0", "reversedirection=yes highway=tertiary surface=asphalt estimated_traffic_class=4 smoothness=excellent cycleway:both=no route_bicycle_ncn=yes route_bicycle_rcn=yes", "nodeaccessgranted=yes estimated_crossing_class=0", "5836", "583517"],
          ["9637653", "47331571", "430", "12", "1350", "0", "86", "0", "0", "reversedirection=yes highway=primary surface=asphalt estimated_traffic_class=6 smoothness=good cycleway:both=lane route_bicycle_ncn=yes route_bicycle_rcn=yes", "nodeaccessgranted=yes highway=crossing estimated_crossing_class=6 crossing=unmarked", "5838", "583705"],
          ["9637319", "47331574", "430", "26", "1350", "0", "1", "0", "0", "reversedirection=yes highway=primary surface=asphalt estimated_traffic_class=6 smoothness=good cycleway:both=lane route_bicycle_ncn=yes route_bicycle_rcn=yes", "nodeaccessgranted=yes estimated_crossing_class=6", "5841", "584077"],
          ["9636836", "47331471", "429", "39", "1350", "0", "0", "0", "0", "reversedirection=yes highway=primary surface=asphalt estimated_traffic_class=6 smoothness=good cycleway:both=lane route_bicycle_ncn=yes route_bicycle_rcn=yes", "nodeaccessgranted=yes estimated_crossing_class=6", "5846", "584570"],
          ["9636782", "47331450", "429", "5", "1350", "0", "0", "0", "0", "reversedirection=yes highway=primary surface=asphalt estimated_traffic_class=6 smoothness=good cycleway:both=lane route_bicycle_ncn=yes route_bicycle_rcn=yes", "nodeaccessgranted=yes estimated_crossing_class=6", "5847", "584631"],
          ["9636633", "47331388", "428", "13", "1350", "0", "0", "0", "0", "reversedirection=yes highway=primary surface=asphalt estimated_traffic_class=6 smoothness=good cycleway:both=lane route_bicycle_ncn=yes route_bicycle_rcn=yes", "nodeaccessgranted=yes estimated_crossing_class=6", "5849", "584786"],
          ["9636502", "47331310", "428", "13", "1350", "0", "0", "0", "0", "reversedirection=yes highway=primary surface=asphalt estimated_traffic_class=6 smoothness=good cycleway:both=lane route_bicycle_ncn=yes route_bicycle_rcn=yes", "nodeaccessgranted=yes estimated_crossing_class=6", "5850", "584941"],
          ["9636312", "47331165", "427", "21", "1350", "0", "0", "0", "0", "reversedirection=yes highway=primary surface=asphalt estimated_traffic_class=6 smoothness=good cycleway:both=lane route_bicycle_ncn=yes route_bicycle_rcn=yes", "nodeaccessgranted=yes estimated_crossing_class=6", "5852", "585173"],
          ["9636295", "47331152", "427", "2", "1350", "0", "0", "0", "0", "reversedirection=yes highway=primary surface=asphalt estimated_traffic_class=6 smoothness=good cycleway:both=lane route_bicycle_ncn=yes route_bicycle_rcn=yes", "nodeaccessgranted=yes estimated_crossing_class=6", "5853", "585195"],
          ["9636144", "47331019", "427", "19", "1350", "0", "0", "0", "0", "reversedirection=yes highway=primary surface=asphalt estimated_traffic_class=6 smoothness=good cycleway:both=lane route_bicycle_ncn=yes route_bicycle_rcn=yes", "nodeaccessgranted=yes estimated_crossing_class=6", "5855", "585389"],
          ["9636033", "47330926", "427", "13", "1350", "0", "0", "0", "0", "reversedirection=yes highway=primary surface=asphalt estimated_traffic_class=6 smoothness=good cycleway:both=lane route_bicycle_ncn=yes route_bicycle_rcn=yes", "nodeaccessgranted=yes highway=crossing estimated_crossing_class=6 crossing=unmarked", "5856", "585530"],
          ["9635970", "47330873", "427", "8", "1350", "0", "0", "0", "0", "reversedirection=yes highway=primary surface=asphalt estimated_traffic_class=6 smoothness=good cycleway:both=lane route_bicycle_ncn=yes route_bicycle_rcn=yes", "nodeaccessgranted=yes estimated_crossing_class=6", "5857", "585620"],
          ["9635902", "47330811", "426", "9", "1350", "0", "0", "0", "0", "reversedirection=yes highway=primary surface=asphalt estimated_traffic_class=6 smoothness=good cycleway:both=lane route_bicycle_ncn=yes route_bicycle_rcn=yes", "nodeaccessgranted=yes highway=crossing estimated_crossing_class=6 crossing=unmarked", "5858", "585719"],
          ["9635776", "47330701", "426", "15", "1350", "0", "0", "0", "0", "reversedirection=yes highway=primary surface=asphalt estimated_traffic_class=6 smoothness=good cycleway:both=lane route_bicycle_ncn=yes route_bicycle_rcn=yes", "nodeaccessgranted=yes estimated_crossing_class=6", "5860", "585884"],
          ["9635654", "47330594", "426", "15", "1350", "0", "0", "0", "0", "reversedirection=yes highway=primary surface=asphalt estimated_traffic_class=6 smoothness=good cycleway:both=lane route_bicycle_ncn=yes route_bicycle_rcn=yes", "nodeaccessgranted=yes estimated_crossing_class=6", "5861", "586043"],
          ["9635279", "47330278", "425", "45", "1350", "0", "0", "0", "0", "reversedirection=yes highway=primary surface=asphalt estimated_traffic_class=6 smoothness=good cycleway:both=lane route_bicycle_ncn=yes route_bicycle_rcn=yes", "nodeaccessgranted=yes estimated_crossing_class=6", "5866", "586498"],
          ["9635233", "47330239", "425", "6", "1350", "0", "0", "0", "0", "reversedirection=yes highway=primary surface=asphalt estimated_traffic_class=6 smoothness=good cycleway:both=lane route_bicycle_ncn=yes route_bicycle_rcn=yes", "nodeaccessgranted=yes estimated_crossing_class=6", "5866", "586564"],
          ["9635144", "47330165", "425", "11", "1350", "0", "0", "0", "0", "reversedirection=yes highway=primary surface=asphalt estimated_traffic_class=6 smoothness=good cycleway:both=lane route_bicycle_ncn=yes route_bicycle_rcn=yes", "nodeaccessgranted=yes estimated_crossing_class=6", "5868", "586690"],
          ["9635037", "47330076", "425", "13", "1350", "0", "0", "0", "0", "reversedirection=yes highway=primary surface=asphalt estimated_traffic_class=6 smoothness=good cycleway:both=lane route_bicycle_ncn=yes route_bicycle_rcn=yes", "nodeaccessgranted=yes estimated_crossing_class=0", "5869", "586844"],
          ["9634961", "47330012", "425", "9", "1350", "0", "0", "20", "0", "reversedirection=yes highway=primary surface=asphalt estimated_traffic_class=6 smoothness=good cycleway:both=lane route_bicycle_ncn=yes route_bicycle_rcn=yes", "nodeaccessgranted=yes highway=traffic_signals traffic_signals:direction=backward direction=backward", "5870", "586954"],
          ["9634918", "47329976", "424", "5", "1350", "0", "0", "20", "0", "reversedirection=yes highway=primary surface=asphalt estimated_traffic_class=6 smoothness=good cycleway:both=lane route_bicycle_ncn=yes route_bicycle_rcn=yes", "nodeaccessgranted=yes highway=crossing estimated_crossing_class=0 crossing=traffic_signals bicycle=designated", "5871", "587013"],
          ["9634729", "47329820", "424", "22", "1350", "0", "0", "0", "0", "reversedirection=yes highway=primary surface=asphalt estimated_traffic_class=6 smoothness=good cycleway:both=lane route_bicycle_ncn=yes", "nodeaccessgranted=yes estimated_crossing_class=5", "5873", "587272"],
          ["9634659", "47329762", "424", "8", "1350", "0", "0", "20", "0", "reversedirection=yes highway=primary surface=asphalt estimated_traffic_class=6 smoothness=good cycleway:both=lane route_bicycle_ncn=yes", "nodeaccessgranted=yes highway=traffic_signals traffic_signals:direction=forward direction=forward", "5874", "587361"],
          ["9634568", "47329686", "424", "11", "1350", "0", "0", "0", "0", "reversedirection=yes highway=primary surface=asphalt estimated_traffic_class=6 smoothness=good cycleway:both=lane route_bicycle_ncn=yes", "nodeaccessgranted=yes estimated_crossing_class=0", "5876", "587488"],
          ["9634471", "47329607", "424", "11", "1350", "0", "0", "0", "0", "reversedirection=yes highway=primary surface=asphalt estimated_traffic_class=6 smoothness=good cycleway:both=lane route_bicycle_ncn=yes", "nodeaccessgranted=yes estimated_crossing_class=6", "5877", "587619"],
          ["9634320", "47329479", "424", "18", "1350", "0", "0", "0", "0", "reversedirection=yes highway=primary surface=asphalt estimated_traffic_class=6 smoothness=good cycleway:both=lane route_bicycle_ncn=yes", "nodeaccessgranted=yes estimated_crossing_class=6", "5879", "587842"],
          ["9634192", "47329370", "424", "16", "1350", "0", "0", "0", "0", "reversedirection=yes highway=primary surface=asphalt estimated_traffic_class=6 smoothness=good cycleway:both=lane route_bicycle_ncn=yes", "nodeaccessgranted=yes estimated_crossing_class=6", "5881", "588049"],
          ["9634122", "47329312", "424", "8", "1350", "0", "0", "0", "0", "reversedirection=yes highway=primary surface=asphalt estimated_traffic_class=6 smoothness=good cycleway:both=lane route_bicycle_ncn=yes", "nodeaccessgranted=yes estimated_crossing_class=6", "5882", "588155"],
          ["9633943", "47329161", "423", "22", "1350", "0", "0", "0", "0", "reversedirection=yes highway=primary surface=asphalt estimated_traffic_class=6 smoothness=good cycleway:both=lane route_bicycle_ncn=yes", "nodeaccessgranted=yes estimated_crossing_class=6", "5885", "588441"],
          ["9633800", "47329040", "423", "17", "1350", "0", "0", "0", "0", "reversedirection=yes highway=primary surface=asphalt estimated_traffic_class=6 smoothness=good cycleway:both=lane route_bicycle_ncn=yes", "nodeaccessgranted=yes estimated_crossing_class=6", "5887", "588650"],
          ["9633752", "47329000", "423", "6", "1350", "0", "0", "0", "0", "reversedirection=yes highway=primary surface=asphalt estimated_traffic_class=6 smoothness=good cycleway:both=lane route_bicycle_ncn=yes", "nodeaccessgranted=yes estimated_crossing_class=6", "5888", "588722"],
          ["9633665", "47328927", "423", "10", "1350", "0", "0", "0", "0", "reversedirection=yes highway=primary surface=asphalt estimated_traffic_class=6 smoothness=good cycleway:both=lane route_bicycle_ncn=yes", "nodeaccessgranted=yes highway=crossing estimated_crossing_class=6 crossing=unmarked", "5889", "588844"],
          ["9633438", "47328735", "423", "27", "1350", "0", "0", "0", "0", "reversedirection=yes highway=primary surface=asphalt estimated_traffic_class=6 smoothness=good cycleway:both=lane route_bicycle_ncn=yes", "nodeaccessgranted=yes estimated_crossing_class=6", "5893", "589192"],
          ["9633186", "47328523", "423", "30", "1350", "0", "0", "0", "0", "reversedirection=yes highway=primary surface=asphalt estimated_traffic_class=6 smoothness=good cycleway:both=lane route_bicycle_ncn=yes", "nodeaccessgranted=yes estimated_crossing_class=6", "5897", "589602"],
          ["9632961", "47328334", "422", "27", "1350", "0", "0", "0", "0", "reversedirection=yes highway=primary surface=asphalt estimated_traffic_class=6 smoothness=good cycleway:both=lane route_bicycle_ncn=yes", "nodeaccessgranted=yes estimated_crossing_class=6", "5900", "589969"],
          ["9632924", "47328302", "423", "5", "1350", "0", "0", "0", "0", "reversedirection=yes highway=primary surface=asphalt estimated_traffic_class=6 smoothness=good cycleway:both=lane route_bicycle_ncn=yes", "nodeaccessgranted=yes estimated_crossing_class=6", "5901", "590044"],
          ["9632469", "47327919", "423", "55", "1350", "0", "0", "0", "0", "reversedirection=yes highway=primary surface=asphalt estimated_traffic_class=6 smoothness=good cycleway:both=lane route_bicycle_ncn=yes", "nodeaccessgranted=yes estimated_crossing_class=0", "5910", "590887"],
          ["9632357", "47327824", "423", "14", "1350", "0", "0", "0", "0", "reversedirection=yes highway=primary surface=asphalt estimated_traffic_class=6 smoothness=good cycleway:both=lane route_bicycle_ncn=yes", "nodeaccessgranted=yes highway=crossing estimated_crossing_class=0 crossing=uncontrolled kerb=lowered", "5912", "591108"],
          ["9632283", "47327762", "423", "9", "1350", "0", "0", "0", "0", "reversedirection=yes highway=primary surface=asphalt estimated_traffic_class=6 smoothness=good cycleway:both=lane route_bicycle_ncn=yes", "nodeaccessgranted=yes estimated_crossing_class=0", "5913", "591250"],
          ["9632269", "47327751", "423", "2", "1350", "0", "0", "0", "0", "reversedirection=yes highway=primary surface=asphalt estimated_traffic_class=6 smoothness=good cycleway:both=lane route_bicycle_ncn=yes", "nodeaccessgranted=yes estimated_crossing_class=0", "5914", "591282"],
          ["9632029", "47327548", "422", "29", "1350", "0", "0", "0", "0", "reversedirection=yes highway=primary surface=asphalt estimated_traffic_class=6 smoothness=good cycleway:both=lane route_bicycle_ncn=yes", "nodeaccessgranted=yes estimated_crossing_class=6", "5918", "591722"],
          ["9631713", "47327282", "422", "38", "1350", "0", "0", "0", "0", "reversedirection=yes highway=primary surface=asphalt estimated_traffic_class=6 smoothness=good cycleway:both=lane route_bicycle_ncn=yes", "nodeaccessgranted=yes highway=crossing estimated_crossing_class=6 crossing=unmarked", "5923", "592230"],
          ["9631641", "47327221", "422", "9", "1350", "0", "0", "0", "0", "reversedirection=yes highway=primary surface=asphalt estimated_traffic_class=6 smoothness=good cycleway:both=lane route_bicycle_ncn=yes", "nodeaccessgranted=yes estimated_crossing_class=6", "5924", "592357"],
          ["9631483", "47327088", "422", "19", "1350", "0", "0", "0", "0", "reversedirection=yes highway=primary surface=asphalt estimated_traffic_class=6 smoothness=good cycleway:both=lane route_bicycle_ncn=yes", "nodeaccessgranted=yes estimated_crossing_class=6", "5927", "592629"],
          ["9631299", "47326933", "422", "22", "1350", "0", "0", "0", "0", "reversedirection=yes highway=primary surface=asphalt estimated_traffic_class=6 smoothness=good cycleway:both=lane route_bicycle_ncn=yes", "nodeaccessgranted=yes estimated_crossing_class=6", "5930", "592953"],
          ["9631200", "47326850", "422", "12", "1350", "0", "0", "0", "0", "reversedirection=yes highway=primary surface=asphalt estimated_traffic_class=6 smoothness=good cycleway:both=lane route_bicycle_ncn=yes", "nodeaccessgranted=yes highway=crossing estimated_crossing_class=6 crossing=unmarked", "5932", "593133"],
          ["9631081", "47326749", "422", "14", "1350", "0", "0", "0", "0", "reversedirection=yes highway=primary surface=asphalt estimated_traffic_class=6 smoothness=good cycleway:both=lane route_bicycle_ncn=yes", "nodeaccessgranted=yes estimated_crossing_class=6", "5934", "593374"],
          ["9630875", "47326576", "423", "25", "1350", "0", "0", "0", "0", "reversedirection=yes highway=primary surface=asphalt estimated_traffic_class=6 smoothness=good cycleway:both=lane route_bicycle_ncn=yes", "nodeaccessgranted=yes estimated_crossing_class=6", "5939", "593859"],
          ["9630698", "47326427", "422", "21", "1350", "0", "0", "0", "0", "reversedirection=yes highway=primary surface=asphalt estimated_traffic_class=6 smoothness=good cycleway:both=lane route_bicycle_ncn=yes", "nodeaccessgranted=yes estimated_crossing_class=6", "5943", "594231"],
          ["9630582", "47326329", "423", "14", "1350", "0", "0", "0", "0", "reversedirection=yes highway=primary surface=asphalt estimated_traffic_class=6 smoothness=good cycleway:both=lane route_bicycle_ncn=yes", "nodeaccessgranted=yes highway=crossing estimated_crossing_class=6 crossing=unmarked", "5946", "594492"],
          ["9630502", "47326261", "422", "10", "1350", "0", "0", "0", "0", "reversedirection=yes highway=primary surface=asphalt estimated_traffic_class=6 smoothness=good cycleway:both=lane route_bicycle_ncn=yes", "nodeaccessgranted=yes estimated_crossing_class=6", "5947", "594665"],
          ["9630418", "47326191", "422", "10", "1350", "0", "0", "0", "0", "reversedirection=yes highway=primary surface=asphalt estimated_traffic_class=6 smoothness=good cycleway:both=lane route_bicycle_ncn=yes", "nodeaccessgranted=yes estimated_crossing_class=6", "5949", "594827"],
          ["9630327", "47326114", "422", "11", "1350", "0", "0", "0", "0", "reversedirection=yes highway=primary surface=asphalt estimated_traffic_class=6 smoothness=good cycleway:both=lane route_bicycle_ncn=yes", "nodeaccessgranted=yes highway=crossing estimated_crossing_class=0 crossing=uncontrolled", "5951", "594986"],
          ["9630233", "47326031", "422", "12", "1350", "0", "0", "0", "0", "reversedirection=yes highway=primary surface=asphalt estimated_traffic_class=6 smoothness=good cycleway:both=lane route_bicycle_ncn=yes", "nodeaccessgranted=yes estimated_crossing_class=6", "5952", "595167"],
          ["9630106", "47325923", "422", "15", "1350", "0", "0", "0", "0", "reversedirection=yes highway=primary surface=asphalt estimated_traffic_class=6 smoothness=good cycleway:both=lane route_bicycle_ncn=yes", "nodeaccessgranted=yes estimated_crossing_class=6", "5955", "595434"],
          ["9629965", "47325807", "423", "17", "1350", "0", "0", "0", "0", "reversedirection=yes highway=primary surface=asphalt estimated_traffic_class=6 smoothness=good cycleway:both=lane route_bicycle_ncn=yes", "nodeaccessgranted=yes estimated_crossing_class=6", "5958", "595749"],
          ["9629494", "47325408", "423", "57", "1350", "0", "0", "0", "0", "reversedirection=yes highway=primary surface=asphalt estimated_traffic_class=6 smoothness=good cycleway:both=lane route_bicycle_ncn=yes", "nodeaccessgranted=yes estimated_crossing_class=6", "5969", "596788"],
          ["9629347", "47325284", "423", "18", "1350", "0", "0", "0", "0", "reversedirection=yes highway=primary surface=asphalt estimated_traffic_class=6 smoothness=good cycleway:both=lane route_bicycle_ncn=yes", "nodeaccessgranted=yes estimated_crossing_class=6", "5972", "597107"],
          ["9629184", "47325147", "423", "20", "1350", "0", "0", "0", "0", "reversedirection=yes highway=primary surface=asphalt estimated_traffic_class=6 smoothness=good cycleway:both=lane route_bicycle_ncn=yes", "nodeaccessgranted=yes estimated_crossing_class=6", "5975", "597459"],
          ["9628919", "47324925", "423", "32", "1350", "0", "0", "0", "0", "reversedirection=yes highway=primary surface=asphalt estimated_traffic_class=6 smoothness=good cycleway:both=lane route_bicycle_ncn=yes", "nodeaccessgranted=yes estimated_crossing_class=6", "5982", "598086"],
          ["9628512", "47324584", "424", "49", "1350", "0", "0", "0", "0", "reversedirection=yes highway=primary surface=asphalt estimated_traffic_class=6 smoothness=good cycleway:both=lane route_bicycle_ncn=yes", "nodeaccessgranted=yes estimated_crossing_class=6", "5992", "599106"],
          ["9628219", "47324334", "424", "36", "1350", "0", "0", "0", "0", "reversedirection=yes highway=primary surface=asphalt estimated_traffic_class=6 smoothness=good cycleway:both=lane route_bicycle_ncn=yes", "nodeaccessgranted=yes estimated_crossing_class=6", "5999", "599800"],
          ["9628139", "47324266", "424", "10", "1350", "0", "0", "0", "0", "reversedirection=yes highway=primary surface=asphalt estimated_traffic_class=6 smoothness=good cycleway:both=lane route_bicycle_ncn=yes", "nodeaccessgranted=yes estimated_crossing_class=6", "6001", "599988"],
          ["9627843", "47324021", "424", "35", "1350", "0", "0", "0", "0", "reversedirection=yes highway=primary surface=asphalt estimated_traffic_class=6 smoothness=good cycleway:both=lane route_bicycle_ncn=yes", "nodeaccessgranted=yes estimated_crossing_class=6", "6007", "600629"],
          ["9627316", "47323629", "425", "59", "1350", "0", "0", "0", "0", "reversedirection=yes highway=primary surface=asphalt estimated_traffic_class=6 smoothness=good cycleway:both=lane route_bicycle_ncn=yes", "nodeaccessgranted=yes estimated_crossing_class=6", "6019", "601781"],
          ["9627219", "47323559", "425", "11", "1350", "0", "0", "0", "0", "reversedirection=yes highway=primary surface=asphalt estimated_traffic_class=6 smoothness=good cycleway:both=lane route_bicycle_ncn=yes", "nodeaccessgranted=yes estimated_crossing_class=6", "6021", "602052"],
          ["9624445", "47322116", "429", "264", "1290", "0", "0", "0", "0", "reversedirection=yes highway=primary surface=asphalt estimated_traffic_class=5 smoothness=good cycleway:both=lane route_bicycle_ncn=yes", "nodeaccessgranted=yes estimated_crossing_class=5", "6084", "608380"],
          ["9623755", "47320664", "427", "174", "1290", "0", "0", "0", "0", "reversedirection=yes highway=primary surface=asphalt estimated_traffic_class=5 smoothness=good cycleway:both=lane route_bicycle_ncn=yes", "nodeaccessgranted=yes estimated_crossing_class=5", "6118", "611714"],
          ["9623714", "47320405", "427", "29", "1290", "0", "0", "0", "0", "reversedirection=yes highway=primary surface=asphalt estimated_traffic_class=5 smoothness=good cycleway:both=lane route_bicycle_ncn=yes", "nodeaccessgranted=yes estimated_crossing_class=4", "6122", "612116"],
          ["9623262", "47319524", "427", "104", "1290", "0", "0", "0", "0", "reversedirection=yes highway=primary surface=asphalt estimated_traffic_class=5 smoothness=good cycleway:both=lane route_bicycle_ncn=yes", "nodeaccessgranted=yes estimated_crossing_class=4", "6137", "613670"],
          ["9623010", "47319232", "427", "38", "1290", "0", "0", "0", "0", "reversedirection=yes highway=primary surface=asphalt estimated_traffic_class=5 smoothness=good cycleway:both=lane route_bicycle_ncn=yes", "nodeaccessgranted=yes estimated_crossing_class=6", "6143", "614283"],
          ["9622225", "47318388", "428", "111", "1350", "0", "0", "0", "0", "reversedirection=yes highway=primary surface=asphalt estimated_traffic_class=6 smoothness=excellent cycleway:both=lane route_bicycle_ncn=yes", "nodeaccessgranted=yes estimated_crossing_class=6", "6165", "616442"],
          ["9621460", "47317551", "429", "110", "1350", "0", "0", "0", "0", "reversedirection=yes highway=primary surface=asphalt estimated_traffic_class=6 smoothness=excellent cycleway:both=lane route_bicycle_ncn=yes", "nodeaccessgranted=yes estimated_crossing_class=6", "6188", "618739"],
          ["9621398", "47317484", "429", "9", "1350", "0", "0", "0", "0", "reversedirection=yes highway=primary surface=asphalt estimated_traffic_class=6 smoothness=excellent cycleway:both=lane route_bicycle_ncn=yes", "nodeaccessgranted=yes estimated_crossing_class=6", "6190", "618908"],
          ["9621371", "47317454", "429", "4", "1350", "0", "0", "0", "0", "reversedirection=yes highway=primary surface=asphalt estimated_traffic_class=6 smoothness=excellent cycleway:both=lane route_bicycle_ncn=yes", "nodeaccessgranted=yes estimated_crossing_class=6", "6190", "618983"],
          ["9621114", "47317174", "429", "37", "1350", "0", "0", "0", "0", "reversedirection=yes highway=primary surface=asphalt estimated_traffic_class=6 smoothness=excellent cycleway:both=lane route_bicycle_ncn=yes", "nodeaccessgranted=yes estimated_crossing_class=6", "6197", "619661"],
          ["9620867", "47316892", "429", "36", "1350", "0", "0", "0", "0", "reversedirection=yes highway=primary surface=asphalt estimated_traffic_class=6 smoothness=excellent cycleway:both=lane route_bicycle_ncn=yes", "nodeaccessgranted=yes estimated_crossing_class=6", "6205", "620427"],
          ["9620688", "47316658", "430", "29", "1350", "0", "0", "0", "0", "reversedirection=yes highway=primary surface=asphalt estimated_traffic_class=6 smoothness=excellent cycleway:both=lane route_bicycle_ncn=yes", "nodeaccessgranted=yes estimated_crossing_class=6", "6211", "621041"],
          ["9620665", "47316625", "430", "4", "1350", "0", "0", "0", "0", "reversedirection=yes highway=primary surface=asphalt estimated_traffic_class=6 smoothness=excellent cycleway:both=lane route_bicycle_ncn=yes", "nodeaccessgranted=yes estimated_crossing_class=6", "6212", "621123"],
          ["9620533", "47316429", "430", "24", "1350", "0", "0", "0", "0", "reversedirection=yes highway=primary surface=asphalt estimated_traffic_class=6 smoothness=excellent cycleway:both=lane route_bicycle_ncn=yes", "nodeaccessgranted=yes highway=crossing estimated_crossing_class=0 crossing=marked", "6217", "621600"],
          ["9620347", "47316113", "429", "38", "1350", "0", "0", "0", "0", "reversedirection=yes highway=primary surface=asphalt estimated_traffic_class=6 smoothness=excellent cycleway:both=lane route_bicycle_ncn=yes", "nodeaccessgranted=yes estimated_crossing_class=6", "6223", "622282"],
          ["9620237", "47315900", "430", "25", "1350", "0", "0", "0", "0", "reversedirection=yes highway=primary surface=asphalt estimated_traffic_class=6 smoothness=excellent cycleway:both=lane route_bicycle_ncn=yes", "nodeaccessgranted=yes estimated_crossing_class=6", "6229", "622847"],
          ["9620170", "47315755", "431", "17", "1350", "0", "0", "0", "0", "reversedirection=yes highway=primary surface=asphalt estimated_traffic_class=6 smoothness=excellent cycleway:both=lane route_bicycle_ncn=yes", "nodeaccessgranted=yes estimated_crossing_class=6", "6233", "623234"],
          ["9620046", "47315424", "431", "38", "1350", "0", "0", "0", "0", "reversedirection=yes highway=primary surface=asphalt estimated_traffic_class=6 smoothness=excellent cycleway:both=lane route_bicycle_ncn=yes", "nodeaccessgranted=yes estimated_crossing_class=6", "6241", "624039"],
          ["9619926", "47314982", "431", "50", "1350", "0", "0", "0", "0", "reversedirection=yes highway=primary surface=asphalt estimated_traffic_class=6 smoothness=excellent cycleway:both=lane route_bicycle_ncn=yes", "nodeaccessgranted=yes estimated_crossing_class=6", "6251", "625014"],
          ["9619882", "47314737", "431", "27", "1350", "0", "0", "0", "0", "reversedirection=yes highway=primary surface=asphalt estimated_traffic_class=6 smoothness=excellent cycleway:both=lane route_bicycle_ncn=yes", "nodeaccessgranted=yes estimated_crossing_class=6", "6257", "625617"],
          ["9619855", "47314425", "432", "35", "1350", "0", "0", "0", "0", "reversedirection=yes highway=primary surface=asphalt estimated_traffic_class=6 smoothness=excellent cycleway:both=lane route_bicycle_ncn=yes", "nodeaccessgranted=yes estimated_crossing_class=6", "6265", "626386"],
          ["9619852", "47314358", "432", "7", "1350", "0", "0", "0", "0", "reversedirection=yes highway=primary surface=asphalt estimated_traffic_class=6 smoothness=excellent cycleway:both=lane route_bicycle_ncn=yes", "nodeaccessgranted=yes estimated_crossing_class=6", "6266", "626532"],
          ["9619848", "47314263", "432", "11", "1350", "0", "0", "0", "0", "reversedirection=yes highway=primary surface=asphalt estimated_traffic_class=6 smoothness=excellent cycleway:both=lane route_bicycle_ncn=yes", "nodeaccessgranted=yes estimated_crossing_class=6", "6268", "626757"],
          ["9619844", "47314179", "432", "9", "1350", "0", "0", "0", "0", "reversedirection=yes highway=primary surface=asphalt estimated_traffic_class=6 smoothness=excellent cycleway:both=lane route_bicycle_ncn=yes", "nodeaccessgranted=yes estimated_crossing_class=6", "6270", "626938"],
          ["9619845", "47313925", "432", "28", "1350", "0", "0", "0", "0", "reversedirection=yes highway=primary surface=asphalt estimated_traffic_class=6 smoothness=excellent cycleway:both=lane route_bicycle_ncn=yes", "nodeaccessgranted=yes estimated_crossing_class=6", "6277", "627594"],
          ["9619852", "47313681", "433", "27", "1350", "0", "0", "0", "0", "reversedirection=yes highway=primary surface=asphalt estimated_traffic_class=6 smoothness=excellent cycleway:both=lane route_bicycle_ncn=yes", "nodeaccessgranted=yes estimated_crossing_class=6", "6283", "628254"],
          ["9619858", "47313511", "433", "19", "1350", "0", "0", "0", "0", "reversedirection=yes highway=primary surface=asphalt estimated_traffic_class=6 smoothness=excellent cycleway:both=lane route_bicycle_ncn=yes", "nodeaccessgranted=yes estimated_crossing_class=6", "6287", "628683"],
          ["9619881", "47313123", "433", "43", "1350", "0", "0", "0", "0", "reversedirection=yes highway=primary surface=asphalt estimated_traffic_class=6 smoothness=excellent cycleway:both=lane route_bicycle_ncn=yes", "nodeaccessgranted=yes estimated_crossing_class=6", "6298", "629691"],
          ["9619809", "47313133", "433", "6", "1200", "0", "111", "0", "0", "highway=residential surface=asphalt smoothness=good cycleway:both=no route_bicycle_ncn=yes", "nodeaccessgranted=yes highway=crossing crossing=unmarked", "6299", "629813"],
          ["9619810", "47312604", "434", "59", "1300", "0", "92", "0", "0", "highway=cycleway surface=asphalt foot=designated bicycle=designated smoothness=excellent oneway=yes oneway:bicycle=yes route_bicycle_ncn=yes", "nodeaccessgranted=yes highway=crossing crossing=unmarked", "6311", "631081"],
          ["9619822", "47312416", "434", "21", "1300", "0", "0", "0", "0", "highway=cycleway surface=asphalt foot=designated bicycle=designated smoothness=excellent oneway=yes oneway:bicycle=yes route_bicycle_ncn=yes", "nodeaccessgranted=yes highway=crossing crossing=unmarked", "6316", "631495"],
          ["9619837", "47312202", "434", "24", "1300", "0", "0", "0", "0", "highway=cycleway surface=asphalt foot=designated bicycle=designated smoothness=excellent oneway=yes oneway:bicycle=yes route_bicycle_ncn=yes", "nodeaccessgranted=yes highway=crossing crossing=unmarked kerb=flush", "6320", "631983"],
          ["9619841", "47312139", "434", "7", "1300", "0", "0", "0", "0", "highway=cycleway surface=asphalt foot=designated bicycle=designated smoothness=excellent oneway=yes oneway:bicycle=yes route_bicycle_ncn=yes", "nodeaccessgranted=yes highway=crossing crossing=unmarked", "6322", "632131"],
          ["9619762", "47311445", "435", "82", "1300", "0", "20", "0", "0", "highway=cycleway surface=asphalt foot=designated bicycle=designated smoothness=excellent oneway=yes oneway:bicycle=yes route_bicycle_ncn=yes", "", "6340", "633915"],
          ["9619761", "47311406", "435", "4", "1300", "0", "50", "0", "0", "highway=cycleway surface=asphalt foot=designated bicycle=designated smoothness=good cycleway=crossing oneway=no route_bicycle_ncn=yes", "nodeaccessgranted=yes highway=crossing crossing=marked bicycle=yes foot=yes", "6341", "633993"],
          ["9619760", "47311338", "435", "8", "1300", "0", "0", "0", "0", "highway=cycleway surface=asphalt foot=designated bicycle=designated smoothness=good cycleway=crossing oneway=no route_bicycle_ncn=yes", "nodeaccessgranted=yes highway=crossing crossing=marked bicycle=yes foot=yes", "6342", "634147"],
          ["9619760", "47311308", "435", "3", "1300", "0", "0", "0", "0", "highway=cycleway surface=asphalt foot=designated bicycle=designated smoothness=good cycleway=crossing oneway=no route_bicycle_ncn=yes", "", "6343", "634205"],
          ["9619903", "47311175", "435", "19", "1300", "0", "64", "0", "0", "highway=cycleway surface=asphalt foot=designated bicycle=designated smoothness=good route_bicycle_ncn=yes", "", "6346", "634574"],
          ["9620043", "47308975", "436", "245", "1300", "0", "1", "0", "0", "highway=cycleway surface=asphalt foot=designated bicycle=designated smoothness=excellent route_bicycle_ncn=yes", "", "6396", "639580"],
          ["9620050", "47308833", "436", "16", "1300", "0", "0", "0", "0", "highway=cycleway surface=asphalt foot=designated bicycle=designated smoothness=good route_bicycle_ncn=yes", "", "6399", "639877"],
          ["9620185", "47306561", "437", "253", "1300", "0", "3", "0", "0", "highway=cycleway surface=asphalt foot=designated bicycle=designated smoothness=excellent route_bicycle_ncn=yes", "nodeaccessgranted=yes highway=crossing crossing=marked bicycle=yes", "6446", "644528"],
          ["9620303", "47305071", "439", "166", "1300", "0", "2", "0", "0", "highway=cycleway surface=asphalt foot=designated bicycle=designated smoothness=excellent route_bicycle_ncn=yes", "", "6481", "648022"],
          ["9620343", "47304080", "441", "110", "1200", "0", "0", "0", "0", "highway=path surface=asphalt foot=designated bicycle=designated smoothness=excellent route_bicycle_rcn=yes", "", "6508", "650784"],
          ["9621394", "47298272", "447", "663", "1200", "0", "49", "0", "0", "highway=path surface=asphalt foot=designated bicycle=designated smoothness=excellent", "", "6647", "664612"],
          ["9621172", "47297764", "447", "60", "1200", "0", "2", "0", "0", "highway=path surface=asphalt foot=designated bicycle=designated smoothness=good", "", "6665", "666449"],
          ["9620910", "47297340", "447", "51", "1200", "0", "0", "0", "0", "highway=path surface=concrete foot=designated bicycle=designated smoothness=excellent", "", "6675", "667456"],
          ["9620877", "47297275", "448", "8", "1200", "0", "0", "0", "0", "highway=path surface=asphalt foot=designated bicycle=designated smoothness=excellent", "", "6677", "667668"],
          ["9620537", "47296766", "447", "64", "1200", "0", "5", "0", "0", "highway=path surface=asphalt foot=designated bicycle=designated smoothness=good", "highway=crossing crossing=marked bicycle=yes kerb=flush", "6692", "669169"],
          ["9618015", "47280884", "445", "1792", "1200", "0", "0", "0", "0", "highway=path surface=asphalt foot=designated bicycle=designated smoothness=excellent", "", "6984", "698335"],
          ["9617827", "47280767", "445", "19", "1200", "0", "18", "0", "0", "highway=path surface=asphalt foot=designated bicycle=designated smoothness=good", "highway=crossing crossing=uncontrolled bicycle=yes foot=yes", "6987", "698658"],
          ["9617876", "47280443", "445", "37", "1200", "0", "16", "0", "0", "highway=path surface=asphalt foot=designated bicycle=designated smoothness=good", "", "6993", "699276"],
          ["9617543", "47279199", "445", "140", "1200", "0", "2", "0", "0", "highway=path surface=asphalt foot=designated bicycle=designated smoothness=excellent", "kerb=flush", "7017", "701643"],
          ["9616722", "47276115", "445", "349", "1200", "0", "0", "0", "0", "highway=path surface=asphalt foot=designated bicycle=designated smoothness=excellent", "kerb=flush", "7076", "707515"],
          ["9615856", "47273623", "444", "286", "1200", "0", "0", "0", "0", "highway=path surface=asphalt foot=designated bicycle=designated smoothness=excellent", "highway=crossing crossing=marked bicycle=yes", "7121", "712091"],
          ["9615589", "47272953", "444", "77", "1200", "0", "0", "0", "0", "highway=path surface=asphalt foot=designated bicycle=designated smoothness=excellent", "highway=crossing crossing=marked bicycle=yes kerb=flush", "7133", "713285"],
          ["9615334", "47271705", "444", "140", "1200", "0", "0", "0", "0", "highway=path surface=asphalt foot=designated bicycle=designated smoothness=excellent", "", "7157", "715638"],
          ["9615191", "47271515", "444", "24", "1200", "0", "14", "0", "0", "highway=path surface=asphalt foot=designated bicycle=designated smoothness=excellent oneway=no", "highway=crossing estimated_crossing_class=0 crossing=uncontrolled bicycle=yes", "7161", "716042"],
          ["9615189", "47271458", "444", "6", "1200", "0", "0", "0", "0", "highway=path surface=asphalt foot=designated bicycle=designated smoothness=excellent oneway=no", "highway=crossing estimated_crossing_class=0 crossing=uncontrolled bicycle=yes", "7162", "716151"],
          ["9615187", "47271415", "444", "5", "1200", "0", "0", "0", "0", "highway=path surface=asphalt foot=designated bicycle=designated smoothness=excellent oneway=no", "highway=crossing estimated_crossing_class=0 crossing=uncontrolled bicycle=yes", "7163", "716242"],
          ["9615333", "47271401", "444", "11", "1250", "0", "80", "0", "0", "highway=secondary surface=asphalt estimated_traffic_class=6 foot=yes smoothness=excellent oneway=yes cycleway:right=no", "highway=give_way direction=forward", "7165", "716454"],
          ["9615398", "47271402", "444", "5", "1250", "0", "1", "0", "0", "highway=secondary surface=asphalt estimated_traffic_class=6 foot=yes smoothness=excellent oneway=yes cycleway:right=no", "", "7166", "716550"],
          ["9615411", "47271390", "444", "2", "1350", "0", "0", "0", "0", "highway=primary surface=asphalt estimated_traffic_class=6 smoothness=excellent junction=roundabout cycleway:right=no", "", "7166", "716587"],
          ["9615420", "47271243", "444", "17", "1350", "0", "17", "0", "0", "highway=primary surface=asphalt estimated_traffic_class=6 foot=yes smoothness=excellent oneway=yes cycleway:right=no", "highway=crossing estimated_crossing_class=0 crossing=uncontrolled bicycle=yes", "7169", "716878"],
          ["9615440", "47271017", "444", "26", "1350", "0", "1", "0", "0", "highway=primary surface=asphalt estimated_traffic_class=6 foot=yes smoothness=excellent oneway=yes cycleway:right=no", "", "7173", "717283"],
          ["9615370", "47270688", "444", "37", "1350", "0", "3", "0", "0", "reversedirection=yes highway=primary surface=asphalt estimated_traffic_class=6 smoothness=good cycleway:both=no", "estimated_crossing_class=6", "7179", "717872"],
          ["9615337", "47270483", "444", "23", "1350", "0", "0", "0", "0", "reversedirection=yes highway=primary surface=asphalt estimated_traffic_class=6 smoothness=good cycleway:both=no", "highway=crossing estimated_crossing_class=0 crossing=uncontrolled bicycle=yes", "7183", "718242"],
          ["9615334", "47270429", "444", "6", "1350", "0", "0", "0", "0", "reversedirection=yes highway=primary surface=asphalt estimated_traffic_class=6 smoothness=good cycleway:both=no", "", "7184", "718340"],
          ["9615334", "47269916", "444", "57", "1350", "0", "0", "0", "0", "reversedirection=yes highway=primary surface=asphalt estimated_traffic_class=6 smoothness=good cycleway:both=separate", "estimated_crossing_class=6", "7193", "719273"],
          ["9615353", "47269526", "443", "43", "1350", "0", "0", "0", "0", "reversedirection=yes highway=primary surface=asphalt estimated_traffic_class=6 smoothness=good cycleway:both=lane", "estimated_crossing_class=6", "7200", "719961"],
          ["9615355", "47269193", "443", "37", "1350", "0", "0", "0", "0", "reversedirection=yes highway=primary surface=asphalt estimated_traffic_class=6 smoothness=good cycleway:both=lane", "estimated_crossing_class=0", "7206", "720550"],
          ["9615303", "47268264", "444", "103", "1350", "0", "0", "0", "0", "reversedirection=yes highway=primary surface=asphalt estimated_traffic_class=6 smoothness=good cycleway:both=lane", "estimated_crossing_class=6", "7224", "722304"],
          ["9615283", "47268030", "443", "26", "1350", "0", "0", "0", "0", "reversedirection=yes highway=primary surface=asphalt estimated_traffic_class=6 smoothness=good cycleway:both=lane", "estimated_crossing_class=6", "7228", "722719"],
          ["9615242", "47267605", "443", "47", "1350", "0", "0", "0", "0", "reversedirection=yes highway=primary surface=asphalt estimated_traffic_class=6 smoothness=good cycleway:both=lane", "estimated_crossing_class=6", "7235", "723481"],
          ["9615237", "47267551", "443", "6", "1350", "0", "0", "0", "0", "reversedirection=yes highway=primary surface=asphalt estimated_traffic_class=6 smoothness=good cycleway:both=lane", "estimated_crossing_class=6", "7236", "723579"],
          ["9615227", "47267463", "443", "10", "1350", "0", "0", "0", "0", "reversedirection=yes highway=primary surface=asphalt estimated_traffic_class=6 smoothness=good cycleway:both=lane", "estimated_crossing_class=6", "7238", "723742"],
          ["9615221", "47267393", "443", "8", "1350", "0", "0", "0", "0", "reversedirection=yes highway=primary surface=asphalt estimated_traffic_class=6 smoothness=good cycleway:both=lane", "estimated_crossing_class=6", "7239", "723874"],
          ["9615158", "47266525", "443", "97", "1350", "0", "0", "20", "0", "reversedirection=yes highway=primary surface=asphalt estimated_traffic_class=6 smoothness=good cycleway:both=lane", "highway=crossing estimated_crossing_class=0 crossing=traffic_signals", "7254", "725320"],
          ["9615144", "47266387", "443", "15", "1350", "0", "0", "20", "0", "reversedirection=yes highway=primary surface=asphalt estimated_traffic_class=6 smoothness=good cycleway:both=lane", "highway=traffic_signals estimated_crossing_class=0", "7256", "725549"],
          ["9615132", "47266261", "443", "14", "1290", "0", "0", "20", "0", "reversedirection=yes highway=primary surface=asphalt estimated_traffic_class=5 smoothness=good cycleway:both=lane", "highway=crossing estimated_crossing_class=0 crossing=traffic_signals", "7258", "725780"],
          ["9615121", "47266009", "443", "28", "1290", "0", "0", "0", "0", "reversedirection=yes highway=primary surface=asphalt estimated_traffic_class=5 smoothness=good cycleway:both=lane", "estimated_crossing_class=4", "7264", "726302"],
          ["9615118", "47265815", "443", "22", "1290", "0", "0", "0", "0", "reversedirection=yes highway=primary surface=asphalt estimated_traffic_class=5 smoothness=good cycleway:both=lane", "highway=crossing estimated_crossing_class=5 crossing=unmarked", "7267", "726679"],
          ["9615106", "47265588", "443", "25", "1290", "0", "0", "0", "0", "reversedirection=yes highway=primary surface=asphalt estimated_traffic_class=5 smoothness=good cycleway:both=lane", "highway=crossing estimated_crossing_class=5 crossing=unmarked", "7272", "727105"],
          ["9615104", "47265540", "443", "5", "1290", "0", "0", "0", "0", "reversedirection=yes highway=primary surface=asphalt estimated_traffic_class=5 smoothness=good cycleway:both=lane", "estimated_crossing_class=5", "7272", "727190"],
          ["9615101", "47265492", "443", "5", "1290", "0", "0", "0", "0", "reversedirection=yes highway=primary surface=asphalt estimated_traffic_class=5 smoothness=good cycleway:both=lane", "highway=crossing estimated_crossing_class=5 crossing=unmarked", "7273", "727270"],
          ["9615094", "47265328", "443", "18", "1290", "0", "0", "0", "0", "reversedirection=yes highway=primary surface=asphalt estimated_traffic_class=5 smoothness=good cycleway:both=lane", "estimated_crossing_class=5", "7276", "727542"],
          ["9615088", "47265180", "443", "16", "1290", "0", "0", "0", "0", "reversedirection=yes highway=primary surface=asphalt estimated_traffic_class=5 smoothness=good cycleway:both=lane", "highway=crossing estimated_crossing_class=5 crossing=unmarked", "7278", "727787"],
          ["9615083", "47265083", "443", "11", "1290", "0", "0", "0", "0", "reversedirection=yes highway=primary surface=asphalt estimated_traffic_class=5 smoothness=good cycleway:both=lane", "estimated_crossing_class=5", "7280", "727958"],
          ["9615073", "47264845", "443", "26", "1290", "0", "0", "0", "0", "reversedirection=yes highway=primary surface=asphalt estimated_traffic_class=5 smoothness=good cycleway:both=lane", "estimated_crossing_class=5", "7284", "728367"],
          ["9615067", "47264718", "443", "14", "1290", "0", "0", "0", "0", "reversedirection=yes highway=primary surface=asphalt estimated_traffic_class=5 smoothness=good cycleway:both=lane", "estimated_crossing_class=5", "7286", "728590"],
          ["9615051", "47264313", "443", "45", "1290", "0", "0", "0", "0", "reversedirection=yes highway=primary surface=asphalt estimated_traffic_class=5 smoothness=good cycleway:both=lane", "estimated_crossing_class=5", "7294", "729316"],
          ["9615049", "47264273", "443", "4", "1290", "0", "0", "0", "0", "reversedirection=yes highway=primary surface=asphalt estimated_traffic_class=5 smoothness=good cycleway:both=lane", "estimated_crossing_class=5", "7294", "729381"],
          ["9615044", "47264125", "443", "16", "1290", "0", "0", "0", "0", "reversedirection=yes highway=primary surface=asphalt estimated_traffic_class=5 smoothness=good cycleway:both=lane", "estimated_crossing_class=5", "7297", "729642"],
          ["9615041", "47264051", "443", "8", "1290", "0", "0", "0", "0", "reversedirection=yes highway=primary surface=asphalt estimated_traffic_class=5 smoothness=good cycleway:both=lane", "estimated_crossing_class=5", "7298", "729773"],
          ["9615034", "47263879", "443", "19", "1290", "0", "0", "0", "0", "reversedirection=yes highway=primary surface=asphalt estimated_traffic_class=5 smoothness=good cycleway:both=lane", "estimated_crossing_class=5", "7301", "730085"],
          ["9615026", "47263706", "443", "19", "1290", "0", "0", "0", "0", "reversedirection=yes highway=primary surface=asphalt estimated_traffic_class=5 smoothness=good cycleway:both=lane", "estimated_crossing_class=5", "7305", "730399"],
          ["9615024", "47263676", "443", "3", "1290", "0", "0", "0", "0", "reversedirection=yes highway=primary surface=asphalt estimated_traffic_class=5 smoothness=good cycleway:both=lane", "estimated_crossing_class=5", "7305", "730448"],
          ["9615009", "47263348", "443", "36", "1290", "0", "0", "0", "0", "reversedirection=yes highway=primary surface=asphalt estimated_traffic_class=5 smoothness=good cycleway:both=lane", "estimated_crossing_class=5", "7311", "731045"],
          ["9614994", "47262853", "443", "55", "1290", "0", "0", "0", "0", "reversedirection=yes highway=primary surface=asphalt estimated_traffic_class=5 smoothness=good cycleway:both=lane", "highway=crossing estimated_crossing_class=4 crossing=unmarked", "7320", "731961"],
          ["9614999", "47262772", "443", "9", "1290", "0", "0", "0", "0", "reversedirection=yes highway=primary surface=asphalt estimated_traffic_class=5 smoothness=good cycleway:both=lane", "estimated_crossing_class=4", "7322", "732111"],
          ["9615003", "47262718", "443", "6", "1290", "0", "0", "0", "0", "reversedirection=yes highway=primary surface=asphalt estimated_traffic_class=5 smoothness=good cycleway:both=lane", "highway=crossing estimated_crossing_class=4 crossing=unmarked", "7323", "732211"],
          ["9615049", "47262332", "443", "43", "1290", "0", "0", "0", "0", "reversedirection=yes highway=primary surface=asphalt estimated_traffic_class=5 smoothness=good cycleway:both=lane", "estimated_crossing_class=4", "7330", "732930"],
          ["9615070", "47262239", "443", "10", "1290", "0", "0", "0", "0", "reversedirection=yes highway=primary surface=asphalt estimated_traffic_class=5 smoothness=good cycleway:both=lane", "estimated_crossing_class=4", "7332", "733098"],
          ["9615077", "47262200", "443", "4", "1290", "0", "0", "0", "0", "reversedirection=yes highway=primary surface=asphalt estimated_traffic_class=5 smoothness=good cycleway:both=lane", "estimated_crossing_class=4", "7332", "733169"],
          ["9615155", "47261849", "443", "39", "1290", "0", "0", "0", "0", "reversedirection=yes highway=primary surface=asphalt estimated_traffic_class=5 smoothness=good cycleway:both=lane", "estimated_crossing_class=4", "7340", "733900"],
          ["9615166", "47261769", "443", "9", "1290", "0", "0", "0", "0", "reversedirection=yes highway=primary surface=asphalt estimated_traffic_class=5 smoothness=good cycleway:both=lane", "estimated_crossing_class=4", "7341", "734076"],
          ["9615189", "47261615", "444", "17", "1290", "0", "0", "0", "0", "reversedirection=yes highway=primary surface=asphalt estimated_traffic_class=5 smoothness=good cycleway:both=lane", "estimated_crossing_class=0", "7345", "734424"],
          ["9615201", "47261539", "444", "8", "1290", "0", "0", "0", "0", "reversedirection=yes highway=primary surface=asphalt estimated_traffic_class=5 smoothness=good cycleway:both=lane", "estimated_crossing_class=0", "7346", "734584"],
          ["9615210", "47261478", "444", "7", "1290", "0", "0", "20", "0", "reversedirection=yes highway=primary surface=asphalt estimated_traffic_class=5 smoothness=good cycleway:both=lane", "highway=traffic_signals traffic_signals:direction=backward", "7348", "734722"],
          ["9615214", "47261439", "444", "4", "1290", "0", "0", "20", "0", "reversedirection=yes highway=primary surface=asphalt estimated_traffic_class=5 smoothness=good cycleway:both=lane", "highway=crossing estimated_crossing_class=0 crossing=traffic_signals bicycle=yes kerb=lowered", "7349", "734801"],
          ["9615217", "47261355", "444", "9", "1290", "0", "0", "0", "0", "reversedirection=yes highway=primary surface=asphalt estimated_traffic_class=5 smoothness=good cycleway:both=lane", "estimated_crossing_class=0", "7350", "734975"],
          ["9615218", "47261249", "444", "12", "1290", "0", "0", "0", "0", "reversedirection=yes highway=primary surface=asphalt estimated_traffic_class=5 smoothness=good cycleway:both=lane", "estimated_crossing_class=0", "7353", "735204"],
          ["9615219", "47261137", "443", "12", "1290", "0", "0", "20", "0", "reversedirection=yes highway=primary surface=asphalt estimated_traffic_class=5 smoothness=good cycleway:both=lane", "highway=crossing estimated_crossing_class=0 crossing=traffic_signals kerb=lowered", "7355", "735416"],
          ["9615220", "47261116", "444", "2", "1290", "0", "0", "20", "0", "reversedirection=yes highway=primary surface=asphalt estimated_traffic_class=5 smoothness=good cycleway:both=lane", "highway=traffic_signals traffic_signals:direction=forward", "7355", "735454"],
          ["9615222", "47261011", "444", "12", "1290", "0", "0", "0", "0", "reversedirection=yes highway=primary surface=asphalt estimated_traffic_class=5 smoothness=good cycleway:both=lane", "estimated_crossing_class=3", "7357", "735678"],
          ["9615228", "47260694", "444", "35", "1290", "0", "0", "0", "0", "reversedirection=yes highway=primary surface=asphalt estimated_traffic_class=5 smoothness=good cycleway:both=lane", "", "7365", "736398"],
          ["9615227", "47260487", "444", "23", "1290", "0", "0", "0", "0", "reversedirection=yes highway=primary surface=asphalt estimated_traffic_class=5 smoothness=good cycleway:right=lane cycleway:left=lane", "estimated_crossing_class=4", "7369", "736876"],
          ["9615227", "47260466", "445", "2", "1290", "0", "0", "0", "0", "reversedirection=yes highway=primary surface=asphalt estimated_traffic_class=5 smoothness=good cycleway:right=lane cycleway:left=lane", "highway=crossing estimated_crossing_class=4 crossing=unmarked", "7370", "736920"],
          ["9615219", "47260359", "445", "12", "1290", "0", "0", "0", "0", "reversedirection=yes highway=primary surface=asphalt estimated_traffic_class=5 smoothness=good cycleway:right=lane cycleway:left=lane", "estimated_crossing_class=4", "7372", "737176"],
          ["9615182", "47260135", "445", "25", "1290", "0", "0", "0", "0", "reversedirection=yes highway=primary surface=asphalt estimated_traffic_class=5 smoothness=good cycleway:right=lane cycleway:left=lane", "", "7377", "737689"],
          ["9615125", "47259933", "445", "23", "1290", "0", "0", "0", "0", "reversedirection=yes highway=primary surface=asphalt estimated_traffic_class=5 smoothness=good oneway=no cycleway:right=lane cycleway:left=lane", "estimated_crossing_class=4", "7382", "738140"],
          ["9615084", "47259815", "445", "13", "1290", "0", "0", "0", "0", "reversedirection=yes highway=primary surface=asphalt estimated_traffic_class=5 smoothness=good oneway=no cycleway:right=lane cycleway:left=lane", "estimated_crossing_class=4", "7384", "738389"],
          ["9614952", "47259507", "445", "36", "1290", "0", "0", "20", "0", "reversedirection=yes highway=primary surface=asphalt estimated_traffic_class=5 smoothness=good oneway=no cycleway:right=lane cycleway:left=lane", "highway=traffic_signals traffic_signals:direction=backward", "7392", "739143"],
          ["9614927", "47259449", "445", "7", "1290", "0", "0", "20", "0", "reversedirection=yes highway=primary surface=asphalt estimated_traffic_class=5 smoothness=good oneway=no cycleway:right=lane cycleway:left=lane", "highway=crossing crossing=traffic_signals kerb=lowered", "7393", "739283"],
          ["9614907", "47259404", "445", "5", "1290", "0", "0", "0", "0", "reversedirection=yes highway=primary surface=asphalt estimated_traffic_class=5 smoothness=good oneway=no cycleway:right=lane cycleway:left=lane", "estimated_crossing_class=0", "7394", "739382"],
          ["9614855", "47259298", "445", "12", "1290", "0", "0", "20", "0", "reversedirection=yes highway=primary surface=asphalt estimated_traffic_class=5 smoothness=good cycleway:right=lane cycleway:left=lane", "highway=traffic_signals traffic_signals:direction=forward", "7397", "739633"],
          ["9614782", "47259148", "446", "18", "1290", "0", "0", "0", "0", "reversedirection=yes highway=primary surface=asphalt estimated_traffic_class=5 smoothness=good cycleway:right=lane cycleway:left=lane", "estimated_crossing_class=3", "7401", "740022"],
          ["9614770", "47259122", "446", "3", "1290", "0", "0", "0", "0", "reversedirection=yes highway=primary surface=asphalt estimated_traffic_class=5 smoothness=good cycleway:right=lane cycleway:left=lane", "estimated_crossing_class=4", "7401", "740085"],
          ["9614646", "47258849", "445", "32", "1290", "0", "0", "0", "0", "reversedirection=yes highway=primary surface=asphalt estimated_traffic_class=5 smoothness=good cycleway:right=lane cycleway:left=lane", "estimated_crossing_class=4", "7408", "740697"],
          ["9614478", "47258318", "445", "60", "1290", "0", "0", "0", "0", "reversedirection=yes highway=primary surface=asphalt estimated_traffic_class=5 smoothness=good oneway=no cycleway:right=lane cycleway:left=share_busway", "estimated_crossing_class=4", "7417", "741664"],
          ["9614453", "47258215", "445", "12", "1290", "0", "0", "0", "0", "reversedirection=yes highway=primary surface=asphalt estimated_traffic_class=5 smoothness=good oneway=no cycleway:right=lane cycleway:left=share_busway", "estimated_crossing_class=4", "7419", "741853"],
          ["9614422", "47258073", "445", "16", "1290", "0", "0", "0", "0", "reversedirection=yes highway=primary surface=asphalt estimated_traffic_class=5 smoothness=good oneway=no cycleway:right=lane cycleway:left=share_busway", "estimated_crossing_class=4", "7422", "742108"],
          ["9614523", "47256390", "444", "188", "1290", "0", "0", "0", "0", "reversedirection=yes highway=primary surface=asphalt estimated_traffic_class=5 smoothness=good oneway=no cycleway:right=lane cycleway:left=share_busway", "estimated_crossing_class=4", "7451", "745032"],
          ["9614556", "47256205", "445", "21", "1290", "0", "0", "0", "0", "reversedirection=yes highway=primary surface=asphalt estimated_traffic_class=5 smoothness=good oneway=no cycleway:right=lane cycleway:left=share_busway", "estimated_crossing_class=4", "7456", "745517"],
          ["9614579", "47256091", "446", "13", "1290", "0", "0", "0", "0", "reversedirection=yes highway=primary surface=asphalt estimated_traffic_class=5 smoothness=good oneway=no cycleway:right=lane cycleway:left=share_busway", "estimated_crossing_class=4", "7459", "745863"],
          ["9614810", "47254946", "448", "128", "1290", "0", "0", "0", "0", "reversedirection=yes highway=primary surface=asphalt estimated_traffic_class=5 smoothness=good oneway=no cycleway:right=lane cycleway:left=share_busway", "estimated_crossing_class=4", "7481", "748031"],
          ["9614839", "47254802", "448", "16", "1290", "0", "0", "0", "0", "reversedirection=yes highway=primary surface=asphalt estimated_traffic_class=5 smoothness=good oneway=no cycleway:right=lane cycleway:left=share_busway", "estimated_crossing_class=4", "7484", "748301"],
          ["9614750", "47254790", "448", "7", "1200", "0", "84", "0", "0", "reversedirection=yes highway=residential surface=asphalt smoothness=good cycleway:both=no", "highway=give_way direction=forward", "7485", "748419"],
          ["9614574", "47254767", "448", "14", "1200", "0", "0", "0", "0", "reversedirection=yes highway=residential surface=asphalt smoothness=good cycleway:both=no", "", "7487", "748688"],
          ["9613720", "47253929", "449", "113", "1200", "0", "23", "0", "0", "reversedirection=yes highway=residential surface=asphalt smoothness=good cycleway:both=no route_bicycle_rcn=yes", "", "7510", "750984"],
          ["9612043", "47252009", "450", "247", "1200", "0", "0", "0", "0", "reversedirection=yes highway=residential surface=asphalt smoothness=good cycleway:both=no route_bicycle_ncn=yes", "nodeaccessgranted=yes barrier=bollard", "7571", "757087"],
          ["9606897", "47247075", "454", "679", "1200", "0", "2", "0", "0", "reversedirection=yes highway=residential surface=asphalt smoothness=good cycleway:both=no route_bicycle_ncn=yes", "nodeaccessgranted=yes barrier=bollard", "7708", "770706"],
          ["9602065", "47243154", "459", "570", "1200", "0", "8", "0", "0", "reversedirection=yes highway=residential surface=asphalt smoothness=good cycleway:both=no route_bicycle_ncn=yes", "", "7819", "781892"],
          ["9602074", "47243132", "459", "3", "1200", "0", "14", "0", "0", "reversedirection=yes highway=residential surface=asphalt smoothness=excellent cycleway:both=no route_bicycle_ncn=yes route_bicycle_rcn=yes", "nodeaccessgranted=yes highway=crossing crossing=uncontrolled kerb=lowered", "7820", "781946"],
          ["9602085", "47243123", "459", "1", "1200", "0", "8", "0", "0", "reversedirection=yes highway=residential surface=asphalt smoothness=excellent cycleway:both=no route_bicycle_ncn=yes route_bicycle_rcn=yes", "", "7820", "781963"],
          ["9602098", "47243115", "459", "1", "1200", "0", "1", "0", "0", "reversedirection=yes highway=residential surface=asphalt smoothness=excellent cycleway:both=no route_bicycle_rcn=yes", "nodeaccessgranted=yes highway=give_way direction=forward", "7820", "781980"],
          ["9603169", "47242425", "455", "112", "1200", "0", "0", "20", "0", "reversedirection=yes highway=residential surface=asphalt smoothness=excellent cycleway:both=no route_bicycle_rcn=yes", "nodeaccessgranted=yes highway=crossing crossing=traffic_signals kerb=lowered", "7839", "783810"],
          ["9603227", "47242368", "455", "8", "1200", "0", "1", "20", "0", "reversedirection=yes highway=residential surface=asphalt smoothness=excellent cycleway:both=no route_bicycle_rcn=yes", "nodeaccessgranted=yes highway=traffic_signals estimated_crossing_class=0", "7840", "783915"],
          ["9602813", "47242061", "455", "46", "1350", "0", "70", "0", "0", "reversedirection=yes highway=primary surface=asphalt estimated_traffic_class=6 smoothness=good cycleway:both=lane", "estimated_crossing_class=6", "7846", "784585"],
          ["9602414", "47241766", "456", "45", "1350", "0", "0", "20", "0", "reversedirection=yes highway=primary surface=asphalt estimated_traffic_class=6 smoothness=good cycleway:both=lane", "highway=traffic_signals estimated_crossing_class=0", "7854", "785395"],
          ["9602297", "47241680", "456", "13", "1350", "0", "0", "20", "0", "reversedirection=yes highway=primary surface=asphalt estimated_traffic_class=6 smoothness=good cycleway:both=lane", "highway=crossing estimated_crossing_class=0 crossing=traffic_signals", "7857", "785625"],
          ["9602136", "47241561", "456", "18", "1350", "0", "0", "0", "0", "reversedirection=yes highway=primary surface=asphalt estimated_traffic_class=6 smoothness=good cycleway:both=lane", "", "7860", "785941"],
          ["9602060", "47241503", "456", "9", "1350", "0", "0", "0", "0", "reversedirection=yes highway=primary surface=asphalt estimated_traffic_class=6 smoothness=good cycleway:right=no cycleway:left=lane", "estimated_crossing_class=6", "7861", "786098"],
          ["9601852", "47241346", "456", "24", "1350", "0", "0", "0", "0", "reversedirection=yes highway=primary surface=asphalt estimated_traffic_class=6 smoothness=good cycleway:right=no cycleway:left=lane", "estimated_crossing_class=6", "7866", "786515"],
          ["9601755", "47241274", "456", "11", "1350", "0", "0", "0", "0", "reversedirection=yes highway=primary surface=asphalt estimated_traffic_class=6 smoothness=good cycleway:both=lane", "estimated_crossing_class=6", "7868", "786704"],
          ["9601351", "47240975", "456", "45", "1350", "0", "0", "0", "0", "reversedirection=yes highway=primary surface=asphalt estimated_traffic_class=6 smoothness=good cycleway:both=lane", "highway=crossing crossing=uncontrolled kerb=lowered", "7875", "787499"],
          ["9601201", "47240871", "456", "16", "1350", "0", "0", "0", "0", "reversedirection=yes highway=primary surface=asphalt estimated_traffic_class=6 smoothness=good cycleway:both=lane", "estimated_crossing_class=0", "7878", "787786"],
          ["9601025", "47240749", "456", "19", "1350", "0", "0", "0", "0", "reversedirection=yes highway=primary surface=asphalt estimated_traffic_class=6 smoothness=good cycleway:both=lane", "estimated_crossing_class=0", "7882", "788124"],
          ["9600915", "47240673", "456", "12", "1350", "0", "0", "0", "0", "reversedirection=yes highway=primary surface=asphalt estimated_traffic_class=6 smoothness=good cycleway:both=lane", "", "7884", "788350"],
          ["9600805", "47240590", "456", "12", "1350", "0", "0", "0", "0", "reversedirection=yes highway=primary surface=asphalt estimated_traffic_class=6 smoothness=good cycleway:both=no", "estimated_crossing_class=6", "7886", "788588"],
          ["9600367", "47240291", "456", "47", "1350", "0", "0", "0", "0", "reversedirection=yes highway=primary surface=asphalt estimated_traffic_class=6 smoothness=good cycleway:both=no", "estimated_crossing_class=6", "7895", "789406"],
          ["9600080", "47240105", "456", "30", "1350", "0", "0", "0", "0", "reversedirection=yes highway=primary surface=asphalt estimated_traffic_class=6 smoothness=good cycleway:both=no", "estimated_crossing_class=6", "7900", "789911"],
          ["9599911", "47240003", "456", "17", "1350", "0", "0", "0", "0", "reversedirection=yes highway=primary surface=asphalt estimated_traffic_class=6 smoothness=good cycleway:both=no", "estimated_crossing_class=6", "7903", "790235"],
          ["9599340", "47239651", "457", "59", "1350", "0", "0", "0", "0", "reversedirection=yes highway=primary surface=asphalt estimated_traffic_class=6 smoothness=good cycleway:both=no", "estimated_crossing_class=6", "7914", "791340"],
          ["9599176", "47239556", "457", "16", "1350", "0", "0", "0", "0", "reversedirection=yes highway=primary surface=asphalt estimated_traffic_class=6 smoothness=good cycleway:both=no", "estimated_crossing_class=6", "7917", "791641"],
          ["9598959", "47239430", "457", "22", "1350", "0", "0", "0", "0", "reversedirection=yes highway=primary surface=asphalt estimated_traffic_class=6 smoothness=good cycleway:both=no", "estimated_crossing_class=6", "7921", "792047"],
          ["9598657", "47239263", "457", "29", "1350", "0", "0", "0", "0", "reversedirection=yes highway=primary surface=asphalt estimated_traffic_class=6 smoothness=good cycleway:both=no", "estimated_crossing_class=6", "7927", "792603"],
          ["9598376", "47239150", "457", "25", "1350", "0", "1", "0", "0", "highway=primary surface=asphalt estimated_traffic_class=6 smoothness=excellent cycleway:both=no oneway=yes", "estimated_crossing_class=5", "7931", "793040"],
          ["9598131", "47239026", "457", "23", "1350", "0", "0", "20", "0", "highway=primary surface=asphalt estimated_traffic_class=6 smoothness=excellent cycleway:both=no oneway=yes", "highway=traffic_signals", "7935", "793464"],
          ["9597996", "47238974", "457", "12", "1350", "0", "0", "0", "0", "highway=primary surface=asphalt estimated_traffic_class=6 smoothness=excellent cycleway:both=no oneway=yes", "", "7937", "793682"],
          ["9597964", "47238865", "457", "12", "1350", "0", "31", "0", "0", "highway=primary surface=asphalt estimated_traffic_class=6 foot=yes smoothness=excellent oneway=yes cycleway:right=no", "", "7939", "793898"],
          ["9598470", "47238284", "457", "75", "1350", "0", "20", "0", "0", "highway=primary surface=asphalt estimated_traffic_class=6 smoothness=excellent oneway=yes cycleway:right=no", "", "7952", "795155"],
          ["9598573", "47238143", "457", "18", "1350", "0", "3", "0", "0", "highway=primary surface=asphalt estimated_traffic_class=6 smoothness=excellent cycleway:both=no", "estimated_crossing_class=0", "7955", "795457"],
          ["9598578", "47238136", "457", "1", "1350", "0", "0", "20", "0", "highway=primary surface=asphalt estimated_traffic_class=6 smoothness=excellent cycleway:both=no route_bicycle_rcn=yes", "nodeaccessgranted=yes highway=traffic_signals traffic_signals:direction=forward direction=forward", "7955", "795474"],
          ["9598618", "47238084", "457", "7", "1350", "0", "0", "20", "0", "highway=primary surface=asphalt estimated_traffic_class=6 smoothness=excellent cycleway:both=no route_bicycle_rcn=yes", "nodeaccessgranted=yes highway=crossing estimated_crossing_class=0 crossing=traffic_signals bicycle=yes", "7956", "795591"],
          ["9598638", "47238058", "457", "3", "1350", "0", "0", "20", "0", "highway=primary surface=asphalt estimated_traffic_class=6 smoothness=excellent cycleway:both=no route_bicycle_rcn=yes", "nodeaccessgranted=yes highway=traffic_signals traffic_signals:direction=backward direction=backward", "7957", "795642"],
          ["9598697", "47237981", "457", "10", "1350", "0", "0", "0", "0", "highway=primary surface=asphalt estimated_traffic_class=6 smoothness=excellent cycleway:both=no route_bicycle_rcn=yes", "nodeaccessgranted=yes estimated_crossing_class=0", "7959", "795821"],
          ["9598565", "47237939", "457", "11", "1200", "0", "94", "0", "0", "highway=residential surface=sett foot=yes smoothness=intermediate cycleway=opposite oneway=yes oneway:bicycle=no route_bicycle_rcn=yes", "nodeaccessgranted=yes highway=crossing crossing=uncontrolled", "7961", "796016"],
          ["9598142", "47237781", "456", "37", "1200", "0", "0", "0", "0", "highway=residential surface=sett foot=yes smoothness=intermediate cycleway=opposite oneway=yes oneway:bicycle=no route_bicycle_rcn=yes", "", "7966", "796578"],
          ["9597997", "47237899", "456", "17", "1200", "0", "45", "0", "0", "highway=residential surface=sett foot=yes smoothness=intermediate cycleway:both=no oneway=yes oneway:bicycle=no route_bicycle_ncn=yes route_bicycle_rcn=yes", "", "7969", "796820"]
        ],
        "times": [0,3.36,6.04,6.31,11.274,15.162,19.925,27.135,28.527,29.569,30.262,31.128,31.992,33.028,42.797,43.649,47.98,56.426,60.284,61.386,62.566,63.577,64.251,68.002,68.763,71.647,73.661,76.939,80.635,81.712,83.497,84.031,87.039,90.546,91.07,91.767,92.464,93.332,93.853,94.373,95.239,100.924,110.217,117.716,118.334,140.829,142.431,146.229,147.097,148.169,149.229,150.277,151.313,152.339,153.152,154.16,157.117,159.195,160.749,171.602,174.893,178.853,182.194,184.236,186.351,188.079,189.1,191.619,194.491,198.348,201.96,207.868,208.741,209.431,210.356,211.564,212.721,214.829,215.724,216.112,217.517,219.699,221.491,228.918,240.394,251.792,266.097,268.268,271.892,275.403,284.453,290.554,301.232,316.044,334.699,351.318,373.472,376.366,384.303,388.248,396.261,401.521,409.301,411.968,418.347,429.557,434.613,437.137,438.374,441.61,442.514,443.232,444.745,446.249,448.217,450.212,452.151,453.361,455.69,457.619,473.849,476.067,479.124,485.668,488.67,496.962,499.3,501.441,505.33,512.651,521.25,524.141,526.405,531.619,542.333,562.627,573.232,587.748,596.659,597.778,599.487,605.392,607.828,612.173,616.601,620.61,641.739,671.318,682.722,685.251,692.003,693.648,694.352,699.815,703.115,708.509,720.385,722.911,737.899,749.62,752.75,756.387,758.211,765.939,770.963,779.482,780.016,789.048,794.874,804.618,809.609,810.758,811.745,812.733,826.159,840.306,841.551,843.818,850.258,853.62,854.787,868.099,872.014,873.931,877.41,880.283,885.96,904.478,907.814,915.217,937.21,938.921,940.116,948.881,956.107,965.012,977.613,980.3,982.845,986.986,989.955,997.881,1003.953,1010.702,1011.7,1012.789,1018.605,1035.296,1036.748,1038.044,1039.571,1044.006,1046.348,1048.436,1052.143,1054.897,1057.238,1058.129,1078.717,1081.843,1083.95,1085.972,1092.807,1094.399,1097.326,1100.216,1106.089,1107.349,1131.855,1132.997,1160.396,1174.119,1176.155,1178.968,1185.943,1192.792,1199.579,1206.403,1212.111,1216.279,1238.59,1243.241,1251.601,1278.656,1284.79,1291.885,1294.657,1298.314,1304.357,1309.272,1313.206,1316.74,1319.02,1322.954,1329.365,1360.539,1372.279,1383.607,1385.556,1402.57,1404.101,1416.911,1420.045,1422.484,1429.071,1430.104,1431.308,1440.028,1447.919,1451.386,1455.865,1464.58,1475.85,1482.078,1485.322,1494.603,1499.746,1503.379,1512.432,1512.782,1513.832,1521.804,1527.806,1533.262,1541.745,1543.437,1545.297,1545.635,1546.48,1548.169,1549.182,1550.701,1551.882,1552.894,1554.749,1557.614,1562.33,1566.37,1567.885,1571.418,1575.53,1582.052,1584.333,1586.701,1587.165,1589.081,1591.504,1597.9,1604.267,1607.996,1610.509,1611.654,1612.79,1613.798,1614.797,1617.052,1619.165,1629.891,1633.421,1634.509,1635.983,1640.527,1643.252,1646.156,1652.232,1660.483,1663.87,1671.802,1674.531,1684.16,1689.98,1693.346,1697.583,1701.164,1706.074,1714.333,1762.418,1777.759,1784.99,1789.68,1800.05,1808.901,1812.625,1823.469,1832.723,1846.438,1850.408,1858.413,1864.863,1867.04,1868.883,1872.656,1877.438,1895.424,1905.414,1921.963,1927.263,1928.446,1937.711,1940.798,1959.516,1959.696,1963.801,1969.954,1974.816,1977.231,1979.295,1982.552,1987.633,1990.308,1991.918,1993.144,1994.044,1998.921,2000.478,2005.386,2008.594,2011.869,2013.48,2015.08,2018.36,2018.884,2021.852,2024.381,2026.08,2033.385,2034.701,2043.274,2058.553,2060.06,2065.756,2069.765,2075.62,2078.457,2079.091,2079.728,2081.163,2086.316,2087.536,2090.718,2099.288,2106.595,2107.862,2109.019,2110.452,2114.493,2116.76,2117.63,2119.364,2122.989,2125.738,2128.853,2130.819,2134.199,2151.309,2156.528,2159.173,2161.801,2164.09,2166.998,2169.051,2170.052,2173.539,2176.567,2179.85,2182.567,2192.317,2201.922,2205.987,2211.547,2216.196,2219.198,2221.828,2226.085,2227.181,2229.889,2230.843,2234.604,2242.626,2249.54,2253.21,2253.558,2254.427,2254.774,2258.64,2260.922,2267.895,2273.265,2275.004,2280.507,2283.663,2289.56,2290.105,2298.284,2299.095,2301.117,2301.555,2302.29,2303.624,2305.465,2310.876,2314.03,2318.666,2319.27,2323.166,2327.91,2330.212,2331.036,2333.366,2338.097,2340.012,2340.813,2341.719,2343.731,2344.899,2347.996,2350.608,2353.284,2355.509,2358.075,2359.604,2361.302,2366.954,2368.386,2371.915,2374.663,2376.651,2378.693,2380.797,2382.837,2387.225,2389.718,2395.194,2396.546,2400.529,2409.749,2410.67,2413.615,2417.287,2420.312,2423.485,2426.981,2429.24,2434.419,2437,2437.519,2443.374,2448.145,2449.036,2450.083,2457.141,2460.13,2464.114,2488.107,2490.222,2497.792,2500.096,2504.32,2507.57,2508.58,2509.258,2510.421,2513.938,2515.857,2519.545,2533.923,2541.634,2545.443,2548.886,2550.773,2553.327,2572.399,2580.438,2581.738,2583.303,2586.073,2587.899,2589.087,2590.679,2597.37,2600.959,2602.431,2609.174,2611.563,2612.131,2616.683,2618.882,2620.909,2626.674,2635.737,2639.084,2644.189,2648.137,2651.862,2658.632,2664.98,2692.052,2693.534,2694.466,2695.276,2698.068,2698.771,2699.298,2700.423,2700.983,2701.726,2705.219,2720.808,2721.816,2722.153,2724.674,2730.12,2735.771,2739.558,2751.787,2759.337,2778.782,2790.854,2792.344,2798.48,2802.247,2815.227,2828.684,2830.734,2831.586,2833.46,2835.332,2837.566,2853.725,2856.25,2857.146,2870.293,2871.835,2876.18,2876.924,2882.599,2898.462,2906.521,2907.862,2909.568,2911.158,2912.33,2912.921,2916.254,2939.871,2944.229,2946.135,2947.862,2949.757,2951.818,2953.426,2955.555,2957.402,2969.446,2971.734,2975.514,2976.668,2977.494,2978.2,2978.905,2983.146,2984.03,2984.905,2985.602,2986.521,2989.864,2991.387,2994.762,2996.61,2998.805,3001.127,3003.033,3006.632,3011.372,3013.507,3016.005,3020.616,3023.074,3027.949,3029.679,3038.884,3042.936,3044.977,3047.513,3049.129,3050.736,3057.684,3059.66,3063.735,3065.265,3067.191,3070.308,3073.312,3075.455,3078.485,3080.858,3083.912,3090.585,3095.595,3098.783,3102.143,3112.199,3114.224,3115.164,3124.26,3124.583,3126.484,3131.958,3136.405,3139.436,3142.646,3147.03,3149.557,3153.094,3155.956,3157.134,3157.922,3163.084,3168.644,3175.499,3176.608,3177.881,3179.16,3197.635,3218.663,3219.952,3220.933,3221.906,3222.872,3228.033,3229.618,3230.671,3232.354,3235.925,3237.357,3238.971,3240.562,3256.116,3258.09,3260.051,3261.115,3262.176,3265.164,3267.958,3270.215,3272.119,3282.435,3290.515,3292.507,3299.994,3312.174,3315.163,3320.046,3324.215,3328.903,3331.966,3339.253,3343.409,3345.08,3353.6,3365.628,3368.78,3379.697,3381.6,3383.705,3403.184,3406.644,3407.78,3408.834,3409.655,3410.889,3412.912,3420.847,3431.092,3439.84,3456.619,3458.298,3460.513,3465.155,3473.326,3478.01,3482.443,3513.321,3515.469,3517.492,3519.218,3520.957,3521.91,3523.1,3532.915,3535.831,3540.142,3543.509,3581.369,3586.792,3598.41,3611.491,3612.582,3613.679,3614.781,3616.803,3626.738,3628.533,3630.572,3632.63,3635.779,3638.445,3645.13,3649.689,3658.663,3670.369,3679.33,3685.266,3702.471,3705.641,3707.003,3709.115,3715.872,3730.112,3739.366,3740.842,3742.32,3746.442,3749.42,3751.078,3752.24,3753.237,3753.735,3754.234,3755.398,3756.064,3756.73,3757.396,3758.396,3758.896,3759.896,3761.064,3763.234,3763.735,3768.75,3770.758,3773.965,3775.38,3777.527,3779.819,3780.698,3781.518,3782.339,3783.11,3784.506,3785.286,3786.068,3787.168,3787.799,3788.906,3789.7,3790.549,3792.077,3793.603,3794.451,3795.298,3797.668,3798.006,3800.7,3811.648,3812.926,3814.479,3815.056,3816.585,3822.192,3824.571,3826.924,3828.462,3830.291,3831.366,3832.159,3832.948,3833.731,3834.315,3834.897,3836.336,3838.837,3847.331,3850.003,3851.252,3851.634,3856.119,3868.902,3870.955,3881.105,3881.637,3892.285,3898.826,3900.4,3902.198,3903.738,3904.612,3907.274,3908.419,3910.308,3911.191,3922.04,3923.342,3925.72,3928.048,3930.876,3933.494,3936.023,3937.837,3939.058,3940.362,3941.607,3943.297,3945.278,3968.157,3982.614,3994.586,3997.031,4002.471,4005.397,4007.373,4019.904,4038.038,4055.952,4069.897,4087.145,4090.457,4092.823,4095.081,4096.911,4098.762,4101.099,4104.094,4107.603,4109.371,4111.041,4113.654,4115.129,4118.912,4120.562,4121.884,4122.711,4123.538,4128.184,4130.679,4133.01,4135.362,4137.737,4140.291,4143.021,4145.795,4148.295,4150.503,4153.057,4160.634,4163.561,4166.06,4168.902,4171.934,4174.508,4176.773,4180.519,4181.991,4184.602,4198.506,4207.172,4269.749,4289.141,4296.995,4298.052,4300.883,4301.606,4308.392,4312.45,4320.068,4323.542,4326.047,4332.884,4345.185,4358.369,4369.234,4376.494,4381.089,4384.993,4389.145,4394.349,4400.011,4403.859,4407.664,4411.939,4417.717,4426.007,4427.867,4446.243,4454.755,4463.357,4485.348,4526.927,4528.098,4530.418,4584.331,4587.018,4588.025,4590.353,4601.067,4625.034,4626.002,4626.914,4629.084,4631.744,4634.354,4636.907,4651.226,4658.319,4662.029,4662.616,4663.207,4665.145,4670.731,4673.092,4675.991,4677.387,4682.701,4686.481,4688.3,4688.971,4690.076,4690.732,4692.244,4693.096,4694.149,4694.983,4696.222,4697.748,4698.75,4700.139,4702.516,4706.585,4708.932,4710.901,4711.996,4714.223,4715.929,4721.511,4723.404,4727.228,4731.095,4732.067,4736.14,4737.613,4746.772,4752.864,4759.538,4761.458,4763.388,4764.518,4770.809,4774.493,4784.876,4787.348,4789.986,4792.085,4797.638,4806.107,4807.509,4808.444,4816.27,4821.853,4822.455,4823.649,4826.218,4829.311,4830.737,4835.686,4838.565,4841.792,4844.769,4845.394,4850.718,4852.514,4854.48,4862.763,4865.906,4870.487,4871.238,4875.494,4876.589,4879.125,4884.341,4884.677,4887.526,4888.274,4888.725,4889.177,4891.276,4895.178,4896.648,4899.764,4903.717,4904.776,4905.304,4909.349,4911.579,4912.029,4913.238,4920.513,4920.985,4925.278,4930.438,4931.575,4935.655,4937.952,4945.378,4951.987,4954.065,4956.64,4957.771,4961.569,4962.257,4963.632,4968.766,4970.642,4971.834,4975.235,4976.763,4978.798,4984.553,4988.438,4989.341,4992.776,4994.839,4996.509,5002.084,5002.485,5006.811,5008.921,5010.813,5015.822,5017.282,5020.175,5021.609,5024.279,5025.771,5028.758,5031.239,5032.473,5033.877,5038.065,5041.701,5044.629,5045.145,5048.647,5049.418,5050.585,5052.154,5055.639,5059.952,5063.466,5064.722,5065.037,5070.29,5072.86,5073.409,5080.479,5081.596,5083.994,5090.323,5092.991,5093.521,5098.821,5100.062,5100.89,5102.127,5103.712,5108.256,5109.559,5110.951,5113.207,5115.108,5116.832,5121.363,5121.526,5122.743,5125.341,5129.073,5129.562,5133.385,5138.265,5145.209,5146.588,5147.104,5153.275,5155.834,5157.753,5159.844,5161.708,5163.364,5181.005,5185.131,5197.439,5210.57,5239.903,5253.49,5275.294,5283.295,5296.993,5300.323,5319.916,5326.034,5331.254,5334.271,5335.115,5336.159,5340.333,5342.005,5343.637,5346.063,5348.073,5348.862,5349.641,5351.004,5351.541,5353.123,5357.132,5359.037,5361.005,5362.101,5368.154,5372.784,5379.711,5380.885,5382.49,5384.466,5389.551,5393.447,5402.375,5407.037,5408.419,5409.181,5412.603,5420.666,5425.422,5435.189,5444.659,5450.641,5454.023,5458.424,5460.867,5462.171,5468.673,5469.28,5472.048,5473.028,5476.471,5478.94,5480.26,5482.243,5483.401,5488.453,5489.006,5491.351,5495.361,5497.979,5498.377,5499.365,5502.692,5507.275,5508.759,5516.555,5520.573,5523.982,5525.618,5529.259,5534.807,5535,5540.072,5541.958,5542.652,5547.188,5548.562,5550.134,5550.959,5551.723,5552.482,5560.705,5563.473,5565.196,5574.072,5577.606,5580.935,5586.163,5586.948,5589.13,5591.374,5593.8,5607.301,5610.09,5624.25,5631.75,5643.223,5643.583,5648.829,5650.841,5652.835,5658.099,5659.279,5660.532,5662.382,5664.198,5665.394,5666.38,5675.986,5680.075,5684.119,5691.988,5695.223,5696.984,5700.585,5706.78,5708.992,5715.317,5717.802,5720.06,5729.822,5733.912,5736.575,5740.706,5744.528,5746.296,5747.992,5751.764,5753.887,5754.501,5758.024,5760.126,5765.158,5769.645,5772.821,5773.657,5778.01,5783.539,5787.651,5789.729,5792.98,5794.176,5798.435,5799.115,5802.341,5806.408,5808.27,5814.929,5821.48,5823.194,5824.866,5826.498,5827.642,5831.715,5834.715,5835.716,5836.384,5838.266,5840.502,5841.985,5843.288,5844.551,5845.905,5846.915,5847.523,5849.068,5849.555,5850.616,5851.098,5852.937,5853.16,5855.102,5856.511,5857.409,5858.401,5860.049,5861.637,5865.642,5866.187,5866.854,5868.109,5869.649,5870.749,5871.342,5872.675,5873.923,5874.816,5876.082,5877.392,5879.622,5881.691,5882.755,5885.616,5887.699,5888.419,5889.646,5893.119,5897.22,5900.896,5901.641,5910.074,5912.279,5913.706,5914.024,5918.42,5923.507,5924.768,5927.488,5930.729,5932.533,5934.945,5939.793,5943.505,5946.123,5947.854,5949.472,5951.054,5951.49,5951.928,5952.865,5955.538,5956.424,5958.684,5969.072,5972.268,5975.784,5982.057,5992.254,5999.199,6001.072,6007.487,6016.329,6019.003,6021.715,6023.996,6028.866,6035.406,6040.86,6051.127,6065.326,6068.002,6073.064,6080.997,6084.973,6089.747,6096.071,6100.841,6103.045,6110.215,6115.419,6118.313,6121.199,6122.327,6126.529,6131.534,6133.891,6137.864,6143.994,6165.577,6188.55,6190.242,6190.989,6197.766,6205.428,6211.565,6212.382,6217.157,6223.977,6229.625,6233.496,6240.933,6241.543,6251.289,6257.321,6260.486,6265.012,6266.471,6268.722,6270.527,6277.085,6283.681,6287.978,6298.056,6299.274,6301.337,6303.565,6311.945,6316.09,6320.97,6322.451,6335.898,6337.42,6338.277,6338.915,6340.289,6341.067,6342.61,6343.185,6343.947,6344.962,6345.566,6346.873,6371.941,6394.851,6396.926,6398.604,6399.899,6420.656,6422.866,6423.78,6426.5,6428.117,6432.563,6435.379,6437.751,6446.409,6462.781,6474.423,6476.859,6481.345,6484.995,6490.286,6508.96,6510.096,6513.196,6515.013,6522.443,6525.784,6543.543,6554.672,6555.947,6556.966,6558.83,6559.508,6561.855,6562.215,6563.289,6574.16,6582.826,6590.717,6601.391,6604.088,6606.418,6609.246,6611.47,6613.621,6615.25,6617.293,6619.719,6621.651,6635.055,6638.635,6643.303,6647.211,6650.308,6659.136,6662.712,6665.58,6675.648,6677.763,6684.86,6689.801,6691.294,6692.774,6694.548,6700.116,6704.521,6709.285,6720.324,6727.231,6732.617,6736.73,6746.72,6752.084,6763.136,6768.061,6772.568,6776.528,6806.4,6812.299,6816.887,6839.396,6862.042,6888.099,6910.673,6932.503,6954.586,6980.831,6984.405,6985.595,6986.613,6987.632,6988.818,6989.295,6990.409,6991.091,6992.793,6993.304,6993.813,6996.022,7017.486,7024.459,7033.73,7076.203,7081.292,7085.56,7091.504,7094.595,7098.592,7111.633,7117.268,7119.29,7121.961,7124.38,7133.901,7140.979,7143.744,7145.378,7151.648,7155.038,7157.424,7158.224,7160.446,7160.787,7161.47,7162.563,7163.471,7165.591,7166.544,7166.924,7168.513,7169.83,7171.535,7173.883,7179.766,7182.342,7183.475,7184.447,7189.996,7191.309,7191.966,7193.118,7193.776,7196.912,7200.661,7206.549,7212.54,7219.347,7222.908,7224.094,7228.241,7235.856,7236.837,7238.475,7239.787,7243.08,7254.238,7256.535,7258.843,7264.062,7266.633,7267.829,7272.093,7272.943,7273.74,7276.459,7278.915,7280.623,7284.712,7286.939,7294.198,7294.849,7297.461,7298.771,7301.893,7305.026,7305.521,7311.487,7319.146,7320.646,7322.149,7323.151,7330.342,7332.017,7332.732,7340.039,7341.8,7345.281,7346.881,7348.263,7349.045,7350.789,7351.94,7353.082,7355.197,7355.574,7357.815,7365.014,7369.797,7370.231,7372.794,7377.92,7382.437,7384.923,7392.458,7393.859,7394.851,7397.358,7401.25,7401.883,7408.005,7411.317,7417.667,7419.562,7422.107,7425.9,7429.567,7434.948,7438.507,7451.347,7456.191,7459.655,7481.338,7484.036,7485.216,7487.899,7491.112,7498.475,7502.218,7503.92,7508.768,7510.859,7518.404,7529.018,7538.374,7542.93,7545.954,7571.874,7587.691,7600.904,7601.257,7603.138,7611.249,7613.95,7614.971,7620.712,7621.483,7624.341,7628.074,7630.623,7634.123,7640.093,7642.617,7648.342,7650.495,7656.105,7660.818,7662.213,7666.303,7671.86,7673.838,7677.244,7685.457,7686.812,7690.269,7694.266,7697.581,7698.998,7699.644,7703.008,7705.299,7706.244,7708.048,7709.109,7709.739,7713.398,7716.415,7718.988,7722.659,7723.04,7723.42,7727.912,7731.393,7738.562,7741.031,7741.383,7744.569,7746.861,7752.866,7755.57,7758.059,7762.107,7763.331,7764.203,7766.431,7769.907,7776.715,7777.952,7787.514,7791.784,7795.808,7797.418,7806.04,7810.641,7818.065,7819.166,7819.896,7820.443,7820.613,7820.783,7826.812,7830.175,7831.849,7839.07,7840.123,7846.221,7846.818,7854.92,7857.219,7860.379,7861.949,7866.114,7868.014,7872.139,7875.961,7878.834,7882.209,7884.466,7886.847,7890.659,7895.032,7900.076,7903.321,7907.353,7912.84,7914.367,7917.378,7921.437,7927.001,7931.371,7935.611,7937.79,7939.949,7942.461,7949.835,7952.518,7955.537,7955.705,7956.88,7957.383,7959.174,7961.131,7965.202,7966.75,7967.287,7968.584,7969.166]
      },
      "geometry": {
        "type": "LineString",
        "coordinates": [
          [9.683985, 47.546047, 399.5],
          [9.684242, 47.546081, 399.5],
          [9.684293, 47.545912, 398.75],
          [9.684299, 47.545891, 398.5],
          [9.684730, 47.545904, 399.0],
          [9.685075, 47.545893, 398.75],
          [9.685542, 47.545830, 398.0],
          [9.686077, 47.545752, 399.0],
          [9.686177, 47.545776, 399.0],
          [9.686248, 47.545809, 399.0],
          [9.686281, 47.545786, 399.0],
          [9.686341, 47.545780, 399.0],
          [9.686402, 47.545785, 399.0],
          [9.686477, 47.545801, 399.0],
          [9.687153, 47.546030, 399.0],
          [9.687219, 47.546049, 399.0],
          [9.687554, 47.546123, 398.75],
          [9.688033, 47.546265, 400.0],
          [9.688284, 47.546379, 399.25],
          [9.688362, 47.546420, 399.0],
          [9.688427, 47.546466, 399.25],
          [9.688457, 47.546512, 399.25],
          [9.688468, 47.546546, 399.25],
          [9.688519, 47.546771, 398.75],
          [9.688532, 47.546817, 398.75],
          [9.688618, 47.547003, 398.0],
          [9.688683, 47.547121, 398.25],
          [9.688776, 47.547295, 398.5],
          [9.688861, 47.547480, 398.75],
          [9.688864, 47.547532, 399.0],
          [9.688798, 47.547615, 399.0],
          [9.688790, 47.547640, 399.0],
          [9.688934, 47.547754, 399.0],
          [9.689072, 47.547904, 399.0],
          [9.689109, 47.547886, 399.0],
          [9.689164, 47.547882, 399.0],
          [9.689218, 47.547891, 399.0],
          [9.689270, 47.547924, 399.0],
          [9.689284, 47.547946, 399.0],
          [9.689292, 47.547970, 399.0],
          [9.689266, 47.548015, 399.0],
          [9.689549, 47.548243, 399.0],
          [9.689947, 47.548561, 399.75],
          [9.690315, 47.548839, 399.5],
          [9.690352, 47.548867, 399.0],
          [9.691832, 47.549984, 397.5],
          [9.691912, 47.550036, 398.5],
          [9.692076, 47.550142, 399.0],
          [9.692122, 47.550162, 399.0],
          [9.692182, 47.550153, 399.0],
          [9.692244, 47.550156, 399.0],
          [9.692302, 47.550170, 399.0],
          [9.692351, 47.550195, 399.0],
          [9.692388, 47.550229, 399.0],
          [9.692410, 47.550266, 399.0],
          [9.692413, 47.550309, 399.0],
          [9.692611, 47.550378, 398.5],
          [9.692747, 47.550435, 398.5],
          [9.692864, 47.550457, 398.5],
          [9.693595, 47.550602, 399.0],
          [9.693817, 47.550670, 399.0],
          [9.694026, 47.550805, 399.0],
          [9.694190, 47.550948, 398.75],
          [9.694293, 47.551042, 398.5],
          [9.694421, 47.551141, 398.0],
          [9.694540, 47.551211, 398.0],
          [9.694619, 47.551250, 398.0],
          [9.694830, 47.551315, 398.0],
          [9.695075, 47.551371, 398.0],
          [9.695397, 47.551417, 398.0],
          [9.695695, 47.551444, 398.0],
          [9.696207, 47.551464, 397.75],
          [9.696280, 47.551473, 397.5],
          [9.696335, 47.551489, 397.25],
          [9.696414, 47.551518, 397.0],
          [9.696503, 47.551572, 397.0],
          [9.696563, 47.551629, 397.25],
          [9.696670, 47.551753, 396.75],
          [9.696727, 47.551803, 396.5],
          [9.696755, 47.551827, 396.5],
          [9.696850, 47.551872, 397.25],
          [9.696979, 47.551888, 398.5],
          [9.697102, 47.551891, 398.25],
          [9.697642, 47.551853, 398.0],
          [9.698603, 47.551811, 397.5],
          [9.699436, 47.551760, 398.0],
          [9.700570, 47.551698, 397.75],
          [9.700735, 47.551676, 397.75],
          [9.701037, 47.551625, 397.5],
          [9.701313, 47.551559, 397.5],
          [9.701956, 47.551376, 397.75],
          [9.702436, 47.551274, 397.5],
          [9.703220, 47.551212, 398.0],
          [9.704348, 47.551145, 398.0],
          [9.705864, 47.551106, 397.75],
          [9.707234, 47.550992, 397.5],
          [9.708877, 47.550926, 398.0],
          [9.709147, 47.550946, 397.25],
          [9.709792, 47.551055, 397.5],
          [9.710092, 47.551093, 397.75],
          [9.710711, 47.551096, 397.75],
          [9.711122, 47.551077, 397.75],
          [9.711793, 47.551023, 397.25],
          [9.712013, 47.551005, 397.25],
          [9.712536, 47.550940, 397.25],
          [9.713310, 47.550838, 398.0],
          [9.713609, 47.550851, 398.75],
          [9.713757, 47.550893, 398.75],
          [9.713835, 47.550893, 398.75],
          [9.714040, 47.550892, 399.0],
          [9.714089, 47.550887, 399.25],
          [9.714125, 47.550868, 399.5],
          [9.714176, 47.550826, 399.75],
          [9.714215, 47.550772, 399.25],
          [9.714199, 47.550683, 399.0],
          [9.714199, 47.550585, 398.75],
          [9.714245, 47.550471, 398.0],
          [9.714289, 47.550397, 397.5],
          [9.714426, 47.550284, 397.75],
          [9.714584, 47.550227, 397.75],
          [9.715907, 47.549849, 397.5],
          [9.716076, 47.549803, 397.5],
          [9.716299, 47.549735, 397.75],
          [9.716806, 47.549562, 397.25],
          [9.717004, 47.549495, 397.75],
          [9.717514, 47.549276, 398.0],
          [9.717658, 47.549208, 398.0],
          [9.717781, 47.549146, 398.0],
          [9.718006, 47.549014, 398.0],
          [9.718413, 47.548761, 398.0],
          [9.718862, 47.548433, 398.0],
          [9.719031, 47.548313, 397.75],
          [9.719146, 47.548216, 397.75],
          [9.719419, 47.547998, 397.75],
          [9.719971, 47.547544, 397.75],
          [9.720933, 47.546717, 398.0],
          [9.721378, 47.546350, 398.75],
          [9.722008, 47.545830, 399.0],
          [9.722475, 47.545480, 398.75],
          [9.722569, 47.545469, 398.5],
          [9.722677, 47.545393, 398.0],
          [9.723058, 47.545139, 398.0],
          [9.723202, 47.545036, 398.0],
          [9.723427, 47.544840, 398.0],
          [9.723631, 47.544634, 398.0],
          [9.723880, 47.544490, 398.0],
          [9.725081, 47.543794, 398.5],
          [9.726763, 47.542800, 398.75],
          [9.727427, 47.542400, 398.75],
          [9.727568, 47.542314, 399.0],
          [9.727939, 47.542088, 399.0],
          [9.727990, 47.542007, 398.75],
          [9.728028, 47.541981, 399.0],
          [9.728345, 47.541752, 398.5],
          [9.728494, 47.541581, 398.25],
          [9.728690, 47.541294, 398.25],
          [9.729142, 47.540738, 398.5],
          [9.729153, 47.540585, 398.0],
          [9.729757, 47.539825, 398.0],
          [9.730206, 47.539257, 398.0],
          [9.730324, 47.539106, 398.0],
          [9.730420, 47.538920, 398.0],
          [9.730492, 47.538839, 398.0],
          [9.730767, 47.538487, 398.25],
          [9.730930, 47.538255, 398.25],
          [9.731175, 47.537870, 398.5],
          [9.731189, 47.537847, 398.5],
          [9.731625, 47.537426, 398.0],
          [9.731849, 47.537159, 398.25],
          [9.732353, 47.536642, 397.25],
          [9.732619, 47.536408, 397.25],
          [9.732685, 47.536360, 397.5],
          [9.732745, 47.536329, 397.5],
          [9.732794, 47.536288, 397.5],
          [9.733423, 47.535697, 397.5],
          [9.734032, 47.535143, 398.0],
          [9.734118, 47.535117, 398.0],
          [9.734275, 47.535089, 398.25],
          [9.734653, 47.535053, 399.0],
          [9.734853, 47.535058, 399.25],
          [9.734910, 47.535042, 399.5],
          [9.735451, 47.534658, 399.75],
          [9.735680, 47.534484, 398.5],
          [9.735807, 47.534387, 398.0],
          [9.736007, 47.534242, 398.5],
          [9.736130, 47.534157, 399.75],
          [9.736388, 47.533994, 399.75],
          [9.737323, 47.533330, 399.5],
          [9.737543, 47.533172, 398.5],
          [9.737990, 47.532864, 398.75],
          [9.739136, 47.532043, 399.25],
          [9.739228, 47.531974, 399.25],
          [9.739293, 47.531924, 399.25],
          [9.739791, 47.531539, 398.75],
          [9.740149, 47.531240, 399.0],
          [9.740556, 47.530849, 399.0],
          [9.741194, 47.530326, 399.0],
          [9.741338, 47.530208, 398.75],
          [9.741459, 47.530101, 399.0],
          [9.741634, 47.529931, 399.25],
          [9.741797, 47.529790, 398.5],
          [9.742204, 47.529443, 398.75],
          [9.742501, 47.529197, 399.0],
          [9.742882, 47.528876, 398.25],
          [9.742922, 47.528818, 398.0],
          [9.742944, 47.528747, 397.75],
          [9.742970, 47.528416, 398.25],
          [9.743075, 47.527454, 398.0],
          [9.743092, 47.527376, 398.0],
          [9.743129, 47.527307, 398.0],
          [9.743178, 47.527222, 397.75],
          [9.743344, 47.527006, 398.0],
          [9.743486, 47.526896, 397.5],
          [9.743619, 47.526807, 397.5],
          [9.743871, 47.526689, 397.75],
          [9.744082, 47.526620, 397.5],
          [9.744282, 47.526576, 397.25],
          [9.744359, 47.526576, 397.25],
          [9.745887, 47.526361, 398.0],
          [9.746086, 47.526318, 398.5],
          [9.746216, 47.526264, 398.5],
          [9.746314, 47.526204, 398.75],
          [9.746582, 47.525973, 399.0],
          [9.746663, 47.525924, 399.0],
          [9.746791, 47.525813, 398.75],
          [9.746926, 47.525697, 398.75],
          [9.747211, 47.525451, 398.5],
          [9.747263, 47.525389, 398.25],
          [9.748407, 47.524450, 399.0],
          [9.748479, 47.524415, 398.75],
          [9.749803, 47.523292, 399.0],
          [9.750515, 47.522693, 398.75],
          [9.750623, 47.522594, 398.25],
          [9.750780, 47.522449, 398.0],
          [9.751169, 47.522037, 397.25],
          [9.751413, 47.521729, 398.25],
          [9.751621, 47.521428, 398.5],
          [9.751844, 47.521057, 397.75],
          [9.751953, 47.520827, 399.0],
          [9.752048, 47.520584, 397.75],
          [9.752514, 47.519270, 397.25],
          [9.752616, 47.519021, 397.25],
          [9.752830, 47.518562, 397.0],
          [9.753458, 47.517340, 398.0],
          [9.753611, 47.517058, 398.25],
          [9.753774, 47.516677, 397.75],
          [9.753831, 47.516529, 397.75],
          [9.753891, 47.516340, 398.0],
          [9.753958, 47.516025, 398.0],
          [9.753989, 47.515784, 398.25],
          [9.753998, 47.515586, 398.25],
          [9.753993, 47.515404, 398.25],
          [9.753986, 47.515289, 398.25],
          [9.753957, 47.515072, 398.0],
          [9.753871, 47.514712, 397.75],
          [9.753284, 47.512993, 397.5],
          [9.753080, 47.512438, 398.0],
          [9.752816, 47.511827, 397.5],
          [9.752769, 47.511722, 397.5],
          [9.752374, 47.510872, 397.75],
          [9.752338, 47.510792, 397.75],
          [9.752041, 47.510174, 398.0],
          [9.751966, 47.510019, 398.0],
          [9.751906, 47.509891, 397.75],
          [9.751755, 47.509566, 398.0],
          [9.751729, 47.509518, 398.0],
          [9.751699, 47.509463, 398.0],
          [9.751441, 47.509035, 398.0],
          [9.751156, 47.508641, 397.75],
          [9.751029, 47.508480, 398.0],
          [9.750855, 47.508282, 398.0],
          [9.750472, 47.507905, 398.0],
          [9.749910, 47.507375, 397.5],
          [9.749575, 47.507082, 397.25],
          [9.749380, 47.506936, 397.0],
          [9.748921, 47.506622, 398.0],
          [9.748632, 47.506430, 397.75],
          [9.748434, 47.506309, 398.0],
          [9.747949, 47.505994, 398.0],
          [9.747925, 47.505979, 398.0],
          [9.747865, 47.505945, 398.0],
          [9.747397, 47.505673, 398.0],
          [9.747034, 47.505479, 398.0],
          [9.746679, 47.505322, 398.0],
          [9.746095, 47.505103, 398.0],
          [9.745970, 47.505086, 398.0],
          [9.746006, 47.504994, 398.0],
          [9.746013, 47.504974, 398.0],
          [9.746036, 47.504932, 398.0],
          [9.746095, 47.504849, 398.0],
          [9.746130, 47.504800, 398.0],
          [9.746181, 47.504729, 398.0],
          [9.746232, 47.504673, 398.0],
          [9.746264, 47.504624, 398.0],
          [9.746321, 47.504537, 398.0],
          [9.746386, 47.504393, 398.0],
          [9.746481, 47.504151, 398.0],
          [9.746555, 47.503941, 398.0],
          [9.746579, 47.503861, 398.0],
          [9.746647, 47.503682, 398.0],
          [9.746742, 47.503483, 398.25],
          [9.746887, 47.503238, 399.25],
          [9.746936, 47.503150, 399.5],
          [9.747002, 47.503072, 399.75],
          [9.747017, 47.503058, 400.25],
          [9.747097, 47.502986, 400.25],
          [9.747193, 47.502899, 400.5],
          [9.747431, 47.502694, 401.0],
          [9.747141, 47.502496, 401.0],
          [9.746977, 47.502365, 401.0],
          [9.746885, 47.502260, 400.75],
          [9.746842, 47.502217, 401.0],
          [9.746907, 47.502185, 401.0],
          [9.746945, 47.502150, 401.25],
          [9.746971, 47.502105, 401.25],
          [9.747006, 47.502014, 401.75],
          [9.747022, 47.501934, 402.0],
          [9.747067, 47.501381, 404.0],
          [9.747071, 47.501231, 404.75],
          [9.747030, 47.501193, 405.0],
          [9.746999, 47.501142, 405.5],
          [9.746928, 47.501018, 406.5],
          [9.746877, 47.500951, 407.25],
          [9.746814, 47.500892, 407.75],
          [9.746686, 47.500799, 409.0],
          [9.746559, 47.500676, 410.25],
          [9.746551, 47.500610, 410.75],
          [9.746555, 47.500483, 412.25],
          [9.746574, 47.500441, 412.5],
          [9.746642, 47.500302, 413.75],
          [9.746655, 47.500219, 415.0],
          [9.746644, 47.500177, 415.75],
          [9.746611, 47.500130, 416.5],
          [9.746570, 47.500091, 417.0],
          [9.746505, 47.500043, 417.25],
          [9.746386, 47.499970, 417.75],
          [9.745764, 47.499648, 422.25],
          [9.745554, 47.499524, 424.25],
          [9.745449, 47.499461, 424.5],
          [9.745372, 47.499412, 424.25],
          [9.745189, 47.499297, 424.5],
          [9.745018, 47.499190, 424.75],
          [9.744938, 47.499143, 425.0],
          [9.744708, 47.498996, 425.5],
          [9.744503, 47.498857, 426.0],
          [9.744145, 47.498591, 426.0],
          [9.744056, 47.498497, 426.5],
          [9.743914, 47.498299, 427.0],
          [9.743810, 47.498113, 427.0],
          [9.743775, 47.498045, 427.0],
          [9.743748, 47.497982, 427.0],
          [9.743682, 47.497855, 427.0],
          [9.743580, 47.497699, 427.25],
          [9.743150, 47.497175, 428.25],
          [9.742884, 47.496884, 429.0],
          [9.742470, 47.496305, 429.25],
          [9.742339, 47.496118, 429.75],
          [9.742308, 47.496078, 430.0],
          [9.742059, 47.495738, 430.0],
          [9.741986, 47.495614, 430.0],
          [9.741633, 47.494752, 430.0],
          [9.741628, 47.494741, 430.0],
          [9.741549, 47.494538, 430.0],
          [9.741440, 47.494235, 430.0],
          [9.741335, 47.493990, 430.0],
          [9.741279, 47.493867, 430.0],
          [9.741232, 47.493762, 430.0],
          [9.741116, 47.493607, 430.0],
          [9.741012, 47.493492, 429.75],
          [9.740934, 47.493425, 429.5],
          [9.740880, 47.493388, 429.25],
          [9.740838, 47.493353, 429.0],
          [9.740798, 47.493323, 428.75],
          [9.740511, 47.493088, 427.0],
          [9.740400, 47.493003, 426.0],
          [9.740040, 47.492733, 422.75],
          [9.739726, 47.492490, 420.0],
          [9.739447, 47.492271, 420.0],
          [9.739269, 47.492141, 417.5],
          [9.739090, 47.492014, 416.0],
          [9.738706, 47.491749, 415.0],
          [9.738650, 47.491709, 415.0],
          [9.738326, 47.491480, 414.0],
          [9.738068, 47.491311, 413.75],
          [9.737926, 47.491205, 414.0],
          [9.737357, 47.490809, 414.0],
          [9.737264, 47.490749, 414.0],
          [9.736694, 47.490360, 414.0],
          [9.735775, 47.489730, 414.0],
          [9.735681, 47.489666, 413.75],
          [9.735337, 47.489429, 413.75],
          [9.735116, 47.489278, 414.0],
          [9.734781, 47.489057, 414.0],
          [9.734618, 47.488936, 413.75],
          [9.734588, 47.488905, 413.75],
          [9.734563, 47.488872, 413.75],
          [9.734468, 47.488827, 413.75],
          [9.734244, 47.488581, 413.75],
          [9.734224, 47.488511, 413.5],
          [9.734102, 47.488320, 413.0],
          [9.733769, 47.487727, 414.75],
          [9.733621, 47.487350, 415.75],
          [9.733560, 47.487298, 416.0],
          [9.733496, 47.487267, 416.25],
          [9.733418, 47.487241, 416.5],
          [9.733135, 47.487172, 416.0],
          [9.732969, 47.487157, 416.0],
          [9.732908, 47.487163, 416.0],
          [9.732899, 47.487072, 416.0],
          [9.732862, 47.486886, 416.0],
          [9.732821, 47.486745, 416.0],
          [9.732746, 47.486539, 414.75],
          [9.732675, 47.486374, 414.5],
          [9.732556, 47.486121, 414.5],
          [9.732048, 47.485044, 414.25],
          [9.731939, 47.484817, 414.25],
          [9.731889, 47.484687, 414.0],
          [9.731855, 47.484550, 414.0],
          [9.731830, 47.484426, 413.75],
          [9.731813, 47.484233, 413.0],
          [9.731802, 47.484093, 412.5],
          [9.731801, 47.484020, 412.25],
          [9.731799, 47.483771, 412.0],
          [9.731805, 47.483555, 411.75],
          [9.731811, 47.483316, 411.25],
          [9.731818, 47.483131, 411.25],
          [9.731827, 47.482485, 411.0],
          [9.731823, 47.481913, 411.0],
          [9.731819, 47.481683, 411.0],
          [9.731813, 47.481388, 411.25],
          [9.731805, 47.481157, 411.5],
          [9.731803, 47.481006, 411.5],
          [9.731801, 47.480871, 411.5],
          [9.731798, 47.480660, 411.75],
          [9.731797, 47.480603, 411.75],
          [9.731795, 47.480476, 412.0],
          [9.731795, 47.480430, 412.0],
          [9.731795, 47.480250, 412.0],
          [9.731795, 47.479855, 412.0],
          [9.731801, 47.479507, 412.0],
          [9.731804, 47.479314, 412.0],
          [9.731804, 47.479295, 412.0],
          [9.731804, 47.479251, 412.0],
          [9.731804, 47.479236, 412.0],
          [9.731806, 47.479047, 412.25],
          [9.731806, 47.478949, 412.75],
          [9.731805, 47.478650, 413.0],
          [9.731792, 47.478403, 413.0],
          [9.731785, 47.478320, 413.0],
          [9.731732, 47.478045, 412.75],
          [9.731693, 47.477885, 412.75],
          [9.731599, 47.477603, 413.0],
          [9.731590, 47.477577, 413.0],
          [9.731433, 47.477130, 412.5],
          [9.731417, 47.477087, 412.5],
          [9.731379, 47.476968, 412.0],
          [9.731370, 47.476938, 412.0],
          [9.731354, 47.476891, 412.0],
          [9.731327, 47.476815, 412.0],
          [9.731288, 47.476703, 411.75],
          [9.731179, 47.476394, 412.0],
          [9.731115, 47.476215, 412.0],
          [9.731026, 47.475960, 412.0],
          [9.731013, 47.475922, 411.75],
          [9.730943, 47.475713, 412.0],
          [9.730878, 47.475457, 412.0],
          [9.730859, 47.475334, 412.0],
          [9.730856, 47.475287, 412.0],
          [9.730854, 47.475153, 411.75],
          [9.730875, 47.474887, 411.75],
          [9.730894, 47.474777, 411.75],
          [9.730902, 47.474733, 411.75],
          [9.730912, 47.474676, 411.5],
          [9.730919, 47.474553, 411.25],
          [9.730916, 47.474478, 411.25],
          [9.730876, 47.474281, 411.0],
          [9.730814, 47.474122, 411.0],
          [9.730725, 47.473979, 411.25],
          [9.730634, 47.473869, 411.25],
          [9.730502, 47.473741, 411.0],
          [9.730413, 47.473669, 411.0],
          [9.730318, 47.473596, 411.0],
          [9.729962, 47.473377, 411.0],
          [9.729872, 47.473322, 411.0],
          [9.729675, 47.473180, 411.0],
          [9.729540, 47.473059, 411.0],
          [9.729441, 47.472968, 410.75],
          [9.729351, 47.472855, 410.5],
          [9.729268, 47.472733, 410.25],
          [9.729192, 47.472604, 410.0],
          [9.729082, 47.472331, 410.0],
          [9.729027, 47.472183, 410.0],
          [9.728927, 47.471826, 409.5],
          [9.728905, 47.471738, 409.25],
          [9.728850, 47.471499, 409.5],
          [9.728763, 47.470990, 409.75],
          [9.728754, 47.470933, 409.5],
          [9.728727, 47.470761, 409.5],
          [9.728701, 47.470566, 409.75],
          [9.728679, 47.470410, 410.0],
          [9.728658, 47.470247, 410.0],
          [9.728635, 47.470067, 410.0],
          [9.728620, 47.469952, 410.0],
          [9.728590, 47.469683, 410.0],
          [9.728575, 47.469536, 409.75],
          [9.728572, 47.469513, 410.0],
          [9.728533, 47.469153, 409.25],
          [9.728495, 47.468855, 409.0],
          [9.728424, 47.468833, 409.0],
          [9.728388, 47.468773, 409.0],
          [9.728318, 47.468365, 409.0],
          [9.728286, 47.468191, 409.0],
          [9.728256, 47.467968, 409.0],
          [9.728096, 47.466527, 408.25],
          [9.728083, 47.466403, 408.0],
          [9.728015, 47.465899, 407.25],
          [9.727973, 47.465761, 407.25],
          [9.727948, 47.465495, 407.0],
          [9.727913, 47.465253, 406.0],
          [9.727894, 47.465186, 406.0],
          [9.727863, 47.465150, 406.25],
          [9.727839, 47.465084, 406.5],
          [9.727785, 47.464861, 406.25],
          [9.727787, 47.464738, 406.0],
          [9.727821, 47.464504, 406.0],
          [9.727786, 47.463792, 407.0],
          [9.727779, 47.463397, 407.0],
          [9.727803, 47.463196, 407.0],
          [9.727815, 47.463016, 407.0],
          [9.727811, 47.462913, 407.0],
          [9.727867, 47.462794, 407.25],
          [9.728048, 47.461915, 407.75],
          [9.728170, 47.461477, 407.25],
          [9.728182, 47.461408, 407.25],
          [9.728170, 47.461329, 407.5],
          [9.728133, 47.461194, 407.75],
          [9.728126, 47.461100, 407.75],
          [9.728138, 47.461037, 407.5],
          [9.728155, 47.460946, 407.25],
          [9.728318, 47.460547, 406.75],
          [9.728428, 47.460336, 406.5],
          [9.728489, 47.460253, 406.5],
          [9.728724, 47.459928, 407.0],
          [9.728827, 47.459804, 406.5],
          [9.728838, 47.459769, 406.25],
          [9.728481, 47.459685, 406.75],
          [9.728312, 47.459603, 406.0],
          [9.728098, 47.459506, 404.5],
          [9.727639, 47.459345, 405.75],
          [9.726895, 47.459063, 405.25],
          [9.726583, 47.458965, 404.5],
          [9.726222, 47.458852, 405.5],
          [9.725884, 47.458724, 404.5],
          [9.725650, 47.458606, 405.25],
          [9.725172, 47.458312, 404.25],
          [9.724701, 47.458065, 404.0],
          [9.723020, 47.457151, 404.5],
          [9.722904, 47.457105, 404.0],
          [9.722823, 47.457085, 403.5],
          [9.722740, 47.457080, 403.5],
          [9.722520, 47.457100, 404.25],
          [9.722474, 47.457092, 404.5],
          [9.722450, 47.457071, 404.5],
          [9.722430, 47.457021, 404.75],
          [9.722434, 47.456994, 404.75],
          [9.722446, 47.456956, 404.75],
          [9.722205, 47.456921, 404.75],
          [9.720854, 47.456728, 403.75],
          [9.720853, 47.456677, 404.0],
          [9.720853, 47.456659, 404.0],
          [9.720851, 47.456524, 404.0],
          [9.720874, 47.456279, 404.75],
          [9.720821, 47.455968, 404.0],
          [9.720787, 47.455732, 403.5],
          [9.720753, 47.455053, 403.75],
          [9.720780, 47.454637, 403.75],
          [9.720960, 47.453591, 403.75],
          [9.721108, 47.452885, 403.25],
          [9.721121, 47.452800, 403.0],
          [9.721167, 47.452513, 404.0],
          [9.721207, 47.452344, 404.25],
          [9.721405, 47.451698, 404.0],
          [9.721585, 47.451003, 404.0],
          [9.721604, 47.450893, 404.0],
          [9.721599, 47.450850, 404.0],
          [9.721542, 47.450759, 404.0],
          [9.721454, 47.450677, 404.0],
          [9.721331, 47.450583, 403.75],
          [9.720388, 47.450013, 404.0],
          [9.720290, 47.449911, 404.25],
          [9.720267, 47.449867, 404.25],
          [9.720155, 47.449299, 405.0],
          [9.720138, 47.449225, 405.0],
          [9.720097, 47.449016, 405.0],
          [9.720093, 47.448977, 405.0],
          [9.720052, 47.448699, 405.0],
          [9.720027, 47.447890, 405.0],
          [9.720019, 47.447422, 404.5],
          [9.720026, 47.447340, 404.25],
          [9.720050, 47.447229, 404.0],
          [9.720071, 47.447131, 404.0],
          [9.720082, 47.447057, 404.0],
          [9.720086, 47.447022, 404.0],
          [9.720086, 47.446829, 404.25],
          [9.719855, 47.445676, 405.0],
          [9.719803, 47.445457, 405.0],
          [9.719774, 47.445357, 405.0],
          [9.719749, 47.445266, 405.0],
          [9.719737, 47.445168, 405.0],
          [9.719740, 47.445057, 405.0],
          [9.719763, 47.444969, 404.75],
          [9.719827, 47.444855, 404.5],
          [9.719896, 47.444758, 404.5],
          [9.720366, 47.444155, 404.5],
          [9.720468, 47.444041, 404.25],
          [9.720644, 47.443874, 404.5],
          [9.720682, 47.443812, 404.5],
          [9.720679, 47.443768, 404.5],
          [9.720649, 47.443734, 404.75],
          [9.720605, 47.443714, 404.75],
          [9.720356, 47.443652, 405.5],
          [9.720315, 47.443625, 405.75],
          [9.720302, 47.443591, 405.75],
          [9.720302, 47.443562, 406.0],
          [9.720314, 47.443527, 406.0],
          [9.720422, 47.443404, 405.75],
          [9.720476, 47.443338, 405.5],
          [9.720557, 47.443189, 405.5],
          [9.720586, 47.443100, 405.5],
          [9.720602, 47.442997, 405.5],
          [9.720605, 47.442885, 405.75],
          [9.720594, 47.442795, 405.75],
          [9.720545, 47.442640, 406.0],
          [9.720430, 47.442452, 406.25],
          [9.720399, 47.442363, 406.5],
          [9.720392, 47.442251, 406.5],
          [9.720559, 47.442046, 406.0],
          [9.720658, 47.441937, 406.0],
          [9.720848, 47.441716, 406.0],
          [9.720914, 47.441638, 406.0],
          [9.721260, 47.441278, 406.5],
          [9.721465, 47.441142, 406.5],
          [9.721592, 47.441072, 406.25],
          [9.721720, 47.440987, 406.5],
          [9.721794, 47.440925, 406.5],
          [9.721859, 47.440857, 406.5],
          [9.722044, 47.440573, 407.0],
          [9.722021, 47.440494, 407.5],
          [9.721992, 47.440334, 407.75],
          [9.721961, 47.440271, 407.75],
          [9.721910, 47.440200, 407.75],
          [9.721802, 47.440096, 408.0],
          [9.721684, 47.439998, 408.0],
          [9.721580, 47.439932, 407.75],
          [9.721381, 47.439838, 407.25],
          [9.721196, 47.439791, 407.0],
          [9.720962, 47.439752, 407.25],
          [9.720526, 47.439703, 408.0],
          [9.720189, 47.439651, 408.0],
          [9.719984, 47.439584, 408.0],
          [9.719812, 47.439498, 408.5],
          [9.719350, 47.439163, 408.5],
          [9.719227, 47.439082, 407.75],
          [9.719172, 47.439117, 407.75],
          [9.718647, 47.439485, 407.75],
          [9.718630, 47.439494, 407.75],
          [9.718514, 47.439558, 408.0],
          [9.718275, 47.439337, 408.25],
          [9.718066, 47.439128, 407.75],
          [9.717939, 47.438970, 407.5],
          [9.717821, 47.438790, 407.25],
          [9.717739, 47.438564, 407.75],
          [9.717711, 47.438429, 407.75],
          [9.717714, 47.438241, 407.75],
          [9.717729, 47.438091, 407.75],
          [9.717725, 47.438027, 407.75],
          [9.717722, 47.437982, 407.5],
          [9.717633, 47.437662, 407.0],
          [9.717496, 47.437341, 407.0],
          [9.717293, 47.436970, 407.0],
          [9.717274, 47.436904, 407.0],
          [9.717268, 47.436830, 407.0],
          [9.717280, 47.436763, 407.0],
          [9.717584, 47.435930, 408.0],
          [9.717948, 47.434893, 408.0],
          [9.717992, 47.434838, 408.25],
          [9.718042, 47.434808, 408.5],
          [9.718114, 47.434801, 408.5],
          [9.718185, 47.434804, 408.5],
          [9.718549, 47.434901, 408.25],
          [9.718668, 47.434907, 408.25],
          [9.718745, 47.434886, 408.25],
          [9.718811, 47.434818, 408.5],
          [9.718918, 47.434688, 409.0],
          [9.718974, 47.434643, 409.0],
          [9.719060, 47.434600, 409.0],
          [9.719155, 47.434562, 409.0],
          [9.720145, 47.434227, 409.0],
          [9.720277, 47.434180, 409.0],
          [9.720398, 47.434124, 409.0],
          [9.720447, 47.434085, 409.0],
          [9.720476, 47.434039, 409.0],
          [9.720504, 47.433890, 409.0],
          [9.720509, 47.433749, 409.0],
          [9.720468, 47.433632, 409.0],
          [9.720393, 47.433544, 409.0],
          [9.719948, 47.433160, 409.5],
          [9.719629, 47.432845, 409.75],
          [9.719568, 47.432762, 410.0],
          [9.719387, 47.432435, 410.0],
          [9.718972, 47.431907, 410.0],
          [9.718863, 47.431759, 409.75],
          [9.718689, 47.431555, 410.25],
          [9.718531, 47.431405, 410.75],
          [9.718349, 47.431255, 411.0],
          [9.718241, 47.431133, 410.75],
          [9.718057, 47.430826, 411.0],
          [9.717921, 47.430652, 411.0],
          [9.717858, 47.430586, 411.0],
          [9.717451, 47.430261, 411.0],
          [9.716984, 47.429913, 412.25],
          [9.716826, 47.429818, 412.0],
          [9.715922, 47.429641, 411.0],
          [9.715779, 47.429596, 411.0],
          [9.715649, 47.429502, 410.75],
          [9.715429, 47.428485, 411.25],
          [9.715409, 47.428324, 411.75],
          [9.715432, 47.428272, 411.75],
          [9.715475, 47.428227, 411.5],
          [9.715512, 47.428193, 411.25],
          [9.715540, 47.428121, 411.0],
          [9.715535, 47.428005, 411.0],
          [9.715333, 47.427669, 412.0],
          [9.715040, 47.427212, 412.0],
          [9.714637, 47.426864, 412.0],
          [9.714178, 47.426173, 412.75],
          [9.714151, 47.426097, 412.75],
          [9.714156, 47.425992, 412.75],
          [9.714195, 47.425780, 413.0],
          [9.714184, 47.425382, 413.0],
          [9.714139, 47.425152, 413.0],
          [9.714026, 47.424944, 413.0],
          [9.712749, 47.423769, 413.75],
          [9.712581, 47.423783, 413.5],
          [9.712407, 47.423789, 413.25],
          [9.712260, 47.423782, 413.25],
          [9.712131, 47.423739, 413.25],
          [9.712107, 47.423692, 413.25],
          [9.712116, 47.423633, 413.5],
          [9.712331, 47.423187, 414.0],
          [9.712366, 47.423046, 414.0],
          [9.712314, 47.422833, 414.0],
          [9.712178, 47.422687, 414.0],
          [9.710394, 47.421109, 414.0],
          [9.710144, 47.420856, 413.75],
          [9.709821, 47.420288, 414.0],
          [9.709426, 47.419543, 413.25],
          [9.709385, 47.419484, 413.25],
          [9.709355, 47.419424, 413.25],
          [9.709373, 47.419359, 413.25],
          [9.709450, 47.419262, 413.5],
          [9.709899, 47.418828, 413.5],
          [9.709971, 47.418756, 413.75],
          [9.710063, 47.418694, 414.25],
          [9.710190, 47.418646, 414.0],
          [9.710358, 47.418593, 414.75],
          [9.710526, 47.418521, 417.0],
          [9.710822, 47.418367, 415.25],
          [9.711045, 47.418246, 415.0],
          [9.711460, 47.417942, 415.0],
          [9.711881, 47.417586, 416.0],
          [9.712297, 47.417303, 416.0],
          [9.712546, 47.417077, 416.0],
          [9.713140, 47.416499, 417.0],
          [9.713250, 47.416376, 417.0],
          [9.713289, 47.416319, 417.0],
          [9.713229, 47.416228, 417.0],
          [9.712945, 47.416014, 417.5],
          [9.712303, 47.415513, 417.5],
          [9.711816, 47.415117, 417.0],
          [9.711713, 47.415072, 417.0],
          [9.711622, 47.415023, 417.0],
          [9.711330, 47.414912, 417.0],
          [9.711125, 47.414822, 417.0],
          [9.711029, 47.414756, 417.0],
          [9.710952, 47.414725, 417.0],
          [9.710879, 47.414701, 417.0],
          [9.710835, 47.414701, 417.0],
          [9.710793, 47.414693, 417.0],
          [9.710723, 47.414658, 417.0],
          [9.710697, 47.414629, 417.0],
          [9.710685, 47.414596, 417.0],
          [9.710686, 47.414562, 417.0],
          [9.710717, 47.414513, 417.0],
          [9.710744, 47.414493, 417.0],
          [9.710753, 47.414441, 417.0],
          [9.710749, 47.414375, 417.0],
          [9.710751, 47.414259, 417.0],
          [9.710744, 47.414237, 417.0],
          [9.710650, 47.413977, 417.0],
          [9.710601, 47.413874, 417.0],
          [9.710488, 47.413736, 417.25],
          [9.710415, 47.413685, 417.25],
          [9.710303, 47.413599, 417.0],
          [9.710199, 47.413511, 417.25],
          [9.710158, 47.413476, 417.25],
          [9.710098, 47.413486, 417.0],
          [9.710036, 47.413488, 417.0],
          [9.709974, 47.413482, 416.75],
          [9.709861, 47.413450, 416.75],
          [9.709812, 47.413424, 416.75],
          [9.709771, 47.413392, 416.75],
          [9.709725, 47.413335, 416.75],
          [9.709712, 47.413304, 416.75],
          [9.709704, 47.413239, 416.75],
          [9.709715, 47.413194, 416.75],
          [9.709738, 47.413151, 417.0],
          [9.709804, 47.413088, 417.0],
          [9.709897, 47.413043, 417.0],
          [9.709955, 47.413028, 417.0],
          [9.710017, 47.413020, 417.0],
          [9.710108, 47.412906, 417.0],
          [9.710115, 47.412891, 417.0],
          [9.710176, 47.412774, 417.5],
          [9.710004, 47.412314, 418.0],
          [9.709981, 47.412255, 417.75],
          [9.709954, 47.412182, 418.0],
          [9.709944, 47.412156, 418.0],
          [9.709917, 47.412089, 418.0],
          [9.709821, 47.411828, 418.0],
          [9.709778, 47.411713, 418.0],
          [9.709736, 47.411601, 418.0],
          [9.709704, 47.411534, 418.25],
          [9.709679, 47.411452, 418.5],
          [9.709670, 47.411405, 418.75],
          [9.709632, 47.411383, 418.5],
          [9.709606, 47.411355, 418.5],
          [9.709593, 47.411322, 418.5],
          [9.709592, 47.411293, 418.5],
          [9.709603, 47.411266, 418.5],
          [9.709564, 47.411198, 418.25],
          [9.709544, 47.411071, 418.25],
          [9.709376, 47.410629, 418.0],
          [9.709324, 47.410490, 418.0],
          [9.709302, 47.410430, 418.25],
          [9.709294, 47.410409, 418.5],
          [9.709227, 47.410223, 419.0],
          [9.709017, 47.409652, 419.0],
          [9.708980, 47.409552, 419.0],
          [9.708797, 47.409065, 419.0],
          [9.708786, 47.409035, 419.0],
          [9.708576, 47.408474, 418.75],
          [9.708443, 47.408151, 419.0],
          [9.708397, 47.408079, 419.0],
          [9.708313, 47.407995, 418.75],
          [9.708217, 47.407934, 418.5],
          [9.708150, 47.407902, 418.25],
          [9.707911, 47.407847, 418.0],
          [9.707809, 47.407838, 418.0],
          [9.707642, 47.407853, 418.0],
          [9.707570, 47.407863, 418.0],
          [9.706632, 47.408064, 417.75],
          [9.706513, 47.408083, 417.5],
          [9.706274, 47.408085, 417.0],
          [9.706050, 47.408064, 417.0],
          [9.705785, 47.408032, 417.0],
          [9.705546, 47.408028, 417.0],
          [9.705317, 47.408040, 417.0],
          [9.705160, 47.408035, 417.0],
          [9.705052, 47.408020, 417.0],
          [9.704945, 47.407993, 416.75],
          [9.704843, 47.407950, 416.5],
          [9.704728, 47.407882, 416.5],
          [9.704620, 47.407790, 416.75],
          [9.703472, 47.406513, 415.5],
          [9.702695, 47.405687, 414.25],
          [9.702072, 47.405051, 413.75],
          [9.701928, 47.404909, 413.0],
          [9.701662, 47.404642, 413.5],
          [9.701504, 47.404498, 413.25],
          [9.701393, 47.404392, 413.0],
          [9.700764, 47.403810, 413.25],
          [9.699870, 47.403012, 413.25],
          [9.698940, 47.402225, 413.0],
          [9.698156, 47.401592, 412.5],
          [9.697043, 47.400730, 411.25],
          [9.696855, 47.400568, 411.0],
          [9.696755, 47.400439, 411.0],
          [9.696694, 47.400313, 411.0],
          [9.696677, 47.400206, 411.0],
          [9.696676, 47.400095, 411.0],
          [9.696711, 47.399966, 411.0],
          [9.696787, 47.399805, 411.0],
          [9.696888, 47.399617, 411.0],
          [9.696917, 47.399518, 411.0],
          [9.696865, 47.399421, 410.75],
          [9.696823, 47.399282, 411.0],
          [9.696934, 47.399267, 411.0],
          [9.697229, 47.399230, 411.0],
          [9.697198, 47.399143, 411.0],
          [9.697092, 47.399136, 411.0],
          [9.697032, 47.399111, 411.0],
          [9.696995, 47.399077, 411.0],
          [9.696922, 47.398831, 411.0],
          [9.696867, 47.398703, 411.0],
          [9.696785, 47.398591, 411.0],
          [9.696666, 47.398478, 410.75],
          [9.696527, 47.398377, 410.75],
          [9.696357, 47.398291, 410.75],
          [9.696153, 47.398214, 410.5],
          [9.695929, 47.398169, 410.5],
          [9.695716, 47.398152, 410.5],
          [9.695528, 47.398159, 410.5],
          [9.695295, 47.398196, 410.0],
          [9.694652, 47.398346, 410.0],
          [9.694410, 47.398388, 410.0],
          [9.694202, 47.398404, 410.0],
          [9.693968, 47.398402, 410.0],
          [9.693715, 47.398376, 410.0],
          [9.693517, 47.398338, 410.0],
          [9.693354, 47.398280, 410.0],
          [9.693128, 47.398142, 410.0],
          [9.693045, 47.398078, 410.0],
          [9.692861, 47.398069, 410.5],
          [9.692013, 47.397572, 410.0],
          [9.691375, 47.397213, 409.0],
          [9.687472, 47.394962, 409.0],
          [9.686376, 47.394295, 409.25],
          [9.685888, 47.393975, 408.75],
          [9.685816, 47.393917, 408.0],
          [9.685620, 47.393723, 406.75],
          [9.685644, 47.393672, 407.0],
          [9.685713, 47.393325, 408.5],
          [9.685735, 47.393099, 408.25],
          [9.685657, 47.392705, 408.5],
          [9.685615, 47.392533, 408.75],
          [9.685563, 47.392418, 409.0],
          [9.685453, 47.391976, 407.5],
          [9.685304, 47.391306, 408.0],
          [9.685035, 47.390581, 407.75],
          [9.684801, 47.390066, 408.25],
          [9.684668, 47.389727, 408.5],
          [9.684523, 47.389504, 408.25],
          [9.684318, 47.389354, 408.25],
          [9.684363, 47.389120, 408.0],
          [9.684371, 47.388811, 407.75],
          [9.684335, 47.388485, 407.75],
          [9.684285, 47.388311, 408.5],
          [9.684219, 47.388144, 408.75],
          [9.684119, 47.387931, 408.25],
          [9.683965, 47.387665, 408.5],
          [9.683717, 47.387276, 408.5],
          [9.683667, 47.387194, 408.75],
          [9.683113, 47.386344, 408.75],
          [9.682852, 47.385907, 408.5],
          [9.682616, 47.385468, 408.5],
          [9.681997, 47.384226, 407.75],
          [9.681031, 47.382057, 407.75],
          [9.681005, 47.381999, 407.75],
          [9.680956, 47.381889, 408.0],
          [9.679695, 47.379126, 407.75],
          [9.679631, 47.378986, 407.75],
          [9.679607, 47.378932, 407.75],
          [9.679555, 47.378819, 408.0],
          [9.679318, 47.378299, 408.0],
          [9.678792, 47.377139, 408.25],
          [9.678769, 47.377087, 408.0],
          [9.678746, 47.377036, 407.75],
          [9.678689, 47.376904, 407.5],
          [9.678628, 47.376771, 408.25],
          [9.678578, 47.376659, 408.75],
          [9.678525, 47.376548, 408.75],
          [9.678280, 47.376013, 409.75],
          [9.678134, 47.375696, 409.5],
          [9.678035, 47.375489, 408.75],
          [9.678019, 47.375455, 408.5],
          [9.678005, 47.375423, 408.5],
          [9.677957, 47.375313, 408.5],
          [9.677846, 47.375061, 409.5],
          [9.677769, 47.374979, 410.0],
          [9.677727, 47.374869, 410.25],
          [9.677705, 47.374818, 410.5],
          [9.677613, 47.374642, 411.0],
          [9.677569, 47.374504, 411.0],
          [9.677517, 47.374441, 411.0],
          [9.677499, 47.374415, 411.0],
          [9.677432, 47.374409, 411.0],
          [9.677390, 47.374397, 411.0],
          [9.677320, 47.374358, 411.0],
          [9.677289, 47.374328, 411.0],
          [9.677267, 47.374283, 411.0],
          [9.677264, 47.374247, 411.0],
          [9.677276, 47.374197, 411.0],
          [9.677325, 47.374146, 411.25],
          [9.677300, 47.374101, 411.0],
          [9.677279, 47.374038, 411.0],
          [9.677198, 47.373935, 410.75],
          [9.677058, 47.373738, 410.5],
          [9.676982, 47.373638, 410.75],
          [9.676951, 47.373545, 410.75],
          [9.676904, 47.373487, 410.25],
          [9.676810, 47.373373, 410.0],
          [9.676729, 47.373275, 409.75],
          [9.676479, 47.372998, 410.0],
          [9.676396, 47.372907, 410.0],
          [9.676229, 47.372722, 410.0],
          [9.676057, 47.372543, 410.0],
          [9.676011, 47.372494, 410.0],
          [9.675841, 47.372304, 410.0],
          [9.675776, 47.372235, 410.0],
          [9.675334, 47.371747, 409.25],
          [9.675041, 47.371423, 409.0],
          [9.674725, 47.371074, 408.75],
          [9.674640, 47.370980, 409.0],
          [9.674555, 47.370886, 409.0],
          [9.674510, 47.370836, 409.0],
          [9.674195, 47.370489, 408.25],
          [9.674019, 47.370297, 408.25],
          [9.673618, 47.369855, 409.0],
          [9.673516, 47.369743, 408.75],
          [9.673414, 47.369631, 409.0],
          [9.673333, 47.369542, 409.0],
          [9.673112, 47.369296, 409.0],
          [9.672752, 47.368902, 408.75],
          [9.672699, 47.368844, 409.0],
          [9.672666, 47.368809, 409.25],
          [9.672399, 47.368518, 409.75],
          [9.672210, 47.368313, 410.0],
          [9.672190, 47.368292, 410.0],
          [9.672151, 47.368250, 410.0],
          [9.672053, 47.368140, 409.75],
          [9.671945, 47.368013, 410.0],
          [9.671902, 47.367961, 410.25],
          [9.671750, 47.367766, 410.25],
          [9.671656, 47.367636, 410.0],
          [9.671565, 47.367494, 410.25],
          [9.671507, 47.367376, 410.75],
          [9.671500, 47.367353, 410.75],
          [9.671412, 47.367105, 410.5],
          [9.671378, 47.367006, 410.0],
          [9.671360, 47.366897, 410.0],
          [9.671303, 47.366537, 411.0],
          [9.671287, 47.366391, 411.0],
          [9.671264, 47.366177, 411.0],
          [9.671258, 47.366141, 411.0],
          [9.671226, 47.365933, 411.0],
          [9.671213, 47.365880, 411.0],
          [9.671182, 47.365753, 411.0],
          [9.671077, 47.365485, 410.75],
          [9.671068, 47.365469, 410.75],
          [9.670982, 47.365316, 410.5],
          [9.670953, 47.365272, 410.25],
          [9.670937, 47.365248, 410.25],
          [9.670918, 47.365220, 410.25],
          [9.670844, 47.365111, 410.5],
          [9.670698, 47.364921, 410.5],
          [9.670630, 47.364854, 410.5],
          [9.670485, 47.364711, 410.5],
          [9.670285, 47.364542, 410.5],
          [9.670237, 47.364501, 410.75],
          [9.670209, 47.364481, 410.75],
          [9.669969, 47.364310, 410.25],
          [9.669826, 47.364222, 410.0],
          [9.669794, 47.364203, 410.0],
          [9.669712, 47.364153, 410.0],
          [9.669244, 47.363868, 410.0],
          [9.669219, 47.363851, 410.0],
          [9.668961, 47.363679, 410.0],
          [9.668670, 47.363476, 410.0],
          [9.668609, 47.363431, 410.0],
          [9.668396, 47.363258, 410.0],
          [9.668277, 47.363166, 410.0],
          [9.667939, 47.362836, 410.0],
          [9.667622, 47.362525, 409.75],
          [9.667528, 47.362429, 409.75],
          [9.667418, 47.362304, 409.75],
          [9.667372, 47.362254, 409.75],
          [9.667222, 47.362089, 410.0],
          [9.667198, 47.362062, 410.0],
          [9.667144, 47.362001, 410.0],
          [9.666938, 47.361769, 410.0],
          [9.666861, 47.361682, 410.0],
          [9.666825, 47.361625, 410.0],
          [9.666725, 47.361460, 410.0],
          [9.666677, 47.361383, 410.0],
          [9.666614, 47.361280, 410.0],
          [9.666488, 47.360985, 410.0],
          [9.666403, 47.360787, 410.0],
          [9.666383, 47.360741, 410.25],
          [9.666303, 47.360584, 410.5],
          [9.666246, 47.360497, 410.5],
          [9.666199, 47.360426, 410.5],
          [9.666025, 47.360211, 411.0],
          [9.666008, 47.360193, 411.0],
          [9.665853, 47.360027, 411.0],
          [9.665772, 47.359948, 411.0],
          [9.665694, 47.359871, 411.0],
          [9.665481, 47.359675, 411.0],
          [9.665429, 47.359616, 411.0],
          [9.665322, 47.359496, 411.0],
          [9.665270, 47.359431, 411.0],
          [9.665178, 47.359308, 411.0],
          [9.665125, 47.359238, 410.75],
          [9.665017, 47.359093, 410.75],
          [9.664938, 47.358975, 411.0],
          [9.664897, 47.358915, 411.0],
          [9.664850, 47.358846, 411.0],
          [9.664714, 47.358646, 411.0],
          [9.664595, 47.358473, 411.0],
          [9.664498, 47.358333, 411.0],
          [9.664481, 47.358309, 411.0],
          [9.664343, 47.358123, 410.5],
          [9.664312, 47.358081, 410.5],
          [9.664265, 47.358019, 410.25],
          [9.664209, 47.357940, 410.5],
          [9.664084, 47.357766, 410.5],
          [9.663901, 47.357527, 410.0],
          [9.663779, 47.357357, 410.5],
          [9.663735, 47.357295, 410.25],
          [9.663721, 47.357275, 410.25],
          [9.663535, 47.357003, 410.25],
          [9.663449, 47.356877, 410.5],
          [9.663432, 47.356848, 410.75],
          [9.663253, 47.356535, 411.0],
          [9.663227, 47.356486, 411.0],
          [9.663176, 47.356379, 411.0],
          [9.663043, 47.356075, 411.0],
          [9.662990, 47.355949, 411.0],
          [9.662979, 47.355923, 411.0],
          [9.662865, 47.355643, 410.75],
          [9.662842, 47.355586, 411.0],
          [9.662822, 47.355540, 410.75],
          [9.662793, 47.355477, 411.0],
          [9.662758, 47.355404, 411.0],
          [9.662638, 47.355182, 411.0],
          [9.662601, 47.355118, 410.75],
          [9.662563, 47.355055, 411.0],
          [9.662500, 47.354950, 411.0],
          [9.662444, 47.354856, 411.0],
          [9.662393, 47.354774, 411.0],
          [9.662251, 47.354539, 410.75],
          [9.662245, 47.354528, 410.75],
          [9.662207, 47.354467, 411.0],
          [9.662132, 47.354342, 411.0],
          [9.662018, 47.354155, 410.75],
          [9.662003, 47.354130, 410.75],
          [9.661892, 47.353948, 411.0],
          [9.661726, 47.353700, 410.75],
          [9.661506, 47.353371, 411.0],
          [9.661464, 47.353304, 411.0],
          [9.661445, 47.353277, 411.0],
          [9.661237, 47.352986, 411.0],
          [9.661152, 47.352866, 411.0],
          [9.661081, 47.352772, 410.75],
          [9.660999, 47.352674, 410.75],
          [9.660923, 47.352567, 410.25],
          [9.660848, 47.352475, 410.0],
          [9.659970, 47.351400, 408.75],
          [9.659792, 47.351138, 408.0],
          [9.659414, 47.350542, 409.0],
          [9.659132, 47.350006, 410.0],
          [9.658532, 47.348832, 411.0],
          [9.658186, 47.348198, 411.0],
          [9.657650, 47.347270, 411.75],
          [9.657449, 47.346921, 412.0],
          [9.657081, 47.346285, 412.0],
          [9.656988, 47.346125, 412.0],
          [9.656536, 47.345332, 413.0],
          [9.656394, 47.345093, 413.5],
          [9.656274, 47.344902, 414.0],
          [9.656199, 47.344791, 414.0],
          [9.656179, 47.344755, 414.0],
          [9.656130, 47.344731, 414.0],
          [9.656013, 47.344585, 414.5],
          [9.655983, 47.344527, 414.75],
          [9.655969, 47.344468, 414.75],
          [9.655963, 47.344380, 415.0],
          [9.655967, 47.344310, 415.25],
          [9.655969, 47.344280, 415.5],
          [9.655935, 47.344263, 415.5],
          [9.655898, 47.344227, 415.75],
          [9.655887, 47.344208, 415.75],
          [9.655835, 47.344169, 415.75],
          [9.655683, 47.344092, 416.25],
          [9.655607, 47.344053, 416.25],
          [9.655559, 47.344003, 416.5],
          [9.655517, 47.343984, 416.5],
          [9.655258, 47.343841, 419.25],
          [9.655108, 47.343750, 420.5],
          [9.654835, 47.343559, 419.75],
          [9.654791, 47.343527, 420.0],
          [9.654715, 47.343471, 419.5],
          [9.654627, 47.343407, 419.5],
          [9.654477, 47.343277, 421.0],
          [9.654394, 47.343199, 422.25],
          [9.654224, 47.343021, 423.0],
          [9.654123, 47.342900, 422.75],
          [9.654061, 47.342916, 422.5],
          [9.654025, 47.342926, 422.25],
          [9.653811, 47.342975, 421.5],
          [9.653437, 47.343018, 420.0],
          [9.653190, 47.343047, 420.0],
          [9.652591, 47.343137, 419.75],
          [9.652010, 47.343269, 420.0],
          [9.651597, 47.343357, 419.75],
          [9.651348, 47.343363, 419.75],
          [9.651013, 47.343361, 419.75],
          [9.650833, 47.343351, 419.75],
          [9.650722, 47.343346, 419.5],
          [9.650139, 47.343291, 419.0],
          [9.650091, 47.343285, 419.0],
          [9.649868, 47.343258, 419.25],
          [9.649791, 47.343247, 419.25],
          [9.649523, 47.343208, 419.25],
          [9.649332, 47.343177, 419.25],
          [9.649229, 47.343153, 419.25],
          [9.649077, 47.343118, 419.25],
          [9.648990, 47.343098, 419.25],
          [9.648678, 47.342987, 419.75],
          [9.648639, 47.342971, 419.75],
          [9.648505, 47.342916, 420.0],
          [9.648281, 47.342809, 420.0],
          [9.648149, 47.342720, 420.0],
          [9.648133, 47.342708, 420.25],
          [9.648096, 47.342673, 420.25],
          [9.647998, 47.342555, 420.75],
          [9.647916, 47.342389, 421.25],
          [9.647894, 47.342341, 421.5],
          [9.647783, 47.342103, 422.25],
          [9.647748, 47.341982, 422.75],
          [9.647617, 47.341824, 424.0],
          [9.647552, 47.341761, 424.25],
          [9.647408, 47.341621, 424.5],
          [9.647196, 47.341411, 424.75],
          [9.647187, 47.341402, 424.75],
          [9.647030, 47.341236, 425.5],
          [9.646990, 47.341174, 425.75],
          [9.646975, 47.341152, 425.75],
          [9.646873, 47.340993, 426.0],
          [9.646833, 47.340951, 426.0],
          [9.646759, 47.340910, 426.0],
          [9.646714, 47.340885, 425.75],
          [9.646670, 47.340909, 425.5],
          [9.646621, 47.340926, 425.5],
          [9.646011, 47.340988, 425.25],
          [9.645807, 47.341009, 425.25],
          [9.645679, 47.341023, 425.25],
          [9.645323, 47.341052, 425.0],
          [9.645166, 47.341053, 425.0],
          [9.645002, 47.341043, 425.0],
          [9.644766, 47.340993, 425.25],
          [9.644729, 47.340977, 425.25],
          [9.644634, 47.340938, 425.5],
          [9.644546, 47.340901, 425.75],
          [9.644454, 47.340850, 425.75],
          [9.644011, 47.340584, 426.75],
          [9.643915, 47.340526, 427.0],
          [9.643371, 47.340200, 427.25],
          [9.643067, 47.340024, 427.75],
          [9.642448, 47.339664, 427.0],
          [9.642428, 47.339653, 427.0],
          [9.642170, 47.339501, 427.5],
          [9.642067, 47.339437, 427.25],
          [9.641955, 47.339367, 427.25],
          [9.641702, 47.339215, 427.75],
          [9.641645, 47.339180, 427.75],
          [9.641580, 47.339143, 428.0],
          [9.641492, 47.339091, 428.0],
          [9.641404, 47.339040, 428.0],
          [9.641344, 47.339005, 428.0],
          [9.641300, 47.338975, 428.0],
          [9.640871, 47.338692, 428.5],
          [9.640707, 47.338571, 429.0],
          [9.640535, 47.338433, 428.75],
          [9.640281, 47.338180, 429.5],
          [9.640180, 47.338062, 429.5],
          [9.640122, 47.337990, 429.25],
          [9.640020, 47.337828, 429.0],
          [9.639870, 47.337571, 429.5],
          [9.639824, 47.337489, 430.0],
          [9.639701, 47.337213, 429.75],
          [9.639680, 47.337096, 429.75],
          [9.639668, 47.336992, 429.75],
          [9.639592, 47.336593, 430.5],
          [9.639536, 47.336426, 430.75],
          [9.639491, 47.336322, 431.0],
          [9.639391, 47.336182, 431.5],
          [9.639256, 47.336035, 431.0],
          [9.639169, 47.335978, 431.0],
          [9.639074, 47.335918, 430.5],
          [9.638831, 47.335766, 430.0],
          [9.638713, 47.335677, 430.25],
          [9.638683, 47.335644, 430.0],
          [9.638551, 47.335445, 429.75],
          [9.638490, 47.335328, 429.75],
          [9.638379, 47.335062, 430.0],
          [9.638288, 47.334804, 429.75],
          [9.638230, 47.334641, 430.0],
          [9.638214, 47.334593, 430.0],
          [9.638162, 47.334361, 430.0],
          [9.638098, 47.334071, 430.0],
          [9.638046, 47.333839, 429.75],
          [9.638020, 47.333725, 429.75],
          [9.637997, 47.333555, 430.0],
          [9.637989, 47.333491, 430.0],
          [9.637966, 47.333270, 430.0],
          [9.637967, 47.333232, 430.0],
          [9.637972, 47.333059, 430.0],
          [9.637978, 47.332839, 430.0],
          [9.637969, 47.332742, 430.0],
          [9.637943, 47.332464, 431.0],
          [9.637908, 47.332224, 431.75],
          [9.637898, 47.332157, 432.0],
          [9.637889, 47.332097, 432.0],
          [9.637880, 47.332035, 432.0],
          [9.637873, 47.331987, 432.0],
          [9.637848, 47.331801, 431.5],
          [9.637828, 47.331636, 431.0],
          [9.637816, 47.331585, 431.0],
          [9.637804, 47.331551, 431.0],
          [9.637653, 47.331571, 430.75],
          [9.637458, 47.331581, 430.5],
          [9.637319, 47.331574, 430.0],
          [9.637187, 47.331561, 429.75],
          [9.637065, 47.331539, 429.5],
          [9.636934, 47.331505, 429.25],
          [9.636836, 47.331471, 429.25],
          [9.636782, 47.331450, 429.0],
          [9.636633, 47.331388, 428.75],
          [9.636587, 47.331363, 428.75],
          [9.636502, 47.331310, 428.5],
          [9.636459, 47.331283, 428.5],
          [9.636312, 47.331165, 427.75],
          [9.636295, 47.331152, 427.75],
          [9.636144, 47.331019, 427.0],
          [9.636033, 47.330926, 427.0],
          [9.635970, 47.330873, 427.0],
          [9.635902, 47.330811, 426.75],
          [9.635776, 47.330701, 426.5],
          [9.635654, 47.330594, 426.0],
          [9.635318, 47.330311, 425.0],
          [9.635279, 47.330278, 425.0],
          [9.635233, 47.330239, 425.0],
          [9.635144, 47.330165, 425.0],
          [9.635037, 47.330076, 425.0],
          [9.634961, 47.330012, 425.0],
          [9.634918, 47.329976, 424.75],
          [9.634824, 47.329898, 424.75],
          [9.634729, 47.329820, 424.25],
          [9.634659, 47.329762, 424.0],
          [9.634568, 47.329686, 424.0],
          [9.634471, 47.329607, 424.0],
          [9.634320, 47.329479, 424.0],
          [9.634192, 47.329370, 424.0],
          [9.634122, 47.329312, 424.0],
          [9.633943, 47.329161, 423.75],
          [9.633800, 47.329040, 423.25],
          [9.633752, 47.329000, 423.0],
          [9.633665, 47.328927, 423.0],
          [9.633438, 47.328735, 423.0],
          [9.633186, 47.328523, 423.0],
          [9.632961, 47.328334, 422.75],
          [9.632924, 47.328302, 423.0],
          [9.632469, 47.327919, 423.0],
          [9.632357, 47.327824, 423.0],
          [9.632283, 47.327762, 423.0],
          [9.632269, 47.327751, 423.0],
          [9.632029, 47.327548, 422.75],
          [9.631713, 47.327282, 422.0],
          [9.631641, 47.327221, 422.0],
          [9.631483, 47.327088, 422.0],
          [9.631299, 47.326933, 422.0],
          [9.631200, 47.326850, 422.0],
          [9.631081, 47.326749, 422.5],
          [9.630875, 47.326576, 423.0],
          [9.630698, 47.326427, 422.75],
          [9.630582, 47.326329, 423.0],
          [9.630502, 47.326261, 422.75],
          [9.630418, 47.326191, 422.5],
          [9.630327, 47.326114, 422.0],
          [9.630301, 47.326092, 422.0],
          [9.630282, 47.326073, 422.0],
          [9.630233, 47.326031, 422.25],
          [9.630106, 47.325923, 422.75],
          [9.630066, 47.325887, 422.75],
          [9.629965, 47.325807, 423.0],
          [9.629494, 47.325408, 423.0],
          [9.629347, 47.325284, 423.0],
          [9.629184, 47.325147, 423.0],
          [9.628919, 47.324925, 423.5],
          [9.628512, 47.324584, 424.0],
          [9.628219, 47.324334, 424.0],
          [9.628139, 47.324266, 424.0],
          [9.627843, 47.324021, 424.0],
          [9.627424, 47.323704, 424.25],
          [9.627316, 47.323629, 425.0],
          [9.627219, 47.323559, 425.5],
          [9.627116, 47.323489, 425.0],
          [9.626920, 47.323368, 425.75],
          [9.626603, 47.323184, 425.5],
          [9.626273, 47.323013, 428.0],
          [9.625803, 47.322806, 429.5],
          [9.625229, 47.322562, 429.25],
          [9.625114, 47.322507, 429.25],
          [9.624882, 47.322394, 429.25],
          [9.624572, 47.322208, 429.0],
          [9.624445, 47.322116, 429.25],
          [9.624271, 47.321958, 431.5],
          [9.624111, 47.321776, 432.5],
          [9.623983, 47.321575, 431.75],
          [9.623931, 47.321461, 431.25],
          [9.623857, 47.321237, 430.25],
          [9.623783, 47.320857, 427.0],
          [9.623755, 47.320664, 427.0],
          [9.623727, 47.320474, 427.0],
          [9.623714, 47.320405, 427.0],
          [9.623637, 47.320150, 427.0],
          [9.623495, 47.319850, 426.75],
          [9.623414, 47.319722, 427.0],
          [9.623262, 47.319524, 427.0],
          [9.623010, 47.319232, 427.0],
          [9.622225, 47.318388, 428.0],
          [9.621460, 47.317551, 429.0],
          [9.621398, 47.317484, 429.0],
          [9.621371, 47.317454, 429.0],
          [9.621114, 47.317174, 429.0],
          [9.620867, 47.316892, 429.75],
          [9.620688, 47.316658, 430.0],
          [9.620665, 47.316625, 430.0],
          [9.620533, 47.316429, 430.0],
          [9.620347, 47.316113, 429.75],
          [9.620237, 47.315900, 430.75],
          [9.620170, 47.315755, 431.0],
          [9.620055, 47.315453, 431.0],
          [9.620046, 47.315424, 431.0],
          [9.619926, 47.314982, 431.0],
          [9.619882, 47.314737, 431.75],
          [9.619863, 47.314611, 432.0],
          [9.619855, 47.314425, 432.0],
          [9.619852, 47.314358, 432.0],
          [9.619848, 47.314263, 432.0],
          [9.619844, 47.314179, 432.0],
          [9.619845, 47.313925, 432.75],
          [9.619852, 47.313681, 433.25],
          [9.619858, 47.313511, 433.25],
          [9.619881, 47.313123, 433.75],
          [9.619809, 47.313133, 433.5],
          [9.619786, 47.313050, 434.0],
          [9.619785, 47.312960, 434.0],
          [9.619810, 47.312604, 434.0],
          [9.619822, 47.312416, 434.0],
          [9.619837, 47.312202, 434.25],
          [9.619841, 47.312139, 434.5],
          [9.619879, 47.311589, 435.0],
          [9.619880, 47.311530, 435.25],
          [9.619870, 47.311492, 435.25],
          [9.619846, 47.311472, 435.25],
          [9.619762, 47.311445, 435.0],
          [9.619761, 47.311406, 435.0],
          [9.619760, 47.311338, 435.0],
          [9.619760, 47.311308, 435.0],
          [9.619806, 47.311293, 435.0],
          [9.619862, 47.311263, 435.25],
          [9.619886, 47.311240, 435.25],
          [9.619903, 47.311175, 435.0],
          [9.619966, 47.310054, 435.75],
          [9.620039, 47.309076, 436.75],
          [9.620043, 47.308975, 436.75],
          [9.620047, 47.308895, 436.75],
          [9.620050, 47.308833, 436.75],
          [9.620113, 47.307783, 436.75],
          [9.620145, 47.307674, 437.0],
          [9.620147, 47.307631, 437.0],
          [9.620156, 47.307492, 437.0],
          [9.620157, 47.307412, 437.0],
          [9.620126, 47.307188, 437.0],
          [9.620138, 47.307049, 437.25],
          [9.620163, 47.306946, 437.5],
          [9.620185, 47.306561, 437.75],
          [9.620229, 47.305874, 438.5],
          [9.620263, 47.305351, 438.75],
          [9.620294, 47.305249, 439.0],
          [9.620303, 47.305071, 439.5],
          [9.620313, 47.304926, 439.75],
          [9.620294, 47.304720, 440.0],
          [9.620343, 47.304080, 441.25],
          [9.620348, 47.304039, 441.25],
          [9.620356, 47.303902, 441.0],
          [9.620360, 47.303820, 441.0],
          [9.620371, 47.303495, 441.25],
          [9.620398, 47.303345, 441.25],
          [9.620443, 47.302517, 441.5],
          [9.620514, 47.301984, 441.75],
          [9.620506, 47.301918, 441.75],
          [9.620466, 47.301869, 441.5],
          [9.620445, 47.301770, 441.5],
          [9.620459, 47.301733, 441.5],
          [9.620546, 47.301636, 441.75],
          [9.620552, 47.301621, 441.75],
          [9.620571, 47.301572, 441.75],
          [9.620720, 47.300994, 441.5],
          [9.620837, 47.300560, 441.75],
          [9.620951, 47.300178, 442.0],
          [9.621100, 47.299730, 442.75],
          [9.621120, 47.299624, 443.25],
          [9.621105, 47.299532, 443.5],
          [9.621073, 47.299435, 444.0],
          [9.621023, 47.299361, 444.0],
          [9.620988, 47.299286, 444.0],
          [9.620969, 47.299223, 444.0],
          [9.620969, 47.299141, 444.0],
          [9.621012, 47.299050, 444.0],
          [9.621059, 47.298974, 444.0],
          [9.621381, 47.298637, 445.75],
          [9.621440, 47.298525, 446.0],
          [9.621425, 47.298380, 446.5],
          [9.621394, 47.298272, 447.25],
          [9.621372, 47.298195, 447.75],
          [9.621270, 47.297965, 448.0],
          [9.621232, 47.297853, 447.75],
          [9.621172, 47.297764, 447.75],
          [9.620910, 47.297340, 447.0],
          [9.620877, 47.297275, 448.25],
          [9.620712, 47.297093, 449.0],
          [9.620572, 47.296899, 448.0],
          [9.620543, 47.296834, 447.75],
          [9.620537, 47.296766, 447.75],
          [9.620520, 47.296664, 447.25],
          [9.620517, 47.296305, 446.5],
          [9.620551, 47.296040, 446.5],
          [9.620653, 47.295704, 445.5],
          [9.620865, 47.295076, 446.0],
          [9.620962, 47.294717, 446.25],
          [9.621017, 47.294433, 446.25],
          [9.621047, 47.294229, 446.5],
          [9.621089, 47.293744, 446.75],
          [9.621094, 47.293475, 446.75],
          [9.621071, 47.292940, 447.0],
          [9.621049, 47.292705, 447.25],
          [9.621012, 47.292473, 447.0],
          [9.620973, 47.292268, 447.0],
          [9.620628, 47.290706, 447.0],
          [9.620549, 47.290377, 446.75],
          [9.620485, 47.290113, 446.5],
          [9.620197, 47.288870, 446.5],
          [9.619909, 47.287575, 446.0],
          [9.619545, 47.285994, 445.0],
          [9.619223, 47.284725, 444.75],
          [9.618883, 47.283559, 444.75],
          [9.618521, 47.282396, 444.75],
          [9.618092, 47.281067, 445.0],
          [9.618015, 47.280884, 445.0],
          [9.617953, 47.280838, 445.0],
          [9.617882, 47.280810, 445.0],
          [9.617827, 47.280767, 445.0],
          [9.617780, 47.280715, 445.0],
          [9.617771, 47.280686, 444.75],
          [9.617773, 47.280622, 444.75],
          [9.617787, 47.280583, 445.0],
          [9.617855, 47.280501, 445.0],
          [9.617871, 47.280472, 445.0],
          [9.617876, 47.280443, 445.0],
          [9.617860, 47.280324, 445.0],
          [9.617543, 47.279199, 445.0],
          [9.617429, 47.278794, 444.5],
          [9.617298, 47.278330, 445.0],
          [9.616722, 47.276115, 445.0],
          [9.616634, 47.275833, 444.75],
          [9.616563, 47.275590, 444.5],
          [9.616458, 47.275240, 444.25],
          [9.616408, 47.275076, 444.5],
          [9.616333, 47.274876, 444.75],
          [9.616089, 47.274217, 444.75],
          [9.615962, 47.273893, 444.25],
          [9.615922, 47.273781, 444.25],
          [9.615856, 47.273623, 444.0],
          [9.615801, 47.273480, 444.0],
          [9.615589, 47.272953, 444.0],
          [9.615448, 47.272567, 444.0],
          [9.615403, 47.272414, 444.0],
          [9.615384, 47.272326, 444.0],
          [9.615353, 47.272020, 444.5],
          [9.615352, 47.271840, 444.25],
          [9.615334, 47.271705, 444.0],
          [9.615307, 47.271667, 444.0],
          [9.615203, 47.271569, 444.25],
          [9.615192, 47.271551, 444.25],
          [9.615191, 47.271515, 444.25],
          [9.615189, 47.271458, 444.5],
          [9.615187, 47.271415, 444.5],
          [9.615333, 47.271401, 444.75],
          [9.615398, 47.271402, 444.75],
          [9.615411, 47.271390, 444.75],
          [9.615411, 47.271311, 444.5],
          [9.615420, 47.271243, 444.25],
          [9.615414, 47.271148, 444.0],
          [9.615440, 47.271017, 444.0],
          [9.615370, 47.270688, 444.0],
          [9.615343, 47.270549, 444.0],
          [9.615337, 47.270483, 444.0],
          [9.615334, 47.270429, 444.0],
          [9.615329, 47.270121, 444.0],
          [9.615328, 47.270052, 444.0],
          [9.615330, 47.270014, 444.0],
          [9.615332, 47.269949, 444.0],
          [9.615334, 47.269916, 444.0],
          [9.615341, 47.269741, 444.0],
          [9.615353, 47.269526, 443.75],
          [9.615355, 47.269193, 443.75],
          [9.615351, 47.268879, 444.0],
          [9.615323, 47.268516, 444.0],
          [9.615308, 47.268324, 444.0],
          [9.615303, 47.268264, 444.0],
          [9.615283, 47.268030, 443.75],
          [9.615242, 47.267605, 443.75],
          [9.615237, 47.267551, 443.75],
          [9.615227, 47.267463, 443.75],
          [9.615221, 47.267393, 443.75],
          [9.615207, 47.267214, 443.75],
          [9.615158, 47.266525, 443.0],
          [9.615144, 47.266387, 443.0],
          [9.615132, 47.266261, 443.25],
          [9.615121, 47.266009, 443.75],
          [9.615118, 47.265877, 443.5],
          [9.615118, 47.265815, 443.5],
          [9.615106, 47.265588, 443.5],
          [9.615104, 47.265540, 443.5],
          [9.615101, 47.265492, 443.25],
          [9.615094, 47.265328, 443.0],
          [9.615088, 47.265180, 443.0],
          [9.615083, 47.265083, 443.0],
          [9.615073, 47.264845, 443.0],
          [9.615067, 47.264718, 443.0],
          [9.615051, 47.264313, 443.0],
          [9.615049, 47.264273, 443.0],
          [9.615044, 47.264125, 443.0],
          [9.615041, 47.264051, 443.0],
          [9.615034, 47.263879, 443.0],
          [9.615026, 47.263706, 443.0],
          [9.615024, 47.263676, 443.0],
          [9.615009, 47.263348, 443.0],
          [9.614993, 47.262930, 443.0],
          [9.614994, 47.262853, 443.0],
          [9.614999, 47.262772, 443.0],
          [9.615003, 47.262718, 443.0],
          [9.615049, 47.262332, 443.0],
          [9.615070, 47.262239, 443.0],
          [9.615077, 47.262200, 443.25],
          [9.615155, 47.261849, 443.5],
          [9.615166, 47.261769, 443.75],
          [9.615189, 47.261615, 444.0],
          [9.615201, 47.261539, 444.0],
          [9.615210, 47.261478, 444.0],
          [9.615214, 47.261439, 444.0],
          [9.615217, 47.261355, 444.0],
          [9.615217, 47.261303, 444.0],
          [9.615218, 47.261249, 444.0],
          [9.615219, 47.261137, 443.75],
          [9.615220, 47.261116, 444.0],
          [9.615222, 47.261011, 444.0],
          [9.615228, 47.260694, 444.5],
          [9.615227, 47.260487, 444.75],
          [9.615227, 47.260466, 445.0],
          [9.615219, 47.260359, 445.0],
          [9.615182, 47.260135, 445.0],
          [9.615125, 47.259933, 445.0],
          [9.615084, 47.259815, 445.0],
          [9.614952, 47.259507, 445.5],
          [9.614927, 47.259449, 445.5],
          [9.614907, 47.259404, 445.5],
          [9.614855, 47.259298, 445.75],
          [9.614782, 47.259148, 446.0],
          [9.614770, 47.259122, 446.0],
          [9.614646, 47.258849, 445.75],
          [9.614587, 47.258683, 445.5],
          [9.614478, 47.258318, 445.0],
          [9.614453, 47.258215, 445.0],
          [9.614422, 47.258073, 445.0],
          [9.614388, 47.257852, 444.75],
          [9.614373, 47.257629, 444.5],
          [9.614390, 47.257263, 443.75],
          [9.614412, 47.257008, 443.25],
          [9.614523, 47.256390, 444.75],
          [9.614556, 47.256205, 445.75],
          [9.614579, 47.256091, 446.5],
          [9.614810, 47.254946, 448.0],
          [9.614839, 47.254802, 448.0],
          [9.614750, 47.254790, 448.0],
          [9.614574, 47.254767, 448.5],
          [9.614446, 47.254652, 448.75],
          [9.614157, 47.254391, 449.0],
          [9.614021, 47.254259, 449.25],
          [9.613955, 47.254188, 449.0],
          [9.613792, 47.254011, 449.5],
          [9.613720, 47.253929, 449.25],
          [9.613518, 47.253702, 450.5],
          [9.613125, 47.253260, 449.75],
          [9.612925, 47.253035, 449.25],
          [9.612809, 47.252900, 449.0],
          [9.612726, 47.252803, 449.0],
          [9.612043, 47.252009, 450.0],
          [9.611508, 47.251386, 450.0],
          [9.611015, 47.250819, 450.0],
          [9.611004, 47.250806, 450.0],
          [9.610935, 47.250727, 450.25],
          [9.610660, 47.250448, 451.0],
          [9.610556, 47.250343, 450.75],
          [9.610518, 47.250304, 451.0],
          [9.610312, 47.250088, 451.0],
          [9.610284, 47.250057, 451.0],
          [9.610178, 47.249942, 451.0],
          [9.610042, 47.249793, 451.0],
          [9.609951, 47.249694, 451.25],
          [9.609842, 47.249574, 451.75],
          [9.609657, 47.249367, 452.0],
          [9.609576, 47.249277, 452.0],
          [9.609335, 47.249020, 451.25],
          [9.609242, 47.248934, 451.5],
          [9.609008, 47.248738, 452.0],
          [9.608811, 47.248582, 452.25],
          [9.608747, 47.248532, 452.25],
          [9.608571, 47.248382, 452.25],
          [9.608369, 47.248198, 452.75],
          [9.608298, 47.248134, 453.0],
          [9.608138, 47.248035, 453.0],
          [9.607776, 47.247850, 453.75],
          [9.607724, 47.247814, 453.75],
          [9.607580, 47.247686, 453.25],
          [9.607422, 47.247546, 453.5],
          [9.607295, 47.247430, 453.75],
          [9.607243, 47.247383, 453.75],
          [9.607222, 47.247364, 454.0],
          [9.607098, 47.247251, 454.0],
          [9.607003, 47.247168, 453.75],
          [9.606966, 47.247136, 453.75],
          [9.606897, 47.247075, 454.0],
          [9.606857, 47.247040, 454.25],
          [9.606829, 47.247015, 454.25],
          [9.606676, 47.246881, 454.0],
          [9.606554, 47.246772, 454.25],
          [9.606438, 47.246669, 454.0],
          [9.606282, 47.246530, 454.25],
          [9.606267, 47.246516, 454.25],
          [9.606249, 47.246501, 454.25],
          [9.606053, 47.246330, 454.25],
          [9.605897, 47.246198, 454.25],
          [9.605567, 47.245920, 454.25],
          [9.605453, 47.245824, 454.25],
          [9.605435, 47.245810, 454.25],
          [9.605303, 47.245699, 454.75],
          [9.605212, 47.245625, 455.0],
          [9.604963, 47.245420, 455.0],
          [9.604854, 47.245321, 455.0],
          [9.604739, 47.245218, 454.75],
          [9.604556, 47.245048, 454.75],
          [9.604506, 47.244999, 454.75],
          [9.604469, 47.244962, 454.75],
          [9.604377, 47.244871, 455.0],
          [9.604237, 47.244732, 455.0],
          [9.603941, 47.244453, 455.0],
          [9.603881, 47.244405, 455.0],
          [9.603513, 47.244133, 456.25],
          [9.603327, 47.244007, 456.25],
          [9.603116, 47.243883, 456.0],
          [9.603031, 47.243834, 456.25],
          [9.602697, 47.243622, 457.25],
          [9.602519, 47.243510, 457.75],
          [9.602133, 47.243226, 459.5],
          [9.602079, 47.243185, 459.75],
          [9.602065, 47.243154, 459.75],
          [9.602074, 47.243132, 459.75],
          [9.602085, 47.243123, 459.5],
          [9.602098, 47.243115, 459.5],
          [9.602325, 47.242971, 458.25],
          [9.602498, 47.242862, 457.25],
          [9.602601, 47.242798, 456.5],
          [9.603169, 47.242425, 455.0],
          [9.603227, 47.242368, 455.0],
          [9.602850, 47.242088, 455.25],
          [9.602813, 47.242061, 455.25],
          [9.602414, 47.241766, 456.0],
          [9.602297, 47.241680, 456.0],
          [9.602136, 47.241561, 456.0],
          [9.602060, 47.241503, 456.0],
          [9.601852, 47.241346, 456.0],
          [9.601755, 47.241274, 456.0],
          [9.601541, 47.241114, 456.0],
          [9.601351, 47.240975, 456.25],
          [9.601201, 47.240871, 456.25],
          [9.601025, 47.240749, 456.25],
          [9.600915, 47.240673, 456.5],
          [9.600805, 47.240590, 456.75],
          [9.600616, 47.240451, 456.5],
          [9.600367, 47.240291, 456.25],
          [9.600080, 47.240105, 456.25],
          [9.599911, 47.240003, 456.75],
          [9.599689, 47.239867, 456.5],
          [9.599417, 47.239696, 457.0],
          [9.599340, 47.239651, 457.0],
          [9.599176, 47.239556, 457.0],
          [9.598959, 47.239430, 457.0],
          [9.598657, 47.239263, 457.25],
          [9.598376, 47.239150, 457.0],
          [9.598131, 47.239026, 457.25],
          [9.597996, 47.238974, 457.25],
          [9.597964, 47.238865, 457.25],
          [9.598049, 47.238739, 457.0],
          [9.598323, 47.238392, 457.0],
          [9.598470, 47.238284, 457.0],
          [9.598573, 47.238143, 457.0],
          [9.598578, 47.238136, 457.0],
          [9.598618, 47.238084, 457.0],
          [9.598638, 47.238058, 457.0],
          [9.598697, 47.237981, 457.25],
          [9.598565, 47.237939, 457.25],
          [9.598273, 47.237823, 456.75],
          [9.598142, 47.237781, 456.25],
          [9.598089, 47.237793, 456.0],
          [9.598021, 47.237863, 456.25],
          [9.597997, 47.237899, 456.5]
        ]
      }
    }
  ]
}
