{
  "type": "FeatureCollection",
  "features": [
    {
      "type": "Feature",
      "properties": {
        "creator": "BRouter-1.7.10",
        "name": "brouter_trekking_0",
        "track-length": "82057",
        "filtered ascend": "24",
        "plain-ascend": "-83",
        "total-time": "13625",
        "total-energy": "1362655",
        "cost": "85067",
        "messages": [
          ["Longitude", "Latitude", "Elevation", "Distance", "CostPerKm", "ElevCost", "TurnCost", "NodeCost", "InitialCost", "WayTags", "NodeTags", "Time", "Energy"],
          ["11392552", "47269234", "573", "20", "3050", "0", "46", "0", "0", "highway=pedestrian surface=paving_stones smoothness=intermediate", "", "3", "336"],
          ["11392469", "47269260", "573", "7", "7050", "0", "43", "0", "0", "highway=pedestrian surface=paving_stones bicycle=dismount smoothness=intermediate oneway=yes oneway:bicycle=no", "estimated_crossing_class=6", "4", "441"],
          ["11392861", "47269687", "572", "56", "1250", "0", "100", "0", "0", "reversedirection=yes highway=primary surface=asphalt foot=use_sidepath smoothness=excellent cycleway:right=unknown cycleway:left=no", "", "11", "1186"],
          ["11393095", "47269931", "573", "32", "1250", "0", "0", "20", "0", "reversedirection=yes highway=primary surface=asphalt foot=use_sidepath smoothness=excellent oneway=no cycleway:right=unknown cycleway:left=no", "highway=traffic_signals traffic_signals:direction=backward", "17", "1700"],
          ["11393172", "47270013", "573", "11", "1250", "0", "0", "0", "0", "reversedirection=yes highway=primary surface=asphalt foot=use_sidepath smoothness=excellent oneway=no cycleway:right=unknown cycleway:left=no", "estimated_crossing_class=0", "18", "1890"],
          ["11393108", "47270074", "572", "9", "1050", "0", "57", "0", "0", "reversedirection=yes highway=cycleway surface=asphalt", "", "20", "2020"],
          ["11393942", "47270994", "571", "120", "1000", "0", "0", "0", "0", "highway=cycleway surface=asphalt foot=use_sidepath route_bicycle_icn=yes route_bicycle_rcn=yes", "", "36", "3618"],
          ["11395226", "47271440", "573", "113", "1000", "0", "0", "0", "0", "highway=cycleway surface=asphalt foot=use_sidepath smoothness=excellent route_bicycle_icn=yes route_bicycle_rcn=yes", "nodeaccessgranted=yes highway=crossing", "61", "6106"],
          ["11395693", "47273075", "572", "194", "1000", "0", "0", "0", "0", "highway=cycleway surface=asphalt foot=use_sidepath smoothness=excellent route_bicycle_icn=yes route_bicycle_rcn=yes", "nodeaccessgranted=yes highway=crossing", "95", "9515"],
          ["11397194", "47274999", "572", "243", "1000", "0", "0", "0", "0", "highway=cycleway surface=asphalt foot=use_sidepath smoothness=excellent route_bicycle_icn=yes route_bicycle_rcn=yes", "nodeaccessgranted=yes highway=crossing", "132", "13216"],
          ["11397409", "47275350", "572", "42", "1000", "0", "0", "0", "0", "highway=cycleway surface=asphalt foot=use_sidepath smoothness=excellent route_bicycle_icn=yes route_bicycle_rcn=yes", "nodeaccessgranted=yes highway=crossing", "139", "13939"],
          ["11397430", "47275394", "572", "5", "1000", "0", "0", "0", "0", "highway=cycleway surface=asphalt foot=use_sidepath smoothness=excellent route_bicycle_icn=yes route_bicycle_rcn=yes", "", "140", "14023"],
          ["11400224", "47277958", "572", "364", "1000", "0", "0", "0", "0", "reversedirection=yes highway=cycleway surface=asphalt smoothness=good route_bicycle_icn=yes route_bicycle_rcn=yes", "", "198", "19862"],
          ["11401347", "47278758", "570", "127", "1000", "0", "0", "0", "0", "highway=cycleway surface=asphalt smoothness=excellent route_bicycle_icn=yes route_bicycle_rcn=yes", "", "220", "22038"],
          ["11403945", "47279715", "570", "224", "1000", "0", "0", "0", "0", "highway=path surface=asphalt foot=designated bicycle=designated smoothness=excellent route_bicycle_icn=yes route_bicycle_rcn=yes", "", "254", "25467"],
          ["11404025", "47279613", "571", "13", "1000", "0", "0", "0", "0", "highway=path surface=sett foot=designated bicycle=designated smoothness=excellent route_bicycle_icn=yes route_bicycle_rcn=yes", "", "257", "25787"],
          ["11404116", "47279518", "572", "14", "1000", "0", "0", "0", "0", "highway=path surface=asphalt foot=designated bicycle=designated smoothness=excellent route_bicycle_icn=yes route_bicycle_rcn=yes", "nodeaccessgranted=yes barrier=kerb kerb=lowered", "261", "26168"],
          ["11404159", "47279489", "572", "5", "1000", "0", "0", "20", "0", "highway=footway surface=asphalt bicycle=designated smoothness=good route_bicycle_icn=yes route_bicycle_rcn=yes", "nodeaccessgranted=yes highway=crossing estimated_crossing_class=0 crossing=traffic_signals bicycle=yes", "263", "26313"],
          ["11404199", "47279468", "573", "4", "1000", "0", "0", "0", "0", "highway=footway surface=asphalt bicycle=designated smoothness=good route_bicycle_icn=yes route_bicycle_rcn=yes", "nodeaccessgranted=yes barrier=kerb kerb=flush", "264", "26434"],
          ["11404234", "47279450", "573", "3", "1000", "0", "0", "0", "0", "highway=footway surface=asphalt bicycle=designated smoothness=good route_bicycle_icn=yes route_bicycle_rcn=yes", "nodeaccessgranted=yes barrier=kerb kerb=flush", "265", "26523"],
          ["11404288", "47279431", "572", "5", "1000", "0", "0", "20", "0", "highway=footway surface=asphalt bicycle=designated smoothness=good route_bicycle_icn=yes route_bicycle_rcn=yes", "nodeaccessgranted=yes highway=crossing estimated_crossing_class=0 crossing=traffic_signals", "266", "26659"],
          ["11404326", "47279418", "572", "3", "1000", "0", "0", "0", "0", "highway=footway surface=asphalt bicycle=designated smoothness=good route_bicycle_icn=yes route_bicycle_rcn=yes", "nodeaccessgranted=yes barrier=kerb kerb=lowered", "267", "26740"],
          ["11404337", "47279414", "572", "1", "1000", "0", "0", "0", "0", "highway=footway surface=asphalt bicycle=designated smoothness=good route_bicycle_icn=yes route_bicycle_rcn=yes", "nodeaccessgranted=yes barrier=kerb kerb=lowered", "267", "26766"],
          ["11404701", "47279886", "569", "59", "1000", "0", "0", "0", "0", "highway=cycleway surface=asphalt foot=designated bicycle=designated smoothness=excellent route_bicycle_icn=yes route_bicycle_rcn=yes", "", "274", "27448"],
          ["11405292", "47280743", "571", "105", "1000", "0", "0", "0", "0", "highway=cycleway surface=concrete foot=designated bicycle=designated smoothness=excellent route_bicycle_icn=yes route_bicycle_rcn=yes", "", "296", "29666"],
          ["11427882", "47275763", "567", "1853", "1000", "0", "0", "0", "0", "highway=cycleway surface=asphalt foot=designated bicycle=designated smoothness=excellent route_bicycle_icn=yes route_bicycle_rcn=yes", "", "597", "59787"],
          ["11430984", "47274682", "567", "264", "1000", "0", "0", "0", "0", "reversedirection=yes highway=cycleway surface=asphalt foot=designated bicycle=designated route_bicycle_icn=yes route_bicycle_rcn=yes", "", "642", "64303"],
          ["11432038", "47274318", "567", "89", "1000", "0", "0", "0", "0", "reversedirection=yes highway=cycleway surface=asphalt foot=designated bicycle=designated smoothness=excellent route_bicycle_icn=yes route_bicycle_rcn=yes", "", "656", "65683"],
          ["11438923", "47271799", "567", "601", "1000", "0", "0", "0", "0", "reversedirection=yes highway=cycleway surface=asphalt foot=no route_bicycle_icn=yes route_bicycle_rcn=yes", "", "760", "76032"],
          ["11441329", "47270548", "566", "238", "1000", "0", "0", "0", "0", "reversedirection=yes highway=path surface=asphalt foot=designated bicycle=designated smoothness=excellent route_bicycle_icn=yes route_bicycle_rcn=yes", "", "795", "79560"],
          ["11447566", "47268515", "566", "533", "1000", "0", "0", "0", "0", "reversedirection=yes highway=cycleway surface=asphalt foot=no smoothness=excellent route_bicycle_icn=yes route_bicycle_rcn=yes", "nodeaccessgranted=yes highway=turning_circle", "886", "88649"],
          ["11447609", "47268496", "566", "4", "1000", "0", "0", "0", "0", "reversedirection=yes highway=cycleway surface=asphalt foot=no smoothness=excellent route_bicycle_icn=yes route_bicycle_rcn=yes", "", "887", "88707"],
          ["11455018", "47268298", "564", "593", "1000", "0", "0", "0", "0", "reversedirection=yes highway=cycleway surface=asphalt bicycle=designated smoothness=good route_bicycle_icn=yes route_bicycle_rcn=yes", "", "976", "97675"],
          ["11484765", "47273738", "561", "2337", "1000", "0", "0", "0", "0", "reversedirection=yes highway=cycleway surface=asphalt foot=yes smoothness=good route_bicycle_icn=yes route_bicycle_rcn=yes", "", "1366", "136626"],
          ["11484892", "47273621", "562", "16", "1000", "0", "0", "0", "0", "highway=track surface=compacted tracktype=grade2 bicycle=yes smoothness=intermediate route_bicycle_icn=yes route_bicycle_rcn=yes", "nodeaccessgranted=yes barrier=lift_gate bicycle=yes foot=yes", "1369", "136971"],
          ["11497910", "47273929", "561", "1042", "1000", "0", "0", "0", "0", "highway=track surface=compacted tracktype=grade2 bicycle=yes smoothness=intermediate route_bicycle_icn=yes route_bicycle_rcn=yes", "nodeaccessgranted=yes barrier=bollard", "1545", "154534"],
          ["11497900", "47273991", "561", "7", "1000", "0", "0", "0", "0", "highway=track surface=compacted tracktype=grade2 bicycle=yes smoothness=intermediate route_bicycle_icn=yes route_bicycle_rcn=yes", "", "1546", "154667"],
          ["11499337", "47274397", "560", "119", "1000", "0", "0", "0", "0", "highway=cycleway surface=asphalt foot=designated bicycle=designated route_bicycle_icn=yes route_bicycle_rcn=yes", "", "1564", "156507"],
          ["11500036", "47274560", "561", "57", "1000", "0", "0", "0", "0", "reversedirection=yes highway=residential surface=asphalt cycleway:both=shared_lane route_bicycle_icn=yes route_bicycle_rcn=yes", "nodeaccessgranted=yes traffic_sign:direction=backward", "1574", "157513"],
          ["11505274", "47277070", "561", "502", "1000", "0", "0", "0", "0", "reversedirection=yes highway=residential surface=asphalt cycleway:both=shared_lane route_bicycle_icn=yes route_bicycle_rcn=yes", "", "1660", "166069"],
          ["11505805", "47277451", "561", "62", "1000", "0", "0", "0", "0", "highway=cycleway surface=asphalt foot=designated bicycle=designated route_bicycle_icn=yes route_bicycle_rcn=yes", "", "1671", "167156"],
          ["11508197", "47277770", "560", "185", "1000", "0", "0", "0", "0", "highway=residential surface=asphalt cycleway:both=shared_lane route_bicycle_icn=yes route_bicycle_rcn=yes", "", "1701", "170204"],
          ["11508429", "47277262", "560", "60", "1000", "0", "0", "0", "0", "highway=residential surface=asphalt bicycle=yes vehicle=destination cycleway:both=shared_lane route_bicycle_icn=yes route_bicycle_rcn=yes", "", "1710", "171108"],
          ["11508454", "47277203", "559", "7", "1000", "0", "0", "0", "0", "reversedirection=yes highway=path surface=asphalt bicycle=yes route_bicycle_icn=yes route_bicycle_rcn=yes", "", "1711", "171193"],
          ["11508701", "47276378", "560", "94", "1000", "0", "0", "0", "0", "reversedirection=yes highway=path surface=wood foot=designated bicycle=designated route_bicycle_icn=yes route_bicycle_rcn=yes", "", "1726", "172629"],
          ["11508719", "47276342", "560", "4", "1000", "0", "0", "0", "0", "reversedirection=yes highway=path surface=asphalt bicycle=yes route_bicycle_icn=yes route_bicycle_rcn=yes", "", "1726", "172701"],
          ["11509096", "47276434", "559", "30", "1000", "0", "0", "0", "0", "highway=path surface=asphalt bicycle=yes route_bicycle_icn=yes route_bicycle_rcn=yes", "", "1730", "173103"],
          ["11509178", "47276445", "558", "6", "1000", "0", "0", "0", "0", "reversedirection=yes highway=path surface=asphalt bicycle=yes route_bicycle_icn=yes route_bicycle_rcn=yes", "", "1731", "173179"],
          ["11547584", "47281435", "555", "3085", "1000", "0", "0", "0", "0", "reversedirection=yes highway=track surface=asphalt tracktype=grade1 foot=yes bicycle=yes smoothness=good route_bicycle_icn=yes route_bicycle_rcn=yes", "", "2242", "224270"],
          ["11560231", "47289193", "554", "1320", "1000", "0", "0", "0", "0", "reversedirection=yes highway=track surface=asphalt tracktype=grade1 foot=yes bicycle=yes route_bicycle_icn=yes route_bicycle_rcn=yes", "", "2464", "246503"],
          ["11560278", "47289241", "554", "6", "1000", "0", "0", "0", "0", "reversedirection=yes highway=track surface=wood tracktype=grade1 foot=yes bicycle=yes route_bicycle_icn=yes route_bicycle_rcn=yes", "", "2465", "246603"],
          ["11561011", "47288923", "554", "69", "1000", "0", "0", "0", "0", "highway=track surface=asphalt tracktype=grade1 foot=yes bicycle=yes route_bicycle_icn=yes route_bicycle_rcn=yes", "nodeaccessgranted=yes monitoring:bicycle=yes", "2479", "247927"],
          ["11561348", "47288721", "554", "34", "1000", "0", "0", "0", "0", "highway=track surface=asphalt tracktype=grade1 foot=yes bicycle=yes route_bicycle_icn=yes route_bicycle_rcn=yes", "", "2483", "248385"],
          ["11563007", "47289198", "555", "141", "1000", "0", "0", "0", "0", "reversedirection=yes highway=unclassified surface=asphalt route_bicycle_icn=yes route_bicycle_rcn=yes", "", "2508", "250843"],
          ["11565106", "47290496", "553", "232", "1000", "0", "0", "0", "0", "highway=residential surface=asphalt cycleway:right=lane cycleway:left=no route_bicycle_icn=yes route_bicycle_rcn=yes", "", "2542", "254260"],
          ["11565117", "47290541", "553", "5", "1000", "0", "0", "0", "0", "highway=residential surface=asphalt bicycle=designated route_bicycle_icn=yes route_bicycle_rcn=yes", "nodeaccessgranted=yes highway=give_way direction=backward", "2543", "254331"],
          ["11565314", "47290896", "553", "44", "1000", "0", "0", "0", "0", "highway=residential surface=asphalt bicycle=designated route_bicycle_icn=yes route_bicycle_rcn=yes", "", "2549", "254982"],
          ["11580031", "47296236", "551", "1267", "1000", "0", "0", "0", "0", "highway=track surface=asphalt tracktype=grade1 bicycle=designated route_bicycle_icn=yes route_bicycle_rcn=yes", "", "2752", "275242"],
          ["11582688", "47296500", "550", "203", "1000", "0", "0", "0", "0", "highway=residential surface=asphalt route_bicycle_icn=yes route_bicycle_rcn=yes", "", "2784", "278491"],
          ["11582501", "47297113", "550", "79", "1000", "0", "0", "0", "0", "reversedirection=yes highway=residential surface=asphalt route_bicycle_icn=yes route_bicycle_rcn=yes", "", "2797", "279795"],
          ["11585558", "47297828", "550", "244", "1000", "0", "0", "0", "0", "highway=residential surface=asphalt oneway=no route_bicycle_icn=yes route_bicycle_rcn=yes", "", "2840", "284031"],
          ["11587106", "47297927", "550", "118", "1000", "0", "0", "0", "0", "highway=residential surface=asphalt route_bicycle_icn=yes route_bicycle_rcn=yes", "nodeaccessgranted=yes highway=crossing crossing=marked", "2857", "285787"],
          ["11588217", "47298016", "551", "84", "1000", "0", "0", "0", "0", "highway=residential surface=asphalt route_bicycle_icn=yes route_bicycle_rcn=yes", "nodeaccessgranted=yes highway=crossing crossing=marked kerb=lowered", "2873", "287328"],
          ["11588369", "47298035", "551", "12", "1000", "0", "0", "0", "0", "highway=residential surface=asphalt route_bicycle_icn=yes route_bicycle_rcn=yes", "nodeaccessgranted=yes estimated_crossing_class=6", "2875", "287557"],
          ["11588399", "47297973", "551", "7", "1000", "0", "0", "0", "0", "reversedirection=yes highway=secondary surface=asphalt smoothness=excellent cycleway:both=no route_bicycle_icn=yes route_bicycle_rcn=yes", "nodeaccessgranted=yes highway=crossing", "2876", "287690"],
          ["11588424", "47297917", "551", "7", "1000", "0", "0", "0", "0", "reversedirection=yes highway=secondary surface=asphalt smoothness=excellent cycleway:both=no route_bicycle_icn=yes route_bicycle_rcn=yes", "nodeaccessgranted=yes estimated_crossing_class=6", "2877", "287821"],
          ["11588463", "47297830", "551", "10", "1000", "0", "0", "0", "0", "reversedirection=yes highway=secondary surface=asphalt smoothness=excellent cycleway:both=no route_bicycle_icn=yes route_bicycle_rcn=yes", "nodeaccessgranted=yes estimated_crossing_class=6", "2879", "288006"],
          ["11588524", "47297654", "551", "21", "1000", "0", "0", "0", "0", "reversedirection=yes highway=secondary surface=asphalt smoothness=excellent cycleway:both=no route_bicycle_icn=yes route_bicycle_rcn=yes", "nodeaccessgranted=yes estimated_crossing_class=6", "2883", "288390"],
          ["11588560", "47297520", "551", "15", "1000", "0", "0", "0", "0", "reversedirection=yes highway=secondary surface=asphalt smoothness=excellent cycleway:both=no route_bicycle_icn=yes route_bicycle_rcn=yes", "nodeaccessgranted=yes estimated_crossing_class=6", "2886", "288661"],
          ["11588622", "47297529", "551", "5", "1000", "0", "0", "0", "0", "reversedirection=yes highway=residential surface=asphalt route_bicycle_icn=yes route_bicycle_rcn=yes", "nodeaccessgranted=yes highway=stop direction=forward", "2887", "288750"],
          ["11590977", "47297847", "551", "181", "1000", "0", "0", "0", "0", "reversedirection=yes highway=residential surface=asphalt route_bicycle_icn=yes route_bicycle_rcn=yes", "", "2919", "292005"],
          ["11591092", "47297773", "552", "12", "1000", "0", "0", "0", "0", "highway=tertiary surface=asphalt cycleway:both=no route_bicycle_icn=yes route_bicycle_rcn=yes", "", "2922", "292254"],
          ["11594352", "47299029", "550", "357", "1000", "0", "0", "0", "0", "highway=residential surface=asphalt route_bicycle_icn=yes route_bicycle_rcn=yes", "nodeaccessgranted=yes highway=crossing crossing=zebra kerb=lowered", "2977", "297756"],
          ["11594367", "47299132", "550", "12", "1000", "0", "0", "0", "0", "highway=residential surface=asphalt route_bicycle_icn=yes route_bicycle_rcn=yes", "nodeaccessgranted=yes highway=crossing crossing=unmarked", "2979", "297956"],
          ["11594400", "47299219", "550", "10", "1150", "0", "1", "0", "0", "highway=residential surface=asphalt", "highway=stop direction=forward", "2981", "298146"],
          ["11594418", "47299261", "551", "5", "1150", "0", "0", "0", "0", "highway=residential surface=asphalt", "estimated_crossing_class=6", "2982", "298254"],
          ["11594097", "47299321", "551", "25", "1650", "0", "91", "0", "0", "reversedirection=yes highway=secondary surface=asphalt", "highway=crossing estimated_crossing_class=4 crossing=marked", "2987", "298809"],
          ["11594115", "47299370", "551", "6", "5000", "0", "0", "0", "0", "highway=footway surface=asphalt foot=designated bicycle=dismount route_bicycle_icn=yes route_bicycle_rcn=yes", "", "2989", "298946"],
          ["11603842", "47298331", "548", "835", "1000", "0", "0", "0", "0", "highway=path surface=asphalt foot=designated bicycle=designated route_bicycle_icn=yes route_bicycle_rcn=yes", "", "3124", "312451"],
          ["11604835", "47298596", "548", "82", "1000", "0", "0", "0", "0", "highway=service surface=asphalt tracktype=grade1 route_bicycle_icn=yes route_bicycle_rcn=yes", "", "3136", "313710"],
          ["11626621", "47303240", "545", "2021", "1000", "0", "0", "0", "0", "highway=track surface=asphalt tracktype=grade1 bicycle=yes smoothness=good route_bicycle_icn=yes route_bicycle_rcn=yes", "", "3466", "346668"],
          ["11628767", "47302668", "547", "175", "1000", "0", "0", "0", "0", "highway=residential surface=asphalt bicycle=designated cycleway:both=shared_lane route_bicycle_icn=yes route_bicycle_rcn=yes", "", "3500", "350045"],
          ["11628964", "47302575", "546", "18", "1000", "0", "0", "0", "0", "highway=residential surface=asphalt bicycle=designated smoothness=excellent route_bicycle_icn=yes route_bicycle_rcn=yes", "", "3503", "350348"],
          ["11628847", "47302738", "547", "20", "1000", "0", "0", "0", "0", "highway=residential surface=asphalt bicycle=designated route_bicycle_icn=yes route_bicycle_rcn=yes", "", "3506", "350706"],
          ["11628584", "47303044", "547", "39", "1000", "0", "0", "0", "0", "highway=residential surface=asphalt bicycle=designated cycleway:both=shared_lane route_bicycle_icn=yes route_bicycle_rcn=yes", "", "3514", "351525"],
          ["11633055", "47310222", "547", "1209", "1000", "0", "0", "0", "0", "highway=track surface=asphalt tracktype=grade1 bicycle=designated route_bicycle_icn=yes route_bicycle_rcn=yes", "", "3720", "372073"],
          ["11633101", "47310248", "547", "5", "1000", "0", "0", "0", "0", "highway=track surface=wood tracktype=grade1 bicycle=designated route_bicycle_icn=yes route_bicycle_rcn=yes", "nodeaccessgranted=yes barrier=bollard", "3721", "372141"],
          ["11633137", "47310268", "548", "4", "1000", "0", "0", "0", "0", "highway=track surface=wood tracktype=grade1 bicycle=designated route_bicycle_icn=yes route_bicycle_rcn=yes", "", "3721", "372203"],
          ["11634094", "47310754", "547", "91", "1000", "0", "0", "0", "0", "highway=track surface=asphalt tracktype=grade1 bicycle=designated route_bicycle_icn=yes route_bicycle_rcn=yes", "nodeaccessgranted=yes estimated_crossing_class=3", "3740", "374078"],
          ["11634034", "47311408", "548", "74", "1000", "0", "0", "0", "0", "reversedirection=yes highway=secondary surface=asphalt route_bicycle_icn=yes route_bicycle_rcn=yes", "nodeaccessgranted=yes estimated_crossing_class=3", "3755", "375617"],
          ["11634017", "47311566", "547", "18", "1000", "0", "0", "0", "0", "reversedirection=yes highway=secondary surface=asphalt route_bicycle_icn=yes route_bicycle_rcn=yes", "nodeaccessgranted=yes estimated_crossing_class=3", "3758", "375896"],
          ["11633886", "47311796", "546", "28", "1000", "0", "0", "0", "0", "reversedirection=yes highway=secondary surface=asphalt route_bicycle_icn=yes route_bicycle_rcn=yes", "", "3761", "376210"],
          ["11632441", "47312908", "547", "165", "1000", "0", "0", "0", "0", "reversedirection=yes highway=secondary surface=asphalt cycleway:both=no route_bicycle_icn=yes route_bicycle_rcn=yes", "nodeaccessgranted=yes estimated_crossing_class=3", "3788", "378870"],
          ["11638258", "47315801", "544", "594", "1000", "0", "0", "0", "0", "reversedirection=yes highway=cycleway surface=asphalt foot=designated bicycle=designated route_bicycle_icn=yes route_bicycle_rcn=yes", "", "3883", "388368"],
          ["11643473", "47318667", "544", "682", "1000", "0", "0", "0", "0", "reversedirection=yes highway=cycleway surface=asphalt route_bicycle_icn=yes route_bicycle_rcn=yes", "", "3998", "399845"],
          ["11677086", "47323733", "545", "2677", "1000", "0", "0", "0", "0", "highway=track surface=asphalt tracktype=grade1 bicycle=yes smoothness=good route_bicycle_icn=yes route_bicycle_rcn=yes", "", "4458", "445924"],
          ["11677882", "47324359", "543", "92", "1000", "0", "0", "0", "0", "highway=track surface=asphalt tracktype=grade1 bicycle=yes route_bicycle_icn=yes route_bicycle_rcn=yes", "", "4469", "447010"],
          ["11678157", "47324655", "543", "39", "1000", "0", "0", "0", "0", "reversedirection=yes highway=path surface=asphalt foot=designated bicycle=designated route_bicycle_icn=yes route_bicycle_rcn=yes", "", "4474", "447453"],
          ["11678489", "47325081", "543", "58", "1000", "0", "0", "0", "0", "highway=path surface=asphalt foot=designated bicycle=designated route_bicycle_icn=yes route_bicycle_rcn=yes", "", "4481", "448226"],
          ["11678842", "47325159", "545", "29", "1000", "0", "0", "0", "0", "highway=service surface=asphalt route_bicycle_icn=yes route_bicycle_rcn=yes", "", "4489", "449015"],
          ["11680297", "47326287", "547", "216", "1000", "0", "0", "0", "0", "highway=residential surface=asphalt cycleway:both=no route_bicycle_icn=yes route_bicycle_rcn=yes", "nodeaccessgranted=yes highway=mini_roundabout", "4545", "454545"],
          ["11681849", "47327148", "547", "152", "1000", "0", "0", "0", "0", "highway=residential surface=asphalt cycleway:both=no route_bicycle_icn=yes route_bicycle_rcn=yes", "", "4573", "457392"],
          ["11684118", "47328130", "544", "204", "1000", "0", "0", "0", "0", "highway=residential surface=asphalt route_bicycle_icn=yes route_bicycle_rcn=yes", "nodeaccessgranted=yes traffic_sign:direction=backward", "4602", "460246"],
          ["11684264", "47328211", "544", "14", "1000", "0", "0", "0", "0", "highway=residential surface=asphalt route_bicycle_icn=yes route_bicycle_rcn=yes", "", "4603", "460424"],
          ["11685634", "47327642", "542", "129", "1000", "0", "0", "0", "0", "reversedirection=yes highway=service surface=asphalt bicycle=designated route_bicycle_icn=yes route_bicycle_rcn=yes", "", "4620", "462073"],
          ["11693890", "47333905", "541", "944", "1000", "0", "0", "0", "0", "reversedirection=yes highway=track surface=asphalt tracktype=grade1 bicycle=yes route_bicycle_icn=yes route_bicycle_rcn=yes", "", "4768", "476936"],
          ["11700241", "47337211", "540", "663", "1000", "0", "0", "0", "0", "reversedirection=yes highway=track surface=asphalt tracktype=grade1 route_bicycle_icn=yes route_bicycle_rcn=yes", "", "4879", "487963"],
          ["11701528", "47338373", "539", "162", "1000", "0", "0", "0", "0", "reversedirection=yes highway=residential surface=asphalt route_bicycle_icn=yes route_bicycle_rcn=yes", "nodeaccessgranted=yes direction=backward", "4903", "490423"],
          ["11703192", "47340238", "539", "247", "1000", "0", "0", "0", "0", "reversedirection=yes highway=residential surface=asphalt route_bicycle_icn=yes route_bicycle_rcn=yes", "nodeaccessgranted=yes highway=stop direction=forward", "4941", "494200"],
          ["11703948", "47339934", "537", "67", "1000", "0", "0", "0", "0", "reversedirection=yes highway=residential surface=asphalt route_bicycle_icn=yes route_bicycle_rcn=yes", "", "4950", "495047"],
          ["11704580", "47340176", "537", "55", "1000", "0", "0", "0", "0", "highway=residential surface=asphalt route_bicycle_icn=yes route_bicycle_rcn=yes", "", "4957", "495802"],
          ["11705651", "47342281", "536", "259", "1000", "0", "0", "0", "0", "reversedirection=yes highway=residential surface=asphalt cycleway:both=no oneway=yes oneway:bicycle=no route_bicycle_icn=yes route_bicycle_rcn=yes", "", "4996", "499652"],
          ["11705824", "47345023", "538", "306", "1000", "0", "0", "0", "0", "highway=residential surface=asphalt cycleway:both=no route_bicycle_icn=yes route_bicycle_rcn=yes", "nodeaccessgranted=yes highway=crossing crossing=unmarked", "5053", "505403"],
          ["11705822", "47345063", "538", "4", "1000", "0", "0", "0", "0", "highway=residential surface=asphalt cycleway:both=no route_bicycle_icn=yes route_bicycle_rcn=yes", "", "5054", "505481"],
          ["11705879", "47345061", "537", "4", "1150", "0", "97", "0", "0", "highway=residential surface=asphalt smoothness=excellent", "crossing=unknown", "5055", "505544"],
          ["11705940", "47345058", "537", "5", "1150", "0", "0", "0", "0", "highway=residential surface=asphalt smoothness=excellent", "", "5055", "505606"],
          ["11705955", "47345058", "537", "1", "1150", "0", "0", "0", "0", "highway=residential surface=asphalt cycleway=lane", "traffic_sign:direction=forward", "5055", "505619"],
          ["11707036", "47345032", "536", "82", "1150", "0", "0", "0", "0", "highway=residential surface=asphalt cycleway=lane", "direction=forward", "5067", "506746"],
          ["11707047", "47345031", "536", "1", "1150", "0", "0", "20", "0", "highway=residential surface=asphalt cycleway=lane", "highway=traffic_signals traffic_signals:direction=forward traffic_signals=signal", "5067", "506761"],
          ["11707057", "47345031", "536", "1", "1150", "0", "0", "0", "0", "highway=residential surface=asphalt cycleway=lane", "traffic_sign:direction=backward", "5067", "506776"],
          ["11707069", "47345031", "536", "1", "1150", "0", "0", "0", "0", "highway=residential surface=asphalt cycleway=lane", "", "5067", "506788"],
          ["11707096", "47345027", "536", "2", "1150", "0", "2", "20", "0", "highway=residential surface=asphalt", "highway=crossing crossing=traffic_signals", "5067", "506814"],
          ["11707226", "47345009", "537", "10", "1150", "0", "0", "0", "0", "highway=residential surface=asphalt", "estimated_crossing_class=0", "5069", "507010"],
          ["11707549", "47344979", "537", "25", "1150", "0", "0", "0", "0", "highway=residential surface=asphalt oneway=yes", "", "5074", "507451"],
          ["11707561", "47345080", "537", "11", "2250", "0", "90", "0", "0", "reversedirection=yes highway=pedestrian surface=paving_stones foot=yes bicycle=yes oneway=yes oneway:bicycle=no", "traffic_sign:direction=backward", "5075", "507633"],
          ["11707638", "47345769", "537", "77", "2250", "0", "0", "0", "0", "reversedirection=yes highway=pedestrian surface=paving_stones foot=yes bicycle=yes oneway=yes oneway:bicycle=no", "barrier=bollard motor_vehicle=destination", "5088", "508877"],
          ["11707642", "47345810", "537", "5", "2250", "0", "0", "0", "0", "reversedirection=yes highway=pedestrian surface=paving_stones foot=yes bicycle=yes oneway=yes oneway:bicycle=no", "traffic_sign:direction=forward", "5089", "508963"],
          ["11707651", "47345893", "537", "9", "2250", "0", "0", "0", "0", "reversedirection=yes highway=pedestrian surface=paving_stones foot=yes bicycle=yes oneway=yes oneway:bicycle=no", "", "5090", "509116"],
          ["11707722", "47346455", "537", "63", "1150", "0", "0", "0", "0", "reversedirection=yes highway=residential surface=asphalt oneway=yes oneway:bicycle=no cycleway:right=no cycleway:left=lane cycleway:left:oneway=-1", "highway=crossing crossing=unmarked", "5101", "510190"],
          ["11707818", "47347658", "540", "134", "1150", "0", "0", "0", "0", "reversedirection=yes highway=residential surface=asphalt oneway=yes oneway:bicycle=no cycleway:right=no cycleway:left=lane cycleway:left:oneway=-1", "", "5124", "512447"],
          ["11707816", "47347709", "540", "6", "1150", "0", "0", "0", "0", "reversedirection=yes highway=residential surface=asphalt cycleway:right=no cycleway:left=lane", "highway=crossing crossing=unmarked", "5125", "512555"],
          ["11707809", "47348026", "542", "35", "1150", "0", "0", "0", "0", "reversedirection=yes highway=residential surface=asphalt cycleway:right=no cycleway:left=lane", "", "5136", "513658"],
          ["11707750", "47348300", "542", "31", "1150", "0", "0", "0", "0", "highway=residential surface=asphalt", "highway=crossing crossing=unmarked", "5143", "514410"],
          ["11707741", "47348322", "542", "3", "1150", "0", "0", "0", "0", "highway=residential surface=asphalt", "traffic_calming=island", "5144", "514473"],
          ["11707727", "47348353", "541", "4", "1150", "0", "0", "0", "0", "highway=residential surface=asphalt", "highway=give_way direction=forward", "5145", "514550"],
          ["11707708", "47348402", "541", "6", "1150", "0", "0", "0", "0", "highway=residential surface=asphalt", "estimated_crossing_class=6", "5146", "514657"],
          ["11707666", "47348512", "541", "13", "1150", "0", "0", "0", "0", "reversedirection=yes highway=residential surface=asphalt smoothness=intermediate cycleway=no", "highway=crossing crossing=uncontrolled", "5150", "515091"],
          ["11707512", "47349155", "538", "73", "1150", "0", "3", "0", "0", "reversedirection=yes highway=residential surface=asphalt smoothness=intermediate cycleway=no", "", "5163", "516356"],
          ["11707547", "47349234", "538", "9", "1150", "0", "0", "0", "0", "highway=residential surface=asphalt cycleway=no", "crossing=unknown", "5164", "516485"],
          ["11707515", "47349822", "537", "66", "1150", "0", "2", "0", "0", "highway=residential surface=asphalt cycleway=no", "highway=crossing crossing=uncontrolled", "5173", "517375"],
          ["11708235", "47351188", "536", "165", "1150", "0", "2", "0", "0", "highway=residential surface=asphalt cycleway=no", "highway=crossing crossing=unmarked", "5195", "519581"],
          ["11708254", "47351221", "536", "4", "1150", "0", "0", "0", "0", "highway=residential surface=asphalt cycleway=no", "", "5195", "519641"],
          ["11708324", "47351190", "536", "6", "1150", "0", "108", "0", "0", "reversedirection=yes highway=residential surface=asphalt", "highway=crossing crossing=unmarked", "5196", "519731"],
          ["11709007", "47351002", "536", "56", "1150", "0", "1", "0", "0", "reversedirection=yes highway=residential surface=asphalt", "", "5206", "520690"],
          ["11709489", "47351493", "536", "65", "1150", "0", "72", "0", "0", "highway=living_street", "", "5217", "521828"],
          ["11709274", "47351617", "536", "22", "1350", "0", "114", "0", "0", "reversedirection=yes highway=service", "", "5221", "522154"],
          ["11709489", "47351493", "536", "22", "1350", "0", "18", "0", "0", "highway=service", "", "5225", "522560"],
          ["11710284", "47352293", "535", "107", "1150", "0", "85", "0", "0", "highway=living_street", "", "5242", "524266"],
          ["11710504", "47352494", "535", "28", "1150", "0", "0", "0", "0", "highway=residential", "", "5246", "524704"],
          ["11710555", "47352637", "535", "17", "1350", "0", "24", "0", "0", "highway=service", "barrier=bollard bicycle=yes foot=yes", "5249", "524971"],
          ["11710689", "47352764", "535", "17", "1350", "0", "0", "0", "0", "highway=service", "barrier=bollard bicycle=yes foot=yes", "5251", "525240"],
          ["11710715", "47352788", "535", "3", "1350", "0", "0", "0", "0", "highway=service", "", "5252", "525288"],
          ["11710240", "47353115", "535", "51", "1350", "0", "76", "0", "0", "highway=service surface=asphalt", "", "5259", "526033"],
          ["11710250", "47353121", "535", "1", "1150", "0", "95", "0", "0", "highway=residential surface=asphalt", "highway=crossing crossing=unmarked", "5260", "526048"],
          ["11711614", "47353961", "535", "139", "1150", "0", "0", "0", "0", "highway=residential surface=asphalt", "", "5282", "528250"],
          ["11712165", "47354126", "535", "46", "1050", "0", "12", "0", "0", "highway=footway surface=asphalt bicycle=yes", "barrier=kerb kerb=lowered", "5289", "529006"],
          ["11712211", "47354129", "535", "3", "1050", "0", "0", "0", "0", "highway=footway surface=asphalt bicycle=yes", "", "5290", "529055"],
          ["11712091", "47354330", "535", "24", "1150", "0", "115", "0", "0", "highway=residential", "highway=crossing crossing=uncontrolled", "5294", "529452"],
          ["11712031", "47354421", "535", "11", "1150", "0", "0", "0", "0", "highway=residential", "", "5295", "529635"],
          ["11711034", "47355041", "535", "102", "1150", "0", "7", "0", "0", "highway=residential surface=asphalt", "highway=crossing crossing=unmarked", "5312", "531336"],
          ["11710803", "47355197", "535", "24", "1150", "0", "0", "0", "0", "highway=residential surface=asphalt", "", "5316", "531738"],
          ["11710785", "47355274", "535", "9", "1150", "0", "16", "0", "0", "highway=residential surface=asphalt oneway=yes", "highway=crossing crossing=unmarked", "5318", "531888"],
          ["11710774", "47355322", "535", "5", "1150", "0", "0", "0", "0", "highway=residential surface=asphalt oneway=yes", "highway=give_way direction=forward", "5319", "531978"],
          ["11710776", "47355362", "535", "4", "1150", "0", "1", "0", "0", "highway=residential surface=asphalt oneway=yes", "", "5320", "532049"],
          ["11710829", "47355460", "535", "12", "3050", "0", "0", "0", "0", "highway=primary surface=asphalt junction=roundabout", "", "5322", "532272"],
          ["11710948", "47355554", "535", "14", "3050", "0", "17", "0", "0", "highway=primary surface=asphalt oneway=yes", "highway=crossing estimated_crossing_class=2 crossing=unmarked", "5324", "532534"],
          ["11711148", "47355667", "535", "20", "3050", "0", "1", "0", "0", "highway=primary surface=asphalt oneway=yes", "estimated_crossing_class=4", "5328", "532860"],
          ["11711122", "47355691", "535", "3", "1350", "0", "88", "0", "0", "reversedirection=yes highway=service surface=paved foot=yes bicycle=yes", "barrier=cycle_barrier bicycle=yes foot=yes", "5328", "532909"],
          ["11711102", "47355710", "534", "3", "1350", "0", "0", "0", "0", "reversedirection=yes highway=service surface=paved foot=yes bicycle=yes", "estimated_crossing_class=4", "5329", "532955"],
          ["11711089", "47355721", "534", "2", "1350", "0", "0", "0", "0", "reversedirection=yes highway=service surface=paved foot=yes bicycle=yes", "highway=stop direction=forward", "5329", "532986"],
          ["11711081", "47355729", "534", "1", "1350", "0", "0", "0", "0", "reversedirection=yes highway=service surface=paved foot=yes bicycle=yes", "", "5329", "533001"],
          ["11711445", "47355992", "533", "42", "1050", "0", "112", "0", "0", "reversedirection=yes highway=cycleway surface=asphalt foot=designated bicycle=designated smoothness=excellent", "", "5336", "533675"],
          ["11710262", "47356597", "535", "112", "1050", "0", "109", "0", "0", "highway=cycleway surface=asphalt foot=designated bicycle=designated smoothness=excellent", "", "5355", "535565"],
          ["11710213", "47356618", "535", "4", "1050", "0", "0", "0", "0", "reversedirection=yes highway=cycleway surface=asphalt foot=designated bicycle=designated smoothness=excellent", "", "5355", "535637"],
          ["11722116", "47363302", "533", "1172", "1000", "0", "0", "0", "0", "reversedirection=yes highway=track surface=asphalt tracktype=grade1 foot=yes bicycle=designated route_bicycle_icn=yes route_bicycle_rcn=yes", "", "5548", "554946"],
          ["11722200", "47363352", "533", "8", "1000", "0", "0", "0", "0", "reversedirection=yes highway=unclassified surface=asphalt route_bicycle_icn=yes route_bicycle_rcn=yes", "", "5550", "555061"],
          ["11723338", "47364034", "533", "146", "1000", "0", "0", "0", "0", "reversedirection=yes highway=cycleway surface=asphalt foot=yes route_bicycle_icn=yes route_bicycle_rcn=yes", "", "5573", "557420"],
          ["11761078", "47384433", "529", "3688", "1000", "0", "0", "0", "0", "highway=track surface=asphalt tracktype=grade1 bicycle=designated route_bicycle_icn=yes route_bicycle_rcn=yes", "", "6180", "618071"],
          ["11761272", "47384630", "531", "26", "1000", "0", "0", "0", "0", "reversedirection=yes highway=track surface=asphalt tracktype=grade1 bicycle=designated route_bicycle_icn=yes route_bicycle_rcn=yes", "", "6187", "618821"],
          ["11775449", "47384534", "529", "1129", "1000", "0", "0", "0", "0", "highway=track surface=asphalt tracktype=grade1 bicycle=designated route_bicycle_icn=yes route_bicycle_rcn=yes", "", "6373", "637406"],
          ["11775574", "47384454", "529", "13", "1000", "0", "0", "0", "0", "reversedirection=yes highway=unclassified surface=asphalt cycleway:both=no route_bicycle_icn=yes route_bicycle_rcn=yes", "nodeaccessgranted=yes traffic_calming=table", "6376", "637659"],
          ["11780445", "47385201", "528", "427", "1000", "0", "0", "0", "0", "reversedirection=yes highway=unclassified surface=asphalt cycleway:both=no route_bicycle_icn=yes route_bicycle_rcn=yes", "", "6445", "644571"],
          ["11793043", "47390747", "526", "1156", "1000", "0", "0", "0", "0", "reversedirection=yes highway=track surface=asphalt tracktype=grade1 bicycle=designated route_bicycle_icn=yes route_bicycle_rcn=yes", "", "6634", "663527"],
          ["11793169", "47390689", "525", "11", "1000", "0", "0", "0", "0", "highway=cycleway surface=asphalt foot=designated bicycle=designated route_bicycle_rcn=yes", "nodeaccessgranted=yes barrier=bollard", "6636", "663679"],
          ["11794165", "47390123", "525", "98", "1000", "0", "0", "0", "0", "highway=cycleway surface=wood foot=designated bicycle=designated route_bicycle_rcn=yes", "nodeaccessgranted=yes barrier=bollard", "6650", "665141"],
          ["11794300", "47390051", "527", "13", "1000", "0", "0", "0", "0", "highway=cycleway surface=asphalt foot=designated bicycle=designated route_bicycle_rcn=yes", "", "6654", "665552"],
          ["11794406", "47390044", "529", "8", "1000", "0", "0", "0", "0", "highway=track surface=asphalt tracktype=grade1 bicycle=yes route_bicycle_rcn=yes", "", "6656", "665702"],
          ["11794626", "47390034", "529", "21", "1000", "0", "0", "0", "0", "highway=residential surface=asphalt cycleway:both=no route_bicycle_rcn=yes", "", "6660", "666115"],
          ["11795040", "47390640", "525", "81", "1000", "0", "0", "0", "0", "reversedirection=yes highway=service surface=asphalt route_bicycle_rcn=yes", "", "6679", "668022"],
          ["11795215", "47390834", "526", "27", "1000", "0", "0", "0", "0", "reversedirection=yes highway=cycleway surface=asphalt foot=designated bicycle=designated route_bicycle_rcn=yes", "", "6683", "668393"],
          ["11795257", "47390861", "526", "4", "1000", "0", "0", "0", "0", "reversedirection=yes highway=cycleway surface=wood foot=designated bicycle=designated route_bicycle_rcn=yes", "", "6684", "668459"],
          ["11796101", "47391386", "526", "89", "1000", "0", "0", "0", "0", "reversedirection=yes highway=cycleway surface=asphalt foot=designated bicycle=designated route_bicycle_rcn=yes", "", "6698", "669884"],
          ["11804627", "47400056", "524", "1187", "1000", "0", "0", "0", "0", "reversedirection=yes highway=cycleway surface=asphalt foot=yes route_bicycle_rcn=yes", "", "6891", "689251"],
          ["11835187", "47405357", "520", "2443", "1000", "0", "0", "0", "0", "reversedirection=yes highway=track surface=asphalt tracktype=grade1 bicycle=designated route_bicycle_rcn=yes", "", "7294", "729488"],
          ["11835326", "47405349", "520", "11", "1000", "0", "0", "0", "0", "reversedirection=yes highway=track surface=concrete tracktype=grade1 bicycle=designated route_bicycle_rcn=yes", "", "7295", "729615"],
          ["11837060", "47401389", "523", "492", "1000", "0", "0", "0", "0", "reversedirection=yes highway=track surface=asphalt tracktype=grade1 bicycle=designated route_bicycle_rcn=yes", "", "7383", "738387"],
          ["11836369", "47401063", "522", "64", "1000", "0", "0", "0", "0", "reversedirection=yes highway=track surface=asphalt tracktype=grade1 bicycle=yes vehicle=private route_bicycle_rcn=yes", "", "7394", "739511"],
          ["11836843", "47401422", "524", "54", "1000", "0", "0", "0", "0", "highway=cycleway surface=asphalt foot=yes bicycle=yes vehicle=no route_bicycle_rcn=yes", "", "7408", "740883"],
          ["11838053", "47401940", "522", "223", "1000", "0", "0", "0", "0", "highway=cycleway surface=asphalt foot=yes route_bicycle_rcn=yes", "", "7445", "744562"],
          ["11838041", "47402003", "522", "7", "1000", "0", "0", "0", "0", "reversedirection=yes highway=track surface=asphalt tracktype=grade1 route_bicycle_rcn=yes", "", "7445", "744653"],
          ["11837979", "47402110", "522", "13", "1000", "0", "0", "0", "0", "reversedirection=yes highway=cycleway surface=asphalt route_bicycle_rcn=yes", "", "7447", "744835"],
          ["11837888", "47402180", "522", "10", "1000", "0", "0", "0", "0", "reversedirection=yes highway=track surface=asphalt tracktype=grade1 route_bicycle_rcn=yes", "", "7449", "744996"],
          ["11842759", "47408979", "521", "992", "1000", "0", "0", "0", "0", "reversedirection=yes highway=track surface=asphalt tracktype=grade1 bicycle=designated route_bicycle_rcn=yes", "", "7607", "760824"],
          ["11847629", "47412432", "519", "538", "1000", "0", "0", "0", "0", "reversedirection=yes highway=track surface=asphalt tracktype=grade1 foot=designated bicycle=yes vehicle=private route_bicycle_rcn=yes", "", "7699", "770061"],
          ["11847661", "47412454", "520", "3", "1000", "0", "0", "0", "0", "reversedirection=yes highway=track surface=concrete tracktype=grade1 foot=designated bicycle=yes vehicle=private route_bicycle_rcn=yes", "", "7700", "770113"],
          ["11852558", "47416038", "519", "544", "1000", "0", "0", "0", "0", "reversedirection=yes highway=track surface=asphalt tracktype=grade1 foot=designated bicycle=yes smoothness=excellent vehicle=private route_bicycle_rcn=yes", "", "7791", "779168"],
          ["11856407", "47420585", "519", "585", "1000", "0", "0", "0", "0", "reversedirection=yes highway=track surface=asphalt tracktype=grade1 foot=designated bicycle=designated smoothness=excellent vehicle=private route_bicycle_rcn=yes", "", "7889", "789052"],
          ["11864930", "47425394", "518", "852", "1000", "0", "0", "0", "0", "reversedirection=yes highway=track surface=asphalt tracktype=grade1 bicycle=designated smoothness=excellent route_bicycle_rcn=yes", "", "8029", "802981"],
          ["11865207", "47425470", "518", "23", "1000", "0", "0", "0", "0", "reversedirection=yes highway=track surface=asphalt tracktype=grade1 bicycle=designated route_bicycle_rcn=yes", "", "8032", "803345"],
          ["11867774", "47426186", "518", "209", "1000", "0", "0", "0", "0", "reversedirection=yes highway=track surface=asphalt tracktype=grade2 bicycle=designated route_bicycle_rcn=yes", "", "8066", "806672"],
          ["11870323", "47427208", "519", "225", "1000", "0", "0", "0", "0", "reversedirection=yes highway=track surface=compacted tracktype=grade2 bicycle=designated route_bicycle_rcn=yes", "nodeaccessgranted=yes barrier=lift_gate bicycle=yes foot=yes", "8104", "810538"],
          ["11871346", "47428175", "518", "132", "1000", "0", "0", "0", "0", "reversedirection=yes highway=service surface=asphalt bicycle=designated route_bicycle_rcn=yes", "", "8129", "813039"],
          ["11871770", "47428610", "518", "58", "1000", "0", "0", "0", "0", "reversedirection=yes highway=residential surface=asphalt cycleway:both=shared_lane route_bicycle_rcn=yes", "", "8139", "813969"],
          ["11871882", "47428826", "518", "28", "1000", "0", "0", "0", "0", "reversedirection=yes highway=cycleway surface=asphalt foot=yes route_bicycle_rcn=yes", "", "8143", "814383"],
          ["11872166", "47429316", "518", "59", "1000", "0", "0", "0", "0", "reversedirection=yes highway=service surface=asphalt route_bicycle_rcn=yes", "nodeaccessgranted=yes barrier=cycle_barrier bicycle=yes foot=yes", "8152", "815357"],
          ["11872244", "47429431", "518", "14", "1000", "0", "0", "0", "0", "reversedirection=yes highway=cycleway surface=wood foot=yes route_bicycle_rcn=yes", "nodeaccessgranted=yes barrier=cycle_barrier", "8155", "815573"],
          ["11872547", "47430234", "518", "93", "1000", "0", "0", "0", "0", "reversedirection=yes highway=cycleway surface=asphalt foot=designated bicycle=designated route_bicycle_rcn=yes", "", "8172", "817342"],
          ["11874466", "47432559", "517", "305", "1000", "0", "0", "0", "0", "highway=cycleway surface=asphalt foot=designated bicycle=designated route_bicycle_rcn=yes", "", "8220", "822113"],
          ["11875265", "47433377", "519", "109", "1000", "0", "0", "0", "0", "highway=unclassified surface=asphalt cycleway:right=no cycleway:left=shared_lane route_bicycle_rcn=yes", "", "8244", "824540"],
          ["11875314", "47433493", "519", "13", "1000", "0", "0", "0", "0", "reversedirection=yes highway=unclassified surface=asphalt cycleway:both=shared_lane route_bicycle_rcn=yes", "nodeaccessgranted=yes highway=give_way direction=forward", "8247", "824784"],
          ["11875853", "47434077", "521", "77", "1000", "0", "0", "0", "0", "reversedirection=yes highway=unclassified surface=asphalt cycleway:both=shared_lane route_bicycle_rcn=yes", "", "8264", "826508"],
          ["11876269", "47434635", "520", "71", "1000", "0", "0", "0", "0", "reversedirection=yes highway=service surface=paved foot=yes bicycle=yes route_bicycle_rcn=yes", "", "8277", "827808"],
          ["11891204", "47438690", "514", "1300", "1000", "0", "0", "0", "0", "reversedirection=yes highway=path surface=asphalt foot=designated bicycle=designated route_bicycle_rcn=yes", "nodeaccessgranted=yes traffic_sign:direction=backward", "8480", "848116"],
          ["11891280", "47438730", "514", "7", "1000", "0", "0", "0", "0", "reversedirection=yes highway=pedestrian surface=asphalt bicycle=yes route_bicycle_rcn=yes", "", "8481", "848216"],
          ["11892047", "47439398", "512", "94", "1000", "0", "0", "0", "0", "reversedirection=yes highway=pedestrian surface=sett bicycle=yes route_bicycle_rcn=yes", "", "8492", "849338"],
          ["11894271", "47441063", "514", "274", "1000", "0", "0", "0", "0", "reversedirection=yes highway=pedestrian surface=asphalt bicycle=yes route_bicycle_rcn=yes", "nodeaccessgranted=yes traffic_sign:direction=forward", "8538", "853939"],
          ["11894311", "47441044", "514", "4", "1000", "0", "0", "0", "0", "reversedirection=yes highway=pedestrian surface=asphalt bicycle=yes route_bicycle_rcn=yes", "", "8539", "854041"],
          ["11894256", "47441446", "515", "46", "1000", "0", "0", "0", "0", "reversedirection=yes highway=unclassified surface=asphalt cycleway:both=no lcn=yes route_bicycle_rcn=yes", "", "8551", "855256"],
          ["11894313", "47441466", "515", "5", "1000", "0", "0", "0", "0", "reversedirection=yes highway=tertiary surface=asphalt route_bicycle_rcn=yes", "nodeaccessgranted=yes highway=give_way direction=forward", "8552", "855366"],
          ["11894377", "47441493", "515", "6", "1000", "0", "0", "0", "0", "reversedirection=yes highway=tertiary surface=asphalt route_bicycle_rcn=yes", "nodeaccessgranted=yes traffic_sign:direction=backward", "8554", "855504"],
          ["11894713", "47441865", "513", "48", "1000", "0", "0", "0", "0", "reversedirection=yes highway=tertiary surface=asphalt route_bicycle_rcn=yes", "nodeaccessgranted=yes highway=bus_stop", "8562", "856330"],
          ["11896922", "47443676", "514", "266", "1000", "0", "0", "0", "0", "reversedirection=yes highway=tertiary surface=asphalt route_bicycle_rcn=yes", "nodeaccessgranted=yes highway=bus_stop", "8606", "860685"],
          ["11902736", "47445894", "512", "504", "1000", "0", "0", "0", "0", "reversedirection=yes highway=tertiary surface=asphalt route_bicycle_rcn=yes", "", "8686", "868756"],
          ["11902812", "47445965", "512", "10", "1000", "0", "0", "0", "0", "highway=residential surface=asphalt route_bicycle_rcn=yes", "nodeaccessgranted=yes traffic_sign:direction=forward", "8688", "868911"],
          ["11905271", "47447446", "512", "249", "1000", "0", "0", "0", "0", "highway=residential surface=asphalt route_bicycle_rcn=yes", "", "8728", "872921"],
          ["11906134", "47447939", "512", "86", "1000", "0", "0", "0", "0", "highway=residential surface=asphalt cycleway:both=no route_bicycle_rcn=yes", "", "8742", "874279"],
          ["11906760", "47448315", "512", "63", "1000", "0", "0", "0", "0", "highway=residential surface=asphalt route_bicycle_rcn=yes", "nodeaccessgranted=yes traffic_sign:direction=backward", "8752", "875314"],
          ["11913026", "47451261", "512", "576", "1000", "0", "0", "0", "0", "highway=residential surface=asphalt route_bicycle_rcn=yes", "", "8848", "884940"],
          ["11913105", "47451292", "511", "7", "1000", "0", "0", "0", "0", "highway=track surface=asphalt tracktype=grade1 bicycle=designated route_bicycle_rcn=yes", "nodeaccessgranted=yes traffic_sign:direction=backward", "8849", "885052"],
          ["11913343", "47451382", "511", "21", "1000", "0", "0", "0", "0", "highway=track surface=asphalt tracktype=grade1 bicycle=designated route_bicycle_rcn=yes", "nodeaccessgranted=yes traffic_sign:direction=forward", "8852", "885336"],
          ["11928142", "47455644", "509", "1279", "1000", "0", "0", "0", "0", "highway=track surface=asphalt tracktype=grade1 bicycle=yes vehicle=destination route_bicycle_rcn=yes", "", "9057", "905837"],
          ["11937853", "47458696", "509", "814", "1000", "0", "0", "0", "0", "highway=track surface=asphalt tracktype=grade1 bicycle=designated route_bicycle_rcn=yes", "", "9194", "919502"],
          ["11953371", "47463997", "506", "1317", "1000", "0", "0", "0", "0", "highway=track surface=asphalt tracktype=grade1 bicycle=designated smoothness=good route_bicycle_rcn=yes", "", "9404", "940491"],
          ["11971249", "47472760", "505", "1696", "1000", "0", "0", "0", "0", "highway=track surface=asphalt tracktype=grade1 bicycle=designated route_bicycle_rcn=yes", "", "9685", "968663"],
          ["11975126", "47474074", "506", "356", "1000", "0", "0", "0", "0", "reversedirection=yes highway=service surface=asphalt bicycle=designated smoothness=excellent route_bicycle_rcn=yes", "", "9748", "974950"],
          ["11975646", "47474015", "508", "40", "1000", "0", "0", "0", "0", "reversedirection=yes highway=service surface=asphalt smoothness=excellent route_bicycle_rcn=yes", "", "9759", "976074"],
          ["11976841", "47473987", "516", "96", "1350", "0", "25", "0", "0", "reversedirection=yes highway=unclassified surface=asphalt cycleway:both=no", "highway=give_way direction=backward", "9793", "979415"],
          ["11976886", "47474006", "516", "4", "1350", "0", "0", "0", "0", "reversedirection=yes highway=unclassified surface=asphalt cycleway:both=no", "estimated_crossing_class=3", "9795", "979600"],
          ["11976945", "47474028", "516", "5", "1150", "0", "0", "0", "0", "reversedirection=yes highway=residential surface=asphalt", "highway=give_way direction=forward", "9797", "979824"],
          ["11979421", "47474973", "509", "216", "1150", "0", "1", "0", "0", "reversedirection=yes highway=residential surface=asphalt", "", "9836", "983692"],
          ["11979939", "47475210", "509", "47", "1150", "0", "1", "0", "0", "reversedirection=yes highway=residential surface=asphalt cycleway:both=no lcn=yes", "", "9842", "984378"],
          ["11986642", "47477628", "508", "575", "1000", "0", "0", "0", "0", "reversedirection=yes highway=residential surface=asphalt route_bicycle_rcn=yes", "", "9936", "993704"],
          ["11986718", "47477606", "508", "7", "1000", "0", "0", "0", "0", "highway=residential surface=asphalt junction=roundabout route_bicycle_rcn=yes", "", "9937", "993803"],
          ["11986738", "47477538", "508", "8", "1000", "0", "0", "0", "0", "reversedirection=yes highway=unclassified surface=asphalt route_bicycle_rcn=yes", "", "9938", "993923"],
          ["11986845", "47477284", "509", "29", "1000", "0", "0", "0", "0", "highway=unclassified surface=asphalt route_bicycle_rcn=yes", "", "9943", "994454"],
          ["11986883", "47477225", "509", "17", "1000", "0", "0", "0", "0", "highway=residential surface=asphalt junction=roundabout route_bicycle_rcn=yes", "", "9946", "994754"],
          ["11987092", "47476649", "511", "66", "1000", "0", "0", "0", "0", "highway=residential surface=asphalt route_bicycle_rcn=yes", "", "9962", "996286"],
          ["11987227", "47476659", "510", "10", "1000", "0", "0", "0", "0", "reversedirection=yes highway=residential surface=asphalt route_bicycle_rcn=yes", "nodeaccessgranted=yes highway=crossing", "9964", "996520"],
          ["11989250", "47476816", "510", "154", "1000", "0", "0", "0", "0", "reversedirection=yes highway=residential surface=asphalt route_bicycle_rcn=yes", "", "9995", "999654"],
          ["11989445", "47476800", "510", "15", "1000", "0", "0", "0", "0", "reversedirection=yes highway=path surface=asphalt foot=designated bicycle=designated route_bicycle_rcn=yes", "nodeaccessgranted=yes barrier=cycle_barrier bicycle=yes foot=yes", "9998", "999891"],
          ["11989675", "47476774", "511", "18", "1000", "0", "0", "0", "0", "reversedirection=yes highway=cycleway surface=wood foot=designated bicycle=designated route_bicycle_rcn=yes", "nodeaccessgranted=yes barrier=cycle_barrier bicycle=yes foot=yes", "10001", "1000244"],
          ["11989694", "47476771", "511", "1", "1000", "0", "0", "0", "0", "reversedirection=yes highway=path surface=asphalt foot=designated bicycle=designated route_bicycle_rcn=yes", "nodeaccessgranted=yes highway=stop direction=backward", "10001", "1000263"],
          ["11989743", "47476765", "511", "4", "1000", "0", "0", "0", "0", "reversedirection=yes highway=path surface=asphalt foot=designated bicycle=designated route_bicycle_rcn=yes", "", "10002", "1000346"],
          ["11994161", "47478089", "506", "425", "1000", "0", "0", "0", "0", "reversedirection=yes highway=residential surface=asphalt route_bicycle_rcn=yes", "nodeaccessgranted=yes traffic_calming=choker", "10061", "1006212"],
          ["11995983", "47478036", "506", "137", "1000", "0", "0", "0", "0", "reversedirection=yes highway=residential surface=asphalt route_bicycle_rcn=yes", "", "10081", "1008247"],
          ["11995961", "47478612", "505", "65", "1000", "0", "0", "0", "0", "reversedirection=yes highway=service surface=asphalt route_bicycle_rcn=yes", "", "10090", "1009179"],
          ["12014639", "47479798", "501", "1487", "1000", "0", "0", "0", "0", "reversedirection=yes highway=track surface=asphalt tracktype=grade1 bicycle=yes route_bicycle_rcn=yes", "", "10321", "1032186"],
          ["12026689", "47480450", "502", "972", "1000", "0", "0", "0", "0", "reversedirection=yes highway=track surface=asphalt tracktype=grade1 bicycle=yes smoothness=good route_bicycle_rcn=yes", "", "10486", "1048736"],
          ["12026779", "47480484", "501", "8", "1000", "0", "0", "0", "0", "reversedirection=yes highway=path surface=asphalt foot=designated bicycle=designated smoothness=excellent route_bicycle_rcn=yes", "nodeaccessgranted=yes barrier=bollard", "10487", "1048866"],
          ["12028561", "47481513", "500", "246", "1000", "0", "0", "0", "0", "reversedirection=yes highway=path surface=asphalt foot=designated bicycle=designated smoothness=excellent route_bicycle_rcn=yes", "nodeaccessgranted=yes barrier=bollard", "10528", "1052946"],
          ["12028726", "47481518", "500", "13", "1000", "0", "0", "0", "0", "reversedirection=yes highway=path surface=asphalt foot=designated bicycle=designated smoothness=excellent route_bicycle_rcn=yes", "", "10530", "1053121"],
          ["12036928", "47482471", "500", "630", "1000", "0", "0", "0", "0", "reversedirection=yes highway=track surface=asphalt tracktype=grade1 bicycle=yes smoothness=intermediate route_bicycle_rcn=yes", "", "10631", "1063245"],
          ["12046272", "47483773", "499", "725", "1000", "0", "0", "0", "0", "reversedirection=yes highway=track surface=compacted tracktype=grade2 bicycle=yes smoothness=intermediate route_bicycle_rcn=yes", "", "10753", "1075419"],
          ["12047800", "47484173", "499", "123", "1000", "0", "0", "0", "0", "highway=service surface=asphalt bicycle=yes smoothness=good vehicle=destination route_bicycle_rcn=yes", "", "10773", "1077465"],
          ["12049731", "47483982", "499", "148", "1000", "0", "0", "0", "0", "reversedirection=yes highway=service surface=asphalt bicycle=yes vehicle=destination lcn=yes route_bicycle_lcn=yes", "", "10796", "1079704"],
          ["12049808", "47483948", "499", "7", "1000", "0", "0", "0", "0", "reversedirection=yes highway=service surface=asphalt bicycle=yes vehicle=destination route_bicycle_lcn=yes", "", "10797", "1079832"],
          ["12050237", "47483527", "500", "57", "1000", "0", "0", "0", "0", "reversedirection=yes highway=living_street surface=asphalt route_bicycle_lcn=yes", "", "10809", "1081072"],
          ["12050677", "47483728", "502", "40", "1000", "0", "0", "0", "0", "reversedirection=yes highway=residential surface=asphalt route_bicycle_lcn=yes", "", "10820", "1082172"],
          ["12050764", "47483764", "502", "8", "1000", "0", "0", "0", "0", "reversedirection=yes highway=unclassified surface=asphalt route_bicycle_lcn=yes", "", "10822", "1082376"],
          ["12051375", "47483888", "500", "48", "1000", "0", "0", "0", "0", "reversedirection=yes highway=residential surface=asphalt cycleway:right=lane route_bicycle_lcn=yes", "", "10830", "1083174"],
          ["12052895", "47484564", "500", "137", "1000", "0", "0", "0", "0", "reversedirection=yes highway=residential surface=asphalt cycleway:right=track route_bicycle_lcn=yes cycleway:right:oneway=no", "nodeaccessgranted=yes traffic_calming=choker", "10852", "1085323"],
          ["12053395", "47484797", "500", "46", "1000", "0", "0", "0", "0", "reversedirection=yes highway=residential surface=asphalt cycleway:right=track route_bicycle_lcn=yes cycleway:right:oneway=no", "nodeaccessgranted=yes traffic_calming=choker", "10860", "1086117"],
          ["12054327", "47485233", "500", "86", "1000", "0", "0", "0", "0", "reversedirection=yes highway=residential surface=asphalt cycleway:right=track route_bicycle_lcn=yes cycleway:right:oneway=no", "nodeaccessgranted=yes traffic_calming=choker", "10875", "1087597"],
          ["12055225", "47485660", "500", "82", "1000", "0", "0", "0", "0", "reversedirection=yes highway=residential surface=asphalt cycleway:right=track route_bicycle_lcn=yes cycleway:right:oneway=no", "nodeaccessgranted=yes traffic_calming=choker", "10889", "1089042"],
          ["12057285", "47486925", "500", "210", "1000", "0", "0", "0", "0", "reversedirection=yes highway=residential surface=asphalt cycleway:right=track route_bicycle_lcn=yes cycleway:right:oneway=no", "", "10923", "1092467"],
          ["12058202", "47487752", "501", "118", "1000", "0", "0", "0", "0", "reversedirection=yes highway=cycleway surface=asphalt route_bicycle_lcn=yes", "", "10946", "1094770"],
          ["12060471", "47488322", "506", "229", "1000", "0", "0", "0", "0", "reversedirection=yes highway=unclassified surface=asphalt cycleway=shared_lane route_bicycle_lcn=yes", "nodeaccessgranted=yes highway=crossing crossing=uncontrolled", "11005", "1100616"],
          ["12060494", "47488333", "506", "2", "1000", "0", "0", "0", "0", "reversedirection=yes highway=unclassified surface=asphalt cycleway=shared_lane route_bicycle_lcn=yes", "nodeaccessgranted=yes highway=give_way direction=backward", "11005", "1100672"],
          ["12060520", "47488344", "506", "2", "1000", "0", "0", "0", "0", "reversedirection=yes highway=unclassified surface=asphalt cycleway=shared_lane route_bicycle_lcn=yes", "", "11006", "1100728"],
          ["12060727", "47488425", "505", "29", "1000", "0", "0", "0", "0", "highway=unclassified surface=asphalt junction=roundabout route_bicycle_lcn=yes", "", "11013", "1101464"],
          ["12060770", "47488439", "505", "4", "1000", "0", "0", "0", "0", "reversedirection=yes highway=residential surface=asphalt route_bicycle_lcn=yes", "nodeaccessgranted=yes highway=give_way direction=forward", "11014", "1101550"],
          ["12060917", "47488501", "505", "13", "1000", "0", "0", "0", "0", "reversedirection=yes highway=residential surface=asphalt route_bicycle_lcn=yes", "nodeaccessgranted=yes highway=crossing crossing=uncontrolled", "11017", "1101814"],
          ["12061931", "47488934", "505", "91", "1000", "0", "0", "0", "0", "reversedirection=yes highway=residential surface=asphalt route_bicycle_lcn=yes", "", "11033", "1103419"],
          ["12062711", "47489272", "506", "70", "1000", "0", "0", "0", "0", "highway=residential surface=asphalt oneway=yes oneway:bicycle=no route_bicycle_lcn=yes", "", "11048", "1104931"],
          ["12062494", "47489574", "506", "39", "1000", "0", "0", "0", "0", "highway=living_street surface=sett smoothness=good vehicle=yes oneway=yes oneway:bicycle=no route_bicycle_lcn=yes", "", "11055", "1105661"],
          ["12064210", "47490695", "506", "180", "1000", "0", "0", "0", "0", "highway=residential surface=asphalt route_bicycle_lcn=yes bicycle_road=yes", "nodeaccessgranted=yes highway=crossing crossing=uncontrolled", "11086", "1108759"],
          ["12065513", "47491581", "506", "139", "1000", "0", "0", "0", "0", "highway=residential surface=asphalt route_bicycle_lcn=yes bicycle_road=yes", "nodeaccessgranted=yes highway=crossing crossing=uncontrolled", "11111", "1111245"],
          ["12067079", "47492661", "505", "169", "1000", "0", "0", "0", "0", "highway=residential surface=asphalt route_bicycle_lcn=yes bicycle_road=yes", "nodeaccessgranted=yes highway=crossing crossing=uncontrolled bicycle=yes", "11137", "1113884"],
          ["12067154", "47492691", "505", "7", "1000", "0", "0", "0", "0", "highway=residential surface=asphalt route_bicycle_lcn=yes bicycle_road=yes", "nodeaccessgranted=yes traffic_calming=table", "11138", "1113990"],
          ["12068781", "47493762", "505", "171", "1000", "0", "0", "0", "0", "highway=residential surface=asphalt route_bicycle_lcn=yes bicycle_road=yes", "", "11166", "1116722"],
          ["12068805", "47493784", "505", "3", "1000", "0", "0", "0", "0", "highway=footway bicycle=yes route_bicycle_lcn=yes", "nodeaccessgranted=yes barrier=block", "11166", "1116771"],
          ["12068874", "47493847", "505", "9", "1000", "0", "0", "0", "0", "highway=footway bicycle=yes route_bicycle_lcn=yes", "nodeaccessgranted=yes highway=crossing crossing=uncontrolled", "11168", "1116911"],
          ["12068113", "47494187", "504", "69", "1000", "0", "0", "0", "0", "reversedirection=yes highway=tertiary surface=asphalt cycleway:both=no route_bicycle_lcn=yes", "nodeaccessgranted=yes traffic_calming=island", "11177", "1117833"],
          ["12068043", "47494207", "504", "6", "1000", "0", "0", "0", "0", "reversedirection=yes highway=tertiary surface=asphalt cycleway:both=no route_bicycle_lcn=yes", "nodeaccessgranted=yes highway=crossing crossing=marked", "11178", "1117919"],
          ["12067919", "47494232", "504", "10", "1000", "0", "0", "0", "0", "reversedirection=yes highway=tertiary surface=asphalt cycleway:both=no route_bicycle_lcn=yes", "", "11179", "1118064"],
          ["12067946", "47494280", "504", "6", "1000", "0", "0", "0", "0", "highway=residential surface=asphalt cycleway:both=no route_bicycle_lcn=yes", "nodeaccessgranted=yes highway=give_way direction=backward", "11180", "1118152"],
          ["12067974", "47494327", "504", "6", "1000", "0", "0", "0", "0", "highway=residential surface=asphalt cycleway:both=no route_bicycle_lcn=yes", "nodeaccessgranted=yes highway=crossing crossing=uncontrolled kerb=lowered", "11181", "1118240"],
          ["12068255", "47494584", "504", "36", "1000", "0", "0", "0", "0", "highway=residential surface=asphalt cycleway:both=no route_bicycle_lcn=yes", "", "11187", "1118821"],
          ["12068242", "47494731", "504", "16", "5000", "0", "0", "0", "0", "highway=path surface=asphalt foot=yes bicycle=dismount vehicle=no route_bicycle_lcn=yes", "", "11190", "1119154"],
          ["12068209", "47495031", "504", "34", "5000", "0", "0", "0", "0", "highway=path surface=asphalt bicycle=dismount vehicle=no route_bicycle_lcn=yes", "", "11197", "1119802"],
          ["12068124", "47495309", "503", "32", "5000", "0", "0", "0", "0", "highway=path surface=asphalt foot=yes bicycle=dismount vehicle=no route_bicycle_lcn=yes", "", "11201", "1120234"],
          ["12067701", "47495354", "504", "32", "5000", "0", "0", "0", "0", "highway=path surface=asphalt foot=yes bicycle=dismount vehicle=no cycleway=shared route_bicycle_rcn=yes", "", "11206", "1120752"],
          ["12067592", "47495327", "504", "9", "1000", "0", "0", "0", "0", "highway=path surface=asphalt foot=yes bicycle=yes route_bicycle_rcn=yes", "nodeaccessgranted=yes barrier=cycle_barrier", "11207", "1120890"],
          ["12067265", "47495245", "504", "29", "1000", "0", "0", "0", "0", "highway=path surface=asphalt foot=yes bicycle=yes route_bicycle_rcn=yes", "nodeaccessgranted=yes highway=crossing", "11212", "1121341"],
          ["12067294", "47495314", "503", "8", "1000", "0", "0", "0", "0", "highway=unclassified surface=asphalt cycleway:right=track route_bicycle_rcn=yes cycleway:right:oneway=no", "", "11213", "1121459"],
          ["12067333", "47495590", "502", "31", "1000", "0", "0", "0", "0", "highway=unclassified surface=asphalt cycleway:right=track cycleway:left=no route_bicycle_rcn=yes cycleway:right:oneway=no", "", "11217", "1121811"],
          ["12067478", "47496196", "507", "69", "1000", "0", "0", "0", "0", "reversedirection=yes highway=unclassified surface=asphalt cycleway:right=no cycleway:left=track route_bicycle_rcn=yes cycleway:left:oneway=no", "", "11229", "1122998"],
          ["12067701", "47496859", "505", "76", "1000", "0", "0", "0", "0", "reversedirection=yes highway=unclassified surface=asphalt cycleway:left=track route_bicycle_rcn=yes cycleway:left:oneway=no", "", "11249", "1125004"],
          ["12066038", "47500761", "503", "494", "1000", "0", "0", "0", "0", "reversedirection=yes highway=unclassified surface=asphalt cycleway:both=no route_bicycle_rcn=yes", "", "11326", "1132790"],
          ["12068529", "47503139", "499", "332", "1000", "0", "0", "0", "0", "highway=unclassified surface=asphalt cycleway:both=no route_bicycle_rcn=yes", "nodeaccessgranted=yes estimated_crossing_class=3", "11372", "1137305"],
          ["12068249", "47503355", "499", "32", "1000", "0", "0", "0", "0", "highway=secondary surface=asphalt cycleway:both=no route_bicycle_rcn=yes", "nodeaccessgranted=yes estimated_crossing_class=3", "11376", "1137785"],
          ["12066889", "47504945", "498", "205", "1000", "0", "0", "0", "0", "highway=secondary surface=asphalt cycleway:both=no route_bicycle_rcn=yes", "", "11407", "1140841"],
          ["12066699", "47505176", "499", "29", "1000", "0", "0", "0", "0", "highway=secondary surface=asphalt route_bicycle_rcn=yes", "nodeaccessgranted=yes estimated_crossing_class=3", "11413", "1141401"],
          ["12066603", "47505310", "499", "17", "1000", "0", "0", "0", "0", "highway=secondary surface=asphalt route_bicycle_rcn=yes", "nodeaccessgranted=yes estimated_crossing_class=3", "11416", "1141719"],
          ["12065733", "47506462", "499", "145", "1000", "0", "0", "0", "0", "highway=secondary surface=asphalt cycleway:both=no route_bicycle_rcn=yes", "nodeaccessgranted=yes estimated_crossing_class=0", "11438", "1143976"],
          ["12065641", "47506595", "498", "16", "1000", "0", "0", "0", "0", "highway=secondary surface=asphalt cycleway:both=no route_bicycle_rcn=yes", "nodeaccessgranted=yes traffic_calming=island", "11441", "1144219"],
          ["12065453", "47506850", "498", "32", "1000", "0", "0", "0", "0", "highway=secondary surface=asphalt cycleway:both=no route_bicycle_rcn=yes", "nodeaccessgranted=yes estimated_crossing_class=3", "11445", "1144688"],
          ["12064911", "47507300", "499", "65", "1000", "0", "0", "0", "0", "highway=secondary surface=asphalt cycleway:both=no route_bicycle_rcn=yes", "nodeaccessgranted=yes highway=crossing crossing=uncontrolled", "11457", "1145855"],
          ["12064850", "47507333", "499", "6", "1000", "0", "0", "0", "0", "highway=secondary surface=asphalt cycleway:both=no route_bicycle_rcn=yes", "nodeaccessgranted=yes estimated_crossing_class=0", "11458", "1145984"],
          ["12064884", "47507362", "499", "4", "1000", "0", "0", "0", "0", "highway=tertiary surface=asphalt cycleway:both=no route_bicycle_rcn=yes", "nodeaccessgranted=yes highway=stop direction=backward", "11459", "1146064"],
          ["12080653", "47525636", "495", "2798", "1000", "0", "0", "0", "0", "highway=tertiary surface=asphalt cycleway:both=no route_bicycle_rcn=yes", "", "11918", "1191904"],
          ["12092444", "47529991", "490", "1076", "1000", "0", "0", "0", "0", "reversedirection=yes highway=tertiary surface=asphalt cycleway:both=no route_bicycle_rcn=yes", "", "12084", "1208537"],
          ["12092479", "47530063", "490", "8", "1000", "0", "0", "0", "0", "highway=residential surface=asphalt cycleway:both=no route_bicycle_rcn=yes", "", "12085", "1208661"],
          ["12093097", "47530102", "489", "54", "1000", "0", "0", "0", "0", "reversedirection=yes highway=path surface=asphalt foot=designated bicycle=designated route_bicycle_rcn=yes", "nodeaccessgranted=yes highway=crossing estimated_crossing_class=3 crossing=unmarked traffic_calming=island", "12094", "1209504"],
          ["12093299", "47530239", "489", "28", "1000", "0", "0", "0", "0", "reversedirection=yes highway=path surface=asphalt foot=designated bicycle=designated route_bicycle_rcn=yes", "nodeaccessgranted=yes highway=crossing", "12098", "1209924"],
          ["12097431", "47532351", "488", "392", "1000", "0", "0", "0", "0", "highway=residential surface=asphalt cycleway:both=shared_lane route_bicycle_rcn=yes", "", "12158", "1215928"],
          ["12099221", "47533301", "489", "172", "1000", "0", "0", "0", "0", "highway=residential surface=asphalt route_bicycle_rcn=yes", "", "12189", "1219090"],
          ["12118024", "47545403", "488", "2008", "1000", "0", "0", "0", "0", "reversedirection=yes highway=track surface=asphalt tracktype=grade1 route_bicycle_rcn=yes", "", "12525", "1252623"],
          ["12137214", "47560360", "487", "2250", "1000", "0", "0", "0", "0", "reversedirection=yes highway=track surface=asphalt tracktype=grade1 smoothness=excellent route_bicycle_rcn=yes", "", "12903", "1290495"],
          ["12137864", "47560918", "488", "81", "1000", "0", "0", "0", "0", "reversedirection=yes highway=track surface=asphalt tracktype=grade1 route_bicycle_rcn=yes", "", "12920", "1292172"],
          ["12139459", "47562398", "484", "222", "1000", "0", "0", "0", "0", "reversedirection=yes highway=service surface=asphalt route_bicycle_rcn=yes", "", "12955", "1295627"],
          ["12143927", "47568674", "483", "793", "1000", "0", "0", "0", "0", "reversedirection=yes highway=track surface=fine_gravel tracktype=grade2 smoothness=intermediate route_bicycle_rcn=yes", "", "13074", "1307524"],
          ["12146204", "47574530", "486", "713", "1000", "0", "0", "0", "0", "reversedirection=yes highway=track surface=fine_gravel tracktype=grade2 route_bicycle_rcn=yes", "", "13206", "1320776"],
          ["12146645", "47575382", "485", "112", "1000", "0", "0", "0", "0", "reversedirection=yes highway=track surface=asphalt tracktype=grade1 route_bicycle_rcn=yes", "", "13222", "1322394"],
          ["12151942", "47576330", "483", "422", "1000", "0", "0", "0", "0", "reversedirection=yes highway=path surface=asphalt foot=designated bicycle=designated route_bicycle_rcn=yes", "", "13284", "1328605"],
          ["12152139", "47575299", "483", "116", "1000", "0", "0", "0", "0", "reversedirection=yes highway=path surface=asphalt foot=designated bicycle=designated route_bicycle_lcn=yes", "nodeaccessgranted=yes traffic_calming=island", "13303", "1330494"],
          ["12152143", "47575255", "484", "5", "1000", "0", "0", "0", "0", "reversedirection=yes highway=path surface=asphalt foot=designated bicycle=designated route_bicycle_lcn=yes", "", "13305", "1330641"],
          ["12153509", "47575400", "483", "104", "1000", "0", "0", "0", "0", "reversedirection=yes highway=residential surface=asphalt route_bicycle_lcn=yes", "", "13326", "1332811"],
          ["12153939", "47575514", "481", "35", "1000", "0", "0", "0", "0", "highway=path surface=asphalt foot=designated bicycle=designated route_bicycle_lcn=yes", "", "13331", "1333300"],
          ["12166223", "47579498", "480", "1033", "1000", "0", "0", "0", "0", "highway=path surface=asphalt foot=designated bicycle=designated smoothness=good route_bicycle_lcn=yes", "", "13501", "1350236"],
          ["12166721", "47579825", "485", "52", "1000", "0", "0", "0", "0", "highway=path surface=asphalt foot=designated bicycle=designated route_bicycle_lcn=yes", "", "13511", "1351279"],
          ["12167905", "47581713", "480", "232", "1000", "0", "0", "0", "0", "highway=path surface=asphalt foot=designated bicycle=designated smoothness=good route_bicycle_lcn=yes", "", "13551", "1355219"],
          ["12168142", "47583662", "479", "218", "1000", "0", "0", "0", "0", "highway=path surface=asphalt foot=designated bicycle=designated route_bicycle_lcn=yes", "", "13582", "1358417"],
          ["12168594", "47583635", "483", "34", "1050", "0", "100", "0", "0", "reversedirection=yes highway=path surface=paving_stones smoothness=excellent", "", "13590", "1359124"],
          ["12169170", "47583583", "487", "45", "1150", "0", "0", "0", "0", "highway=living_street surface=asphalt vehicle=yes oneway=no", "highway=crossing crossing=uncontrolled kerb=flush", "13604", "1360532"],
          ["12169767", "47583480", "489", "46", "1150", "0", "0", "0", "0", "highway=living_street surface=asphalt vehicle=yes oneway=no", "", "13625", "1362655"]
        ],
        "times": [0,2.856,3.36,3.528,4.416,11.863,17.003,18.902,19.66,20.2,20.586,36.183,37.925,39.013,43.874,51.166,54.068,57.101,61.061,61.875,62.883,63.883,65.071,65.856,85.588,86.746,88.614,90.239,91.224,94.419,95.142,95.417,104.592,105.673,109.869,117.741,126.431,132.153,133.319,139.383,140.224,143.69,144.91,146.134,147.366,148.853,150.719,152.13,153.167,154.435,158.993,164.186,165.259,166.649,177.223,178.113,179.385,180.662,192.299,193.285,194.767,197.767,198.611,201.703,205.201,209.365,212.22,217.452,218.943,220.368,220.976,228.815,235.547,254.643,257.84,260.264,261.104,261.657,263.107,264.315,265.204,266.566,267.368,267.633,274.451,296.627,298.372,300.58,301.653,303.937,308.313,310.122,311.893,315.304,318.705,320.535,322.533,324.155,326.418,332.17,334.313,335.826,336.663,342.137,343.533,345.543,346.617,347.76,362.7,407.641,433.435,435.125,444.955,483.32,484.207,493.353,494.278,506.678,513.027,522.979,554.555,564.198,575.697,597.829,610.374,619.039,633.089,636.88,640.893,642.984,655.278,656.784,659.357,664.532,668.747,681.781,689.724,690.815,693.849,700.852,705.44,708.427,713.076,717.185,747.156,756.39,760.265,761.993,764.821,766.881,768.67,770.235,772.246,774.584,776.355,777.347,778.6,780.626,782.77,787.577,794.218,795.546,797.611,808.575,820.999,823.526,835.345,837.383,848.215,850.775,852.811,855.184,865.662,872.151,881.779,883.258,885.399,886.419,887.006,888.122,889.538,898.771,903.585,906.603,911.493,916.428,917.293,920.597,925.889,931.189,935.546,942.779,948.406,953.308,959.448,971.964,976.67,978.79,986.781,1019.648,1030.264,1059.556,1099.273,1124.3,1125.317,1129.288,1131.175,1136.712,1143.077,1175.378,1197.36,1198.567,1202.11,1212.208,1235.361,1240.615,1248.645,1253.564,1261.37,1275.619,1293.844,1308.467,1318.978,1324.729,1334.287,1366.135,1369.588,1370.874,1372.016,1379.338,1400.129,1405.498,1427.339,1431.867,1441.143,1451.813,1460.953,1485.119,1502.795,1512.187,1517.821,1531.093,1533.022,1538.061,1542.076,1543.754,1545.199,1546.53,1563.729,1564.925,1568.336,1571.955,1574.992,1575.989,1576.654,1577.746,1578.916,1584.24,1585.557,1587.206,1588.602,1589.538,1590.95,1603.94,1604.933,1605.595,1606.833,1607.964,1616.15,1618.262,1619.664,1620.646,1622.389,1628.401,1638.293,1644.679,1648.702,1651.481,1654.59,1657.514,1658.715,1660.543,1662.356,1668.606,1671.418,1677.228,1694.591,1700.934,1701.897,1706.91,1710.929,1711.779,1726.14,1726.865,1727.407,1730.879,1731.638,1733.366,1739.366,1794.12,1825.399,1841.176,1848.82,1855.87,1875.815,1880.968,1884.539,1904.7,1922.589,1946.691,1957.34,1968.168,1969.343,1971.19,1971.862,1974.717,1976.547,1980.514,1988.551,1999.77,2015.206,2034.464,2042.513,2050.63,2060.117,2067.672,2068.504,2068.859,2070.718,2071.762,2073.506,2074.414,2076.476,2087.594,2100.007,2116.053,2123.575,2133.779,2138.617,2142.149,2143.568,2153.919,2154.524,2155.131,2156.08,2157.62,2164.456,2166.065,2168.583,2170.877,2178.544,2181.534,2183.431,2194.229,2212.986,2221.511,2228.038,2238.81,2241.44,2242.483,2250.173,2255.864,2260.812,2266.467,2272.793,2276.976,2285.085,2293.388,2301.128,2306.493,2313.121,2320.756,2328.854,2340.886,2345.227,2361.635,2369.045,2377.446,2388.249,2397.857,2405.954,2422.34,2446.108,2464.802,2465.807,2466.31,2467.952,2475.036,2477.01,2479.039,2483.623,2490.933,2494.233,2496.053,2499.037,2500.698,2502.86,2504.99,2508.198,2515.222,2517.143,2520.057,2522.144,2527.162,2529.276,2530.567,2531.875,2533.125,2534.324,2535.683,2537.929,2539.976,2540.951,2542.364,2543.079,2546.432,2547.323,2548.071,2548.974,2549.579,2550.643,2612.492,2613.828,2659.887,2686.584,2713.285,2737.243,2750.84,2752.183,2755.877,2760.748,2765.618,2769.257,2784.671,2786.309,2787.907,2792.316,2797.711,2819.419,2819.931,2827.839,2831.833,2834.117,2840.065,2847.948,2848.545,2849.144,2849.445,2853.102,2856.677,2857.619,2859.04,2866.718,2869.917,2873.034,2875.325,2876.646,2877.957,2879.813,2882.381,2883.654,2886.359,2887.254,2897.295,2897.817,2901.323,2908.983,2912.205,2912.544,2918.426,2919.801,2922.285,2924.777,2927.281,2932.356,2940.544,2944.884,2958.013,2967.859,2977.31,2979.308,2981.207,2982.287,2987.838,2989.207,3005.629,3013.657,3032.71,3043.702,3060.67,3073.627,3087.672,3102.466,3103.625,3104.558,3105.947,3107.343,3113.813,3117.13,3122.477,3123.205,3124.231,3125.416,3129.645,3130.875,3131.647,3136.818,3142.573,3166.242,3185.382,3192.689,3196.002,3207.392,3217.23,3305.01,3305.85,3306.689,3307.865,3309.041,3350.869,3353.08,3400.046,3431.503,3459.366,3461.888,3466.392,3468.12,3470.508,3470.873,3474.175,3479.869,3484.754,3491.463,3497.989,3500.163,3503.195,3506.778,3514.957,3541.767,3571.185,3574.57,3586.73,3589.259,3591.49,3595.511,3597.293,3612.737,3616.175,3618.059,3621.51,3647.95,3653.171,3658.296,3660.243,3662.135,3677.883,3692.495,3709.892,3714.403,3716.632,3720.428,3721.107,3721.725,3738.609,3740.473,3744.976,3747.702,3755.868,3757.3,3758.653,3760.617,3761.793,3763.341,3775.943,3788.391,3789.716,3790.419,3791.295,3796.895,3797.554,3798.155,3798.734,3799.323,3802.623,3806.979,3807.918,3811.802,3813.08,3821.497,3822.441,3823.566,3825.853,3826.836,3833.885,3840.042,3845.103,3846.682,3848.116,3852.977,3853.579,3855.615,3856.306,3858.275,3864.561,3865.644,3867.8,3869.749,3876.026,3879.113,3880.988,3883.353,3885.905,3898.521,3899.377,3899.89,3900.403,3905.008,3914.688,3918.858,3925.574,3926.307,3926.673,3928.23,3930.915,3934.23,3942.61,3952.849,3959.928,3965.078,3973.308,3982.187,3984.082,3985.208,3986.699,3988.083,3991.185,3992.559,3993.589,3996.324,3997.083,3997.693,3998.124,3998.943,3999.91,4000.749,4003.951,4004.811,4005.99,4007.108,4008.288,4017.477,4029.384,4037.039,4117.032,4146.759,4162.021,4176.614,4182.26,4189.55,4198.521,4212.503,4230.465,4237.772,4240.1,4246.633,4272.336,4276.897,4278.93,4291.263,4300.323,4319.46,4337.579,4363.298,4374.78,4384.469,4395.092,4412.373,4431.054,4444.119,4451.009,4458.861,4466.603,4466.856,4467.366,4469.72,4471.256,4474.15,4474.716,4475.292,4480.07,4481.881,4484.145,4488.053,4489.769,4501.808,4504.188,4506.127,4507.817,4512.038,4514.92,4528.958,4536.19,4539.029,4543.225,4545.056,4549.02,4551.531,4558.095,4563.189,4566.054,4573.521,4576.432,4582.959,4586.813,4593.615,4594.774,4596.225,4598.454,4602.054,4603.837,4606.745,4612.498,4615.656,4616.607,4617.71,4619.111,4620.322,4637.521,4652.776,4659.701,4668.133,4674.757,4682.797,4691.518,4702.763,4703.866,4768.947,4776.844,4777.852,4778.955,4782.407,4791.189,4803.459,4813.31,4819.258,4831.821,4842.776,4844.918,4846.176,4868.167,4871.554,4872.604,4873.509,4875.184,4876.552,4879.218,4881.963,4888.267,4892.296,4894.339,4903.341,4903.811,4908.198,4912.621,4914.293,4918,4921.455,4940.915,4941.575,4946.854,4947.883,4950.045,4957.599,4962.728,4964.456,4965.805,4981.531,4996.094,5003.057,5005.892,5012.345,5014.028,5019.085,5021.547,5025.337,5028.505,5030.777,5036.262,5045.283,5053.598,5054.374,5055.004,5055.631,5055.757,5067.027,5067.174,5067.321,5067.445,5067.708,5068.006,5069.667,5071.761,5074.072,5074.899,5075.892,5084.574,5088.337,5089.191,5089.532,5090.726,5092.428,5093.519,5101.465,5102.478,5103.491,5124.04,5125.118,5136.143,5138.662,5139.208,5141.767,5143.664,5144.288,5145.058,5146.131,5150.469,5154.551,5160.492,5161.835,5163.113,5164.409,5167.347,5169.495,5173.302,5174.437,5174.949,5176.382,5177.904,5179.015,5180.925,5183.706,5188.282,5190.252,5194.319,5195.36,5195.958,5196.86,5206.445,5210.962,5212.57,5214.346,5217.827,5220.185,5221.081,5222.088,5225.142,5234.242,5239.765,5242.208,5245.916,5246.582,5248.62,5249.25,5251.946,5252.424,5254.848,5256.156,5259.869,5260.02,5266.79,5269.784,5271.214,5273.612,5276.511,5282.04,5283.84,5286.303,5287.455,5289.434,5289.599,5290.094,5294.066,5295.891,5312.9,5313.904,5314.74,5316.917,5318.424,5319.319,5320.033,5320.745,5321.506,5322.263,5324.886,5325.86,5328.141,5328.631,5329.09,5329.398,5329.552,5333.094,5333.784,5334.388,5334.816,5336.291,5336.648,5355.187,5355.91,5357.763,5387.883,5394.178,5443.744,5467.707,5480.447,5496.511,5501.555,5507.249,5525.698,5548.998,5550.148,5551.384,5567.509,5568.122,5568.736,5569.353,5573.739,5574.262,5578.669,5588.094,5600.178,5606.431,5609.962,5612.283,5621.544,5628.159,5636.813,5645.564,5657.327,5667.211,5675.76,5685.918,5690.253,5705.002,5728.157,5737.579,5759.315,5766.456,5769.946,5776.309,5780.712,5793.273,5847.85,5875.737,5890.136,5898.86,5904.968,5917.338,5930.921,5939.873,5948.637,5953.855,5957.389,5959.005,5964.864,5971.607,5974.396,5977.565,5983.267,5992.657,5999.353,6000.2,6001.565,6002.482,6003.465,6004.612,6009.233,6015.144,6019.252,6024.747,6044.581,6065.987,6081.953,6102.006,6108.675,6114.098,6122.327,6149.226,6157.762,6163.586,6175.375,6177.286,6178.636,6180.178,6187.676,6189.54,6192.708,6193.978,6220.966,6229.782,6238.248,6247.287,6262.306,6268.091,6275.688,6286.077,6297.854,6305.737,6310.903,6322.058,6331.245,6338.795,6346.414,6360.954,6368.633,6370.897,6371.938,6373.519,6376.047,6378.449,6380.277,6381.694,6385.561,6389.65,6394.769,6400.475,6406.704,6415.189,6418.717,6423.396,6429.825,6434.894,6437.709,6445.159,6450.062,6459.228,6471.291,6479.535,6486.253,6505.113,6511.823,6518.427,6533.25,6539.821,6544.135,6564.739,6580.458,6593.167,6602.229,6606.157,6609.04,6629.147,6631.489,6634.699,6636.224,6650.837,6654.946,6656.452,6657.199,6658.129,6658.685,6660.582,6664.3,6672.303,6674.45,6677.769,6678.67,6679.64,6680.2,6680.744,6683.354,6684.015,6686.121,6688.45,6689.012,6689.652,6690.166,6691.145,6693.691,6695.387,6698.268,6699.093,6699.528,6699.941,6700.728,6702.228,6703.786,6706.302,6709.682,6731.664,6759.588,6770.982,6773.46,6776.266,6780.837,6786.139,6802.129,6812.704,6824.396,6834.278,6842.43,6850.347,6857.273,6862.292,6867.631,6873.808,6878.854,6886.192,6891.932,6895.014,6897.502,6899.655,6902.732,6908.139,6923.905,6929.846,6932.685,6936.525,6946.032,6948.567,6951.268,6968.516,6991.307,6993.482,7062.749,7070.484,7078.812,7083.997,7091.786,7097.693,7101.769,7106.363,7148.587,7151.15,7172.114,7183.358,7194.448,7203.831,7223.495,7232.854,7255.358,7268.726,7285.413,7286.809,7287.74,7288.93,7292.739,7293.562,7294.271,7295.542,7303.769,7305.083,7305.954,7306.824,7307.475,7317.646,7318.473,7325.436,7336.27,7345.964,7351.301,7371.708,7375.485,7383.261,7388.702,7392.196,7394.495,7399.561,7406.337,7408.21,7426.538,7434.94,7436.266,7437.199,7439.788,7443.733,7445.002,7445.908,7447.727,7449.334,7451.923,7452.838,7459.603,7482.288,7486.817,7490.73,7495.07,7496.643,7497.907,7499.769,7503.685,7504.911,7523.653,7539.485,7545.574,7548.17,7553.795,7556.974,7563.663,7565.393,7567.632,7569.04,7596.489,7597.669,7599.104,7601.34,7603.946,7607.61,7610.257,7613.312,7617.745,7622.125,7623.432,7626.411,7628.571,7631.046,7632.992,7637.874,7642.564,7648.288,7656.793,7660.548,7662.143,7667.928,7699.954,7700.469,7761.04,7783.534,7791.016,7804.955,7819.766,7829.743,7843.2,7851.016,7857.396,7868.778,7878.427,7881.887,7889.858,7896.99,7902.189,7909.998,7918.068,7927.342,7936.119,7942.861,7950.543,7958.074,7966.133,7970.313,7975.117,7985.109,8001.565,8006.72,8022.286,8029.134,8032.779,8041.278,8057.46,8066.041,8090.562,8094.83,8100.902,8104.707,8107.879,8111.535,8118.953,8126.011,8129.716,8136.23,8139.013,8140.632,8141.332,8141.755,8142.18,8143.148,8144.071,8149.557,8152.585,8152.891,8155.049,8159.626,8165.276,8168.929,8172.74,8176.515,8178.009,8182.086,8187.177,8193.108,8200.937,8207.907,8214.965,8216.246,8217.52,8218.425,8220.449,8223.323,8244.711,8247.152,8249.332,8256.84,8264.387,8266.803,8269.725,8277.389,8283.613,8291.119,8297.667,8307.254,8314.525,8324.011,8331.298,8334.632,8340.751,8348.138,8354.911,8363.747,8365.438,8370.85,8376.187,8382.516,8389.011,8397.422,8407.834,8422.181,8434.968,8438.793,8442.633,8451.945,8455.93,8459.347,8463.465,8469.413,8478.164,8480.432,8481.438,8485.289,8492.657,8508.059,8510.975,8513.701,8514.805,8528.681,8530.429,8531.532,8533.026,8534.691,8538.66,8539.677,8542.829,8544.98,8549.6,8551.828,8552.919,8554.301,8555.658,8556.697,8558.844,8562.559,8565.701,8581.542,8584.375,8586.938,8596.016,8598.942,8606.108,8608.401,8611.86,8620.144,8624.908,8630.166,8632.578,8635.646,8647.207,8650.122,8653.055,8653.708,8657.645,8658.467,8659.785,8661.491,8666.155,8671.443,8677.216,8681.117,8682.701,8685.495,8686.814,8688.365,8692.027,8702.743,8708.944,8709.714,8714.504,8715.919,8723.33,8724.072,8728.457,8732.174,8740.43,8742.043,8743.768,8752.387,8772.259,8778.103,8787.24,8791.242,8796.1,8800.184,8814.393,8828.572,8831.919,8838.582,8848.651,8849.767,8852.613,8941.721,8964.718,8993.489,8997.472,9014.402,9027.249,9030.569,9034.396,9036.396,9038.898,9043.074,9057.614,9064.922,9067.781,9074.062,9078.462,9178.88,9192.276,9194.259,9195.741,9197.996,9298.846,9308.269,9311.428,9315.428,9366.381,9381.354,9404.135,9441.402,9559.656,9575.433,9595.759,9596.983,9598.217,9600.861,9604.848,9611.004,9624.581,9630.028,9632.662,9635.65,9642.258,9650.568,9655.508,9656.949,9658.795,9670.211,9673.373,9675.502,9677.656,9685.848,9691.991,9694.441,9696.009,9697.475,9699.736,9704.049,9711.056,9713.178,9715.211,9716.785,9719.093,9721.742,9728.475,9731.961,9734.332,9736.082,9738.1,9740.453,9741.352,9742.068,9744.354,9748.72,9759.955,9763.357,9768.724,9770.207,9771.683,9773.711,9782.369,9785.709,9788.557,9790.469,9793.354,9795.204,9797.441,9801.472,9802.676,9810.494,9816.688,9821.969,9825.657,9829.906,9836.115,9840.629,9841.975,9842.968,9845.262,9853.521,9864.002,9866.371,9870.003,9879.703,9890.438,9900.186,9909.164,9920.894,9927.533,9931.896,9936.231,9936.512,9936.792,9937.215,9938.422,9942.641,9943.728,9944.27,9944.438,9944.774,9945.111,9945.472,9945.832,9946.191,9946.729,9947.803,9949.516,9951.454,9955.027,9962.043,9964.383,9970.146,9987.949,9994.514,9995.715,9997.484,9998.091,10001.622,10001.815,10002.641,10003.051,10011.9,10016.608,10017.354,10017.918,10018.485,10019.244,10020.314,10022.803,10025.115,10029.688,10032.475,10036.999,10038.529,10040.805,10044.58,10048.313,10054.613,10061.287,10064.062,10070.688,10074.445,10080.504,10081.637,10085.852,10087.191,10089.906,10090.948,10170.141,10170.769,10237.406,10300.81,10307.093,10308.156,10311.095,10313.276,10313.865,10314.844,10315.692,10316.549,10318.543,10321.02,10323.662,10327.508,10329.938,10330.977,10332.014,10339.007,10343.017,10345.961,10349.062,10361.526,10366.864,10369.201,10383.443,10391.405,10394.885,10399.52,10402.104,10404.702,10408.132,10411.744,10413.723,10418.85,10422.17,10424.331,10426.496,10430.664,10438.688,10441.03,10441.7,10446.391,10453.6,10470.184,10476.326,10477.639,10478.833,10479.68,10480.727,10482.277,10484.1,10485.219,10485.776,10486.517,10487.809,10488.264,10488.873,10491.627,10493.611,10500.77,10501.307,10501.737,10502.17,10502.785,10506.372,10508.684,10510.84,10515.342,10516.828,10518.082,10520.432,10522.482,10526.521,10528.604,10529.538,10530.351,10532.581,10543.814,10547.49,10553.567,10556.328,10561.08,10563.797,10571.906,10579.781,10583.746,10598.514,10607.784,10609.199,10619.668,10620.9,10625.969,10631.584,10633.83,10647.149,10669.91,10677.612,10683.58,10686.461,10689.932,10698.848,10700.252,10704.438,10706.312,10710.391,10725.412,10728.364,10741.015,10745.57,10753.293,10771.745,10773.75,10793.901,10795.018,10796.139,10797.42,10799.293,10805.681,10809.821,10811.246,10820.293,10820.815,10822.86,10825.623,10830.831,10832.623,10841.887,10852.317,10860.264,10864.453,10867.15,10875.064,10883.646,10889.515,10890.996,10899.859,10910.792,10923.762,10927.233,10940.435,10943.631,10946.79,10949.851,10955.091,10956.228,10957.356,10959.035,10961.207,10965.699,10969.956,10973.082,10978.16,10979.496,10980.891,10983.196,10990,10994.4,10996.351,10998.078,10999.57,11001.722,11002.915,11004.66,11005.229,11005.794,11006.353,11007.181,11008.535,11009.861,11010.643,11011.84,11012.549,11013.714,11014.572,11015.844,11017.209,11021.158,11023.82,11025.935,11031.348,11033.255,11041.098,11048.374,11050.846,11053.094,11054.945,11055.682,11066.559,11073.869,11086.656,11111,11111.52,11113.139,11125.103,11131.199,11136.405,11137.907,11138.968,11140.648,11152.152,11154.583,11166.277,11166.775,11168.177,11175.695,11177.39,11178.249,11179.697,11180.576,11181.463,11183.103,11184.006,11187.271,11190.598,11195.198,11197.074,11198.275,11201.397,11206.576,11207.953,11210.585,11211.053,11212.463,11213.647,11217.168,11222.64,11224.672,11229.037,11245.295,11249.088,11261.742,11265.945,11268.725,11272.373,11275.443,11279.918,11284.895,11290.017,11294.803,11316.719,11318.765,11320.35,11321.306,11322.584,11324.672,11325.801,11326.932,11330.019,11335.42,11337.906,11339.592,11343.237,11344.381,11345.994,11348.093,11370.82,11372.07,11376.867,11381.744,11386.285,11407.432,11413.025,11416.21,11418.373,11432.8,11438.777,11441.203,11445.898,11449.076,11452.596,11455.516,11457.561,11458.854,11459.649,11465.117,11467.449,11474.342,11484.91,11500.764,11502.797,11504.827,11506.688,11508.547,11516.714,11518.661,11524.716,11532.184,11535.627,11538.261,11540.548,11542.822,11549.754,11555.594,11565.951,11567.58,11590.492,11596.985,11615.16,11634.643,11640.518,11643.447,11692.033,11693.558,11694.404,11695.25,11696.336,11701.636,11707.042,11709.828,11714.033,11721.289,11728.176,11733.44,11740.177,11746.336,11751.014,11754.438,11759.357,11765.651,11768.629,11771.526,11780.691,11794.25,11803.979,11811.341,11818.638,11824.785,11831.392,11837.15,11845.814,11852.957,11861.682,11865.729,11870.907,11876.637,11887.055,11891.043,11895.669,11899.359,11904.143,11915.498,11916.865,11918.025,11919.176,11962.77,11969.545,11975.266,11987.496,11999.664,12004.604,12008.391,12011.996,12016.226,12031.874,12035.186,12036.006,12038.664,12050.248,12053.232,12054.377,12055.455,12057.422,12058.756,12060.418,12066.192,12084.338,12085.571,12088.531,12089.159,12090.578,12091.371,12092.482,12092.801,12094.002,12095.143,12095.43,12098.209,12099.088,12100.062,12100.908,12115.75,12123.977,12129.297,12140.617,12143.415,12146.638,12158.242,12165.097,12179.958,12183.168,12189.859,12190.42,12192.213,12199.719,12221.396,12226.75,12262.331,12264.136,12266.151,12269.191,12270.611,12273.436,12278.176,12279.873,12287.6,12304.884,12316.801,12327.163,12337.408,12347.965,12361.674,12385.865,12395.821,12403.918,12412.232,12420.806,12426.146,12430.572,12439.368,12450.844,12459.217,12485.662,12488.649,12491.99,12510.84,12525.157,12561.936,12580.794,12604.693,12634.579,12644.603,12675.994,12682.67,12689.429,12696.971,12703.26,12710.01,12716.371,12722.58,12728.416,12750.347,12759.498,12782.284,12797.602,12809.158,12821.93,12846.993,12858.097,12871.32,12883.449,12889.096,12894.882,12901.662,12903.861,12905.553,12909.372,12910.936,12912.596,12914.846,12918.824,12920.629,12921.963,12933.695,12938.287,12941.631,12948.133,12950.867,12952,12953.218,12954.197,12955.18,12956.49,12961.057,12964.271,12966.139,12971.01,12976.107,12977.889,12981.635,12984.957,12989.787,12994.092,13015.67,13023.291,13025.453,13040.312,13050.84,13053.469,13055.952,13057.048,13058.054,13058.949,13059.906,13061.423,13062.551,13063.425,13064.435,13072.88,13074.123,13079.836,13081.363,13082.971,13088.301,13091.066,13092.867,13094.494,13096.256,13098.494,13103.719,13107.105,13111.09,13118.265,13127.093,13138.583,13146.689,13163.272,13166.816,13173.408,13176.547,13185.404,13197.529,13206.622,13210.709,13218.469,13219.332,13220.104,13220.723,13222.8,13224.395,13226.803,13228.26,13234.828,13239.76,13241.619,13244.58,13248.402,13251.954,13254.857,13265.703,13269.484,13277.103,13278.455,13284.898,13285.638,13300.855,13303.791,13305.257,13319.418,13326.951,13328.938,13331.846,13344.061,13352.532,13364.711,13373.686,13377.232,13386.148,13405.928,13421.594,13446.359,13458.631,13462.854,13473.484,13477.479,13483.588,13488.771,13493.744,13499.848,13501.191,13511.627,13514.609,13516.654,13528.27,13531.945,13535.445,13540.354,13545.076,13551.012,13559.453,13565.705,13567.18,13569.949,13571.068,13576.162,13582.992,13590.059,13594.902,13601.998,13603.047,13604.135,13625.361]
      },
      "geometry": {
        "type": "LineString",
        "coordinates": [
          [11.392791, 47.269187, 573.75],
          [11.392583, 47.269250, 573.75],
          [11.392552, 47.269234, 573.75],
          [11.392537, 47.269238, 573.75],
          [11.392469, 47.269260, 573.25],
          [11.392861, 47.269687, 572.5],
          [11.393095, 47.269931, 573.0],
          [11.393172, 47.270013, 573.25],
          [11.393153, 47.270057, 572.75],
          [11.393108, 47.270074, 572.25],
          [11.393126, 47.270096, 572.0],
          [11.393942, 47.270994, 571.5],
          [11.394025, 47.271074, 571.75],
          [11.394082, 47.271107, 572.25],
          [11.394331, 47.271181, 573.25],
          [11.394653, 47.271339, 573.75],
          [11.394805, 47.271365, 574.0],
          [11.394996, 47.271373, 573.75],
          [11.395226, 47.271440, 573.75],
          [11.395283, 47.271451, 573.75],
          [11.395340, 47.271465, 573.75],
          [11.395385, 47.271493, 573.75],
          [11.395430, 47.271532, 573.75],
          [11.395449, 47.271566, 573.75],
          [11.395604, 47.272523, 573.75],
          [11.395612, 47.272585, 573.5],
          [11.395609, 47.272691, 573.25],
          [11.395600, 47.272790, 573.0],
          [11.395612, 47.272848, 572.75],
          [11.395662, 47.273033, 573.0],
          [11.395693, 47.273075, 572.75],
          [11.395704, 47.273090, 572.5],
          [11.396078, 47.273652, 572.0],
          [11.396112, 47.273722, 571.75],
          [11.396297, 47.273956, 571.75],
          [11.396683, 47.274411, 571.25],
          [11.396975, 47.274763, 572.5],
          [11.397194, 47.274999, 572.5],
          [11.397237, 47.275045, 572.75],
          [11.397409, 47.275350, 572.25],
          [11.397430, 47.275394, 572.25],
          [11.397532, 47.275534, 573.0],
          [11.397547, 47.275592, 572.5],
          [11.397579, 47.275660, 572.0],
          [11.397644, 47.275717, 572.0],
          [11.397705, 47.275790, 572.25],
          [11.397745, 47.275890, 572.0],
          [11.397785, 47.275962, 572.0],
          [11.397834, 47.276014, 571.75],
          [11.397893, 47.276080, 571.5],
          [11.398148, 47.276323, 571.25],
          [11.398416, 47.276550, 571.75],
          [11.398459, 47.276608, 571.5],
          [11.398499, 47.276682, 571.5],
          [11.399069, 47.277245, 570.75],
          [11.399122, 47.277286, 570.75],
          [11.399202, 47.277326, 571.0],
          [11.399272, 47.277377, 571.0],
          [11.399838, 47.277811, 571.5],
          [11.399899, 47.277847, 571.25],
          [11.400003, 47.277882, 571.25],
          [11.400186, 47.277938, 572.0],
          [11.400224, 47.277958, 572.25],
          [11.400358, 47.278050, 572.5],
          [11.400464, 47.278215, 571.75],
          [11.400675, 47.278371, 571.75],
          [11.400919, 47.278488, 570.25],
          [11.401200, 47.278604, 572.25],
          [11.401282, 47.278664, 571.5],
          [11.401347, 47.278758, 570.0],
          [11.401404, 47.278783, 570.0],
          [11.402085, 47.279089, 569.75],
          [11.402705, 47.279326, 569.0],
          [11.403945, 47.279715, 570.5],
          [11.404025, 47.279613, 571.75],
          [11.404077, 47.279544, 572.25],
          [11.404101, 47.279528, 572.5],
          [11.404116, 47.279518, 572.5],
          [11.404159, 47.279489, 572.75],
          [11.404199, 47.279468, 573.0],
          [11.404234, 47.279450, 573.0],
          [11.404288, 47.279431, 572.75],
          [11.404326, 47.279418, 572.75],
          [11.404337, 47.279414, 572.75],
          [11.404701, 47.279886, 569.0],
          [11.405292, 47.280743, 571.5],
          [11.405331, 47.280796, 572.5],
          [11.405396, 47.280853, 573.0],
          [11.405433, 47.280880, 573.0],
          [11.405548, 47.280915, 572.5],
          [11.405795, 47.280974, 572.5],
          [11.405875, 47.281025, 572.75],
          [11.405927, 47.281073, 573.25],
          [11.406108, 47.281121, 573.0],
          [11.406344, 47.281175, 572.25],
          [11.406493, 47.281193, 572.0],
          [11.406649, 47.281201, 572.0],
          [11.406796, 47.281202, 571.5],
          [11.407001, 47.281188, 571.25],
          [11.407538, 47.281075, 570.75],
          [11.407729, 47.281021, 570.5],
          [11.407860, 47.280977, 570.5],
          [11.407930, 47.280949, 570.5],
          [11.408372, 47.280832, 570.75],
          [11.408496, 47.280822, 570.75],
          [11.408695, 47.280772, 569.75],
          [11.408803, 47.280715, 568.75],
          [11.408925, 47.280650, 567.75],
          [11.410383, 47.280343, 568.5],
          [11.414076, 47.279564, 568.0],
          [11.415889, 47.279184, 568.5],
          [11.415983, 47.279220, 569.25],
          [11.416790, 47.279061, 568.0],
          [11.419814, 47.278405, 567.75],
          [11.419880, 47.278391, 568.0],
          [11.420430, 47.278275, 568.75],
          [11.420488, 47.278262, 568.5],
          [11.421362, 47.278076, 568.5],
          [11.421967, 47.277924, 567.0],
          [11.422770, 47.277683, 567.25],
          [11.425089, 47.276830, 567.0],
          [11.425587, 47.276633, 568.25],
          [11.426333, 47.276351, 567.75],
          [11.427882, 47.275763, 567.5],
          [11.428700, 47.275507, 568.0],
          [11.429288, 47.275323, 568.0],
          [11.430333, 47.274951, 567.5],
          [11.430571, 47.274841, 567.75],
          [11.430824, 47.274748, 568.0],
          [11.430984, 47.274682, 567.25],
          [11.431913, 47.274354, 567.25],
          [11.432038, 47.274318, 567.0],
          [11.432204, 47.274268, 567.75],
          [11.432598, 47.274117, 567.0],
          [11.432907, 47.273994, 567.0],
          [11.433607, 47.273682, 568.25],
          [11.434265, 47.273441, 566.75],
          [11.434344, 47.273415, 567.0],
          [11.434543, 47.273356, 567.75],
          [11.434987, 47.273195, 567.75],
          [11.435275, 47.273116, 568.0],
          [11.435476, 47.273061, 568.0],
          [11.435829, 47.273033, 567.75],
          [11.436139, 47.272989, 567.75],
          [11.438188, 47.272228, 567.75],
          [11.438791, 47.272008, 568.0],
          [11.438923, 47.271799, 567.5],
          [11.439063, 47.271763, 567.5],
          [11.439284, 47.271668, 567.0],
          [11.439423, 47.271568, 566.75],
          [11.439490, 47.271473, 567.0],
          [11.439540, 47.271377, 566.75],
          [11.439635, 47.271239, 565.75],
          [11.439789, 47.271123, 566.25],
          [11.439919, 47.271009, 565.0],
          [11.440002, 47.270954, 564.75],
          [11.440127, 47.270916, 565.25],
          [11.440269, 47.270900, 566.75],
          [11.440391, 47.270851, 567.0],
          [11.440824, 47.270693, 565.25],
          [11.441232, 47.270561, 566.75],
          [11.441329, 47.270548, 566.75],
          [11.441470, 47.270543, 566.75],
          [11.442271, 47.270220, 566.0],
          [11.443131, 47.269920, 566.25],
          [11.443296, 47.269862, 566.5],
          [11.444077, 47.269588, 566.5],
          [11.444216, 47.269565, 566.75],
          [11.444960, 47.269515, 567.0],
          [11.445136, 47.269490, 567.0],
          [11.445287, 47.269448, 566.75],
          [11.445453, 47.269389, 566.75],
          [11.446055, 47.269009, 566.75],
          [11.446581, 47.268830, 566.0],
          [11.447235, 47.268637, 566.75],
          [11.447337, 47.268591, 566.5],
          [11.447494, 47.268547, 566.5],
          [11.447566, 47.268515, 566.0],
          [11.447609, 47.268496, 566.0],
          [11.447697, 47.268450, 565.75],
          [11.447712, 47.268359, 565.75],
          [11.448602, 47.268099, 564.75],
          [11.449078, 47.267976, 564.0],
          [11.449398, 47.267903, 563.25],
          [11.449775, 47.267835, 564.5],
          [11.450059, 47.267786, 565.75],
          [11.450117, 47.267779, 565.75],
          [11.450363, 47.267745, 565.0],
          [11.450860, 47.267719, 564.0],
          [11.451333, 47.267714, 564.0],
          [11.451690, 47.267723, 564.25],
          [11.452130, 47.267754, 565.5],
          [11.452580, 47.267843, 564.5],
          [11.453051, 47.267919, 563.5],
          [11.453586, 47.267983, 563.75],
          [11.454771, 47.268187, 562.75],
          [11.455018, 47.268298, 564.25],
          [11.455158, 47.268305, 564.0],
          [11.455897, 47.268451, 562.5],
          [11.458591, 47.269022, 562.25],
          [11.459211, 47.269142, 563.5],
          [11.461326, 47.269455, 563.25],
          [11.464241, 47.269988, 563.5],
          [11.466439, 47.270404, 562.25],
          [11.466508, 47.270437, 562.5],
          [11.466655, 47.270549, 563.75],
          [11.466771, 47.270573, 563.5],
          [11.467177, 47.270604, 563.0],
          [11.467848, 47.270674, 561.25],
          [11.470632, 47.271169, 561.0],
          [11.472459, 47.271498, 560.5],
          [11.472540, 47.271527, 560.75],
          [11.472754, 47.271569, 561.5],
          [11.473171, 47.271636, 563.5],
          [11.474743, 47.271900, 562.25],
          [11.475083, 47.272007, 562.5],
          [11.475818, 47.272115, 561.25],
          [11.476144, 47.272173, 562.25],
          [11.476912, 47.272321, 560.5],
          [11.477926, 47.272540, 561.5],
          [11.479208, 47.272834, 561.75],
          [11.480294, 47.273044, 561.75],
          [11.481118, 47.273211, 558.5],
          [11.481592, 47.273296, 561.25],
          [11.482255, 47.273399, 562.0],
          [11.484765, 47.273738, 561.5],
          [11.484892, 47.273621, 562.5],
          [11.484901, 47.273549, 561.5],
          [11.484981, 47.273509, 561.0],
          [11.485608, 47.273519, 561.25],
          [11.487294, 47.273550, 561.25],
          [11.487786, 47.273484, 560.5],
          [11.489254, 47.273437, 562.0],
          [11.489578, 47.273382, 562.0],
          [11.490369, 47.273304, 561.25],
          [11.491252, 47.273241, 561.25],
          [11.491980, 47.273134, 561.25],
          [11.494157, 47.273008, 560.25],
          [11.495181, 47.273086, 562.0],
          [11.496035, 47.273102, 560.5],
          [11.496663, 47.273174, 559.0],
          [11.497482, 47.273413, 561.0],
          [11.497584, 47.273478, 560.75],
          [11.497681, 47.273686, 561.5],
          [11.497880, 47.273806, 561.5],
          [11.497915, 47.273870, 561.75],
          [11.497910, 47.273929, 561.75],
          [11.497900, 47.273991, 561.5],
          [11.499293, 47.274341, 560.5],
          [11.499337, 47.274397, 560.75],
          [11.499581, 47.274457, 560.75],
          [11.499829, 47.274508, 561.0],
          [11.500036, 47.274560, 561.0],
          [11.500103, 47.274580, 560.75],
          [11.500147, 47.274600, 560.75],
          [11.500218, 47.274645, 560.5],
          [11.500268, 47.274699, 560.75],
          [11.500438, 47.274946, 561.0],
          [11.500506, 47.275004, 560.75],
          [11.500602, 47.275063, 560.75],
          [11.500706, 47.275108, 560.5],
          [11.500778, 47.275135, 560.5],
          [11.500887, 47.275170, 560.5],
          [11.501949, 47.275491, 560.0],
          [11.502020, 47.275522, 560.25],
          [11.502059, 47.275546, 560.25],
          [11.502117, 47.275593, 560.5],
          [11.502155, 47.275641, 560.75],
          [11.502423, 47.275972, 561.0],
          [11.502503, 47.276060, 560.75],
          [11.502569, 47.276114, 560.75],
          [11.502628, 47.276143, 560.5],
          [11.502771, 47.276194, 560.0],
          [11.503180, 47.276323, 560.75],
          [11.503812, 47.276544, 561.0],
          [11.504222, 47.276705, 561.0],
          [11.504479, 47.276814, 561.0],
          [11.504666, 47.276889, 561.0],
          [11.504894, 47.276926, 561.0],
          [11.505098, 47.276982, 561.0],
          [11.505176, 47.277010, 561.0],
          [11.505274, 47.277070, 561.25],
          [11.505397, 47.277096, 561.25],
          [11.505742, 47.277306, 561.25],
          [11.505805, 47.277451, 561.0],
          [11.506255, 47.277524, 561.0],
          [11.507600, 47.277708, 561.0],
          [11.508117, 47.277760, 560.75],
          [11.508197, 47.277770, 560.75],
          [11.508328, 47.277510, 560.75],
          [11.508429, 47.277262, 560.0],
          [11.508454, 47.277203, 559.25],
          [11.508701, 47.276378, 560.0],
          [11.508719, 47.276342, 560.5],
          [11.508764, 47.276339, 560.5],
          [11.509096, 47.276434, 559.0],
          [11.509178, 47.276445, 558.75],
          [11.509390, 47.276471, 557.75],
          [11.510074, 47.276476, 557.5],
          [11.513578, 47.276159, 560.75],
          [11.515987, 47.276054, 560.75],
          [11.517620, 47.276114, 558.75],
          [11.518349, 47.276184, 558.25],
          [11.518919, 47.276200, 558.75],
          [11.520243, 47.276297, 559.75],
          [11.520747, 47.276345, 558.25],
          [11.521112, 47.276394, 557.75],
          [11.522245, 47.276494, 560.5],
          [11.523512, 47.276813, 560.0],
          [11.525698, 47.277323, 558.25],
          [11.526786, 47.277509, 556.75],
          [11.527723, 47.277559, 557.0],
          [11.527812, 47.277540, 557.25],
          [11.527940, 47.277498, 557.25],
          [11.527990, 47.277488, 557.25],
          [11.528176, 47.277483, 558.0],
          [11.528279, 47.277492, 558.5],
          [11.528520, 47.277516, 558.5],
          [11.529023, 47.277580, 558.5],
          [11.529959, 47.277711, 557.5],
          [11.531228, 47.277924, 557.25],
          [11.532487, 47.278160, 558.25],
          [11.533180, 47.278306, 557.25],
          [11.533862, 47.278465, 557.0],
          [11.534548, 47.278636, 557.5],
          [11.535217, 47.278815, 556.5],
          [11.535287, 47.278820, 557.0],
          [11.535318, 47.278814, 557.25],
          [11.535412, 47.278781, 558.25],
          [11.535448, 47.278760, 558.75],
          [11.535520, 47.278740, 559.25],
          [11.535565, 47.278737, 559.5],
          [11.535651, 47.278746, 559.5],
          [11.536416, 47.278898, 558.0],
          [11.537601, 47.279164, 556.25],
          [11.538926, 47.279430, 556.25],
          [11.539366, 47.279526, 557.5],
          [11.540217, 47.279692, 556.25],
          [11.540513, 47.279762, 557.25],
          [11.540716, 47.279818, 557.5],
          [11.540789, 47.279850, 557.5],
          [11.540584, 47.280483, 556.0],
          [11.540588, 47.280518, 556.0],
          [11.540610, 47.280546, 556.0],
          [11.540676, 47.280584, 555.5],
          [11.540837, 47.280628, 554.75],
          [11.541506, 47.280772, 554.75],
          [11.541653, 47.280792, 555.0],
          [11.541850, 47.280809, 555.5],
          [11.542004, 47.280831, 556.0],
          [11.542805, 47.280977, 553.75],
          [11.543075, 47.281004, 554.0],
          [11.543241, 47.280998, 554.0],
          [11.544005, 47.281043, 555.0],
          [11.545340, 47.281158, 555.25],
          [11.546146, 47.281237, 554.0],
          [11.546746, 47.281308, 553.75],
          [11.547340, 47.281391, 555.75],
          [11.547513, 47.281422, 555.25],
          [11.547584, 47.281435, 555.0],
          [11.548245, 47.281572, 554.25],
          [11.548639, 47.281662, 555.0],
          [11.549031, 47.281755, 554.5],
          [11.549441, 47.281863, 554.75],
          [11.549842, 47.281977, 555.25],
          [11.550203, 47.282091, 554.0],
          [11.550755, 47.282281, 554.75],
          [11.551294, 47.282478, 555.0],
          [11.551852, 47.282706, 554.5],
          [11.552258, 47.282889, 554.0],
          [11.552656, 47.283078, 554.75],
          [11.553138, 47.283328, 554.5],
          [11.553604, 47.283589, 554.75],
          [11.554381, 47.284071, 554.0],
          [11.554629, 47.284236, 554.25],
          [11.555537, 47.284870, 554.25],
          [11.555972, 47.285194, 553.75],
          [11.556394, 47.285520, 554.25],
          [11.556960, 47.285973, 554.0],
          [11.557442, 47.286383, 554.0],
          [11.557771, 47.286673, 554.75],
          [11.558544, 47.287385, 554.25],
          [11.559454, 47.288338, 555.0],
          [11.560231, 47.289193, 554.75],
          [11.560278, 47.289241, 554.75],
          [11.560304, 47.289267, 554.75],
          [11.560369, 47.289222, 556.0],
          [11.560728, 47.289062, 556.0],
          [11.560870, 47.289001, 554.75],
          [11.561011, 47.288923, 554.5],
          [11.561348, 47.288721, 554.0],
          [11.561768, 47.288954, 555.0],
          [11.561988, 47.289055, 554.75],
          [11.562120, 47.289096, 554.75],
          [11.562346, 47.289147, 554.75],
          [11.562473, 47.289152, 554.75],
          [11.562649, 47.289149, 554.75],
          [11.562802, 47.289159, 555.0],
          [11.563007, 47.289198, 555.5],
          [11.563427, 47.289432, 555.0],
          [11.563540, 47.289512, 554.75],
          [11.563680, 47.289633, 555.0],
          [11.563764, 47.289735, 554.75],
          [11.563939, 47.290059, 553.75],
          [11.564026, 47.290189, 553.5],
          [11.564099, 47.290254, 553.75],
          [11.564177, 47.290319, 553.75],
          [11.564265, 47.290377, 553.5],
          [11.564363, 47.290423, 553.25],
          [11.564477, 47.290464, 553.25],
          [11.564688, 47.290508, 553.0],
          [11.564881, 47.290519, 553.0],
          [11.564977, 47.290516, 553.0],
          [11.565106, 47.290496, 553.0],
          [11.565117, 47.290541, 553.0],
          [11.565178, 47.290743, 553.0],
          [11.565207, 47.290794, 553.0],
          [11.565241, 47.290830, 553.0],
          [11.565292, 47.290868, 553.0],
          [11.565314, 47.290896, 553.0],
          [11.565402, 47.290922, 553.0],
          [11.569685, 47.293064, 552.0],
          [11.569780, 47.293101, 552.0],
          [11.573280, 47.294099, 551.5],
          [11.575350, 47.294702, 551.0],
          [11.577316, 47.295263, 551.0],
          [11.578982, 47.295872, 551.0],
          [11.579933, 47.296213, 551.0],
          [11.580031, 47.296236, 551.0],
          [11.580320, 47.296264, 551.0],
          [11.580701, 47.296301, 551.0],
          [11.581077, 47.296336, 551.0],
          [11.581429, 47.296373, 550.0],
          [11.582688, 47.296500, 550.5],
          [11.582815, 47.296524, 550.5],
          [11.582786, 47.296622, 550.0],
          [11.582649, 47.296859, 550.25],
          [11.582501, 47.297113, 550.75],
          [11.584041, 47.297510, 550.75],
          [11.584084, 47.297521, 550.75],
          [11.584690, 47.297682, 550.5],
          [11.584929, 47.297728, 551.5],
          [11.585087, 47.297759, 551.25],
          [11.585558, 47.297828, 550.75],
          [11.586281, 47.297871, 550.0],
          [11.586333, 47.297874, 550.0],
          [11.586384, 47.297878, 550.0],
          [11.586405, 47.297879, 550.0],
          [11.586727, 47.297898, 550.0],
          [11.587030, 47.297922, 550.0],
          [11.587106, 47.297927, 550.0],
          [11.587221, 47.297936, 550.0],
          [11.587789, 47.297973, 550.5],
          [11.588005, 47.297988, 551.0],
          [11.588217, 47.298016, 551.0],
          [11.588369, 47.298035, 551.0],
          [11.588399, 47.297973, 551.0],
          [11.588424, 47.297917, 551.0],
          [11.588463, 47.297830, 551.0],
          [11.588507, 47.297712, 551.0],
          [11.588524, 47.297654, 551.0],
          [11.588560, 47.297520, 551.0],
          [11.588622, 47.297529, 551.0],
          [11.589364, 47.297636, 551.0],
          [11.589403, 47.297640, 551.0],
          [11.589646, 47.297674, 551.25],
          [11.590232, 47.297753, 551.0],
          [11.590480, 47.297788, 551.0],
          [11.590505, 47.297791, 551.0],
          [11.590889, 47.297831, 551.75],
          [11.590977, 47.297847, 551.75],
          [11.591092, 47.297773, 552.0],
          [11.591225, 47.297868, 551.25],
          [11.591402, 47.297940, 551.0],
          [11.591901, 47.298007, 550.0],
          [11.592690, 47.298058, 549.75],
          [11.593061, 47.298069, 550.0],
          [11.594141, 47.297982, 550.0],
          [11.594245, 47.298520, 550.0],
          [11.594352, 47.299029, 550.0],
          [11.594367, 47.299132, 550.0],
          [11.594400, 47.299219, 550.5],
          [11.594418, 47.299261, 551.0],
          [11.594097, 47.299321, 551.25],
          [11.594115, 47.299370, 551.5],
          [11.595458, 47.299149, 550.0],
          [11.595940, 47.299084, 551.25],
          [11.597309, 47.298970, 551.0],
          [11.598356, 47.298944, 549.75],
          [11.599341, 47.298987, 551.75],
          [11.600316, 47.299068, 551.25],
          [11.601579, 47.299235, 550.25],
          [11.602858, 47.299500, 549.75],
          [11.602950, 47.299507, 550.0],
          [11.603022, 47.299498, 549.75],
          [11.603137, 47.299462, 549.25],
          [11.603242, 47.299390, 548.75],
          [11.603491, 47.298932, 548.0],
          [11.603590, 47.298722, 548.0],
          [11.603713, 47.298395, 548.0],
          [11.603756, 47.298361, 548.0],
          [11.603842, 47.298331, 548.0],
          [11.603952, 47.298346, 548.0],
          [11.604314, 47.298390, 548.0],
          [11.604415, 47.298410, 548.0],
          [11.604470, 47.298428, 548.0],
          [11.604835, 47.298596, 548.0],
          [11.605191, 47.298805, 548.0],
          [11.606705, 47.299664, 547.75],
          [11.607828, 47.300308, 548.0],
          [11.608266, 47.300552, 548.0],
          [11.608505, 47.300671, 547.5],
          [11.609388, 47.300994, 547.25],
          [11.610146, 47.301261, 547.0],
          [11.616340, 47.303493, 547.0],
          [11.616405, 47.303500, 547.0],
          [11.616465, 47.303487, 547.0],
          [11.616546, 47.303453, 547.0],
          [11.616587, 47.303394, 547.0],
          [11.617768, 47.301299, 547.0],
          [11.617842, 47.301179, 546.75],
          [11.621392, 47.302040, 546.75],
          [11.623937, 47.302655, 546.0],
          [11.626029, 47.303160, 546.0],
          [11.626249, 47.303203, 545.5],
          [11.626621, 47.303240, 545.75],
          [11.626748, 47.303207, 546.0],
          [11.626916, 47.303185, 546.25],
          [11.626937, 47.303182, 546.25],
          [11.627139, 47.303134, 546.75],
          [11.627471, 47.303056, 547.0],
          [11.627799, 47.302980, 546.75],
          [11.628298, 47.302876, 546.5],
          [11.628639, 47.302730, 547.5],
          [11.628767, 47.302668, 547.0],
          [11.628964, 47.302575, 546.75],
          [11.628847, 47.302738, 547.0],
          [11.628584, 47.303044, 547.75],
          [11.630715, 47.303800, 546.0],
          [11.632279, 47.304332, 548.0],
          [11.632202, 47.304495, 547.75],
          [11.631842, 47.305175, 547.0],
          [11.631764, 47.305310, 547.0],
          [11.631680, 47.305423, 547.0],
          [11.631502, 47.305612, 547.0],
          [11.631413, 47.305692, 547.0],
          [11.630569, 47.306364, 546.75],
          [11.630391, 47.306556, 546.0],
          [11.630310, 47.306668, 545.75],
          [11.630179, 47.306886, 545.5],
          [11.629403, 47.308211, 546.25],
          [11.629234, 47.308484, 546.0],
          [11.629126, 47.308695, 547.0],
          [11.629114, 47.308766, 547.75],
          [11.629203, 47.308799, 547.75],
          [11.630405, 47.309143, 546.25],
          [11.631357, 47.309470, 546.75],
          [11.632309, 47.309837, 547.75],
          [11.632638, 47.309988, 546.75],
          [11.632768, 47.310052, 547.5],
          [11.633055, 47.310222, 547.75],
          [11.633101, 47.310248, 547.75],
          [11.633137, 47.310268, 548.0],
          [11.633992, 47.310689, 548.0],
          [11.634094, 47.310754, 547.5],
          [11.634035, 47.310901, 549.25],
          [11.634021, 47.310977, 550.0],
          [11.634034, 47.311408, 548.0],
          [11.634032, 47.311487, 547.75],
          [11.634017, 47.311566, 547.5],
          [11.633956, 47.311701, 546.5],
          [11.633886, 47.311796, 546.5],
          [11.633773, 47.311906, 546.5],
          [11.632956, 47.312529, 547.5],
          [11.632441, 47.312908, 547.5],
          [11.632518, 47.312943, 547.25],
          [11.632570, 47.312948, 547.0],
          [11.632633, 47.312938, 547.0],
          [11.632979, 47.312712, 546.5],
          [11.633037, 47.312694, 545.75],
          [11.633104, 47.312691, 545.25],
          [11.633173, 47.312706, 545.0],
          [11.633225, 47.312739, 545.0],
          [11.633434, 47.312943, 544.75],
          [11.633751, 47.313156, 544.75],
          [11.633801, 47.313204, 544.75],
          [11.633895, 47.313380, 546.0],
          [11.633942, 47.313436, 546.0],
          [11.634346, 47.313762, 546.0],
          [11.634395, 47.313795, 546.25],
          [11.634467, 47.313816, 546.25],
          [11.634643, 47.313844, 545.75],
          [11.634713, 47.313865, 545.75],
          [11.635095, 47.314051, 546.5],
          [11.635356, 47.314170, 547.75],
          [11.635761, 47.314406, 545.0],
          [11.635880, 47.314485, 544.5],
          [11.635982, 47.314573, 544.25],
          [11.636291, 47.314784, 545.0],
          [11.636336, 47.314805, 545.0],
          [11.636527, 47.314845, 544.5],
          [11.636590, 47.314867, 544.5],
          [11.636733, 47.314942, 544.5],
          [11.637180, 47.315207, 544.25],
          [11.637244, 47.315252, 544.5],
          [11.637331, 47.315348, 544.75],
          [11.637437, 47.315417, 545.0],
          [11.637743, 47.315557, 546.0],
          [11.637947, 47.315677, 544.75],
          [11.638077, 47.315742, 544.75],
          [11.638258, 47.315801, 544.75],
          [11.638466, 47.315887, 544.25],
          [11.639266, 47.316248, 545.0],
          [11.639315, 47.316272, 545.0],
          [11.639332, 47.316295, 545.0],
          [11.639326, 47.316326, 545.0],
          [11.639143, 47.316534, 545.0],
          [11.638751, 47.317006, 544.75],
          [11.638623, 47.317201, 545.0],
          [11.638365, 47.317503, 545.0],
          [11.638365, 47.317539, 545.25],
          [11.638383, 47.317555, 545.25],
          [11.638466, 47.317600, 545.5],
          [11.638613, 47.317675, 545.5],
          [11.638841, 47.317770, 545.0],
          [11.639470, 47.317989, 544.75],
          [11.640194, 47.318203, 545.0],
          [11.640818, 47.318373, 544.0],
          [11.641145, 47.318454, 545.25],
          [11.641820, 47.318609, 544.25],
          [11.642388, 47.318722, 545.25],
          [11.642517, 47.318737, 545.25],
          [11.642596, 47.318731, 545.25],
          [11.642697, 47.318713, 545.25],
          [11.642788, 47.318682, 545.0],
          [11.642975, 47.318586, 545.0],
          [11.643068, 47.318554, 545.0],
          [11.643144, 47.318550, 545.0],
          [11.643359, 47.318590, 544.75],
          [11.643412, 47.318611, 544.5],
          [11.643455, 47.318639, 544.5],
          [11.643473, 47.318667, 544.25],
          [11.643551, 47.318691, 544.0],
          [11.643620, 47.318730, 544.0],
          [11.643655, 47.318779, 544.0],
          [11.643698, 47.318957, 544.5],
          [11.643722, 47.319000, 544.75],
          [11.643772, 47.319042, 545.25],
          [11.643829, 47.319069, 545.75],
          [11.643896, 47.319088, 546.0],
          [11.644515, 47.319154, 545.5],
          [11.645337, 47.319338, 545.5],
          [11.646074, 47.319468, 544.0],
          [11.652466, 47.320680, 543.75],
          [11.654883, 47.321091, 543.25],
          [11.655958, 47.321290, 543.75],
          [11.657020, 47.321503, 543.75],
          [11.657423, 47.321622, 543.75],
          [11.658063, 47.321730, 543.0],
          [11.658667, 47.321842, 544.0],
          [11.659975, 47.322003, 542.5],
          [11.661299, 47.322124, 543.25],
          [11.661825, 47.322143, 543.5],
          [11.661982, 47.322182, 543.5],
          [11.662466, 47.322164, 543.5],
          [11.663932, 47.322053, 545.25],
          [11.664121, 47.322051, 547.25],
          [11.664283, 47.322040, 548.0],
          [11.665464, 47.321927, 543.75],
          [11.666317, 47.321852, 543.25],
          [11.667700, 47.321731, 544.25],
          [11.669257, 47.321650, 543.5],
          [11.670892, 47.321699, 545.0],
          [11.672021, 47.321813, 543.25],
          [11.672960, 47.321979, 542.5],
          [11.673762, 47.322190, 543.0],
          [11.674678, 47.322520, 544.5],
          [11.675597, 47.322893, 545.5],
          [11.676238, 47.323205, 546.0],
          [11.676586, 47.323407, 546.0],
          [11.677086, 47.323733, 545.0],
          [11.677653, 47.324211, 543.0],
          [11.677672, 47.324226, 543.0],
          [11.677706, 47.324254, 543.0],
          [11.677882, 47.324359, 543.0],
          [11.677966, 47.324450, 542.75],
          [11.678157, 47.324655, 543.0],
          [11.678167, 47.324697, 543.0],
          [11.678133, 47.324731, 543.0],
          [11.678406, 47.325029, 543.5],
          [11.678489, 47.325081, 543.75],
          [11.678606, 47.325131, 543.75],
          [11.678765, 47.325172, 545.0],
          [11.678842, 47.325159, 545.0],
          [11.679368, 47.325051, 545.5],
          [11.679505, 47.325049, 545.25],
          [11.679628, 47.325058, 545.0],
          [11.679720, 47.325086, 545.0],
          [11.679833, 47.325186, 546.5],
          [11.679884, 47.325255, 547.0],
          [11.680191, 47.325663, 547.0],
          [11.680380, 47.325915, 547.0],
          [11.680377, 47.326031, 547.0],
          [11.680317, 47.326205, 547.0],
          [11.680297, 47.326287, 547.0],
          [11.680460, 47.326428, 547.0],
          [11.680576, 47.326515, 547.0],
          [11.680915, 47.326728, 547.0],
          [11.681209, 47.326888, 547.0],
          [11.681391, 47.326963, 547.0],
          [11.681849, 47.327148, 547.25],
          [11.682032, 47.327208, 547.5],
          [11.682488, 47.327378, 547.0],
          [11.682748, 47.327479, 547.0],
          [11.683381, 47.327775, 545.0],
          [11.683485, 47.327811, 545.0],
          [11.683611, 47.327864, 545.0],
          [11.683817, 47.327961, 544.25],
          [11.684118, 47.328130, 544.0],
          [11.684264, 47.328211, 544.0],
          [11.684501, 47.328076, 543.75],
          [11.684963, 47.327784, 543.0],
          [11.685203, 47.327648, 543.0],
          [11.685289, 47.327618, 543.0],
          [11.685395, 47.327613, 543.0],
          [11.685523, 47.327615, 543.0],
          [11.685634, 47.327642, 542.75],
          [11.687005, 47.328384, 541.75],
          [11.688156, 47.328992, 541.0],
          [11.688622, 47.329248, 541.0],
          [11.689154, 47.329564, 541.0],
          [11.689575, 47.329830, 540.75],
          [11.690024, 47.330130, 541.0],
          [11.690493, 47.330470, 541.0],
          [11.691081, 47.330922, 541.0],
          [11.691140, 47.330970, 540.75],
          [11.693890, 47.333905, 541.0],
          [11.694340, 47.333616, 541.0],
          [11.694408, 47.333592, 541.0],
          [11.694493, 47.333609, 540.75],
          [11.694682, 47.333767, 540.5],
          [11.695140, 47.334102, 541.0],
          [11.695903, 47.334587, 540.5],
          [11.696447, 47.334910, 541.0],
          [11.696787, 47.335105, 541.0],
          [11.697582, 47.335477, 541.0],
          [11.698205, 47.335781, 541.5],
          [11.698322, 47.335845, 541.75],
          [11.698386, 47.335895, 541.5],
          [11.699409, 47.336905, 541.0],
          [11.699593, 47.337071, 540.5],
          [11.699657, 47.337115, 540.5],
          [11.699726, 47.337149, 540.5],
          [11.699859, 47.337183, 540.5],
          [11.699993, 47.337199, 540.0],
          [11.700241, 47.337211, 540.0],
          [11.700392, 47.337352, 540.0],
          [11.700723, 47.337651, 540.0],
          [11.700914, 47.337841, 540.0],
          [11.701011, 47.337937, 540.0],
          [11.701503, 47.338352, 539.75],
          [11.701528, 47.338373, 539.75],
          [11.701813, 47.338615, 538.75],
          [11.702061, 47.338847, 538.75],
          [11.702151, 47.338928, 539.0],
          [11.702322, 47.339106, 539.0],
          [11.702456, 47.339279, 539.0],
          [11.703146, 47.340255, 539.0],
          [11.703192, 47.340238, 539.0],
          [11.703665, 47.340064, 537.75],
          [11.703753, 47.340031, 537.5],
          [11.703948, 47.339934, 537.0],
          [11.704580, 47.340176, 537.25],
          [11.704955, 47.340326, 537.5],
          [11.705056, 47.340416, 536.75],
          [11.705106, 47.340507, 536.25],
          [11.705424, 47.341500, 536.25],
          [11.705651, 47.342281, 536.5],
          [11.705754, 47.342653, 536.5],
          [11.705788, 47.342789, 537.0],
          [11.705860, 47.343064, 537.5],
          [11.705871, 47.343145, 537.25],
          [11.705911, 47.343422, 536.75],
          [11.705918, 47.343557, 536.75],
          [11.705914, 47.343760, 536.75],
          [11.705897, 47.343921, 537.0],
          [11.705887, 47.344040, 537.0],
          [11.705862, 47.344292, 537.5],
          [11.705830, 47.344679, 538.0],
          [11.705824, 47.345023, 538.5],
          [11.705822, 47.345063, 538.25],
          [11.705879, 47.345061, 537.5],
          [11.705940, 47.345058, 537.25],
          [11.705955, 47.345058, 537.25],
          [11.707036, 47.345032, 536.0],
          [11.707047, 47.345031, 536.0],
          [11.707057, 47.345031, 536.0],
          [11.707069, 47.345031, 536.0],
          [11.707096, 47.345027, 536.0],
          [11.707120, 47.345024, 536.5],
          [11.707226, 47.345009, 537.75],
          [11.707365, 47.344990, 537.5],
          [11.707549, 47.344979, 537.0],
          [11.707554, 47.345022, 537.0],
          [11.707561, 47.345080, 537.0],
          [11.707617, 47.345575, 536.75],
          [11.707638, 47.345769, 537.0],
          [11.707642, 47.345810, 537.0],
          [11.707645, 47.345829, 537.0],
          [11.707651, 47.345893, 537.0],
          [11.707664, 47.345981, 537.0],
          [11.707672, 47.346035, 537.25],
          [11.707722, 47.346455, 537.0],
          [11.707726, 47.346510, 537.0],
          [11.707729, 47.346564, 537.0],
          [11.707818, 47.347658, 540.0],
          [11.707816, 47.347709, 540.25],
          [11.707809, 47.348026, 542.75],
          [11.707802, 47.348108, 542.75],
          [11.707801, 47.348126, 542.75],
          [11.707779, 47.348224, 542.25],
          [11.707750, 47.348300, 542.0],
          [11.707741, 47.348322, 542.0],
          [11.707727, 47.348353, 541.75],
          [11.707708, 47.348402, 541.5],
          [11.707666, 47.348512, 541.0],
          [11.707609, 47.348664, 540.0],
          [11.707493, 47.348992, 538.5],
          [11.707491, 47.349073, 538.25],
          [11.707512, 47.349155, 538.0],
          [11.707547, 47.349234, 538.0],
          [11.707583, 47.349411, 538.0],
          [11.707576, 47.349554, 537.5],
          [11.707515, 47.349822, 537.0],
          [11.707498, 47.349902, 536.75],
          [11.707490, 47.349938, 536.75],
          [11.707496, 47.350037, 536.75],
          [11.707518, 47.350145, 536.5],
          [11.707554, 47.350226, 536.25],
          [11.707622, 47.350354, 536.25],
          [11.707749, 47.350529, 536.0],
          [11.707949, 47.350802, 536.0],
          [11.708031, 47.350913, 536.0],
          [11.708203, 47.351133, 536.0],
          [11.708235, 47.351188, 536.0],
          [11.708254, 47.351221, 536.0],
          [11.708324, 47.351190, 536.0],
          [11.709007, 47.351002, 536.5],
          [11.709192, 47.351192, 536.75],
          [11.709259, 47.351260, 536.75],
          [11.709333, 47.351339, 536.75],
          [11.709489, 47.351493, 536.5],
          [11.709305, 47.351566, 536.0],
          [11.709274, 47.351617, 536.0],
          [11.709305, 47.351566, 536.0],
          [11.709489, 47.351493, 536.5],
          [11.709891, 47.351910, 536.0],
          [11.710166, 47.352182, 535.5],
          [11.710284, 47.352293, 535.75],
          [11.710469, 47.352463, 535.5],
          [11.710504, 47.352494, 535.75],
          [11.710522, 47.352606, 535.5],
          [11.710555, 47.352637, 535.5],
          [11.710689, 47.352764, 535.5],
          [11.710715, 47.352788, 535.5],
          [11.710559, 47.352895, 535.0],
          [11.710474, 47.352954, 535.0],
          [11.710240, 47.353115, 535.0],
          [11.710250, 47.353121, 535.0],
          [11.710694, 47.353380, 535.0],
          [11.710884, 47.353490, 535.0],
          [11.710971, 47.353546, 535.0],
          [11.711117, 47.353639, 535.0],
          [11.711290, 47.353751, 535.0],
          [11.711614, 47.353961, 535.0],
          [11.711743, 47.354012, 535.0],
          [11.711903, 47.354099, 535.0],
          [11.711997, 47.354115, 535.0],
          [11.712153, 47.354125, 535.0],
          [11.712165, 47.354126, 535.0],
          [11.712211, 47.354129, 535.0],
          [11.712091, 47.354330, 535.0],
          [11.712031, 47.354421, 535.0],
          [11.711034, 47.355041, 535.0],
          [11.710971, 47.355080, 535.0],
          [11.710926, 47.355109, 535.0],
          [11.710803, 47.355197, 535.0],
          [11.710785, 47.355274, 535.0],
          [11.710774, 47.355322, 535.25],
          [11.710776, 47.355362, 535.25],
          [11.710807, 47.355391, 535.25],
          [11.710825, 47.355424, 535.5],
          [11.710829, 47.355460, 535.5],
          [11.710948, 47.355554, 535.5],
          [11.711003, 47.355592, 535.0],
          [11.711148, 47.355667, 535.0],
          [11.711122, 47.355691, 535.0],
          [11.711102, 47.355710, 534.75],
          [11.711089, 47.355721, 534.75],
          [11.711081, 47.355729, 534.75],
          [11.711276, 47.355835, 535.5],
          [11.711307, 47.355864, 535.25],
          [11.711311, 47.355902, 534.75],
          [11.711327, 47.355924, 534.5],
          [11.711445, 47.355992, 533.75],
          [11.711410, 47.356010, 533.5],
          [11.710262, 47.356597, 535.0],
          [11.710213, 47.356618, 535.25],
          [11.710286, 47.356685, 535.75],
          [11.711935, 47.357711, 535.5],
          [11.712349, 47.357943, 535.0],
          [11.715895, 47.359517, 534.25],
          [11.717511, 47.360490, 533.25],
          [11.718247, 47.360839, 534.0],
          [11.719204, 47.361332, 534.0],
          [11.719531, 47.361501, 533.75],
          [11.719818, 47.361669, 534.5],
          [11.720733, 47.362333, 534.5],
          [11.722116, 47.363302, 533.75],
          [11.722200, 47.363352, 533.25],
          [11.722304, 47.363368, 533.5],
          [11.723506, 47.363761, 533.5],
          [11.723540, 47.363790, 533.25],
          [11.723549, 47.363823, 533.25],
          [11.723538, 47.363854, 533.25],
          [11.723338, 47.364034, 533.75],
          [11.723373, 47.364045, 533.75],
          [11.723635, 47.364120, 534.5],
          [11.724152, 47.364212, 535.25],
          [11.725158, 47.364416, 533.75],
          [11.725531, 47.364523, 534.75],
          [11.725701, 47.364583, 535.75],
          [11.725817, 47.364615, 536.0],
          [11.726634, 47.364757, 533.75],
          [11.727169, 47.364897, 533.75],
          [11.727756, 47.365092, 534.25],
          [11.728392, 47.365357, 533.75],
          [11.729120, 47.365686, 534.25],
          [11.729753, 47.365963, 534.25],
          [11.730387, 47.366254, 533.5],
          [11.731068, 47.366605, 533.5],
          [11.731376, 47.366735, 533.5],
          [11.732330, 47.367279, 533.25],
          [11.733934, 47.368213, 532.25],
          [11.734465, 47.368531, 532.75],
          [11.735830, 47.369328, 532.25],
          [11.736231, 47.369579, 532.5],
          [11.736429, 47.369679, 532.75],
          [11.736943, 47.369908, 531.5],
          [11.737250, 47.370082, 531.5],
          [11.737985, 47.370527, 532.0],
          [11.741411, 47.372550, 531.25],
          [11.743010, 47.373508, 531.5],
          [11.743832, 47.374029, 531.5],
          [11.744259, 47.374355, 531.75],
          [11.744609, 47.374566, 531.75],
          [11.745297, 47.375014, 531.75],
          [11.746050, 47.375526, 531.75],
          [11.746567, 47.375854, 531.75],
          [11.747058, 47.376184, 531.75],
          [11.747365, 47.376371, 531.75],
          [11.747584, 47.376494, 531.75],
          [11.747686, 47.376537, 532.0],
          [11.748193, 47.376678, 531.0],
          [11.748640, 47.376835, 531.75],
          [11.748838, 47.376930, 531.25],
          [11.749027, 47.377039, 531.5],
          [11.749397, 47.377290, 530.75],
          [11.749909, 47.377689, 531.0],
          [11.750362, 47.378020, 530.0],
          [11.750391, 47.378067, 530.0],
          [11.750407, 47.378144, 530.25],
          [11.750435, 47.378197, 530.25],
          [11.750471, 47.378241, 530.5],
          [11.750525, 47.378287, 530.5],
          [11.750856, 47.378484, 529.75],
          [11.751162, 47.378727, 530.25],
          [11.751332, 47.378886, 530.75],
          [11.751618, 47.379099, 530.5],
          [11.752708, 47.379958, 530.0],
          [11.753726, 47.380729, 530.75],
          [11.754698, 47.381386, 530.0],
          [11.755879, 47.382145, 530.0],
          [11.756281, 47.382357, 530.25],
          [11.756492, 47.382544, 531.0],
          [11.756924, 47.382775, 531.0],
          [11.758439, 47.383478, 531.5],
          [11.759117, 47.383749, 530.5],
          [11.759611, 47.383922, 530.0],
          [11.760781, 47.384276, 528.5],
          [11.760933, 47.384333, 528.75],
          [11.761014, 47.384379, 529.25],
          [11.761078, 47.384433, 529.75],
          [11.761272, 47.384630, 531.5],
          [11.761376, 47.384647, 531.0],
          [11.761674, 47.384593, 529.0],
          [11.761799, 47.384604, 528.5],
          [11.763702, 47.385179, 529.75],
          [11.764249, 47.385322, 530.5],
          [11.764908, 47.385474, 529.75],
          [11.765690, 47.385613, 529.25],
          [11.766824, 47.385764, 529.75],
          [11.767242, 47.385801, 530.0],
          [11.767813, 47.385839, 530.0],
          [11.768605, 47.385857, 530.0],
          [11.769523, 47.385844, 530.0],
          [11.770097, 47.385812, 530.25],
          [11.770536, 47.385775, 529.75],
          [11.771634, 47.385625, 528.5],
          [11.772382, 47.385473, 528.75],
          [11.772969, 47.385332, 528.75],
          [11.773623, 47.385138, 528.0],
          [11.774491, 47.384813, 529.25],
          [11.775131, 47.384537, 527.75],
          [11.775290, 47.384479, 528.25],
          [11.775366, 47.384483, 528.5],
          [11.775449, 47.384534, 529.0],
          [11.775574, 47.384454, 529.0],
          [11.775745, 47.384346, 527.5],
          [11.775900, 47.384277, 527.25],
          [11.776016, 47.384232, 527.5],
          [11.776277, 47.384164, 528.5],
          [11.776627, 47.384099, 527.75],
          [11.777155, 47.384057, 526.75],
          [11.777691, 47.384059, 526.75],
          [11.778221, 47.384100, 527.0],
          [11.778896, 47.384222, 527.0],
          [11.779146, 47.384335, 526.75],
          [11.779334, 47.384487, 528.0],
          [11.779689, 47.384671, 527.75],
          [11.779986, 47.384790, 528.0],
          [11.780155, 47.384913, 527.0],
          [11.780445, 47.385201, 528.0],
          [11.780693, 47.385408, 527.5],
          [11.781289, 47.385815, 526.75],
          [11.781872, 47.386321, 527.25],
          [11.782266, 47.386730, 526.75],
          [11.782691, 47.386915, 527.25],
          [11.783846, 47.387578, 527.0],
          [11.784257, 47.387778, 527.25],
          [11.784679, 47.387960, 527.25],
          [11.785406, 47.388308, 528.5],
          [11.785975, 47.388401, 527.25],
          [11.786446, 47.388497, 525.75],
          [11.788026, 47.388919, 526.75],
          [11.789476, 47.389322, 525.25],
          [11.790515, 47.389627, 525.0],
          [11.791279, 47.389860, 524.5],
          [11.791536, 47.389968, 525.0],
          [11.791731, 47.390067, 524.75],
          [11.792684, 47.390613, 526.25],
          [11.792831, 47.390679, 526.0],
          [11.793043, 47.390747, 526.0],
          [11.793169, 47.390689, 525.0],
          [11.794165, 47.390123, 525.0],
          [11.794300, 47.390051, 527.75],
          [11.794406, 47.390044, 529.0],
          [11.794433, 47.390076, 529.0],
          [11.794492, 47.390090, 529.0],
          [11.794527, 47.390086, 529.0],
          [11.794626, 47.390034, 529.5],
          [11.794821, 47.390117, 529.75],
          [11.795001, 47.390295, 528.75],
          [11.795044, 47.390357, 528.25],
          [11.795083, 47.390518, 527.0],
          [11.795087, 47.390573, 526.25],
          [11.795040, 47.390640, 525.25],
          [11.795031, 47.390685, 524.75],
          [11.795049, 47.390726, 524.5],
          [11.795215, 47.390834, 526.0],
          [11.795257, 47.390861, 526.25],
          [11.795417, 47.390959, 525.25],
          [11.795611, 47.391052, 525.0],
          [11.795655, 47.391065, 525.25],
          [11.795703, 47.391062, 525.75],
          [11.795746, 47.391073, 526.0],
          [11.795791, 47.391106, 526.5],
          [11.795906, 47.391213, 526.0],
          [11.795996, 47.391280, 526.0],
          [11.796101, 47.391386, 526.75],
          [11.796055, 47.391420, 526.0],
          [11.796053, 47.391449, 525.5],
          [11.796061, 47.391471, 525.25],
          [11.796099, 47.391514, 525.0],
          [11.796219, 47.391601, 524.25],
          [11.796311, 47.391696, 524.25],
          [11.796454, 47.391858, 524.0],
          [11.796673, 47.392009, 524.5],
          [11.797726, 47.392967, 525.0],
          [11.798868, 47.394068, 525.75],
          [11.799365, 47.394592, 525.5],
          [11.799454, 47.394706, 525.75],
          [11.799545, 47.394846, 525.5],
          [11.799718, 47.395053, 525.75],
          [11.799894, 47.395354, 525.0],
          [11.800271, 47.396199, 525.25],
          [11.800525, 47.396803, 524.75],
          [11.800896, 47.397381, 525.0],
          [11.801301, 47.397866, 524.75],
          [11.801667, 47.398237, 524.75],
          [11.802046, 47.398579, 524.75],
          [11.802433, 47.398880, 524.5],
          [11.802735, 47.399091, 524.25],
          [11.803084, 47.399309, 524.0],
          [11.803474, 47.399531, 524.25],
          [11.803776, 47.399685, 524.5],
          [11.804273, 47.399912, 524.25],
          [11.804627, 47.400056, 524.75],
          [11.804823, 47.400134, 524.75],
          [11.804971, 47.400186, 525.0],
          [11.805111, 47.400249, 524.5],
          [11.805370, 47.400343, 523.75],
          [11.805820, 47.400482, 523.75],
          [11.807026, 47.400789, 524.0],
          [11.807581, 47.400923, 523.0],
          [11.807855, 47.400982, 522.5],
          [11.808169, 47.401037, 523.25],
          [11.808783, 47.401117, 524.25],
          [11.808984, 47.401129, 523.75],
          [11.809208, 47.401147, 523.5],
          [11.810618, 47.401168, 523.5],
          [11.812433, 47.401158, 523.5],
          [11.812607, 47.401155, 523.5],
          [11.817995, 47.401117, 523.75],
          [11.818603, 47.401128, 523.75],
          [11.819390, 47.401170, 522.75],
          [11.819815, 47.401223, 523.0],
          [11.820403, 47.401317, 523.25],
          [11.820821, 47.401413, 523.5],
          [11.821175, 47.401504, 522.5],
          [11.821517, 47.401602, 523.0],
          [11.824490, 47.402526, 523.25],
          [11.824759, 47.402605, 521.5],
          [11.826564, 47.403168, 521.5],
          [11.827423, 47.403430, 521.5],
          [11.828256, 47.403673, 521.5],
          [11.828896, 47.403834, 522.0],
          [11.830120, 47.404119, 522.75],
          [11.830860, 47.404313, 522.0],
          [11.832517, 47.404831, 522.0],
          [11.833520, 47.405166, 521.75],
          [11.834599, 47.405567, 522.25],
          [11.834698, 47.405591, 522.25],
          [11.834762, 47.405589, 522.5],
          [11.834829, 47.405567, 522.75],
          [11.835050, 47.405394, 521.75],
          [11.835113, 47.405367, 521.25],
          [11.835187, 47.405357, 520.5],
          [11.835326, 47.405349, 520.25],
          [11.835837, 47.405305, 522.75],
          [11.835920, 47.405276, 522.5],
          [11.835967, 47.405242, 522.25],
          [11.835995, 47.405200, 522.25],
          [11.836002, 47.405161, 522.0],
          [11.835925, 47.404608, 522.0],
          [11.835925, 47.404560, 522.0],
          [11.835946, 47.404180, 522.0],
          [11.836042, 47.403600, 522.0],
          [11.836193, 47.403117, 522.25],
          [11.836293, 47.402861, 522.5],
          [11.836843, 47.401889, 522.5],
          [11.836871, 47.401689, 522.5],
          [11.837060, 47.401389, 523.5],
          [11.836785, 47.401234, 523.5],
          [11.836535, 47.401115, 522.5],
          [11.836369, 47.401063, 522.75],
          [11.836589, 47.401220, 523.75],
          [11.836763, 47.401374, 525.5],
          [11.836843, 47.401422, 524.75],
          [11.838168, 47.402083, 522.75],
          [11.838532, 47.402244, 524.75],
          [11.838610, 47.402257, 524.5],
          [11.838650, 47.402229, 524.75],
          [11.838499, 47.402174, 524.25],
          [11.838181, 47.401975, 522.0],
          [11.838053, 47.401940, 522.0],
          [11.838041, 47.402003, 522.0],
          [11.837979, 47.402110, 522.25],
          [11.837888, 47.402180, 522.75],
          [11.837742, 47.402310, 522.25],
          [11.837697, 47.402369, 521.75],
          [11.837522, 47.402796, 521.75],
          [11.836993, 47.403979, 522.25],
          [11.836928, 47.404186, 522.75],
          [11.836881, 47.404395, 522.25],
          [11.836858, 47.404646, 522.0],
          [11.836865, 47.404739, 522.0],
          [11.836894, 47.404808, 522.0],
          [11.836947, 47.404897, 522.25],
          [11.837133, 47.405097, 521.75],
          [11.837189, 47.405156, 521.75],
          [11.838011, 47.405905, 522.5],
          [11.838824, 47.406666, 521.75],
          [11.839112, 47.406950, 521.75],
          [11.839228, 47.407076, 521.5],
          [11.839485, 47.407368, 521.25],
          [11.839589, 47.407554, 521.0],
          [11.839753, 47.407895, 521.5],
          [11.839809, 47.407985, 521.25],
          [11.839920, 47.408095, 521.0],
          [11.840018, 47.408163, 520.25],
          [11.842054, 47.409099, 520.25],
          [11.842133, 47.409119, 521.0],
          [11.842217, 47.409125, 521.75],
          [11.842359, 47.409110, 521.25],
          [11.842525, 47.409062, 521.0],
          [11.842759, 47.408979, 521.0],
          [11.842858, 47.409061, 521.75],
          [11.842995, 47.409096, 522.75],
          [11.843088, 47.409233, 522.75],
          [11.843164, 47.409389, 522.75],
          [11.843197, 47.409438, 522.5],
          [11.843287, 47.409571, 522.0],
          [11.843361, 47.409661, 522.25],
          [11.843456, 47.409748, 522.5],
          [11.843547, 47.409800, 522.75],
          [11.843720, 47.409885, 524.25],
          [11.843923, 47.409983, 523.75],
          [11.844166, 47.410130, 526.75],
          [11.844573, 47.410398, 523.5],
          [11.844934, 47.410556, 521.25],
          [11.845072, 47.410645, 520.75],
          [11.845563, 47.410972, 520.0],
          [11.847629, 47.412432, 519.75],
          [11.847661, 47.412454, 520.0],
          [11.850819, 47.414696, 520.5],
          [11.852131, 47.415687, 519.75],
          [11.852558, 47.416038, 519.25],
          [11.853265, 47.416683, 519.25],
          [11.853811, 47.417201, 520.5],
          [11.854292, 47.417686, 519.5],
          [11.854844, 47.418299, 519.75],
          [11.855148, 47.418687, 519.5],
          [11.855329, 47.418940, 520.5],
          [11.855716, 47.419576, 519.25],
          [11.855970, 47.420039, 519.75],
          [11.856084, 47.420202, 519.75],
          [11.856407, 47.420585, 519.5],
          [11.856726, 47.420960, 519.0],
          [11.856933, 47.421189, 519.5],
          [11.857291, 47.421541, 519.25],
          [11.857684, 47.421887, 519.25],
          [11.858130, 47.422255, 519.5],
          [11.858604, 47.422585, 519.5],
          [11.859025, 47.422863, 519.0],
          [11.859484, 47.423131, 519.25],
          [11.859952, 47.423382, 519.25],
          [11.860417, 47.423607, 519.75],
          [11.860739, 47.423753, 518.75],
          [11.861037, 47.423895, 519.5],
          [11.861822, 47.424303, 518.0],
          [11.862935, 47.424797, 518.5],
          [11.863293, 47.424929, 518.5],
          [11.864333, 47.425232, 519.0],
          [11.864930, 47.425394, 518.0],
          [11.865207, 47.425470, 518.25],
          [11.865820, 47.425642, 518.5],
          [11.867155, 47.426003, 517.75],
          [11.867774, 47.426186, 518.0],
          [11.869544, 47.426817, 517.75],
          [11.869764, 47.426910, 518.75],
          [11.870158, 47.427120, 517.75],
          [11.870323, 47.427208, 519.25],
          [11.870465, 47.427295, 519.25],
          [11.870628, 47.427417, 519.0],
          [11.870909, 47.427679, 519.25],
          [11.871202, 47.427989, 518.75],
          [11.871346, 47.428175, 518.5],
          [11.871606, 47.428492, 518.5],
          [11.871770, 47.428610, 518.25],
          [11.871799, 47.428703, 518.0],
          [11.871791, 47.428748, 517.75],
          [11.871800, 47.428775, 517.75],
          [11.871823, 47.428796, 517.75],
          [11.871882, 47.428826, 518.25],
          [11.871924, 47.428864, 518.75],
          [11.872088, 47.429131, 518.5],
          [11.872157, 47.429303, 518.0],
          [11.872166, 47.429316, 518.0],
          [11.872244, 47.429431, 518.0],
          [11.872313, 47.429657, 518.5],
          [11.872450, 47.429880, 519.25],
          [11.872497, 47.430020, 519.75],
          [11.872547, 47.430234, 518.5],
          [11.872572, 47.430492, 517.5],
          [11.872601, 47.430593, 517.5],
          [11.872713, 47.430813, 518.0],
          [11.872940, 47.431130, 517.0],
          [11.873214, 47.431437, 517.25],
          [11.873557, 47.431802, 517.5],
          [11.873866, 47.432089, 517.75],
          [11.874137, 47.432407, 517.75],
          [11.874196, 47.432454, 518.0],
          [11.874283, 47.432479, 518.0],
          [11.874353, 47.432487, 518.0],
          [11.874466, 47.432559, 517.75],
          [11.874592, 47.432674, 518.0],
          [11.875265, 47.433377, 519.5],
          [11.875314, 47.433493, 519.25],
          [11.875356, 47.433591, 519.5],
          [11.875610, 47.433879, 519.75],
          [11.875853, 47.434077, 521.0],
          [11.875883, 47.434202, 519.75],
          [11.875987, 47.434335, 519.75],
          [11.876269, 47.434635, 520.25],
          [11.876537, 47.434920, 519.75],
          [11.876886, 47.435231, 520.0],
          [11.877293, 47.435667, 517.75],
          [11.878031, 47.436228, 516.5],
          [11.878595, 47.436605, 515.75],
          [11.879378, 47.437042, 515.0],
          [11.879861, 47.437264, 515.75],
          [11.880142, 47.437379, 514.75],
          [11.880595, 47.437550, 515.25],
          [11.881146, 47.437717, 515.25],
          [11.881718, 47.437861, 514.75],
          [11.882438, 47.438005, 514.75],
          [11.882533, 47.438065, 515.0],
          [11.882819, 47.438116, 516.5],
          [11.883143, 47.438087, 516.25],
          [11.883721, 47.438139, 514.75],
          [11.884320, 47.438154, 514.5],
          [11.885046, 47.438151, 514.5],
          [11.885791, 47.438105, 515.25],
          [11.886917, 47.438021, 515.0],
          [11.888103, 47.437946, 514.0],
          [11.888432, 47.437955, 514.0],
          [11.888782, 47.437976, 513.75],
          [11.889310, 47.438045, 515.5],
          [11.889556, 47.438085, 515.5],
          [11.889847, 47.438160, 514.25],
          [11.890172, 47.438258, 514.25],
          [11.890549, 47.438388, 515.0],
          [11.891058, 47.438615, 515.25],
          [11.891204, 47.438690, 514.75],
          [11.891280, 47.438730, 514.25],
          [11.891543, 47.438920, 513.75],
          [11.892047, 47.439398, 512.25],
          [11.892763, 47.440100, 513.25],
          [11.892917, 47.440258, 512.5],
          [11.893052, 47.440397, 512.5],
          [11.893113, 47.440461, 512.25],
          [11.893770, 47.441139, 512.5],
          [11.893890, 47.441163, 513.25],
          [11.893952, 47.441168, 513.75],
          [11.894025, 47.441160, 514.25],
          [11.894103, 47.441141, 514.75],
          [11.894271, 47.441063, 514.75],
          [11.894311, 47.441044, 514.75],
          [11.894337, 47.441151, 515.0],
          [11.894342, 47.441219, 515.25],
          [11.894310, 47.441360, 515.75],
          [11.894256, 47.441446, 515.0],
          [11.894313, 47.441466, 515.0],
          [11.894377, 47.441493, 515.25],
          [11.894439, 47.441531, 515.25],
          [11.894489, 47.441567, 515.0],
          [11.894582, 47.441656, 514.5],
          [11.894713, 47.441865, 513.75],
          [11.894848, 47.442053, 513.25],
          [11.895551, 47.442875, 513.25],
          [11.895700, 47.443010, 513.0],
          [11.895825, 47.443100, 513.75],
          [11.896305, 47.443383, 514.0],
          [11.896477, 47.443473, 514.0],
          [11.896922, 47.443676, 514.0],
          [11.897062, 47.443739, 514.0],
          [11.897282, 47.443854, 513.75],
          [11.897800, 47.444131, 513.75],
          [11.898166, 47.444284, 513.25],
          [11.898604, 47.444406, 513.0],
          [11.898804, 47.444465, 513.0],
          [11.899037, 47.444549, 513.0],
          [11.899838, 47.444917, 513.0],
          [11.900044, 47.445000, 513.0],
          [11.900246, 47.445081, 513.0],
          [11.900297, 47.445100, 513.0],
          [11.900588, 47.445182, 513.0],
          [11.900652, 47.445199, 513.0],
          [11.900755, 47.445226, 513.0],
          [11.900886, 47.445263, 512.75],
          [11.901232, 47.445358, 513.0],
          [11.901703, 47.445512, 512.0],
          [11.902073, 47.445655, 513.0],
          [11.902327, 47.445761, 513.0],
          [11.902432, 47.445800, 513.0],
          [11.902634, 47.445870, 512.75],
          [11.902736, 47.445894, 512.75],
          [11.902812, 47.445965, 512.5],
          [11.903009, 47.446106, 512.75],
          [11.903591, 47.446493, 513.0],
          [11.903956, 47.446732, 512.75],
          [11.904001, 47.446760, 512.5],
          [11.904289, 47.446934, 512.75],
          [11.904368, 47.446978, 513.0],
          [11.904929, 47.447244, 512.0],
          [11.904979, 47.447273, 512.0],
          [11.905271, 47.447446, 512.0],
          [11.905510, 47.447592, 512.0],
          [11.906065, 47.447866, 512.0],
          [11.906134, 47.447939, 512.0],
          [11.906223, 47.448004, 512.25],
          [11.906760, 47.448315, 512.0],
          [11.907972, 47.449016, 512.0],
          [11.908311, 47.449227, 512.0],
          [11.908811, 47.449507, 512.5],
          [11.909090, 47.449624, 512.0],
          [11.909421, 47.449766, 512.0],
          [11.909711, 47.449882, 512.0],
          [11.910687, 47.450288, 512.0],
          [11.911649, 47.450688, 512.0],
          [11.911881, 47.450783, 512.0],
          [11.912365, 47.450978, 511.75],
          [11.913026, 47.451261, 512.0],
          [11.913105, 47.451292, 511.75],
          [11.913343, 47.451382, 511.0],
          [11.919983, 47.453918, 510.0],
          [11.921433, 47.454665, 510.0],
          [11.923114, 47.455539, 510.5],
          [11.923414, 47.455654, 510.0],
          [11.924741, 47.455956, 510.0],
          [11.925727, 47.456163, 510.0],
          [11.925983, 47.456199, 510.0],
          [11.926291, 47.456201, 510.0],
          [11.926455, 47.456188, 510.0],
          [11.926646, 47.456158, 510.0],
          [11.926941, 47.456063, 510.0],
          [11.928142, 47.455644, 509.0],
          [11.928522, 47.455984, 509.0],
          [11.928691, 47.456104, 509.0],
          [11.929113, 47.456305, 509.0],
          [11.929436, 47.456411, 509.0],
          [11.936919, 47.458431, 508.75],
          [11.937714, 47.458657, 509.75],
          [11.937853, 47.458696, 509.5],
          [11.937979, 47.458733, 508.75],
          [11.938170, 47.458769, 508.75],
          [11.945940, 47.460859, 508.0],
          [11.946657, 47.461068, 507.75],
          [11.946927, 47.461158, 507.0],
          [11.947211, 47.461268, 507.5],
          [11.950545, 47.462753, 507.75],
          [11.951588, 47.463205, 507.5],
          [11.953371, 47.463997, 506.25],
          [11.955707, 47.465018, 507.0],
          [11.963563, 47.468518, 506.75],
          [11.964701, 47.469022, 506.25],
          [11.965410, 47.470077, 506.0],
          [11.965461, 47.470137, 505.75],
          [11.965519, 47.470197, 505.75],
          [11.965684, 47.470319, 505.5],
          [11.965920, 47.470476, 505.75],
          [11.966295, 47.470670, 506.0],
          [11.967187, 47.471066, 506.0],
          [11.967576, 47.471247, 505.5],
          [11.967771, 47.471308, 505.75],
          [11.967991, 47.471350, 506.0],
          [11.968481, 47.471423, 506.0],
          [11.969149, 47.471513, 505.75],
          [11.969469, 47.471583, 506.5],
          [11.969571, 47.471615, 506.25],
          [11.969700, 47.471670, 506.0],
          [11.970402, 47.472059, 506.0],
          [11.970597, 47.472182, 505.75],
          [11.970737, 47.472281, 505.25],
          [11.970854, 47.472382, 505.5],
          [11.971249, 47.472760, 505.5],
          [11.971513, 47.472989, 506.25],
          [11.971652, 47.473079, 506.0],
          [11.971746, 47.473125, 506.0],
          [11.971849, 47.473160, 505.75],
          [11.972010, 47.473197, 506.0],
          [11.972295, 47.473232, 506.5],
          [11.972759, 47.473279, 506.75],
          [11.972905, 47.473306, 506.75],
          [11.973027, 47.473340, 507.0],
          [11.973130, 47.473375, 506.5],
          [11.973284, 47.473458, 506.0],
          [11.973418, 47.473573, 506.25],
          [11.973763, 47.473901, 505.75],
          [11.973940, 47.474040, 506.25],
          [11.974064, 47.474107, 506.75],
          [11.974173, 47.474141, 506.75],
          [11.974322, 47.474173, 506.25],
          [11.974512, 47.474190, 506.25],
          [11.974573, 47.474188, 506.5],
          [11.974627, 47.474188, 506.5],
          [11.974780, 47.474165, 506.75],
          [11.975126, 47.474074, 506.0],
          [11.975646, 47.474015, 508.5],
          [11.975802, 47.474046, 509.0],
          [11.976011, 47.474088, 510.0],
          [11.976112, 47.474095, 511.0],
          [11.976202, 47.474092, 511.5],
          [11.976302, 47.474073, 512.25],
          [11.976559, 47.473977, 514.5],
          [11.976652, 47.473958, 516.0],
          [11.976725, 47.473958, 516.25],
          [11.976774, 47.473965, 516.5],
          [11.976841, 47.473987, 516.75],
          [11.976886, 47.474006, 516.75],
          [11.976945, 47.474028, 516.75],
          [11.977121, 47.474074, 515.0],
          [11.977183, 47.474089, 514.5],
          [11.977513, 47.474184, 515.5],
          [11.977905, 47.474309, 511.25],
          [11.978245, 47.474430, 511.25],
          [11.978585, 47.474568, 509.5],
          [11.978902, 47.474710, 510.0],
          [11.979421, 47.474973, 509.0],
          [11.979750, 47.475140, 509.25],
          [11.979848, 47.475183, 509.25],
          [11.979939, 47.475210, 509.0],
          [11.980111, 47.475270, 509.25],
          [11.980668, 47.475520, 509.5],
          [11.981345, 47.475859, 509.5],
          [11.981524, 47.475942, 509.0],
          [11.981784, 47.476063, 509.0],
          [11.982406, 47.476332, 509.5],
          [11.983157, 47.476637, 509.25],
          [11.983878, 47.476910, 509.0],
          [11.984612, 47.477142, 508.5],
          [11.985335, 47.477323, 509.75],
          [11.985892, 47.477440, 508.75],
          [11.986250, 47.477509, 508.75],
          [11.986642, 47.477628, 508.0],
          [11.986660, 47.477611, 508.0],
          [11.986681, 47.477605, 508.0],
          [11.986718, 47.477606, 508.0],
          [11.986738, 47.477538, 508.25],
          [11.986829, 47.477338, 509.0],
          [11.986845, 47.477284, 509.0],
          [11.986807, 47.477278, 509.0],
          [11.986794, 47.477269, 508.75],
          [11.986787, 47.477250, 508.75],
          [11.986789, 47.477236, 508.75],
          [11.986807, 47.477220, 509.0],
          [11.986826, 47.477215, 509.0],
          [11.986851, 47.477214, 509.0],
          [11.986883, 47.477225, 509.0],
          [11.986927, 47.477177, 509.0],
          [11.986976, 47.477102, 509.25],
          [11.987003, 47.477026, 509.75],
          [11.987026, 47.476881, 510.0],
          [11.987092, 47.476649, 511.0],
          [11.987227, 47.476659, 510.75],
          [11.987567, 47.476686, 510.75],
          [11.988694, 47.476773, 511.0],
          [11.989152, 47.476808, 511.0],
          [11.989250, 47.476816, 510.75],
          [11.989392, 47.476806, 510.5],
          [11.989445, 47.476800, 510.25],
          [11.989675, 47.476774, 511.25],
          [11.989694, 47.476771, 511.25],
          [11.989743, 47.476765, 511.5],
          [11.989749, 47.476785, 511.5],
          [11.989923, 47.477351, 509.75],
          [11.989993, 47.477615, 510.0],
          [11.990017, 47.477655, 509.75],
          [11.990051, 47.477684, 509.5],
          [11.990101, 47.477700, 509.5],
          [11.990161, 47.477706, 509.75],
          [11.990253, 47.477695, 509.75],
          [11.990502, 47.477650, 509.0],
          [11.990719, 47.477629, 509.0],
          [11.991204, 47.477627, 508.25],
          [11.991478, 47.477644, 508.25],
          [11.991918, 47.477687, 508.0],
          [11.992051, 47.477715, 508.0],
          [11.992251, 47.477768, 508.0],
          [11.992517, 47.477862, 508.5],
          [11.992824, 47.477932, 508.25],
          [11.993421, 47.478016, 507.5],
          [11.994161, 47.478089, 506.25],
          [11.994424, 47.478094, 506.5],
          [11.994964, 47.478082, 507.0],
          [11.995275, 47.478088, 507.0],
          [11.995874, 47.478045, 506.0],
          [11.995983, 47.478036, 506.0],
          [11.996032, 47.478297, 506.0],
          [11.996017, 47.478374, 506.0],
          [11.995978, 47.478541, 505.75],
          [11.995961, 47.478612, 505.25],
          [12.002630, 47.479316, 504.75],
          [12.002687, 47.479324, 504.5],
          [12.008299, 47.479915, 503.5],
          [12.013660, 47.480488, 502.25],
          [12.014265, 47.480565, 501.25],
          [12.014283, 47.480501, 501.5],
          [12.014324, 47.480338, 501.75],
          [12.014356, 47.480208, 501.25],
          [12.014378, 47.480173, 501.25],
          [12.014433, 47.480122, 501.0],
          [12.014482, 47.480082, 501.0],
          [12.014517, 47.480036, 501.0],
          [12.014579, 47.479928, 501.25],
          [12.014639, 47.479798, 501.5],
          [12.014832, 47.479784, 501.75],
          [12.015115, 47.479748, 501.75],
          [12.015299, 47.479750, 501.75],
          [12.015383, 47.479760, 501.75],
          [12.015461, 47.479777, 501.75],
          [12.015971, 47.479947, 501.5],
          [12.016265, 47.480014, 501.75],
          [12.016480, 47.480044, 501.75],
          [12.016723, 47.480040, 501.75],
          [12.017773, 47.479920, 501.25],
          [12.018223, 47.479850, 501.0],
          [12.018414, 47.479832, 501.0],
          [12.019544, 47.479787, 501.25],
          [12.020198, 47.479741, 501.0],
          [12.020449, 47.479703, 501.5],
          [12.020807, 47.479608, 501.0],
          [12.020992, 47.479537, 501.0],
          [12.021182, 47.479479, 501.0],
          [12.021452, 47.479421, 501.0],
          [12.021730, 47.479373, 501.0],
          [12.021887, 47.479357, 501.0],
          [12.022294, 47.479354, 501.0],
          [12.022564, 47.479360, 501.0],
          [12.022733, 47.479371, 501.0],
          [12.022897, 47.479394, 501.0],
          [12.023215, 47.479469, 501.0],
          [12.023790, 47.479660, 501.0],
          [12.023966, 47.479683, 501.0],
          [12.024013, 47.479690, 501.0],
          [12.024378, 47.479749, 501.0],
          [12.024914, 47.479893, 501.0],
          [12.026028, 47.480069, 501.75],
          [12.026449, 47.480094, 502.0],
          [12.026533, 47.480110, 502.0],
          [12.026595, 47.480141, 502.25],
          [12.026626, 47.480172, 502.5],
          [12.026649, 47.480212, 502.5],
          [12.026646, 47.480278, 502.75],
          [12.026623, 47.480355, 502.5],
          [12.026623, 47.480406, 502.25],
          [12.026641, 47.480426, 502.25],
          [12.026689, 47.480450, 502.25],
          [12.026779, 47.480484, 501.75],
          [12.026800, 47.480507, 501.5],
          [12.026811, 47.480543, 501.5],
          [12.026821, 47.480723, 501.0],
          [12.026856, 47.480851, 501.0],
          [12.026777, 47.481321, 500.5],
          [12.026783, 47.481353, 500.25],
          [12.026799, 47.481375, 500.5],
          [12.026827, 47.481393, 500.5],
          [12.026874, 47.481405, 500.75],
          [12.027228, 47.481408, 500.0],
          [12.027417, 47.481429, 500.75],
          [12.027540, 47.481461, 501.75],
          [12.027716, 47.481578, 502.25],
          [12.027793, 47.481608, 502.0],
          [12.027874, 47.481620, 502.0],
          [12.028000, 47.481621, 502.5],
          [12.028118, 47.481611, 502.5],
          [12.028371, 47.481537, 502.0],
          [12.028561, 47.481513, 500.75],
          [12.028655, 47.481506, 500.5],
          [12.028726, 47.481518, 500.5],
          [12.028925, 47.481588, 500.25],
          [12.029836, 47.481682, 501.0],
          [12.030166, 47.481730, 500.5],
          [12.030728, 47.481842, 500.0],
          [12.030960, 47.481912, 500.0],
          [12.031349, 47.481987, 500.25],
          [12.031532, 47.482011, 501.0],
          [12.032208, 47.482076, 500.25],
          [12.032876, 47.482154, 500.0],
          [12.033208, 47.482179, 500.0],
          [12.034289, 47.482296, 500.5],
          [12.035137, 47.482376, 499.5],
          [12.035265, 47.482400, 499.25],
          [12.036101, 47.482486, 499.75],
          [12.036188, 47.482488, 500.0],
          [12.036566, 47.482471, 500.0],
          [12.036928, 47.482471, 500.75],
          [12.037073, 47.482517, 500.5],
          [12.038264, 47.482709, 499.25],
          [12.039794, 47.482870, 500.5],
          [12.040493, 47.482914, 499.5],
          [12.041026, 47.482986, 499.25],
          [12.041268, 47.483011, 499.5],
          [12.041520, 47.483021, 500.0],
          [12.042187, 47.482982, 500.0],
          [12.042290, 47.483007, 500.0],
          [12.042546, 47.483142, 500.0],
          [12.042711, 47.483184, 499.25],
          [12.043082, 47.483243, 499.0],
          [12.044157, 47.483386, 500.0],
          [12.044403, 47.483434, 499.5],
          [12.045303, 47.483637, 500.0],
          [12.045658, 47.483710, 499.75],
          [12.046272, 47.483773, 499.75],
          [12.047661, 47.484115, 499.75],
          [12.047800, 47.484173, 499.75],
          [12.049562, 47.484023, 499.0],
          [12.049646, 47.484007, 499.0],
          [12.049731, 47.483982, 499.0],
          [12.049808, 47.483948, 499.5],
          [12.049895, 47.483889, 500.0],
          [12.050087, 47.483657, 500.25],
          [12.050237, 47.483527, 500.75],
          [12.050283, 47.483569, 501.0],
          [12.050650, 47.483717, 502.0],
          [12.050677, 47.483728, 502.0],
          [12.050764, 47.483764, 502.0],
          [12.050905, 47.483813, 501.75],
          [12.051375, 47.483888, 500.0],
          [12.051520, 47.483922, 500.0],
          [12.052181, 47.484230, 500.0],
          [12.052895, 47.484564, 500.0],
          [12.053395, 47.484797, 500.25],
          [12.053643, 47.484911, 500.5],
          [12.053812, 47.484992, 500.25],
          [12.054327, 47.485233, 500.25],
          [12.054887, 47.485497, 500.25],
          [12.055225, 47.485660, 500.75],
          [12.055305, 47.485701, 500.75],
          [12.055810, 47.485974, 500.75],
          [12.056526, 47.486405, 500.0],
          [12.057285, 47.486925, 500.0],
          [12.057353, 47.487098, 500.25],
          [12.057928, 47.487541, 501.0],
          [12.058039, 47.487674, 501.0],
          [12.058202, 47.487752, 501.5],
          [12.058264, 47.487879, 501.5],
          [12.058340, 47.488095, 501.75],
          [12.058368, 47.488147, 501.5],
          [12.058399, 47.488198, 501.5],
          [12.058469, 47.488264, 501.5],
          [12.058588, 47.488321, 501.75],
          [12.058791, 47.488399, 502.75],
          [12.058971, 47.488456, 503.5],
          [12.059107, 47.488488, 503.75],
          [12.059342, 47.488530, 504.0],
          [12.059411, 47.488537, 504.0],
          [12.059478, 47.488532, 504.25],
          [12.059582, 47.488505, 504.5],
          [12.059850, 47.488390, 504.75],
          [12.060023, 47.488314, 505.0],
          [12.060104, 47.488285, 505.25],
          [12.060176, 47.488270, 505.5],
          [12.060247, 47.488264, 505.75],
          [12.060339, 47.488265, 506.0],
          [12.060383, 47.488283, 506.0],
          [12.060452, 47.488315, 506.0],
          [12.060471, 47.488322, 506.0],
          [12.060494, 47.488333, 506.0],
          [12.060520, 47.488344, 506.0],
          [12.060540, 47.488324, 506.0],
          [12.060601, 47.488301, 506.0],
          [12.060671, 47.488304, 506.0],
          [12.060702, 47.488316, 506.0],
          [12.060742, 47.488356, 505.75],
          [12.060747, 47.488380, 505.75],
          [12.060727, 47.488425, 505.75],
          [12.060770, 47.488439, 505.5],
          [12.060836, 47.488466, 505.5],
          [12.060917, 47.488501, 505.25],
          [12.061166, 47.488607, 505.0],
          [12.061331, 47.488678, 505.0],
          [12.061468, 47.488737, 505.0],
          [12.061812, 47.488884, 505.0],
          [12.061931, 47.488934, 505.0],
          [12.062331, 47.489108, 506.0],
          [12.062711, 47.489272, 506.25],
          [12.062674, 47.489383, 506.0],
          [12.062593, 47.489476, 506.0],
          [12.062532, 47.489551, 506.0],
          [12.062494, 47.489574, 506.0],
          [12.063146, 47.489983, 505.5],
          [12.063548, 47.490245, 505.75],
          [12.064210, 47.490695, 506.0],
          [12.065487, 47.491563, 506.25],
          [12.065513, 47.491581, 506.25],
          [12.065605, 47.491645, 506.0],
          [12.066277, 47.492115, 506.0],
          [12.066677, 47.492396, 505.25],
          [12.066987, 47.492600, 505.5],
          [12.067079, 47.492661, 505.25],
          [12.067154, 47.492691, 505.25],
          [12.067284, 47.492745, 505.25],
          [12.067958, 47.493212, 505.25],
          [12.068107, 47.493316, 505.0],
          [12.068781, 47.493762, 505.25],
          [12.068805, 47.493784, 505.25],
          [12.068874, 47.493847, 505.0],
          [12.068254, 47.494139, 504.0],
          [12.068113, 47.494187, 504.0],
          [12.068043, 47.494207, 504.0],
          [12.067919, 47.494232, 504.0],
          [12.067946, 47.494280, 504.0],
          [12.067974, 47.494327, 504.0],
          [12.068034, 47.494417, 504.0],
          [12.068084, 47.494461, 504.0],
          [12.068255, 47.494584, 504.5],
          [12.068242, 47.494731, 504.25],
          [12.068226, 47.494937, 504.25],
          [12.068209, 47.495031, 504.25],
          [12.068189, 47.495102, 504.25],
          [12.068124, 47.495309, 503.5],
          [12.067701, 47.495354, 504.25],
          [12.067592, 47.495327, 504.0],
          [12.067428, 47.495226, 504.0],
          [12.067385, 47.495222, 504.0],
          [12.067265, 47.495245, 504.0],
          [12.067294, 47.495314, 503.75],
          [12.067333, 47.495590, 502.25],
          [12.067370, 47.495897, 503.5],
          [12.067396, 47.495992, 504.0],
          [12.067478, 47.496196, 507.0],
          [12.067640, 47.496666, 509.5],
          [12.067701, 47.496859, 505.0],
          [12.067943, 47.497804, 502.5],
          [12.067983, 47.498021, 503.5],
          [12.067998, 47.498154, 503.75],
          [12.067991, 47.498333, 503.75],
          [12.067958, 47.498473, 504.0],
          [12.067891, 47.498653, 504.5],
          [12.067783, 47.498847, 504.75],
          [12.067624, 47.499043, 504.75],
          [12.067423, 47.499233, 504.5],
          [12.066012, 47.500228, 503.0],
          [12.065922, 47.500323, 503.0],
          [12.065884, 47.500408, 503.0],
          [12.065881, 47.500462, 503.0],
          [12.065894, 47.500534, 503.0],
          [12.065943, 47.500649, 503.0],
          [12.065984, 47.500705, 503.0],
          [12.066038, 47.500761, 503.0],
          [12.066209, 47.500888, 503.0],
          [12.066554, 47.501073, 503.0],
          [12.066710, 47.501181, 502.5],
          [12.066789, 47.501270, 502.25],
          [12.066846, 47.501561, 500.75],
          [12.066893, 47.501650, 500.0],
          [12.066964, 47.501787, 499.5],
          [12.067093, 47.501958, 499.0],
          [12.068456, 47.503091, 499.75],
          [12.068529, 47.503139, 499.75],
          [12.068249, 47.503355, 499.5],
          [12.067978, 47.503607, 499.0],
          [12.067762, 47.503842, 499.0],
          [12.066889, 47.504945, 498.75],
          [12.066699, 47.505176, 499.5],
          [12.066603, 47.505310, 499.5],
          [12.066518, 47.505430, 498.5],
          [12.065909, 47.506204, 498.25],
          [12.065733, 47.506462, 499.0],
          [12.065641, 47.506595, 498.25],
          [12.065453, 47.506850, 498.0],
          [12.065304, 47.507013, 498.0],
          [12.065145, 47.507145, 498.75],
          [12.065009, 47.507243, 499.0],
          [12.064911, 47.507300, 499.25],
          [12.064850, 47.507333, 499.5],
          [12.064884, 47.507362, 499.25],
          [12.065134, 47.507570, 499.0],
          [12.065239, 47.507661, 499.0],
          [12.065564, 47.507935, 499.0],
          [12.066086, 47.508358, 499.0],
          [12.066887, 47.508993, 499.0],
          [12.066939, 47.509099, 499.0],
          [12.066954, 47.509209, 499.0],
          [12.066939, 47.509310, 499.0],
          [12.066922, 47.509407, 499.0],
          [12.066830, 47.509861, 498.75],
          [12.066809, 47.509967, 498.75],
          [12.066746, 47.510283, 499.0],
          [12.066659, 47.510697, 498.75],
          [12.066627, 47.510884, 498.75],
          [12.066616, 47.511027, 498.75],
          [12.066612, 47.511146, 499.0],
          [12.066622, 47.511265, 499.0],
          [12.066696, 47.511618, 499.0],
          [12.066787, 47.511953, 498.5],
          [12.066993, 47.512495, 498.75],
          [12.067054, 47.512587, 498.25],
          [12.067794, 47.514205, 495.75],
          [12.068007, 47.514620, 495.0],
          [12.068681, 47.515761, 494.0],
          [12.069285, 47.516803, 494.0],
          [12.069491, 47.517074, 494.25],
          [12.069604, 47.517190, 494.75],
          [12.072226, 47.518931, 494.75],
          [12.072272, 47.519002, 494.75],
          [12.072272, 47.519051, 494.75],
          [12.072245, 47.519092, 494.75],
          [12.072196, 47.519137, 495.0],
          [12.071843, 47.519371, 494.0],
          [12.071525, 47.519607, 494.0],
          [12.071399, 47.519717, 494.75],
          [12.071205, 47.519914, 494.25],
          [12.070928, 47.520237, 494.5],
          [12.070735, 47.520557, 494.75],
          [12.070621, 47.520883, 493.75],
          [12.070566, 47.521202, 494.75],
          [12.070555, 47.521488, 495.0],
          [12.070599, 47.521799, 493.5],
          [12.070663, 47.522051, 492.75],
          [12.070775, 47.522326, 493.5],
          [12.070991, 47.522677, 493.25],
          [12.071084, 47.522801, 494.25],
          [12.071201, 47.522928, 493.75],
          [12.071639, 47.523318, 493.75],
          [12.072358, 47.523892, 493.5],
          [12.072903, 47.524306, 493.25],
          [12.073342, 47.524616, 493.0],
          [12.073789, 47.524898, 493.0],
          [12.074188, 47.525109, 493.0],
          [12.074582, 47.525287, 493.5],
          [12.075069, 47.525462, 492.25],
          [12.075556, 47.525609, 494.0],
          [12.076042, 47.525714, 493.75],
          [12.076695, 47.525819, 493.5],
          [12.076973, 47.525850, 494.0],
          [12.077316, 47.525873, 494.25],
          [12.077713, 47.525881, 494.25],
          [12.078425, 47.525882, 494.5],
          [12.078678, 47.525875, 495.0],
          [12.078978, 47.525866, 495.0],
          [12.079228, 47.525838, 495.0],
          [12.079641, 47.525774, 494.0],
          [12.080494, 47.525620, 494.5],
          [12.080581, 47.525621, 495.0],
          [12.080653, 47.525636, 495.0],
          [12.080709, 47.525676, 495.0],
          [12.082654, 47.527399, 495.25],
          [12.082995, 47.527697, 495.0],
          [12.083311, 47.527923, 495.0],
          [12.084041, 47.528370, 495.0],
          [12.084752, 47.528816, 495.0],
          [12.085100, 47.528999, 494.5],
          [12.085393, 47.529121, 494.25],
          [12.085677, 47.529215, 494.25],
          [12.086042, 47.529303, 494.0],
          [12.087613, 47.529608, 492.5],
          [12.087933, 47.529670, 492.0],
          [12.088012, 47.529685, 492.0],
          [12.088251, 47.529729, 492.0],
          [12.089160, 47.529897, 492.5],
          [12.089373, 47.529935, 492.75],
          [12.089464, 47.529941, 492.5],
          [12.089559, 47.529936, 492.25],
          [12.089760, 47.529907, 491.5],
          [12.089937, 47.529885, 489.5],
          [12.090069, 47.529887, 489.0],
          [12.090726, 47.529944, 490.0],
          [12.092444, 47.529991, 490.0],
          [12.092479, 47.530063, 490.0],
          [12.092716, 47.530010, 490.0],
          [12.092769, 47.530001, 490.0],
          [12.092886, 47.530024, 490.0],
          [12.092931, 47.530062, 490.0],
          [12.092961, 47.530117, 490.0],
          [12.092989, 47.530124, 490.0],
          [12.093097, 47.530102, 489.75],
          [12.093202, 47.530079, 489.5],
          [12.093221, 47.530084, 489.5],
          [12.093299, 47.530239, 489.75],
          [12.093375, 47.530237, 489.5],
          [12.093465, 47.530253, 489.25],
          [12.093534, 47.530277, 489.25],
          [12.094446, 47.530808, 489.75],
          [12.095076, 47.531140, 488.75],
          [12.095463, 47.531334, 488.75],
          [12.096299, 47.531724, 488.5],
          [12.096508, 47.531827, 488.25],
          [12.096684, 47.531947, 488.75],
          [12.097431, 47.532351, 488.5],
          [12.097748, 47.532522, 489.75],
          [12.098749, 47.532978, 488.75],
          [12.098901, 47.533069, 489.75],
          [12.099221, 47.533301, 489.5],
          [12.099251, 47.533322, 489.5],
          [12.099359, 47.533386, 489.0],
          [12.099916, 47.533676, 488.25],
          [12.100997, 47.534189, 490.25],
          [12.101219, 47.534270, 491.75],
          [12.103718, 47.535041, 490.25],
          [12.103829, 47.535095, 490.5],
          [12.103941, 47.535166, 490.25],
          [12.104065, 47.535291, 490.5],
          [12.104137, 47.535339, 490.5],
          [12.104319, 47.535395, 490.75],
          [12.104697, 47.535437, 490.25],
          [12.104822, 47.535489, 490.0],
          [12.105373, 47.535730, 490.0],
          [12.106399, 47.536192, 490.75],
          [12.107382, 47.536672, 489.0],
          [12.108011, 47.536999, 489.75],
          [12.108600, 47.537320, 490.0],
          [12.109330, 47.537748, 489.0],
          [12.110113, 47.538237, 489.5],
          [12.111618, 47.539226, 488.75],
          [12.112162, 47.539636, 488.75],
          [12.112609, 47.539961, 488.75],
          [12.113073, 47.540287, 488.75],
          [12.113535, 47.540556, 489.25],
          [12.113933, 47.540751, 488.25],
          [12.114231, 47.540949, 488.0],
          [12.114752, 47.541372, 487.75],
          [12.115440, 47.541848, 487.75],
          [12.115868, 47.542210, 487.75],
          [12.116956, 47.543445, 487.75],
          [12.117077, 47.543599, 487.5],
          [12.117184, 47.543776, 487.5],
          [12.117574, 47.544741, 487.75],
          [12.118024, 47.545403, 488.0],
          [12.119130, 47.547194, 488.0],
          [12.119737, 47.548114, 488.0],
          [12.120516, 47.549226, 488.25],
          [12.121705, 47.550656, 488.0],
          [12.122127, 47.551087, 488.25],
          [12.123521, 47.552444, 488.25],
          [12.123887, 47.552750, 487.75],
          [12.124289, 47.553022, 487.75],
          [12.124631, 47.553324, 488.25],
          [12.125003, 47.553583, 487.75],
          [12.125384, 47.553859, 487.75],
          [12.125771, 47.554092, 487.75],
          [12.126181, 47.554370, 487.0],
          [12.126645, 47.554588, 486.5],
          [12.127944, 47.555410, 487.0],
          [12.128499, 47.555733, 487.0],
          [12.129788, 47.556461, 487.5],
          [12.130711, 47.556968, 487.5],
          [12.131490, 47.557430, 486.75],
          [12.132249, 47.557898, 487.0],
          [12.133733, 47.558870, 486.75],
          [12.134310, 47.559151, 487.75],
          [12.135053, 47.559483, 488.0],
          [12.135886, 47.559755, 487.75],
          [12.136262, 47.559902, 487.75],
          [12.136652, 47.560063, 487.75],
          [12.137085, 47.560276, 487.75],
          [12.137214, 47.560360, 487.75],
          [12.137287, 47.560432, 487.75],
          [12.137417, 47.560627, 487.5],
          [12.137470, 47.560694, 488.25],
          [12.137524, 47.560746, 489.0],
          [12.137595, 47.560799, 489.75],
          [12.137742, 47.560877, 490.0],
          [12.137864, 47.560918, 488.5],
          [12.137963, 47.560962, 487.75],
          [12.138704, 47.561424, 484.75],
          [12.139007, 47.561626, 484.25],
          [12.139182, 47.561760, 484.75],
          [12.139493, 47.562063, 484.5],
          [12.139610, 47.562199, 484.5],
          [12.139627, 47.562264, 484.5],
          [12.139573, 47.562323, 484.25],
          [12.139525, 47.562362, 484.5],
          [12.139459, 47.562398, 484.5],
          [12.139526, 47.562459, 484.5],
          [12.139738, 47.562701, 484.0],
          [12.139862, 47.562865, 484.25],
          [12.139942, 47.563013, 485.0],
          [12.140059, 47.563431, 484.25],
          [12.140197, 47.563765, 484.75],
          [12.140297, 47.563877, 484.0],
          [12.140526, 47.564064, 484.5],
          [12.140701, 47.564239, 484.5],
          [12.140809, 47.564539, 484.25],
          [12.141004, 47.564759, 484.25],
          [12.141902, 47.565968, 483.5],
          [12.142174, 47.566312, 484.0],
          [12.142248, 47.566427, 483.5],
          [12.142702, 47.567241, 483.25],
          [12.143013, 47.567730, 483.75],
          [12.143088, 47.567860, 483.5],
          [12.143152, 47.567994, 483.25],
          [12.143193, 47.568052, 483.25],
          [12.143255, 47.568090, 483.5],
          [12.143323, 47.568100, 483.75],
          [12.143385, 47.568100, 484.0],
          [12.143496, 47.568090, 484.0],
          [12.143569, 47.568104, 484.0],
          [12.143626, 47.568130, 483.75],
          [12.143679, 47.568181, 483.0],
          [12.143903, 47.568610, 483.5],
          [12.143927, 47.568674, 483.75],
          [12.144014, 47.568912, 484.5],
          [12.143994, 47.568973, 484.75],
          [12.143942, 47.569029, 485.0],
          [12.143608, 47.569227, 483.75],
          [12.143481, 47.569322, 484.5],
          [12.143399, 47.569417, 483.5],
          [12.143346, 47.569517, 483.0],
          [12.143315, 47.569625, 483.25],
          [12.143319, 47.569763, 483.25],
          [12.143395, 47.570085, 483.0],
          [12.143459, 47.570264, 483.5],
          [12.143560, 47.570478, 483.25],
          [12.143746, 47.570831, 483.5],
          [12.143994, 47.571271, 483.5],
          [12.144360, 47.571827, 483.5],
          [12.144607, 47.572174, 484.0],
          [12.145160, 47.572918, 484.0],
          [12.145311, 47.573101, 483.5],
          [12.145563, 47.573460, 483.25],
          [12.145642, 47.573616, 483.75],
          [12.145747, 47.573877, 486.0],
          [12.145965, 47.574214, 486.75],
          [12.146204, 47.574530, 486.5],
          [12.146445, 47.574735, 484.75],
          [12.146788, 47.575195, 484.25],
          [12.146798, 47.575251, 484.25],
          [12.146789, 47.575293, 484.5],
          [12.146764, 47.575325, 484.5],
          [12.146645, 47.575382, 485.25],
          [12.146723, 47.575469, 484.25],
          [12.146918, 47.575593, 483.25],
          [12.147033, 47.575648, 483.5],
          [12.147595, 47.575840, 483.5],
          [12.148032, 47.575958, 483.25],
          [12.148188, 47.575981, 483.5],
          [12.148449, 47.576002, 483.25],
          [12.148802, 47.576071, 482.75],
          [12.149194, 47.576128, 481.75],
          [12.149556, 47.576170, 480.5],
          [12.150602, 47.576262, 481.25],
          [12.150926, 47.576276, 481.5],
          [12.151526, 47.576277, 481.75],
          [12.151623, 47.576284, 482.25],
          [12.151942, 47.576330, 483.5],
          [12.151947, 47.576297, 482.5],
          [12.152124, 47.575398, 481.5],
          [12.152139, 47.575299, 483.5],
          [12.152143, 47.575255, 484.0],
          [12.152954, 47.575342, 483.5],
          [12.153509, 47.575400, 483.0],
          [12.153646, 47.575448, 482.75],
          [12.153939, 47.575514, 481.5],
          [12.155071, 47.575761, 481.25],
          [12.155684, 47.575886, 482.0],
          [12.156633, 47.576069, 481.75],
          [12.157312, 47.576235, 481.75],
          [12.157559, 47.576301, 482.0],
          [12.158094, 47.576445, 482.75],
          [12.159611, 47.576898, 481.75],
          [12.160711, 47.577246, 482.0],
          [12.162406, 47.577781, 482.25],
          [12.163263, 47.578063, 482.25],
          [12.163534, 47.578148, 482.75],
          [12.164239, 47.578421, 482.5],
          [12.164572, 47.578560, 481.5],
          [12.165089, 47.578814, 480.75],
          [12.165477, 47.579040, 480.5],
          [12.165768, 47.579199, 481.5],
          [12.166137, 47.579441, 481.0],
          [12.166223, 47.579498, 480.75],
          [12.166721, 47.579825, 485.0],
          [12.166742, 47.579928, 486.0],
          [12.166770, 47.579969, 488.25],
          [12.167196, 47.580361, 486.0],
          [12.167333, 47.580528, 482.5],
          [12.167461, 47.580721, 481.75],
          [12.167628, 47.581025, 481.25],
          [12.167770, 47.581330, 480.75],
          [12.167905, 47.581713, 480.5],
          [12.168024, 47.582129, 481.5],
          [12.168127, 47.582611, 479.25],
          [12.168139, 47.582711, 479.5],
          [12.168156, 47.582880, 479.75],
          [12.168144, 47.582953, 479.5],
          [12.168155, 47.583288, 479.25],
          [12.168142, 47.583662, 479.75],
          [12.168594, 47.583635, 483.75],
          [12.168841, 47.583617, 484.75],
          [12.169098, 47.583592, 486.5],
          [12.169136, 47.583587, 486.75],
          [12.169170, 47.583583, 487.0],
          [12.169767, 47.583480, 489.5]
        ]
      }
    }
  ]
}
