{
  "type": "FeatureCollection",
  "features": [
    {
      "type": "Feature",
      "properties": {
        "creator": "BRouter-1.7.10",
        "name": "brouter_trekking_0",
        "track-length": "176234",
        "filtered ascend": "312",
        "plain-ascend": "58",
        "total-time": "30796",
        "total-energy": "3075501",
        "cost": "186138",
        "messages": [
          ["Longitude", "Latitude", "Elevation", "Distance", "CostPerKm", "ElevCost", "TurnCost", "NodeCost", "InitialCost", "WayTags", "NodeTags", "Time", "Energy"],
          ["11575554", "48137418", "516", "3", "5050", "0", "0", "0", "0", "highway=footway surface=paving_stones", "", "0", "50"],
          ["11576391", "48137235", "515", "65", "3050", "0", "88", "0", "0", "highway=pedestrian surface=paving_stones smoothness=good", "", "10", "1046"],
          ["11576235", "48137058", "515", "23", "7050", "0", "105", "0", "0", "highway=pedestrian surface=paving_stones bicycle=no smoothness=good vehicle=no", "", "13", "1372"],
          ["11576801", "48136836", "514", "50", "7050", "0", "114", "0", "0", "highway=pedestrian surface=paving_stones bicycle=no smoothness=good", "", "20", "2095"],
          ["11577196", "48136594", "513", "40", "2250", "0", "0", "0", "0", "highway=pedestrian surface=asphalt bicycle=yes smoothness=good", "", "25", "2546"],
          ["11577601", "48136384", "512", "38", "1000", "0", "0", "0", "0", "highway=residential surface=asphalt foot=use_sidepath bicycle=yes smoothness=excellent cycleway=no route_bicycle_rcn=yes route_bicycle_lcn=yes", "nodeaccessgranted=yes wheelchair=yes", "29", "2994"],
          ["11579076", "48136060", "512", "116", "1000", "0", "0", "0", "0", "highway=residential surface=asphalt foot=use_sidepath bicycle=yes smoothness=excellent cycleway=no route_bicycle_rcn=yes route_bicycle_lcn=yes", "nodeaccessgranted=yes highway=crossing crossing=unmarked", "44", "4457"],
          ["11581291", "48135405", "512", "179", "1000", "0", "0", "0", "0", "highway=residential surface=asphalt foot=use_sidepath bicycle=yes smoothness=excellent cycleway=no route_bicycle_rcn=yes route_bicycle_lcn=yes", "nodeaccessgranted=yes highway=crossing crossing=unmarked", "72", "7240"],
          ["11581352", "48135384", "512", "5", "1000", "0", "0", "0", "0", "highway=residential surface=asphalt foot=use_sidepath bicycle=yes smoothness=excellent cycleway=no route_bicycle_rcn=yes route_bicycle_lcn=yes", "", "73", "7322"],
          ["11581484", "48135052", "512", "38", "1000", "0", "0", "0", "0", "highway=residential surface=asphalt foot=use_sidepath bicycle=yes smoothness=excellent cycleway:both=no oneway=yes route_bicycle_rcn=yes route_bicycle_lcn=yes", "nodeaccessgranted=yes highway=crossing crossing=unmarked kerb=lowered", "80", "8016"],
          ["11581491", "48134847", "513", "24", "1000", "0", "0", "0", "0", "highway=path surface=paved foot=designated bicycle=designated oneway=yes route_bicycle_rcn=yes route_bicycle_lcn=yes", "", "85", "8535"],
          ["11581597", "48134807", "513", "9", "1000", "0", "0", "20", "0", "highway=path surface=asphalt foot=designated bicycle=designated smoothness=good oneway=yes route_bicycle_rcn=yes route_bicycle_lcn=yes", "nodeaccessgranted=yes highway=crossing estimated_crossing_class=0 crossing=traffic_signals bicycle=yes", "87", "8737"],
          ["11581784", "48134722", "514", "17", "1000", "0", "0", "20", "0", "highway=path surface=asphalt foot=designated bicycle=designated smoothness=good oneway=yes route_bicycle_rcn=yes route_bicycle_lcn=yes", "nodeaccessgranted=yes highway=crossing estimated_crossing_class=0 crossing=traffic_signals bicycle=yes", "91", "9154"],
          ["11581871", "48134680", "514", "8", "1000", "0", "0", "0", "0", "highway=path surface=asphalt foot=designated bicycle=designated smoothness=good oneway=yes route_bicycle_rcn=yes route_bicycle_lcn=yes", "", "93", "9342"],
          ["11582617", "48133947", "514", "101", "1000", "0", "0", "0", "0", "highway=cycleway surface=asphalt bicycle=designated smoothness=excellent oneway=yes route_bicycle_rcn=yes route_bicycle_lcn=yes", "", "114", "11422"],
          ["11582684", "48133867", "514", "10", "1000", "0", "0", "0", "0", "highway=path surface=asphalt foot=designated bicycle=designated smoothness=excellent oneway=yes route_bicycle_rcn=yes route_bicycle_lcn=yes", "nodeaccessgranted=yes railway=unknown", "116", "11609"],
          ["11582694", "48133855", "514", "2", "1000", "0", "0", "20", "0", "highway=path surface=asphalt foot=designated bicycle=designated smoothness=excellent oneway=yes route_bicycle_rcn=yes route_bicycle_lcn=yes", "nodeaccessgranted=yes highway=traffic_signals crossing=traffic_signals", "116", "11646"],
          ["11582704", "48133843", "514", "2", "1000", "0", "0", "0", "0", "highway=path surface=asphalt foot=designated bicycle=designated smoothness=excellent oneway=yes route_bicycle_rcn=yes route_bicycle_lcn=yes", "nodeaccessgranted=yes wheelchair=yes railway=unknown", "116", "11684"],
          ["11582729", "48133816", "514", "4", "1000", "0", "0", "0", "0", "highway=path surface=asphalt foot=designated bicycle=designated smoothness=excellent oneway=yes route_bicycle_rcn=yes route_bicycle_lcn=yes", "nodeaccessgranted=yes crossing=traffic_signals railway=unknown", "117", "11758"],
          ["11583271", "48133048", "514", "94", "1000", "0", "0", "20", "0", "highway=path surface=asphalt foot=designated bicycle=designated smoothness=excellent oneway=yes route_bicycle_rcn=yes route_bicycle_lcn=yes", "nodeaccessgranted=yes highway=traffic_signals", "134", "13438"],
          ["11583437", "48132997", "514", "14", "1000", "0", "0", "0", "0", "highway=cycleway surface=asphalt smoothness=excellent oneway=yes route_bicycle_rcn=yes route_bicycle_lcn=yes", "nodeaccessgranted=yes estimated_crossing_class=0", "136", "13682"],
          ["11583903", "48132740", "514", "45", "1000", "0", "0", "0", "0", "highway=secondary surface=asphalt foot=use_sidepath smoothness=excellent oneway=yes cycleway:right=no cycleway:left=no route_bicycle_rcn=yes route_bicycle_lcn=yes", "", "144", "14458"],
          ["11584653", "48132366", "515", "70", "1000", "0", "0", "20", "0", "highway=secondary surface=asphalt foot=use_sidepath smoothness=excellent oneway=yes cycleway:right=yes cycleway:left=no route_bicycle_rcn=yes route_bicycle_lcn=yes", "nodeaccessgranted=yes highway=traffic_signals traffic_signals=signal", "159", "15917"],
          ["11584707", "48132342", "515", "5", "1000", "0", "0", "20", "0", "highway=secondary surface=asphalt foot=use_sidepath smoothness=excellent oneway=yes cycleway:right=yes cycleway:left=no route_bicycle_rcn=yes route_bicycle_lcn=yes", "nodeaccessgranted=yes highway=crossing estimated_crossing_class=0 crossing=traffic_signals bicycle=yes", "160", "16014"],
          ["11584850", "48132287", "515", "12", "1000", "0", "0", "0", "0", "highway=secondary surface=asphalt foot=use_sidepath smoothness=excellent oneway=yes cycleway:right=yes cycleway:left=no route_bicycle_rcn=yes route_bicycle_lcn=yes", "nodeaccessgranted=yes estimated_crossing_class=0", "162", "16260"],
          ["11584961", "48132216", "515", "11", "1000", "0", "0", "0", "0", "highway=cycleway surface=asphalt smoothness=excellent oneway=yes route_bicycle_rcn=yes route_bicycle_lcn=yes", "", "165", "16512"],
          ["11586507", "48131640", "513", "133", "1000", "0", "0", "0", "0", "highway=path surface=paved foot=designated bicycle=designated route_bicycle_rcn=yes route_bicycle_lcn=yes", "", "189", "18993"],
          ["11587381", "48131466", "511", "68", "1000", "0", "0", "0", "0", "highway=path surface=paved foot=designated bicycle=designated oneway=yes route_bicycle_rcn=yes route_bicycle_lcn=yes", "", "199", "19927"],
          ["11587614", "48131430", "513", "18", "1000", "0", "0", "0", "0", "highway=path surface=paved foot=designated bicycle=designated cycleway=unknown oneway=yes route_bicycle_rcn=yes route_bicycle_lcn=yes", "", "201", "20165"],
          ["11587809", "48131425", "515", "15", "1000", "0", "0", "20", "0", "highway=path surface=paved foot=designated bicycle=designated smoothness=excellent cycleway=unknown oneway=yes route_bicycle_ncn=yes route_bicycle_rcn=yes route_bicycle_lcn=yes", "nodeaccessgranted=yes highway=crossing crossing=traffic_signals", "204", "20461"],
          ["11589423", "48131578", "519", "121", "1000", "0", "0", "0", "0", "highway=path surface=paved foot=designated bicycle=designated smoothness=excellent cycleway=unknown oneway=yes route_bicycle_ncn=yes route_bicycle_rcn=yes route_bicycle_lcn=yes", "", "235", "23529"],
          ["11589535", "48131557", "520", "8", "1050", "0", "9", "0", "0", "highway=cycleway surface=asphalt bicycle=designated smoothness=good cycleway=unknown oneway=yes", "highway=crossing", "236", "23696"],
          ["11589594", "48131549", "520", "4", "1050", "0", "30", "0", "0", "highway=cycleway surface=asphalt bicycle=designated smoothness=good cycleway=unknown oneway=yes", "estimated_crossing_class=4", "237", "23779"],
          ["11589972", "48131258", "522", "43", "1000", "0", "0", "20", "0", "highway=secondary surface=asphalt foot=use_sidepath smoothness=excellent oneway=yes cycleway:right=lane cycleway:left=no route_bicycle_lcn=yes", "nodeaccessgranted=yes highway=traffic_signals", "251", "25169"],
          ["11590097", "48131160", "522", "14", "1000", "0", "0", "0", "0", "highway=secondary surface=asphalt foot=use_sidepath smoothness=excellent oneway=yes cycleway:right=lane cycleway:left=no route_bicycle_lcn=yes", "nodeaccessgranted=yes estimated_crossing_class=0", "256", "25606"],
          ["11590215", "48131073", "523", "13", "1000", "0", "0", "20", "0", "highway=secondary surface=asphalt foot=use_sidepath smoothness=excellent oneway=yes cycleway:right=lane cycleway:left=no route_bicycle_lcn=yes", "nodeaccessgranted=yes highway=crossing estimated_crossing_class=0 crossing=traffic_signals kerb=lowered", "260", "26006"],
          ["11592381", "48129540", "528", "235", "1000", "0", "0", "0", "0", "highway=secondary surface=asphalt foot=use_sidepath smoothness=excellent oneway=yes cycleway:right=lane cycleway:left=no route_bicycle_lcn=yes", "nodeaccessgranted=yes estimated_crossing_class=4", "341", "34111"],
          ["11593145", "48129033", "528", "80", "1000", "0", "0", "0", "0", "highway=secondary surface=asphalt foot=use_sidepath smoothness=excellent oneway=yes cycleway:right=lane cycleway:left=no route_bicycle_lcn=yes", "nodeaccessgranted=yes estimated_crossing_class=4", "356", "35697"],
          ["11593685", "48128574", "528", "66", "1000", "0", "0", "0", "0", "highway=cycleway surface=asphalt foot=no bicycle=designated oneway=yes route_bicycle_lcn=yes", "", "368", "36896"],
          ["11593826", "48128477", "528", "15", "1000", "0", "0", "20", "0", "highway=path surface=asphalt foot=designated bicycle=designated oneway=yes route_bicycle_lcn=yes", "nodeaccessgranted=yes highway=crossing estimated_crossing_class=0 crossing=traffic_signals railway=unknown", "371", "37161"],
          ["11593862", "48128459", "528", "3", "1000", "0", "0", "20", "0", "highway=path surface=asphalt foot=designated bicycle=designated oneway=yes route_bicycle_lcn=yes", "nodeaccessgranted=yes highway=crossing estimated_crossing_class=0 crossing=traffic_signals railway=unknown", "372", "37214"],
          ["11593927", "48128427", "527", "6", "1000", "0", "0", "0", "0", "highway=path surface=asphalt foot=designated bicycle=designated oneway=yes route_bicycle_lcn=yes", "", "374", "37427"],
          ["11594330", "48128215", "528", "38", "1000", "0", "0", "0", "0", "highway=cycleway surface=asphalt bicycle=designated smoothness=excellent oneway=yes route_bicycle_lcn=yes", "", "386", "38679"],
          ["11594352", "48128203", "528", "2", "1000", "0", "0", "0", "0", "highway=cycleway surface=asphalt bicycle=designated smoothness=excellent cycleway=crossing oneway=yes route_bicycle_lcn=yes", "nodeaccessgranted=yes highway=crossing crossing=marked", "387", "38738"],
          ["11594328", "48128140", "528", "7", "1000", "0", "0", "0", "0", "highway=tertiary surface=asphalt foot=use_sidepath smoothness=intermediate cycleway:both=no oneway=yes route_bicycle_lcn=yes", "", "389", "38939"],
          ["11594239", "48128100", "528", "8", "1000", "0", "0", "0", "0", "highway=cycleway surface=asphalt oneway=yes route_bicycle_lcn=yes", "", "391", "39160"],
          ["11594953", "48126664", "529", "168", "1000", "0", "0", "0", "0", "highway=path surface=asphalt foot=designated bicycle=designated smoothness=intermediate cycleway=unknown oneway=yes route_bicycle_lcn=yes", "nodeaccessgranted=yes highway=crossing crossing=marked", "431", "43126"],
          ["11594959", "48126587", "529", "9", "1000", "0", "0", "0", "0", "highway=path surface=asphalt foot=designated bicycle=designated smoothness=intermediate cycleway=unknown oneway=yes route_bicycle_lcn=yes", "", "433", "43308"],
          ["11595133", "48126199", "529", "45", "1000", "0", "0", "0", "0", "highway=cycleway surface=asphalt smoothness=intermediate cycleway=unknown oneway=yes route_bicycle_lcn=yes", "nodeaccessgranted=yes highway=crossing crossing=unmarked", "441", "44177"],
          ["11595180", "48126133", "529", "8", "1000", "0", "0", "0", "0", "highway=cycleway surface=asphalt smoothness=intermediate cycleway=unknown oneway=yes route_bicycle_lcn=yes", "", "443", "44327"],
          ["11596876", "48123840", "529", "285", "1000", "0", "0", "20", "0", "highway=path surface=asphalt foot=designated bicycle=designated smoothness=intermediate cycleway=unknown oneway=yes route_bicycle_lcn=yes", "nodeaccessgranted=yes highway=crossing crossing=traffic_signals", "492", "49278"],
          ["11597900", "48122824", "526", "136", "1000", "0", "0", "0", "0", "highway=path surface=asphalt foot=designated bicycle=designated smoothness=excellent cycleway=unknown oneway=no route_bicycle_lcn=yes", "nodeaccessgranted=yes highway=crossing crossing=unmarked", "510", "51042"],
          ["11598068", "48122615", "527", "26", "1000", "0", "0", "0", "0", "highway=path surface=asphalt foot=designated bicycle=designated smoothness=good cycleway=unknown oneway=yes route_bicycle_lcn=yes", "", "514", "51506"],
          ["11599920", "48119610", "531", "363", "1000", "0", "0", "0", "0", "highway=path surface=asphalt foot=designated bicycle=designated smoothness=intermediate cycleway=unknown oneway=yes route_bicycle_lcn=yes", "", "593", "59379"],
          ["11599972", "48119504", "531", "12", "1000", "0", "0", "20", "0", "highway=path surface=asphalt foot=designated bicycle=designated smoothness=good cycleway=unknown oneway=yes route_bicycle_lcn=yes", "nodeaccessgranted=yes highway=crossing crossing=traffic_signals wheelchair=yes", "595", "59589"],
          ["11600026", "48119409", "531", "11", "1000", "0", "0", "0", "0", "highway=path surface=asphalt foot=designated bicycle=designated smoothness=good cycleway=unknown oneway=yes route_bicycle_lcn=yes", "", "597", "59781"],
          ["11601425", "48116757", "533", "313", "1000", "0", "0", "0", "0", "highway=path surface=asphalt foot=designated bicycle=designated smoothness=intermediate cycleway=unknown oneway=yes route_bicycle_lcn=yes", "nodeaccessgranted=yes highway=crossing", "657", "65778"],
          ["11601901", "48115807", "533", "112", "1000", "0", "0", "0", "0", "highway=path surface=asphalt foot=designated bicycle=designated smoothness=intermediate cycleway=unknown oneway=yes route_bicycle_lcn=yes", "", "678", "67878"],
          ["11601893", "48115781", "533", "3", "1000", "0", "0", "0", "0", "highway=path foot=designated bicycle=designated smoothness=good oneway=yes route_bicycle_lcn=yes", "", "679", "67932"],
          ["11601920", "48115716", "533", "8", "1000", "0", "0", "20", "0", "highway=path surface=asphalt foot=designated bicycle=designated smoothness=good cycleway=unknown oneway=yes route_bicycle_lcn=yes", "nodeaccessgranted=yes highway=crossing estimated_crossing_class=0 crossing=traffic_signals bicycle=yes wheelchair=yes", "680", "68074"],
          ["11601961", "48115616", "533", "11", "1000", "0", "0", "20", "0", "highway=path surface=asphalt foot=designated bicycle=designated smoothness=good cycleway=unknown oneway=yes route_bicycle_lcn=yes", "nodeaccessgranted=yes highway=crossing estimated_crossing_class=0 crossing=traffic_signals bicycle=yes wheelchair=yes", "682", "68268"],
          ["11602049", "48115505", "533", "15", "1000", "0", "0", "0", "0", "highway=path surface=asphalt foot=designated bicycle=designated smoothness=good cycleway=unknown oneway=yes route_bicycle_lcn=yes", "", "685", "68531"],
          ["11602211", "48115583", "533", "15", "1000", "0", "0", "20", "0", "highway=path surface=asphalt foot=designated bicycle=designated smoothness=good oneway=yes route_bicycle_lcn=yes", "nodeaccessgranted=yes highway=crossing crossing=traffic_signals bicycle=yes wheelchair=yes", "687", "68793"],
          ["11602397", "48115665", "533", "17", "1000", "0", "0", "0", "0", "highway=path surface=asphalt foot=designated bicycle=designated smoothness=good oneway=yes route_bicycle_lcn=yes", "", "690", "69088"],
          ["11602413", "48115448", "533", "24", "1000", "0", "0", "0", "0", "reversedirection=yes highway=path surface=paved foot=designated bicycle=designated smoothness=good cycleway=unknown oneway=no route_bicycle_lcn=yes", "nodeaccessgranted=yes highway=crossing crossing=unmarked", "695", "69528"],
          ["11604767", "48115303", "534", "176", "1000", "0", "0", "0", "0", "highway=residential surface=asphalt bicycle=designated smoothness=good cycleway:both=no oneway=yes oneway:bicycle=no route_bicycle_lcn=yes bicycle_road=yes", "", "731", "73196"],
          ["11612455", "48115364", "536", "575", "1000", "0", "0", "0", "0", "reversedirection=yes highway=residential surface=asphalt bicycle=designated smoothness=good route_bicycle_lcn=yes bicycle_road=yes", "", "838", "83874"],
          ["11612835", "48115366", "537", "28", "1000", "0", "0", "20", "0", "reversedirection=yes highway=residential surface=asphalt foot=use_sidepath bicycle=designated smoothness=good cycleway:right=unknown cycleway:left=no route_bicycle_lcn=yes bicycle_road=yes", "nodeaccessgranted=yes highway=traffic_signals", "844", "84425"],
          ["11612966", "48115374", "537", "10", "1000", "0", "0", "20", "0", "reversedirection=yes highway=residential surface=asphalt foot=use_sidepath bicycle=designated smoothness=good cycleway:right=unknown cycleway:left=no route_bicycle_lcn=yes bicycle_road=yes", "nodeaccessgranted=yes highway=crossing crossing=traffic_signals kerb=lowered", "846", "84616"],
          ["11612997", "48115282", "537", "10", "1050", "0", "78", "0", "0", "highway=path surface=asphalt foot=no bicycle=designated smoothness=good cycleway=unknown", "", "847", "84805"],
          ["11613060", "48114968", "537", "36", "1050", "0", "5", "0", "0", "highway=cycleway surface=asphalt smoothness=excellent cycleway=unknown oneway=yes", "", "854", "85469"],
          ["11613089", "48114709", "537", "29", "1050", "0", "1", "0", "0", "highway=path surface=asphalt foot=designated bicycle=designated smoothness=excellent cycleway=unknown oneway=yes", "", "859", "85983"],
          ["11613238", "48114132", "536", "66", "1050", "0", "14", "0", "0", "highway=cycleway surface=asphalt smoothness=excellent cycleway=unknown oneway=yes", "", "871", "87132"],
          ["11613306", "48113840", "536", "33", "1050", "0", "1", "0", "0", "highway=path surface=asphalt foot=designated bicycle=designated smoothness=excellent cycleway=unknown oneway=yes", "highway=crossing crossing=unmarked", "876", "87623"],
          ["11613627", "48112776", "536", "121", "1050", "0", "0", "0", "0", "highway=path surface=asphalt foot=designated bicycle=designated smoothness=excellent cycleway=unknown oneway=yes", "highway=crossing crossing=unmarked", "894", "89499"],
          ["11614213", "48111517", "536", "147", "1050", "0", "17", "20", "0", "highway=path surface=asphalt foot=designated bicycle=designated smoothness=excellent cycleway=unknown oneway=yes", "highway=crossing estimated_crossing_class=0 crossing=traffic_signals bicycle=yes", "918", "91869"],
          ["11614330", "48111375", "535", "18", "1050", "0", "0", "20", "0", "highway=path surface=asphalt foot=designated bicycle=designated smoothness=excellent cycleway=unknown oneway=yes", "highway=crossing estimated_crossing_class=0 crossing=traffic_signals bicycle=yes", "921", "92147"],
          ["11614374", "48111321", "535", "7", "1050", "0", "0", "0", "0", "highway=path surface=asphalt foot=designated bicycle=designated smoothness=excellent cycleway=unknown oneway=yes", "", "922", "92256"],
          ["11614431", "48111359", "535", "6", "1050", "0", "115", "0", "0", "highway=path surface=paving_stones foot=designated bicycle=designated smoothness=intermediate cycleway=unknown oneway=yes", "barrier=kerb kerb=lowered", "923", "92350"],
          ["11614494", "48111403", "535", "7", "1050", "0", "0", "20", "0", "highway=path surface=paving_stones foot=designated bicycle=designated smoothness=intermediate cycleway=crossing oneway=yes", "highway=crossing crossing=traffic_signals bicycle=yes kerb=lowered", "924", "92460"],
          ["11615145", "48111888", "535", "73", "1050", "0", "0", "20", "0", "highway=path surface=paving_stones foot=designated bicycle=designated smoothness=intermediate cycleway=unknown oneway=yes", "highway=crossing crossing=traffic_signals bicycle=yes", "934", "93496"],
          ["11615218", "48111949", "535", "9", "1050", "0", "0", "20", "0", "highway=path surface=paving_stones foot=designated bicycle=designated smoothness=intermediate cycleway=unknown oneway=yes", "highway=crossing crossing=traffic_signals bicycle=yes", "936", "93629"],
          ["11615555", "48112182", "535", "37", "1050", "0", "16", "20", "0", "highway=path surface=paving_stones foot=designated bicycle=designated smoothness=intermediate cycleway=unknown oneway=yes", "highway=crossing crossing=traffic_signals bicycle=yes", "941", "94191"],
          ["11616320", "48112861", "534", "98", "1050", "0", "45", "0", "0", "highway=path surface=paving_stones foot=designated bicycle=designated smoothness=intermediate cycleway=unknown oneway=yes", "", "955", "95559"],
          ["11618627", "48108894", "535", "486", "1050", "0", "24", "0", "0", "highway=path surface=asphalt foot=designated bicycle=designated smoothness=good cycleway=unknown oneway=yes", "highway=crossing crossing=unmarked", "1038", "103863"],
          ["11619488", "48107538", "535", "163", "1050", "0", "0", "0", "0", "highway=path surface=asphalt foot=designated bicycle=designated smoothness=good cycleway=unknown oneway=yes", "highway=crossing crossing=unmarked", "1070", "107070"],
          ["11620918", "48106403", "536", "166", "1050", "0", "0", "0", "0", "highway=path surface=asphalt foot=designated bicycle=designated smoothness=good cycleway=unknown oneway=yes", "highway=crossing crossing=unmarked", "1101", "110127"],
          ["11624174", "48104060", "538", "358", "1050", "0", "0", "0", "0", "highway=path surface=asphalt foot=designated bicycle=designated smoothness=good cycleway=unknown oneway=yes", "barrier=kerb kerb=lowered", "1167", "116786"],
          ["11624228", "48104021", "538", "6", "1050", "0", "0", "20", "0", "highway=path surface=asphalt foot=designated bicycle=designated smoothness=good cycleway=crossing oneway=yes", "highway=crossing crossing=traffic_signals wheelchair=yes", "1168", "116901"],
          ["11624287", "48103974", "538", "7", "1050", "0", "0", "0", "0", "highway=path surface=asphalt foot=designated bicycle=designated smoothness=good cycleway=crossing oneway=yes", "", "1170", "117035"],
          ["11624771", "48103584", "538", "57", "1050", "0", "0", "0", "0", "highway=path surface=asphalt foot=designated bicycle=designated smoothness=good oneway=yes", "highway=crossing", "1180", "118088"],
          ["11625443", "48103036", "538", "79", "1050", "0", "0", "0", "0", "highway=path surface=asphalt foot=designated bicycle=designated smoothness=good oneway=yes", "", "1194", "119480"],
          ["11625639", "48102893", "538", "22", "1000", "0", "0", "0", "0", "highway=path surface=asphalt foot=designated bicycle=designated smoothness=good oneway=yes route_bicycle_rcn=yes", "", "1198", "119885"],
          ["11625755", "48102804", "538", "13", "1050", "0", "0", "0", "0", "highway=path surface=asphalt foot=designated bicycle=designated smoothness=good oneway=no", "barrier=kerb kerb=lowered", "1201", "120120"],
          ["11625807", "48102765", "538", "6", "1050", "0", "0", "20", "0", "highway=path surface=asphalt foot=designated bicycle=designated smoothness=good oneway=no", "highway=crossing estimated_crossing_class=0 crossing=traffic_signals", "1202", "120222"],
          ["11625931", "48102685", "538", "13", "1050", "0", "0", "0", "0", "highway=path surface=asphalt foot=designated bicycle=designated smoothness=good oneway=no", "barrier=kerb kerb=lowered", "1204", "120440"],
          ["11625982", "48102652", "538", "5", "1050", "0", "0", "0", "0", "highway=path surface=paved foot=designated bicycle=designated oneway=no", "", "1205", "120524"],
          ["11628349", "48101304", "538", "233", "1050", "0", "0", "0", "0", "highway=path surface=asphalt foot=designated bicycle=designated smoothness=good oneway=yes", "highway=crossing crossing=unmarked kerb=lowered", "1244", "124463"],
          ["11630341", "48099867", "539", "259", "1050", "0", "21", "0", "0", "highway=path surface=asphalt foot=designated bicycle=designated smoothness=good oneway=yes", "highway=crossing crossing=unmarked kerb=lowered", "1290", "129027"],
          ["11630881", "48099730", "539", "43", "1050", "0", "10", "0", "0", "highway=path surface=asphalt foot=designated bicycle=designated smoothness=good oneway=yes", "", "1298", "129844"],
          ["11630940", "48099718", "539", "5", "1000", "0", "0", "0", "0", "highway=path surface=asphalt foot=designated bicycle=designated smoothness=good route_bicycle_ncn=yes route_bicycle_rcn=yes route_bicycle_lcn=yes", "", "1299", "129936"],
          ["11630988", "48099708", "539", "4", "1000", "0", "0", "20", "0", "highway=path surface=asphalt foot=designated bicycle=designated smoothness=good cycleway=crossing route_bicycle_ncn=yes route_bicycle_rcn=yes route_bicycle_lcn=yes", "nodeaccessgranted=yes highway=crossing crossing=traffic_signals kerb=lowered", "1299", "130010"],
          ["11631002", "48099633", "539", "8", "1000", "0", "0", "20", "0", "highway=residential surface=asphalt smoothness=good cycleway:both=separate route_bicycle_ncn=yes route_bicycle_rcn=yes route_bicycle_lcn=yes", "nodeaccessgranted=yes highway=traffic_signals traffic_signals:direction=backward", "1301", "130157"],
          ["11631059", "48099389", "539", "27", "1000", "0", "0", "0", "0", "highway=residential surface=asphalt smoothness=good cycleway:both=separate route_bicycle_ncn=yes route_bicycle_rcn=yes route_bicycle_lcn=yes", "", "1306", "130644"],
          ["11631786", "48096994", "539", "272", "1000", "0", "0", "0", "0", "highway=residential surface=asphalt foot=use_sidepath smoothness=good cycleway:both=separate route_bicycle_ncn=yes route_bicycle_rcn=yes route_bicycle_lcn=yes", "nodeaccessgranted=yes highway=crossing crossing=unmarked kerb=lowered", "1354", "135459"],
          ["11632289", "48095984", "540", "118", "1000", "0", "0", "0", "0", "highway=residential surface=asphalt foot=use_sidepath smoothness=good cycleway:both=separate route_bicycle_ncn=yes route_bicycle_rcn=yes route_bicycle_lcn=yes", "nodeaccessgranted=yes highway=crossing crossing=unmarked kerb=flush", "1376", "137692"],
          ["11632827", "48095193", "540", "97", "1000", "0", "0", "0", "0", "highway=residential surface=asphalt foot=use_sidepath smoothness=good cycleway:both=separate route_bicycle_ncn=yes route_bicycle_rcn=yes route_bicycle_lcn=yes", "", "1394", "139425"],
          ["11632932", "48095195", "540", "8", "1000", "0", "0", "0", "0", "highway=residential surface=asphalt smoothness=good route_bicycle_ncn=yes route_bicycle_rcn=yes route_bicycle_lcn=yes", "nodeaccessgranted=yes highway=crossing crossing=unmarked kerb=lowered", "1395", "139579"],
          ["11632997", "48095194", "540", "5", "1000", "0", "0", "0", "0", "highway=residential surface=asphalt smoothness=good route_bicycle_ncn=yes route_bicycle_rcn=yes route_bicycle_lcn=yes", "nodeaccessgranted=yes highway=give_way", "1396", "139681"],
          ["11635740", "48094782", "541", "211", "1000", "0", "0", "0", "0", "highway=residential surface=asphalt smoothness=good route_bicycle_ncn=yes route_bicycle_rcn=yes route_bicycle_lcn=yes", "nodeaccessgranted=yes highway=crossing crossing=unmarked kerb=lowered", "1436", "143633"],
          ["11635857", "48094762", "541", "9", "1000", "0", "0", "0", "0", "highway=residential surface=asphalt smoothness=good route_bicycle_ncn=yes route_bicycle_rcn=yes route_bicycle_lcn=yes", "", "1437", "143789"],
          ["11637061", "48094504", "541", "94", "1000", "0", "0", "0", "0", "reversedirection=yes highway=residential surface=asphalt smoothness=good route_bicycle_ncn=yes route_bicycle_rcn=yes route_bicycle_lcn=yes", "nodeaccessgranted=yes highway=crossing crossing=unmarked", "1453", "145397"],
          ["11637648", "48094318", "541", "50", "1000", "0", "0", "0", "0", "reversedirection=yes highway=residential surface=asphalt smoothness=good route_bicycle_ncn=yes route_bicycle_rcn=yes route_bicycle_lcn=yes", "", "1462", "146244"],
          ["11638359", "48094215", "542", "57", "1000", "0", "0", "0", "0", "reversedirection=yes highway=path surface=asphalt foot=designated bicycle=designated smoothness=excellent route_bicycle_ncn=yes route_bicycle_rcn=yes route_bicycle_lcn=yes", "", "1473", "147395"],
          ["11638822", "48091378", "542", "387", "1000", "0", "0", "0", "0", "highway=path surface=asphalt foot=designated bicycle=designated smoothness=good route_bicycle_ncn=yes route_bicycle_rcn=yes route_bicycle_lcn=yes", "", "1541", "154181"],
          ["11638696", "48091114", "542", "31", "1000", "0", "0", "0", "0", "highway=path surface=paving_stones foot=designated bicycle=designated smoothness=good route_bicycle_ncn=yes route_bicycle_rcn=yes route_bicycle_lcn=yes", "", "1547", "154726"],
          ["11638646", "48090529", "542", "65", "1000", "0", "0", "0", "0", "highway=path surface=sett foot=designated bicycle=designated smoothness=good route_bicycle_ncn=yes route_bicycle_rcn=yes route_bicycle_lcn=yes", "", "1558", "155850"],
          ["11638493", "48090228", "543", "35", "1000", "0", "0", "0", "0", "highway=path surface=paving_stones foot=designated bicycle=designated smoothness=good route_bicycle_ncn=yes route_bicycle_rcn=yes route_bicycle_lcn=yes", "nodeaccessgranted=yes barrier=cycle_barrier access=yes foot=yes", "1565", "156592"],
          ["11638422", "48090088", "543", "16", "1000", "0", "0", "0", "0", "highway=path surface=paving_stones foot=designated bicycle=designated smoothness=good route_bicycle_ncn=yes route_bicycle_rcn=yes route_bicycle_lcn=yes", "nodeaccessgranted=yes highway=crossing crossing=uncontrolled", "1569", "156921"],
          ["11639982", "48089722", "543", "123", "1000", "0", "0", "0", "0", "highway=residential surface=asphalt smoothness=good cycleway:both=separate oneway=no route_bicycle_ncn=yes route_bicycle_rcn=yes route_bicycle_lcn=yes", "nodeaccessgranted=yes highway=give_way direction=forward", "1592", "159221"],
          ["11640049", "48089706", "543", "5", "1000", "0", "0", "0", "0", "highway=residential surface=asphalt smoothness=good cycleway:both=separate oneway=no route_bicycle_ncn=yes route_bicycle_rcn=yes route_bicycle_lcn=yes", "nodeaccessgranted=yes highway=crossing crossing=unmarked", "1592", "159309"],
          ["11640261", "48089656", "543", "17", "1000", "0", "0", "0", "0", "highway=residential surface=asphalt smoothness=good cycleway:both=separate oneway=no route_bicycle_ncn=yes route_bicycle_rcn=yes route_bicycle_lcn=yes", "", "1595", "159608"],
          ["11640223", "48089547", "543", "12", "1000", "0", "0", "0", "0", "reversedirection=yes highway=unclassified surface=asphalt foot=use_sidepath smoothness=good cycleway:both=separate route_bicycle_ncn=yes route_bicycle_rcn=yes route_bicycle_lcn=yes", "nodeaccessgranted=yes highway=crossing crossing=unmarked", "1598", "159818"],
          ["11640693", "48088469", "543", "127", "1000", "0", "0", "0", "0", "reversedirection=yes highway=unclassified surface=asphalt foot=use_sidepath smoothness=good cycleway:both=separate route_bicycle_ncn=yes route_bicycle_rcn=yes route_bicycle_lcn=yes", "nodeaccessgranted=yes highway=crossing crossing=uncontrolled bicycle=yes", "1620", "162035"],
          ["11640836", "48088273", "543", "24", "1000", "0", "0", "0", "0", "reversedirection=yes highway=unclassified surface=asphalt foot=use_sidepath smoothness=good cycleway:both=separate route_bicycle_ncn=yes route_bicycle_rcn=yes route_bicycle_lcn=yes", "nodeaccessgranted=yes highway=crossing crossing=uncontrolled bicycle=yes", "1624", "162435"],
          ["11641420", "48087473", "544", "99", "1000", "0", "0", "0", "0", "reversedirection=yes highway=unclassified surface=asphalt foot=use_sidepath smoothness=good route_bicycle_ncn=yes route_bicycle_rcn=yes route_bicycle_lcn=yes", "nodeaccessgranted=yes highway=crossing crossing=unmarked kerb=lowered", "1643", "164409"],
          ["11641543", "48087304", "544", "21", "1000", "0", "0", "0", "0", "reversedirection=yes highway=unclassified surface=asphalt foot=use_sidepath smoothness=good route_bicycle_ncn=yes route_bicycle_rcn=yes route_bicycle_lcn=yes", "nodeaccessgranted=yes highway=crossing", "1647", "164795"],
          ["11643169", "48086315", "544", "174", "1000", "0", "0", "0", "0", "reversedirection=yes highway=unclassified surface=asphalt foot=use_sidepath smoothness=good route_bicycle_ncn=yes route_bicycle_rcn=yes route_bicycle_lcn=yes", "nodeaccessgranted=yes highway=crossing crossing=unmarked", "1678", "167843"],
          ["11643525", "48086256", "544", "27", "1000", "0", "0", "0", "0", "reversedirection=yes highway=unclassified surface=asphalt foot=use_sidepath smoothness=good route_bicycle_ncn=yes route_bicycle_rcn=yes route_bicycle_lcn=yes", "nodeaccessgranted=yes highway=crossing crossing=uncontrolled", "1682", "168300"],
          ["11644056", "48086252", "544", "40", "1000", "0", "0", "0", "0", "reversedirection=yes highway=unclassified surface=asphalt foot=use_sidepath smoothness=good route_bicycle_ncn=yes route_bicycle_rcn=yes route_bicycle_lcn=yes", "", "1689", "168975"],
          ["11645031", "48086260", "544", "74", "1000", "0", "0", "0", "0", "highway=unclassified surface=asphalt foot=use_sidepath smoothness=good cycleway:both=separate oneway=yes oneway:bicycle=no route_bicycle_ncn=yes route_bicycle_rcn=yes route_bicycle_lcn=yes", "", "1702", "170222"],
          ["11645310", "48086296", "544", "21", "1000", "0", "0", "20", "0", "reversedirection=yes highway=unclassified surface=asphalt foot=use_sidepath smoothness=good cycleway:both=separate route_bicycle_ncn=yes route_bicycle_rcn=yes route_bicycle_lcn=yes", "nodeaccessgranted=yes highway=traffic_signals traffic_signals:direction=backward", "1705", "170575"],
          ["11645425", "48086347", "544", "10", "1000", "0", "0", "20", "0", "reversedirection=yes highway=unclassified surface=asphalt foot=use_sidepath smoothness=good cycleway:both=separate route_bicycle_ncn=yes route_bicycle_rcn=yes route_bicycle_lcn=yes", "nodeaccessgranted=yes highway=crossing crossing=traffic_signals bicycle=yes kerb=lowered", "1707", "170743"],
          ["11645568", "48086285", "544", "15", "1000", "0", "0", "0", "0", "reversedirection=yes highway=path surface=asphalt foot=designated bicycle=designated smoothness=good oneway=no route_bicycle_ncn=yes route_bicycle_rcn=yes route_bicycle_lcn=yes", "", "1709", "170996"],
          ["11648675", "48083557", "546", "382", "1000", "0", "0", "0", "0", "reversedirection=yes highway=path surface=asphalt foot=designated bicycle=designated smoothness=intermediate oneway=no route_bicycle_ncn=yes route_bicycle_rcn=yes route_bicycle_lcn=yes", "", "1781", "178155"],
          ["11649827", "48081385", "547", "258", "1000", "0", "0", "0", "0", "reversedirection=yes highway=path surface=asphalt foot=designated bicycle=designated smoothness=good oneway=no route_bicycle_ncn=yes route_bicycle_rcn=yes", "nodeaccessgranted=yes barrier=kerb kerb=flush", "1828", "182882"],
          ["11649875", "48081238", "547", "17", "1000", "0", "0", "20", "0", "reversedirection=yes highway=path surface=asphalt foot=designated bicycle=designated smoothness=good cycleway=crossing oneway=no route_bicycle_ncn=yes route_bicycle_rcn=yes", "nodeaccessgranted=yes highway=crossing crossing=traffic_signals bicycle=yes kerb=flush", "1832", "183226"],
          ["11649938", "48081122", "546", "14", "1000", "0", "0", "0", "0", "reversedirection=yes highway=path surface=asphalt foot=designated bicycle=designated smoothness=good cycleway=crossing oneway=no route_bicycle_ncn=yes route_bicycle_rcn=yes", "nodeaccessgranted=yes barrier=kerb kerb=flush", "1834", "183484"],
          ["11651062", "48079057", "547", "245", "1000", "0", "0", "0", "0", "reversedirection=yes highway=path surface=asphalt foot=designated bicycle=designated smoothness=good oneway=no route_bicycle_ncn=yes route_bicycle_rcn=yes", "", "1880", "188092"],
          ["11651465", "48078063", "546", "114", "1000", "0", "0", "0", "0", "reversedirection=yes highway=path surface=asphalt foot=designated bicycle=designated smoothness=excellent cycleway=unknown oneway:bicycle=no route_bicycle_ncn=yes route_bicycle_rcn=yes", "", "1898", "189843"],
          ["11651490", "48077918", "546", "17", "1000", "0", "0", "20", "0", "highway=path surface=asphalt foot=designated bicycle=designated smoothness=good cycleway=crossing oneway:bicycle=no route_bicycle_ncn=yes route_bicycle_rcn=yes", "nodeaccessgranted=yes highway=crossing crossing=traffic_signals bicycle=yes kerb=lowered", "1900", "190081"],
          ["11651533", "48077822", "545", "11", "1000", "0", "0", "0", "0", "highway=path surface=asphalt foot=designated bicycle=designated smoothness=good cycleway=crossing oneway:bicycle=no route_bicycle_ncn=yes route_bicycle_rcn=yes", "", "1901", "190215"],
          ["11651575", "48077758", "545", "8", "1000", "0", "0", "0", "0", "highway=path surface=asphalt foot=designated bicycle=designated smoothness=good oneway=no route_bicycle_ncn=yes route_bicycle_rcn=yes", "", "1902", "190310"],
          ["11651518", "48077740", "545", "5", "1000", "0", "0", "0", "0", "reversedirection=yes highway=path surface=asphalt foot=designated bicycle=designated smoothness=good oneway=no route_bicycle_lcn=yes", "nodeaccessgranted=yes barrier=bollard", "1903", "190374"],
          ["11652267", "48076454", "550", "172", "1000", "0", "0", "0", "0", "reversedirection=yes highway=path surface=asphalt foot=designated bicycle=designated smoothness=good oneway=no route_bicycle_lcn=yes", "", "1944", "194421"],
          ["11652425", "48076258", "549", "25", "1000", "0", "0", "0", "0", "reversedirection=yes highway=cycleway surface=asphalt foot=yes bicycle=yes smoothness=good route_bicycle_lcn=yes", "", "1949", "194993"],
          ["11653039", "48075427", "549", "107", "1000", "0", "0", "0", "0", "reversedirection=yes highway=path surface=asphalt foot=designated bicycle=designated smoothness=good oneway=no route_bicycle_lcn=yes", "nodeaccessgranted=yes barrier=bollard", "1971", "197175"],
          ["11653091", "48075356", "549", "9", "1000", "0", "0", "0", "0", "reversedirection=yes highway=path surface=asphalt foot=designated bicycle=designated smoothness=good oneway=no route_bicycle_lcn=yes", "", "1972", "197315"],
          ["11653111", "48075331", "549", "3", "1000", "0", "0", "0", "0", "reversedirection=yes highway=path surface=asphalt foot=designated bicycle=designated smoothness=good cycleway=crossing oneway=no route_bicycle_lcn=yes", "nodeaccessgranted=yes barrier=kerb kerb=lowered", "1973", "197360"],
          ["11653144", "48075303", "549", "4", "1000", "0", "0", "0", "0", "reversedirection=yes highway=path surface=asphalt foot=designated bicycle=designated smoothness=good cycleway=crossing oneway=no route_bicycle_lcn=yes", "nodeaccessgranted=yes highway=crossing crossing=uncontrolled bicycle=designated kerb=lowered", "1974", "197419"],
          ["11653194", "48075268", "549", "5", "1000", "0", "0", "0", "0", "reversedirection=yes highway=path surface=asphalt foot=designated bicycle=designated smoothness=good cycleway=crossing oneway=no route_bicycle_lcn=yes", "nodeaccessgranted=yes barrier=kerb kerb=lowered", "1974", "197493"],
          ["11653293", "48075179", "549", "13", "1000", "0", "0", "0", "0", "highway=path surface=asphalt foot=designated bicycle=designated smoothness=excellent cycleway=unknown oneway=no route_bicycle_lcn=yes", "", "1976", "197688"],
          ["11653173", "48075133", "549", "10", "1050", "0", "92", "0", "0", "highway=footway surface=paving_stones bicycle=yes cycleway=crossing oneway:bicycle=no", "highway=crossing estimated_crossing_class=3 crossing=uncontrolled kerb=lowered", "1978", "197840"],
          ["11653071", "48075095", "549", "9", "1050", "0", "0", "0", "0", "highway=footway surface=paving_stones bicycle=yes cycleway=crossing oneway:bicycle=no", "", "1979", "197978"],
          ["11653597", "48074174", "549", "109", "1050", "0", "98", "0", "0", "highway=path surface=asphalt foot=designated bicycle=designated smoothness=excellent cycleway=unknown oneway=yes", "", "1998", "199875"],
          ["11653641", "48074118", "550", "7", "1050", "0", "1", "0", "0", "highway=path surface=asphalt foot=designated bicycle=designated smoothness=excellent cycleway=crossing oneway=yes", "highway=crossing crossing=uncontrolled bicycle=yes kerb=lowered", "1999", "200011"],
          ["11653678", "48074069", "550", "6", "1050", "0", "0", "0", "0", "highway=path surface=asphalt foot=designated bicycle=designated smoothness=excellent cycleway=crossing oneway=yes", "barrier=kerb kerb=lowered", "2001", "200127"],
          ["11654681", "48072856", "550", "154", "1050", "0", "0", "0", "0", "highway=path surface=asphalt foot=designated bicycle=designated smoothness=excellent cycleway=unknown oneway=yes", "barrier=kerb kerb=lowered", "2030", "203105"],
          ["11654716", "48072814", "550", "5", "1050", "0", "0", "0", "0", "highway=path surface=asphalt foot=designated bicycle=designated smoothness=excellent cycleway=crossing oneway=yes", "highway=crossing crossing=unmarked bicycle=yes", "2031", "203200"],
          ["11654742", "48072782", "550", "4", "1050", "0", "0", "0", "0", "highway=path surface=asphalt foot=designated bicycle=designated smoothness=excellent cycleway=crossing oneway=yes", "barrier=kerb kerb=lowered", "2032", "203275"],
          ["11655775", "48071512", "551", "161", "1050", "0", "0", "0", "0", "highway=path surface=asphalt foot=designated bicycle=designated smoothness=excellent cycleway=unknown oneway=yes", "", "2063", "206404"],
          ["11657274", "48069577", "553", "243", "1000", "0", "0", "0", "0", "highway=path surface=asphalt foot=designated bicycle=designated smoothness=excellent cycleway=unknown oneway=yes route_bicycle_ncn=yes route_bicycle_rcn=yes", "nodeaccessgranted=yes barrier=kerb kerb=lowered", "2111", "211207"],
          ["11657307", "48069538", "553", "5", "1000", "0", "0", "0", "0", "highway=path surface=asphalt foot=designated bicycle=designated smoothness=excellent cycleway=crossing oneway=yes route_bicycle_ncn=yes route_bicycle_rcn=yes", "nodeaccessgranted=yes highway=crossing crossing=uncontrolled bicycle=yes", "2112", "211300"],
          ["11657335", "48069505", "553", "4", "1000", "0", "0", "0", "0", "highway=path surface=asphalt foot=designated bicycle=designated smoothness=excellent cycleway=crossing oneway=yes route_bicycle_ncn=yes route_bicycle_rcn=yes", "nodeaccessgranted=yes barrier=kerb kerb=lowered", "2113", "211375"],
          ["11657919", "48068808", "553", "88", "1000", "0", "0", "0", "0", "highway=path surface=asphalt foot=designated bicycle=designated smoothness=excellent cycleway=unknown oneway=yes route_bicycle_ncn=yes route_bicycle_rcn=yes", "nodeaccessgranted=yes barrier=kerb kerb=lowered", "2129", "213003"],
          ["11657948", "48068774", "553", "4", "1000", "0", "0", "0", "0", "highway=path surface=asphalt foot=designated bicycle=designated smoothness=excellent cycleway=crossing oneway=yes route_bicycle_ncn=yes route_bicycle_rcn=yes", "nodeaccessgranted=yes highway=crossing crossing=uncontrolled bicycle=yes", "2130", "213076"],
          ["11657979", "48068738", "553", "5", "1000", "0", "0", "0", "0", "highway=path surface=asphalt foot=designated bicycle=designated smoothness=excellent cycleway=crossing oneway=yes route_bicycle_ncn=yes route_bicycle_rcn=yes", "nodeaccessgranted=yes barrier=kerb kerb=lowered", "2131", "213174"],
          ["11658547", "48068090", "554", "83", "1000", "0", "0", "0", "0", "highway=path surface=asphalt foot=designated bicycle=designated smoothness=excellent cycleway=unknown oneway=yes route_bicycle_ncn=yes route_bicycle_rcn=yes", "nodeaccessgranted=yes barrier=kerb kerb=lowered", "2147", "214814"],
          ["11658577", "48068041", "554", "6", "1000", "0", "0", "0", "0", "highway=path surface=asphalt foot=designated bicycle=designated smoothness=excellent cycleway=crossing oneway=yes route_bicycle_ncn=yes route_bicycle_rcn=yes", "nodeaccessgranted=yes highway=crossing crossing=uncontrolled bicycle=yes kerb=lowered", "2149", "214930"],
          ["11658598", "48068001", "554", "5", "1000", "0", "0", "0", "0", "highway=path surface=asphalt foot=designated bicycle=designated smoothness=excellent cycleway=crossing oneway=yes route_bicycle_ncn=yes route_bicycle_rcn=yes", "nodeaccessgranted=yes barrier=kerb kerb=lowered", "2150", "215027"],
          ["11659487", "48066850", "554", "144", "1000", "0", "0", "0", "0", "highway=path surface=paved foot=designated bicycle=designated cycleway=unknown oneway=yes route_bicycle_ncn=yes route_bicycle_rcn=yes", "nodeaccessgranted=yes barrier=kerb kerb=lowered", "2177", "217795"],
          ["11659520", "48066807", "554", "5", "1000", "0", "0", "0", "0", "highway=path surface=asphalt foot=designated bicycle=designated smoothness=excellent cycleway=crossing oneway=yes route_bicycle_ncn=yes route_bicycle_rcn=yes", "nodeaccessgranted=yes highway=crossing crossing=unmarked bicycle=yes", "2178", "217886"],
          ["11659558", "48066756", "554", "6", "1000", "0", "0", "0", "0", "highway=path surface=asphalt foot=designated bicycle=designated smoothness=excellent cycleway=crossing oneway=yes route_bicycle_ncn=yes route_bicycle_rcn=yes", "nodeaccessgranted=yes barrier=kerb kerb=lowered", "2179", "217994"],
          ["11660632", "48065331", "555", "177", "1000", "0", "0", "0", "0", "highway=path surface=asphalt foot=designated bicycle=designated smoothness=excellent cycleway=unknown oneway=yes route_bicycle_ncn=yes route_bicycle_rcn=yes", "", "2212", "221274"],
          ["11660614", "48065221", "555", "14", "1000", "0", "0", "0", "0", "highway=path surface=asphalt foot=designated bicycle=designated smoothness=excellent oneway=yes route_bicycle_ncn=yes route_bicycle_rcn=yes", "", "2214", "221517"],
          ["11660632", "48065196", "555", "3", "1000", "0", "0", "0", "0", "highway=path surface=asphalt foot=designated bicycle=designated smoothness=excellent cycleway=crossing oneway=no route_bicycle_ncn=yes route_bicycle_rcn=yes", "nodeaccessgranted=yes barrier=kerb kerb=lowered", "2215", "221569"],
          ["11660679", "48065131", "555", "8", "1000", "0", "0", "20", "0", "highway=path surface=asphalt foot=designated bicycle=designated smoothness=excellent cycleway=crossing oneway=no route_bicycle_ncn=yes route_bicycle_rcn=yes", "nodeaccessgranted=yes highway=crossing estimated_crossing_class=0 crossing=traffic_signals bicycle=yes kerb=lowered", "2216", "221708"],
          ["11660732", "48065057", "555", "9", "1000", "0", "0", "0", "0", "highway=path surface=asphalt foot=designated bicycle=designated smoothness=excellent cycleway=crossing oneway=no route_bicycle_ncn=yes route_bicycle_rcn=yes", "nodeaccessgranted=yes barrier=kerb kerb=lowered", "2218", "221863"],
          ["11660749", "48065032", "555", "3", "1000", "0", "0", "0", "0", "highway=path surface=asphalt foot=designated bicycle=designated smoothness=excellent cycleway=crossing oneway=no route_bicycle_ncn=yes route_bicycle_rcn=yes", "", "2218", "221915"],
          ["11660860", "48065005", "555", "10", "1000", "0", "0", "0", "0", "highway=path surface=asphalt foot=designated bicycle=designated smoothness=excellent oneway=yes route_bicycle_ncn=yes route_bicycle_rcn=yes", "", "2220", "222086"],
          ["11661387", "48064307", "555", "86", "1000", "0", "0", "20", "0", "highway=path surface=asphalt foot=designated bicycle=designated smoothness=excellent cycleway=unknown oneway=yes route_bicycle_ncn=yes route_bicycle_rcn=yes", "nodeaccessgranted=yes highway=crossing crossing=traffic_signals kerb=flush", "2236", "223644"],
          ["11662334", "48063066", "555", "154", "1000", "0", "0", "0", "0", "highway=path surface=asphalt foot=designated bicycle=designated smoothness=excellent cycleway=unknown oneway=yes route_bicycle_ncn=yes route_bicycle_rcn=yes", "nodeaccessgranted=yes barrier=kerb kerb=lowered", "2265", "226527"],
          ["11662366", "48063025", "556", "5", "1000", "0", "0", "0", "0", "highway=path surface=asphalt foot=designated bicycle=designated smoothness=excellent cycleway=crossing oneway=yes route_bicycle_ncn=yes route_bicycle_rcn=yes", "nodeaccessgranted=yes highway=crossing crossing=uncontrolled kerb=lowered", "2265", "226617"],
          ["11662382", "48062986", "556", "4", "1000", "0", "0", "0", "0", "highway=path surface=asphalt foot=designated bicycle=designated smoothness=excellent cycleway=crossing oneway=yes route_bicycle_ncn=yes route_bicycle_rcn=yes", "nodeaccessgranted=yes barrier=kerb kerb=lowered", "2266", "226689"],
          ["11663579", "48061362", "557", "202", "1000", "0", "0", "0", "0", "highway=path surface=asphalt foot=designated bicycle=designated smoothness=excellent cycleway=unknown oneway=yes route_bicycle_ncn=yes route_bicycle_rcn=yes", "", "2307", "230820"],
          ["11663588", "48061324", "557", "4", "1000", "0", "0", "0", "0", "highway=path surface=asphalt foot=designated bicycle=designated smoothness=excellent route_bicycle_ncn=yes route_bicycle_rcn=yes route_bicycle_lcn=yes", "", "2308", "230898"],
          ["11663614", "48061286", "558", "5", "1000", "0", "0", "0", "0", "highway=path surface=asphalt foot=designated bicycle=designated smoothness=excellent cycleway=crossing route_bicycle_ncn=yes route_bicycle_rcn=yes route_bicycle_lcn=yes", "nodeaccessgranted=yes highway=crossing crossing=uncontrolled bicycle=yes kerb=lowered", "2309", "231003"],
          ["11663649", "48061237", "558", "6", "1000", "0", "0", "0", "0", "highway=path surface=asphalt foot=designated bicycle=designated smoothness=excellent cycleway=crossing oneway=yes route_bicycle_ncn=yes route_bicycle_rcn=yes", "", "2311", "231127"],
          ["11664169", "48060563", "558", "86", "1000", "0", "0", "0", "0", "highway=path surface=asphalt foot=designated bicycle=designated smoothness=excellent cycleway=unknown oneway=yes route_bicycle_ncn=yes route_bicycle_rcn=yes", "", "2327", "232780"],
          ["11664412", "48060162", "558", "48", "1000", "0", "0", "0", "0", "highway=path surface=asphalt bicycle=designated smoothness=excellent cycleway=unknown oneway=yes route_bicycle_ncn=yes route_bicycle_rcn=yes", "", "2336", "233676"],
          ["11664843", "48059569", "559", "75", "1000", "0", "0", "0", "0", "highway=path surface=asphalt foot=designated bicycle=designated smoothness=excellent cycleway=unknown oneway=yes route_bicycle_ncn=yes route_bicycle_rcn=yes", "", "2352", "235248"],
          ["11664930", "48059456", "559", "14", "1000", "0", "0", "20", "0", "highway=path surface=asphalt foot=designated bicycle=designated smoothness=excellent cycleway=crossing oneway=yes route_bicycle_ncn=yes route_bicycle_rcn=yes", "nodeaccessgranted=yes highway=crossing crossing=traffic_signals bicycle=yes kerb=lowered", "2354", "235517"],
          ["11664988", "48059378", "559", "10", "1000", "0", "0", "0", "0", "highway=path surface=asphalt foot=designated bicycle=designated smoothness=excellent cycleway=crossing oneway=yes route_bicycle_ncn=yes route_bicycle_rcn=yes", "nodeaccessgranted=yes barrier=kerb kerb=lowered", "2356", "235707"],
          ["11667106", "48056389", "561", "367", "1000", "0", "0", "0", "0", "highway=path surface=asphalt foot=designated bicycle=designated smoothness=excellent cycleway=unknown oneway=yes route_bicycle_ncn=yes route_bicycle_rcn=yes", "nodeaccessgranted=yes barrier=kerb kerb=lowered", "2428", "242868"],
          ["11667128", "48056350", "561", "5", "1000", "0", "0", "0", "0", "highway=path surface=asphalt foot=designated bicycle=designated smoothness=excellent cycleway=crossing oneway=yes route_bicycle_ncn=yes route_bicycle_rcn=yes", "nodeaccessgranted=yes highway=crossing crossing=uncontrolled bicycle=yes kerb=lowered", "2429", "242963"],
          ["11667159", "48056310", "561", "5", "1000", "0", "0", "0", "0", "highway=path surface=asphalt foot=designated bicycle=designated smoothness=excellent cycleway=crossing oneway=yes route_bicycle_ncn=yes route_bicycle_rcn=yes", "nodeaccessgranted=yes barrier=kerb kerb=lowered", "2430", "243058"],
          ["11668175", "48054808", "562", "184", "1000", "0", "0", "0", "0", "highway=path surface=asphalt foot=designated bicycle=designated smoothness=excellent cycleway=unknown oneway=yes route_bicycle_ncn=yes route_bicycle_rcn=yes", "", "2466", "246658"],
          ["11668176", "48054746", "562", "7", "1000", "0", "0", "0", "0", "highway=path surface=paved foot=designated bicycle=designated smoothness=excellent cycleway=unknown oneway=yes route_bicycle_ncn=yes route_bicycle_rcn=yes", "", "2467", "246790"],
          ["11668242", "48054646", "562", "12", "1000", "0", "0", "20", "0", "highway=path surface=asphalt foot=designated bicycle=designated smoothness=excellent cycleway=crossing oneway=yes route_bicycle_ncn=yes route_bicycle_rcn=yes", "nodeaccessgranted=yes highway=crossing crossing=traffic_signals bicycle=yes kerb=lowered", "2469", "247014"],
          ["11668296", "48054569", "562", "9", "1000", "0", "0", "0", "0", "highway=path surface=asphalt foot=designated bicycle=designated smoothness=excellent cycleway=crossing oneway=yes route_bicycle_ncn=yes route_bicycle_rcn=yes", "", "2471", "247180"],
          ["11669655", "48052440", "563", "259", "1000", "0", "0", "0", "0", "highway=path surface=paved foot=designated bicycle=designated smoothness=excellent cycleway=unknown oneway=yes route_bicycle_ncn=yes route_bicycle_rcn=yes", "", "2523", "252353"],
          ["11669827", "48052155", "564", "34", "1000", "0", "0", "0", "0", "highway=path surface=asphalt foot=designated bicycle=designated smoothness=excellent cycleway=unknown oneway=yes route_bicycle_ncn=yes route_bicycle_rcn=yes", "nodeaccessgranted=yes barrier=kerb kerb=lowered", "2530", "253031"],
          ["11669842", "48052131", "564", "3", "1000", "0", "0", "0", "0", "highway=path surface=asphalt foot=designated bicycle=designated smoothness=excellent cycleway=crossing oneway=yes route_bicycle_ncn=yes route_bicycle_rcn=yes", "nodeaccessgranted=yes highway=crossing crossing=uncontrolled kerb=lowered", "2530", "253089"],
          ["11669862", "48052098", "564", "4", "1000", "0", "0", "0", "0", "highway=path surface=asphalt foot=designated bicycle=designated smoothness=excellent cycleway=crossing oneway=yes route_bicycle_ncn=yes route_bicycle_rcn=yes", "nodeaccessgranted=yes barrier=kerb kerb=lowered", "2531", "253166"],
          ["11670589", "48050838", "564", "159", "1000", "0", "0", "0", "0", "highway=path surface=asphalt foot=designated bicycle=designated smoothness=good cycleway=unknown oneway=yes route_bicycle_ncn=yes route_bicycle_rcn=yes", "", "2562", "256267"],
          ["11670933", "48050253", "565", "70", "1000", "0", "0", "0", "0", "highway=path surface=asphalt foot=designated bicycle=designated smoothness=good cycleway=unknown oneway=no route_bicycle_ncn=yes route_bicycle_rcn=yes", "nodeaccessgranted=yes barrier=kerb kerb=flush", "2575", "257601"],
          ["11670992", "48050145", "565", "13", "1000", "0", "0", "0", "0", "highway=path surface=asphalt foot=designated bicycle=designated smoothness=excellent cycleway=crossing oneway=no route_bicycle_ncn=yes route_bicycle_rcn=yes", "nodeaccessgranted=yes barrier=kerb kerb=flush", "2578", "257837"],
          ["11672878", "48045541", "567", "538", "1000", "0", "0", "0", "0", "highway=path surface=asphalt foot=designated bicycle=designated smoothness=excellent cycleway=unknown oneway=no route_bicycle_ncn=yes route_bicycle_rcn=yes", "", "2679", "268020"],
          ["11672922", "48045529", "567", "4", "1000", "0", "0", "0", "0", "reversedirection=yes highway=path surface=asphalt foot=designated bicycle=designated smoothness=good oneway=no route_bicycle_ncn=yes route_bicycle_rcn=yes", "nodeaccessgranted=yes barrier=kerb kerb=flush", "2680", "268096"],
          ["11672961", "48045518", "567", "3", "1000", "0", "0", "0", "0", "reversedirection=yes highway=path surface=asphalt foot=designated bicycle=designated smoothness=good cycleway=crossing oneway=no route_bicycle_ncn=yes route_bicycle_rcn=yes", "nodeaccessgranted=yes highway=crossing estimated_crossing_class=4 crossing=uncontrolled kerb=flush", "2681", "268154"],
          ["11673003", "48045512", "567", "3", "1000", "0", "0", "0", "0", "reversedirection=yes highway=path surface=asphalt foot=designated bicycle=designated smoothness=good cycleway=crossing oneway=no route_bicycle_ncn=yes route_bicycle_rcn=yes", "nodeaccessgranted=yes barrier=kerb kerb=flush", "2681", "268215"],
          ["11673119", "48045521", "568", "9", "1000", "0", "0", "0", "0", "reversedirection=yes highway=path surface=asphalt foot=designated bicycle=designated smoothness=good oneway=no route_bicycle_ncn=yes route_bicycle_rcn=yes", "", "2683", "268409"],
          ["11673131", "48045491", "568", "3", "1000", "0", "0", "0", "0", "highway=path surface=asphalt foot=designated bicycle=designated smoothness=good oneway=no route_bicycle_ncn=yes route_bicycle_rcn=yes", "", "2684", "268473"],
          ["11673154", "48045438", "568", "6", "1000", "0", "0", "20", "0", "highway=path surface=asphalt foot=designated bicycle=designated smoothness=good cycleway=crossing oneway=no route_bicycle_ncn=yes route_bicycle_rcn=yes", "nodeaccessgranted=yes highway=crossing estimated_crossing_class=0 crossing=traffic_signals kerb=lowered", "2685", "268599"],
          ["11673190", "48045356", "568", "10", "1000", "0", "0", "20", "0", "highway=path surface=asphalt foot=designated bicycle=designated smoothness=good cycleway=crossing oneway=no route_bicycle_ncn=yes route_bicycle_rcn=yes", "nodeaccessgranted=yes highway=crossing estimated_crossing_class=0 crossing=traffic_signals kerb=lowered", "2687", "268806"],
          ["11673202", "48045328", "568", "3", "1000", "0", "0", "0", "0", "highway=path surface=asphalt foot=designated bicycle=designated smoothness=good cycleway=crossing oneway=no route_bicycle_ncn=yes route_bicycle_rcn=yes", "", "2688", "268867"],
          ["11673204", "48045291", "568", "4", "1000", "0", "0", "0", "0", "highway=path surface=asphalt foot=designated bicycle=designated smoothness=good oneway=no route_bicycle_ncn=yes route_bicycle_rcn=yes", "nodeaccessgranted=yes barrier=kerb kerb=lowered", "2689", "268946"],
          ["11673197", "48045266", "567", "3", "1000", "0", "0", "0", "0", "highway=path surface=asphalt foot=designated bicycle=designated smoothness=good cycleway=crossing oneway=no route_bicycle_ncn=yes route_bicycle_rcn=yes", "nodeaccessgranted=yes highway=crossing estimated_crossing_class=4 crossing=uncontrolled", "2689", "269002"],
          ["11673183", "48045237", "567", "3", "1000", "0", "0", "0", "0", "highway=path surface=asphalt foot=designated bicycle=designated smoothness=good cycleway=crossing oneway=no route_bicycle_ncn=yes route_bicycle_rcn=yes", "nodeaccessgranted=yes barrier=kerb kerb=flush", "2690", "269058"],
          ["11674254", "48043988", "568", "162", "1000", "0", "0", "0", "0", "highway=path surface=asphalt foot=designated bicycle=designated smoothness=excellent oneway=no route_bicycle_ncn=yes route_bicycle_rcn=yes", "", "2722", "272226"],
          ["11674412", "48043804", "568", "24", "1000", "0", "0", "0", "0", "highway=service surface=asphalt foot=designated bicycle=designated smoothness=excellent route_bicycle_ncn=yes route_bicycle_rcn=yes", "nodeaccessgranted=yes highway=give_way direction=forward", "2726", "272656"],
          ["11674416", "48043723", "568", "9", "1000", "0", "0", "0", "0", "highway=service surface=asphalt foot=designated bicycle=designated smoothness=excellent route_bicycle_ncn=yes route_bicycle_rcn=yes", "", "2727", "272805"],
          ["11674579", "48043677", "568", "13", "1000", "0", "0", "0", "0", "highway=residential surface=asphalt smoothness=good cycleway:both=no route_bicycle_ncn=yes route_bicycle_rcn=yes", "", "2730", "273029"],
          ["11676422", "48042159", "569", "218", "1000", "0", "0", "0", "0", "highway=residential surface=asphalt smoothness=good route_bicycle_ncn=yes route_bicycle_rcn=yes", "nodeaccessgranted=yes traffic_calming=chicane", "2772", "277266"],
          ["11676654", "48041967", "569", "27", "1000", "0", "0", "0", "0", "highway=residential surface=asphalt smoothness=good route_bicycle_ncn=yes route_bicycle_rcn=yes", "nodeaccessgranted=yes traffic_calming=chicane", "2777", "277753"],
          ["11677827", "48041014", "570", "137", "1000", "0", "0", "0", "0", "highway=residential surface=asphalt smoothness=good route_bicycle_ncn=yes route_bicycle_rcn=yes", "", "2803", "280349"],
          ["11680218", "48039438", "566", "252", "1000", "0", "0", "0", "0", "reversedirection=yes highway=path surface=asphalt foot=designated bicycle=designated smoothness=good route_bicycle_ncn=yes route_bicycle_rcn=yes", "", "2834", "283480"],
          ["11682516", "48037356", "572", "291", "1000", "0", "0", "0", "0", "highway=path surface=asphalt foot=designated bicycle=designated smoothness=good route_bicycle_ncn=yes route_bicycle_rcn=yes", "", "2899", "290005"],
          ["11686395", "48034525", "576", "429", "1000", "0", "0", "0", "0", "highway=residential surface=asphalt smoothness=good route_bicycle_ncn=yes route_bicycle_rcn=yes", "nodeaccessgranted=yes direction=backward", "3003", "300393"],
          ["11686467", "48034458", "576", "9", "1000", "0", "0", "0", "0", "highway=residential surface=asphalt smoothness=good route_bicycle_ncn=yes route_bicycle_rcn=yes", "nodeaccessgranted=yes highway=give_way direction=forward", "3005", "300582"],
          ["11686704", "48034285", "575", "26", "1000", "0", "0", "0", "0", "highway=residential surface=asphalt smoothness=good route_bicycle_ncn=yes route_bicycle_rcn=yes", "nodeaccessgranted=yes highway=give_way direction=backward", "3010", "301047"],
          ["11686720", "48034275", "575", "2", "1000", "0", "0", "0", "0", "highway=residential surface=asphalt smoothness=good route_bicycle_ncn=yes route_bicycle_rcn=yes", "nodeaccessgranted=yes direction=forward", "3010", "301083"],
          ["11687432", "48033825", "576", "74", "1000", "0", "0", "0", "0", "highway=residential surface=asphalt smoothness=good route_bicycle_ncn=yes route_bicycle_rcn=yes", "nodeaccessgranted=yes traffic_calming=chicane", "3025", "302614"],
          ["11691051", "48031109", "577", "407", "1000", "0", "0", "0", "0", "highway=residential surface=asphalt smoothness=good route_bicycle_ncn=yes route_bicycle_rcn=yes", "nodeaccessgranted=yes highway=turning_circle", "3102", "310317"],
          ["11695483", "48026926", "578", "577", "1000", "0", "0", "0", "0", "reversedirection=yes highway=path surface=asphalt foot=designated bicycle=designated smoothness=excellent oneway=no route_bicycle_ncn=yes route_bicycle_rcn=yes", "", "3206", "320723"],
          ["11700740", "48023584", "581", "574", "1000", "0", "0", "0", "0", "highway=path surface=asphalt foot=designated bicycle=designated smoothness=excellent oneway=no route_bicycle_ncn=yes route_bicycle_rcn=yes", "", "3315", "331600"],
          ["11703410", "48021577", "583", "301", "1000", "0", "0", "0", "0", "highway=path surface=asphalt foot=designated bicycle=designated smoothness=excellent cycleway=unknown route_bicycle_ncn=yes route_bicycle_rcn=yes", "nodeaccessgranted=yes highway=crossing crossing=uncontrolled kerb=lowered", "3373", "337391"],
          ["11706161", "48020862", "584", "225", "1000", "0", "0", "0", "0", "highway=path surface=asphalt foot=designated bicycle=designated smoothness=excellent cycleway=unknown route_bicycle_ncn=yes route_bicycle_rcn=yes", "", "3416", "341667"],
          ["11707194", "48020670", "584", "80", "1000", "0", "0", "20", "0", "highway=tertiary surface=asphalt smoothness=good cycleway:both=lane route_bicycle_ncn=yes route_bicycle_rcn=yes", "nodeaccessgranted=yes highway=crossing crossing=traffic_signals traffic_signals=signal kerb=lowered", "3430", "343051"],
          ["11707202", "48020669", "584", "1", "1000", "0", "0", "20", "0", "highway=tertiary surface=asphalt smoothness=good cycleway:both=lane route_bicycle_ncn=yes route_bicycle_rcn=yes", "nodeaccessgranted=yes highway=traffic_signals traffic_signals:direction=both traffic_signals=signal", "3430", "343069"],
          ["11710857", "48019412", "585", "306", "1000", "0", "0", "20", "0", "highway=tertiary surface=asphalt smoothness=good cycleway:both=lane route_bicycle_ncn=yes route_bicycle_rcn=yes", "nodeaccessgranted=yes highway=traffic_signals traffic_signals:direction=both traffic_signals=signal", "3485", "348617"],
          ["11710867", "48019410", "585", "1", "1000", "0", "0", "20", "0", "highway=tertiary surface=asphalt smoothness=good cycleway:both=lane route_bicycle_ncn=yes route_bicycle_rcn=yes", "nodeaccessgranted=yes highway=crossing crossing=traffic_signals traffic_signals=signal kerb=lowered", "3486", "348635"],
          ["11711197", "48019379", "585", "25", "1000", "0", "0", "0", "0", "highway=tertiary surface=asphalt smoothness=good cycleway:both=lane route_bicycle_ncn=yes route_bicycle_rcn=yes", "", "3490", "349082"],
          ["11711422", "48019366", "585", "17", "1000", "0", "0", "0", "0", "highway=tertiary surface=asphalt smoothness=good cycleway:right=lane cycleway:left=no route_bicycle_ncn=yes route_bicycle_rcn=yes", "", "3493", "349382"],
          ["11711569", "48019354", "585", "11", "1000", "0", "0", "0", "0", "highway=tertiary surface=asphalt smoothness=excellent cycleway:both=no route_bicycle_ncn=yes route_bicycle_rcn=yes", "nodeaccessgranted=yes highway=crossing crossing=unmarked", "3495", "349575"],
          ["11711711", "48019334", "585", "10", "1000", "0", "0", "0", "0", "highway=tertiary surface=asphalt smoothness=excellent cycleway:both=no route_bicycle_ncn=yes route_bicycle_rcn=yes", "nodeaccessgranted=yes highway=give_way direction=forward", "3497", "349749"],
          ["11711746", "48019328", "585", "3", "1000", "0", "0", "0", "0", "highway=tertiary surface=asphalt smoothness=excellent cycleway:both=no route_bicycle_ncn=yes route_bicycle_rcn=yes", "", "3497", "349801"],
          ["11711864", "48019261", "585", "14", "1000", "0", "0", "0", "0", "highway=tertiary surface=asphalt smoothness=excellent cycleway:both=no junction=roundabout route_bicycle_ncn=yes route_bicycle_rcn=yes", "", "3500", "350044"],
          ["11711881", "48019241", "585", "3", "1000", "0", "0", "0", "0", "highway=tertiary surface=asphalt smoothness=excellent cycleway:both=no route_bicycle_ncn=yes route_bicycle_rcn=yes", "nodeaccessgranted=yes highway=give_way direction=backward", "3500", "350096"],
          ["11711963", "48019146", "585", "12", "1000", "0", "0", "0", "0", "highway=tertiary surface=asphalt smoothness=excellent cycleway:both=no route_bicycle_ncn=yes route_bicycle_rcn=yes", "nodeaccessgranted=yes highway=crossing crossing=unmarked kerb=lowered", "3502", "350304"],
          ["11712194", "48018256", "586", "100", "1000", "0", "0", "0", "0", "highway=tertiary surface=asphalt smoothness=good cycleway:both=no route_bicycle_ncn=yes route_bicycle_rcn=yes", "nodeaccessgranted=yes highway=crossing crossing=unmarked kerb=flush", "3521", "352190"],
          ["11712653", "48016727", "586", "175", "1000", "0", "0", "20", "0", "highway=tertiary surface=asphalt smoothness=good cycleway:both=no route_bicycle_ncn=yes route_bicycle_rcn=yes", "nodeaccessgranted=yes highway=crossing crossing=traffic_signals kerb=lowered", "3553", "355431"],
          ["11712660", "48016715", "586", "1", "1000", "0", "0", "20", "0", "highway=tertiary surface=asphalt smoothness=good cycleway:both=no route_bicycle_ncn=yes route_bicycle_rcn=yes", "nodeaccessgranted=yes highway=traffic_signals traffic_signals:direction=both traffic_signals=signal", "3554", "355449"],
          ["11712778", "48016537", "587", "22", "1000", "0", "0", "0", "0", "highway=tertiary surface=asphalt smoothness=good cycleway:both=no route_bicycle_ncn=yes route_bicycle_rcn=yes", "", "3558", "355933"],
          ["11712828", "48016453", "587", "10", "1000", "0", "0", "0", "0", "highway=tertiary surface=asphalt smoothness=good cycleway:both=no route_bicycle_ncn=yes route_bicycle_rcn=yes route_bicycle_lcn=yes", "", "3561", "356144"],
          ["11712905", "48016315", "587", "16", "1000", "0", "0", "20", "0", "highway=tertiary surface=asphalt smoothness=good cycleway:both=no route_bicycle_ncn=yes route_bicycle_rcn=yes", "nodeaccessgranted=yes highway=traffic_signals traffic_signals:direction=backward", "3564", "356473"],
          ["11715155", "48013659", "589", "359", "1000", "0", "0", "0", "0", "highway=tertiary surface=asphalt smoothness=good cycleway:both=no route_bicycle_ncn=yes route_bicycle_rcn=yes", "nodeaccessgranted=yes highway=crossing crossing=uncontrolled kerb=lowered", "3635", "363633"],
          ["11716870", "48012718", "590", "165", "1000", "0", "0", "0", "0", "highway=tertiary surface=asphalt smoothness=good cycleway:both=no route_bicycle_ncn=yes route_bicycle_rcn=yes", "", "3668", "366899"],
          ["11717420", "48012506", "590", "50", "1000", "0", "0", "0", "0", "reversedirection=yes highway=path surface=asphalt foot=designated bicycle=designated smoothness=excellent cycleway=unknown route_bicycle_ncn=yes route_bicycle_rcn=yes", "nodeaccessgranted=yes highway=crossing crossing=uncontrolled", "3677", "367835"],
          ["11725399", "48004984", "594", "1042", "1000", "0", "0", "0", "0", "reversedirection=yes highway=path surface=asphalt foot=designated bicycle=designated smoothness=excellent cycleway=unknown route_bicycle_ncn=yes route_bicycle_rcn=yes", "nodeaccessgranted=yes highway=give_way direction=backward", "3875", "387537"],
          ["11725467", "48004911", "594", "10", "1000", "0", "0", "0", "0", "reversedirection=yes highway=path surface=asphalt foot=designated bicycle=designated smoothness=excellent cycleway=unknown route_bicycle_ncn=yes route_bicycle_rcn=yes", "nodeaccessgranted=yes highway=give_way direction=forward", "3876", "387710"],
          ["11729507", "48000969", "596", "532", "1000", "0", "0", "0", "0", "reversedirection=yes highway=path surface=asphalt foot=designated bicycle=designated smoothness=excellent cycleway=unknown route_bicycle_ncn=yes route_bicycle_rcn=yes", "", "3976", "397665"],
          ["11733543", "47996089", "598", "678", "1000", "0", "0", "0", "0", "reversedirection=yes highway=path surface=asphalt foot=designated bicycle=designated smoothness=excellent route_bicycle_ncn=yes route_bicycle_rcn=yes", "nodeaccessgranted=yes estimated_crossing_class=2", "4101", "410224"],
          ["11733813", "47995674", "599", "50", "1000", "0", "0", "0", "0", "highway=secondary surface=asphalt foot=use_sidepath smoothness=good cycleway:both=no route_bicycle_ncn=yes route_bicycle_rcn=yes", "nodeaccessgranted=yes estimated_crossing_class=2", "4111", "411219"],
          ["11733939", "47995408", "598", "31", "1000", "0", "0", "0", "0", "highway=secondary surface=asphalt foot=use_sidepath smoothness=good cycleway:both=no route_bicycle_ncn=yes route_bicycle_rcn=yes", "nodeaccessgranted=yes estimated_crossing_class=2", "4117", "411767"],
          ["11734053", "47995105", "599", "35", "1000", "0", "0", "0", "0", "highway=secondary surface=asphalt foot=use_sidepath smoothness=good cycleway:both=no route_bicycle_ncn=yes route_bicycle_rcn=yes", "nodeaccessgranted=yes estimated_crossing_class=2", "4123", "412414"],
          ["11734264", "47995147", "599", "17", "1000", "0", "0", "0", "0", "reversedirection=yes highway=residential surface=asphalt smoothness=good cycleway:both=no route_bicycle_ncn=yes route_bicycle_rcn=yes", "nodeaccessgranted=yes highway=give_way direction=forward", "4126", "412721"],
          ["11735397", "47995371", "599", "88", "1000", "0", "0", "0", "0", "reversedirection=yes highway=residential surface=asphalt smoothness=good cycleway:both=no route_bicycle_ncn=yes route_bicycle_rcn=yes", "", "4144", "414498"],
          ["11736944", "47993038", "600", "285", "1000", "0", "0", "0", "0", "reversedirection=yes highway=residential surface=asphalt smoothness=good oneway=no route_bicycle_ncn=yes route_bicycle_rcn=yes", "", "4197", "419790"],
          ["11736833", "47992787", "600", "29", "1000", "0", "0", "0", "0", "highway=residential surface=asphalt smoothness=good oneway=yes route_bicycle_ncn=yes route_bicycle_rcn=yes", "", "4202", "420327"],
          ["11737139", "47992802", "601", "23", "1000", "0", "0", "0", "0", "highway=residential surface=asphalt smoothness=good cycleway:both=no route_bicycle_ncn=yes route_bicycle_rcn=yes", "", "4207", "420769"],
          ["11737353", "47992811", "600", "16", "1000", "0", "0", "0", "0", "reversedirection=yes highway=residential surface=asphalt smoothness=good cycleway:both=no route_bicycle_ncn=yes route_bicycle_rcn=yes", "nodeaccessgranted=yes railway=level_crossing", "4210", "421051"],
          ["11737529", "47992819", "600", "13", "1000", "0", "0", "0", "0", "reversedirection=yes highway=residential surface=asphalt smoothness=good cycleway:both=no route_bicycle_ncn=yes route_bicycle_rcn=yes", "", "4212", "421279"],
          ["11737548", "47992776", "601", "5", "1000", "0", "0", "0", "0", "reversedirection=yes highway=residential surface=asphalt smoothness=good cycleway:both=no oneway=no route_bicycle_ncn=yes route_bicycle_rcn=yes", "nodeaccessgranted=yes highway=give_way direction=forward traffic_sign:direction=forward", "4213", "421372"],
          ["11738281", "47991935", "601", "109", "1000", "0", "0", "0", "0", "reversedirection=yes highway=residential surface=asphalt smoothness=good cycleway:both=no oneway=no route_bicycle_ncn=yes route_bicycle_rcn=yes", "", "4232", "423306"],
          ["11739400", "47991124", "601", "128", "1000", "0", "0", "0", "0", "reversedirection=yes highway=residential surface=asphalt smoothness=excellent cycleway:both=no oneway=no route_bicycle_ncn=yes route_bicycle_rcn=yes", "", "4254", "425495"],
          ["11739548", "47991117", "601", "11", "1000", "0", "0", "0", "0", "reversedirection=yes highway=residential surface=asphalt smoothness=good cycleway:both=no oneway=no route_bicycle_ncn=yes route_bicycle_rcn=yes", "", "4256", "425683"],
          ["11744634", "47989960", "601", "406", "1000", "0", "0", "0", "0", "reversedirection=yes highway=track surface=asphalt tracktype=grade1 smoothness=good route_bicycle_ncn=yes route_bicycle_rcn=yes", "", "4325", "432544"],
          ["11767091", "47976594", "599", "2268", "1000", "0", "0", "0", "0", "reversedirection=yes highway=track surface=pebblestone tracktype=grade2 smoothness=bad route_bicycle_ncn=yes route_bicycle_rcn=yes", "", "4718", "471870"],
          ["11767510", "47972232", "600", "485", "1000", "0", "0", "0", "0", "reversedirection=yes highway=unclassified surface=asphalt smoothness=good cycleway:both=no route_bicycle_ncn=yes route_bicycle_rcn=yes", "nodeaccessgranted=yes highway=give_way direction=backward", "4791", "479152"],
          ["11767511", "47972216", "601", "2", "1000", "0", "0", "0", "0", "reversedirection=yes highway=unclassified surface=asphalt smoothness=good cycleway:both=no route_bicycle_ncn=yes route_bicycle_rcn=yes", "", "4791", "479192"],
          ["11767832", "47972161", "600", "32", "1000", "0", "0", "0", "0", "highway=path surface=asphalt foot=yes bicycle=yes smoothness=good route_bicycle_ncn=yes route_bicycle_rcn=yes", "nodeaccessgranted=yes highway=crossing estimated_crossing_class=2 crossing=uncontrolled bicycle=yes", "4797", "479779"],
          ["11767850", "47972076", "600", "10", "1000", "0", "0", "0", "0", "highway=path surface=asphalt foot=yes bicycle=yes smoothness=good route_bicycle_ncn=yes route_bicycle_rcn=yes", "", "4799", "479959"],
          ["11765782", "47971929", "602", "156", "1000", "0", "0", "0", "0", "reversedirection=yes highway=path surface=asphalt foot=designated bicycle=designated smoothness=excellent oneway=no route_bicycle_ncn=yes route_bicycle_rcn=yes", "", "4829", "483011"],
          ["11765812", "47971898", "602", "4", "1000", "0", "0", "0", "0", "highway=residential surface=asphalt smoothness=good cycleway:both=no route_bicycle_ncn=yes route_bicycle_rcn=yes", "nodeaccessgranted=yes highway=give_way direction=backward", "4830", "483092"],
          ["11776965", "47968259", "610", "1057", "1000", "0", "0", "0", "0", "highway=residential surface=asphalt smoothness=good cycleway:both=no route_bicycle_ncn=yes route_bicycle_rcn=yes", "nodeaccessgranted=yes highway=give_way direction=forward", "5032", "503251"],
          ["11777050", "47968265", "610", "6", "1000", "0", "0", "0", "0", "highway=residential surface=asphalt smoothness=good cycleway:both=no route_bicycle_ncn=yes route_bicycle_rcn=yes", "nodeaccessgranted=yes estimated_crossing_class=3", "5033", "503390"],
          ["11777149", "47967466", "610", "89", "1000", "0", "0", "0", "0", "highway=secondary surface=asphalt smoothness=good cycleway:both=no route_bicycle_ncn=yes route_bicycle_rcn=yes route_bicycle_lcn=yes", "nodeaccessgranted=yes estimated_crossing_class=3", "5051", "505234"],
          ["11777193", "47967197", "610", "30", "1000", "0", "0", "0", "0", "highway=secondary surface=asphalt smoothness=good cycleway:both=no route_bicycle_ncn=yes route_bicycle_rcn=yes route_bicycle_lcn=yes", "nodeaccessgranted=yes estimated_crossing_class=3", "5058", "505910"],
          ["11777236", "47966917", "610", "31", "1000", "0", "0", "0", "0", "highway=secondary surface=asphalt smoothness=good cycleway:right=no cycleway:left=track route_bicycle_rcn=yes route_bicycle_lcn=yes", "nodeaccessgranted=yes estimated_crossing_class=3", "5065", "506556"],
          ["11776996", "47962342", "611", "521", "1000", "0", "0", "0", "0", "highway=cycleway surface=asphalt foot=yes smoothness=good route_bicycle_rcn=yes route_bicycle_lcn=yes", "", "5173", "517439"],
          ["11777098", "47961762", "610", "65", "1000", "0", "0", "0", "0", "reversedirection=yes highway=path surface=asphalt foot=yes bicycle=yes smoothness=excellent route_bicycle_rcn=yes", "", "5183", "518423"],
          ["11777424", "47961566", "610", "33", "1000", "0", "0", "0", "0", "reversedirection=yes highway=path surface=asphalt foot=designated bicycle=designated smoothness=excellent route_bicycle_rcn=yes route_bicycle_lcn=yes", "", "5189", "518986"],
          ["11778061", "47961314", "611", "56", "1050", "0", "3", "0", "0", "reversedirection=yes highway=path surface=asphalt foot=designated bicycle=designated smoothness=excellent", "estimated_crossing_class=2", "5199", "519984"],
          ["11778291", "47961282", "611", "18", "1000", "0", "0", "0", "0", "highway=secondary surface=asphalt smoothness=good cycleway:both=no route_bicycle_rcn=yes", "nodeaccessgranted=yes estimated_crossing_class=1", "5202", "520306"],
          ["11778509", "47961267", "611", "16", "1000", "0", "0", "20", "0", "highway=secondary surface=asphalt smoothness=good cycleway:both=no route_bicycle_rcn=yes", "nodeaccessgranted=yes highway=traffic_signals traffic_signals:direction=forward", "5205", "520628"],
          ["11778545", "47961265", "611", "3", "1000", "0", "0", "20", "0", "highway=secondary surface=asphalt smoothness=good cycleway:both=no route_bicycle_rcn=yes", "nodeaccessgranted=yes highway=crossing crossing=traffic_signals kerb=lowered", "5206", "520692"],
          ["11778578", "47961263", "611", "2", "1000", "0", "0", "20", "0", "highway=secondary surface=asphalt smoothness=good cycleway:both=no route_bicycle_rcn=yes", "nodeaccessgranted=yes highway=traffic_signals traffic_signals:direction=backward", "5206", "520734"],
          ["11778615", "47961261", "612", "3", "1000", "0", "0", "0", "0", "highway=secondary surface=asphalt smoothness=good cycleway:both=no route_bicycle_rcn=yes", "nodeaccessgranted=yes estimated_crossing_class=1", "5207", "520801"],
          ["11778727", "47961254", "612", "8", "1000", "0", "0", "0", "0", "highway=secondary surface=asphalt smoothness=good cycleway:both=no route_bicycle_rcn=yes", "nodeaccessgranted=yes estimated_crossing_class=1", "5209", "520979"],
          ["11779408", "47961214", "612", "51", "1000", "0", "0", "0", "0", "highway=secondary surface=asphalt smoothness=good cycleway:both=no route_bicycle_rcn=yes", "nodeaccessgranted=yes estimated_crossing_class=2", "5221", "522222"],
          ["11779563", "47961205", "613", "12", "1000", "0", "0", "0", "0", "highway=secondary surface=asphalt smoothness=good cycleway:both=no route_bicycle_rcn=yes", "nodeaccessgranted=yes estimated_crossing_class=2", "5224", "522504"],
          ["11779857", "47961194", "613", "22", "1000", "0", "0", "0", "0", "highway=secondary surface=asphalt smoothness=good cycleway:both=no route_bicycle_rcn=yes", "nodeaccessgranted=yes estimated_crossing_class=2", "5229", "523026"],
          ["11780241", "47961199", "614", "28", "1000", "0", "0", "0", "0", "highway=secondary surface=asphalt smoothness=good cycleway:both=no route_bicycle_rcn=yes", "nodeaccessgranted=yes estimated_crossing_class=2", "5237", "523765"],
          ["11780426", "47961216", "614", "14", "1000", "0", "0", "0", "0", "highway=secondary surface=asphalt smoothness=good cycleway:both=no route_bicycle_rcn=yes", "nodeaccessgranted=yes estimated_crossing_class=2", "5241", "524149"],
          ["11780726", "47961247", "615", "23", "1000", "0", "0", "0", "0", "highway=secondary surface=asphalt smoothness=good cycleway:both=no route_bicycle_rcn=yes", "nodeaccessgranted=yes estimated_crossing_class=2", "5247", "524845"],
          ["11781146", "47961263", "617", "31", "1650", "0", "0", "0", "0", "highway=secondary surface=asphalt smoothness=good cycleway:both=no", "estimated_crossing_class=2", "5255", "525612"],
          ["11782123", "47961016", "619", "78", "1650", "0", "2", "0", "0", "highway=secondary surface=asphalt smoothness=good cycleway:both=no", "estimated_crossing_class=2", "5272", "527302"],
          ["11782490", "47960869", "619", "32", "1650", "0", "1", "0", "0", "highway=secondary surface=asphalt smoothness=good cycleway:both=no", "estimated_crossing_class=2", "5280", "528106"],
          ["11782699", "47960702", "620", "24", "1650", "0", "2", "0", "0", "highway=secondary surface=asphalt smoothness=good cycleway:both=no", "estimated_crossing_class=2", "5287", "528799"],
          ["11782764", "47960639", "620", "9", "1650", "0", "0", "0", "0", "highway=secondary surface=asphalt smoothness=good cycleway:both=no", "estimated_crossing_class=2", "5290", "529079"],
          ["11782986", "47960395", "621", "32", "1650", "0", "0", "0", "0", "highway=secondary surface=asphalt smoothness=good cycleway:both=no", "estimated_crossing_class=2", "5300", "530093"],
          ["11783074", "47960286", "621", "14", "1650", "0", "0", "0", "0", "highway=secondary surface=asphalt smoothness=good cycleway:both=no", "estimated_crossing_class=2", "5304", "530529"],
          ["11783194", "47960111", "622", "21", "1650", "0", "0", "0", "0", "highway=secondary surface=asphalt smoothness=good cycleway:both=no", "estimated_crossing_class=2", "5311", "531233"],
          ["11783337", "47959843", "622", "32", "1650", "0", "0", "0", "0", "highway=secondary surface=asphalt smoothness=good cycleway:both=no", "direction=backward", "5321", "532237"],
          ["11783386", "47959741", "622", "12", "1650", "0", "0", "0", "0", "highway=secondary surface=asphalt smoothness=good cycleway:both=no", "", "5325", "532562"],
          ["11783460", "47959587", "623", "18", "1150", "0", "0", "0", "0", "highway=secondary surface=asphalt smoothness=good cycleway:right=no cycleway:left=lane", "estimated_crossing_class=2", "5330", "533079"],
          ["11783524", "47959582", "622", "5", "1050", "0", "52", "0", "0", "highway=track surface=asphalt tracktype=grade1 foot=yes bicycle=yes smoothness=excellent", "", "5331", "533198"],
          ["11786405", "47952347", "634", "842", "1050", "0", "54", "0", "0", "reversedirection=yes highway=path surface=asphalt foot=designated bicycle=designated smoothness=excellent", "", "5533", "553454"],
          ["11788343", "47951377", "639", "182", "1050", "0", "10", "0", "0", "reversedirection=yes highway=footway surface=asphalt bicycle=yes smoothness=excellent", "highway=crossing crossing=marked kerb=lowered", "5596", "559739"],
          ["11788465", "47951304", "639", "12", "1050", "0", "1", "0", "0", "reversedirection=yes highway=footway surface=asphalt bicycle=yes smoothness=excellent", "highway=platform wheelchair=yes", "5600", "560086"],
          ["11789179", "47950794", "639", "77", "1050", "0", "0", "0", "0", "reversedirection=yes highway=footway surface=asphalt bicycle=yes smoothness=excellent", "highway=crossing crossing=marked kerb=lowered", "5619", "562053"],
          ["11792558", "47947466", "641", "496", "1050", "0", "139", "0", "0", "reversedirection=yes highway=footway surface=asphalt bicycle=yes smoothness=excellent", "highway=crossing crossing=unmarked kerb=lowered", "5736", "573749"],
          ["11793794", "47947139", "642", "101", "1150", "0", "78", "0", "0", "reversedirection=yes highway=residential surface=asphalt smoothness=good cycleway:right=no cycleway:left=track", "", "5756", "575754"],
          ["11793822", "47947104", "642", "4", "1000", "0", "0", "0", "0", "highway=residential surface=asphalt smoothness=excellent cycleway:both=no route_bicycle_ncn=yes route_bicycle_rcn=yes", "nodeaccessgranted=yes highway=give_way direction=backward", "5757", "575834"],
          ["11795386", "47946409", "644", "142", "1000", "0", "0", "0", "0", "highway=residential surface=asphalt smoothness=excellent cycleway:both=no route_bicycle_ncn=yes route_bicycle_rcn=yes", "", "5790", "579103"],
          ["11796292", "47945787", "646", "97", "1000", "0", "0", "0", "0", "highway=residential surface=asphalt smoothness=good cycleway:both=no route_bicycle_ncn=yes route_bicycle_rcn=yes", "", "5814", "581560"],
          ["11796696", "47945546", "646", "40", "1000", "0", "0", "0", "0", "highway=residential surface=asphalt smoothness=good cycleway:both=no oneway=no route_bicycle_ncn=yes route_bicycle_rcn=yes", "", "5824", "582480"],
          ["11796854", "47945465", "646", "15", "1000", "0", "0", "0", "0", "highway=residential surface=asphalt smoothness=good cycleway:both=no route_bicycle_ncn=yes route_bicycle_rcn=yes", "nodeaccessgranted=yes highway=give_way direction=forward", "5828", "582868"],
          ["11796990", "47945396", "647", "13", "1000", "0", "0", "0", "0", "highway=residential surface=asphalt smoothness=good cycleway:both=no route_bicycle_ncn=yes route_bicycle_rcn=yes", "", "5831", "583206"],
          ["11797071", "47945353", "647", "8", "1000", "0", "0", "0", "0", "highway=track surface=compacted tracktype=grade2 smoothness=intermediate route_bicycle_ncn=yes route_bicycle_rcn=yes route_bicycle_lcn=yes", "nodeaccessgranted=yes highway=give_way direction=backward", "5833", "583406"],
          ["11797505", "47945121", "647", "41", "1000", "0", "0", "0", "0", "highway=track surface=compacted tracktype=grade2 smoothness=intermediate route_bicycle_ncn=yes route_bicycle_rcn=yes route_bicycle_lcn=yes", "", "5842", "584348"],
          ["11802361", "47943245", "650", "421", "1000", "0", "0", "0", "0", "highway=track surface=gravel tracktype=grade3 smoothness=bad route_bicycle_ncn=yes route_bicycle_rcn=yes route_bicycle_lcn=yes", "", "5939", "593980"],
          ["11802710", "47943189", "650", "27", "1000", "0", "0", "0", "0", "highway=track surface=gravel tracktype=grade2 smoothness=bad route_bicycle_ncn=yes route_bicycle_rcn=yes route_bicycle_lcn=yes", "nodeaccessgranted=yes highway=give_way direction=forward", "5943", "594428"],
          ["11802831", "47943182", "650", "9", "1000", "0", "0", "0", "0", "highway=track surface=gravel tracktype=grade2 smoothness=bad route_bicycle_ncn=yes route_bicycle_rcn=yes route_bicycle_lcn=yes", "", "5945", "594569"],
          ["11803880", "47942710", "647", "129", "1000", "0", "0", "0", "0", "highway=residential surface=asphalt smoothness=excellent cycleway:both=no route_bicycle_ncn=yes route_bicycle_rcn=yes route_bicycle_lcn=yes", "nodeaccessgranted=yes highway=give_way direction=forward", "5960", "596135"],
          ["11803889", "47942594", "647", "13", "1000", "0", "0", "0", "0", "highway=residential surface=asphalt smoothness=excellent cycleway:both=no route_bicycle_ncn=yes route_bicycle_rcn=yes route_bicycle_lcn=yes", "", "5962", "596288"],
          ["11805332", "47942384", "647", "110", "1000", "0", "0", "0", "0", "highway=tertiary surface=asphalt smoothness=good cycleway:both=no route_bicycle_ncn=yes route_bicycle_rcn=yes route_bicycle_lcn=yes", "", "5976", "597701"],
          ["11805321", "47942344", "646", "5", "1000", "0", "0", "0", "0", "highway=track surface=asphalt tracktype=grade1 smoothness=good route_bicycle_ncn=yes route_bicycle_rcn=yes", "nodeaccessgranted=yes highway=give_way direction=backward", "5977", "597777"],
          ["11805533", "47942134", "644", "29", "1000", "0", "0", "0", "0", "highway=track surface=asphalt tracktype=grade1 smoothness=good route_bicycle_ncn=yes route_bicycle_rcn=yes", "", "5980", "598100"],
          ["11807037", "47938560", "650", "419", "1000", "0", "0", "0", "0", "highway=track surface=asphalt tracktype=grade1 smoothness=intermediate route_bicycle_ncn=yes route_bicycle_rcn=yes", "", "6076", "607729"],
          ["11807563", "47937653", "648", "109", "1000", "0", "0", "0", "0", "highway=track surface=asphalt tracktype=grade1 smoothness=excellent route_bicycle_ncn=yes route_bicycle_rcn=yes", "", "6092", "609307"],
          ["11811175", "47930845", "648", "820", "1000", "0", "0", "0", "0", "highway=track surface=asphalt tracktype=grade1 smoothness=intermediate route_bicycle_ncn=yes route_bicycle_rcn=yes", "", "6216", "621601"],
          ["11811428", "47930799", "649", "20", "1000", "0", "0", "0", "0", "highway=unclassified surface=asphalt smoothness=good cycleway:both=no route_bicycle_ncn=yes route_bicycle_rcn=yes", "", "6227", "622728"],
          ["11813615", "47923331", "633", "877", "1000", "0", "0", "0", "0", "highway=track surface=asphalt tracktype=grade1 smoothness=intermediate route_bicycle_ncn=yes route_bicycle_rcn=yes", "", "6377", "637731"],
          ["11813698", "47922681", "633", "79", "1000", "0", "0", "0", "0", "reversedirection=yes highway=path surface=asphalt foot=designated bicycle=designated smoothness=good route_bicycle_ncn=yes route_bicycle_rcn=yes", "", "6387", "638723"],
          ["11813393", "47921786", "634", "102", "1000", "0", "0", "0", "0", "reversedirection=yes highway=path surface=asphalt foot=designated bicycle=designated smoothness=excellent route_bicycle_ncn=yes route_bicycle_rcn=yes", "", "6400", "640026"],
          ["11813304", "47921747", "634", "8", "1000", "0", "0", "0", "0", "reversedirection=yes highway=tertiary surface=asphalt smoothness=good cycleway:both=no route_bicycle_ncn=yes route_bicycle_rcn=yes", "", "6401", "640136"],
          ["11813318", "47921642", "634", "12", "1000", "0", "0", "0", "0", "reversedirection=yes highway=unclassified surface=asphalt smoothness=good cycleway:both=no route_bicycle_ncn=yes route_bicycle_rcn=yes", "nodeaccessgranted=yes highway=give_way direction=forward", "6403", "640315"],
          ["11813447", "47920748", "642", "100", "1000", "0", "0", "0", "0", "reversedirection=yes highway=unclassified surface=asphalt smoothness=good cycleway:both=no route_bicycle_ncn=yes route_bicycle_rcn=yes", "", "6428", "642793"],
          ["11813969", "47920153", "646", "77", "1000", "0", "0", "0", "0", "reversedirection=yes highway=residential surface=asphalt smoothness=good cycleway:both=no route_bicycle_ncn=yes route_bicycle_rcn=yes", "nodeaccessgranted=yes highway=bus_stop", "6465", "646486"],
          ["11812637", "47918789", "639", "196", "1000", "0", "0", "0", "0", "highway=residential surface=asphalt smoothness=excellent cycleway:both=no route_bicycle_ncn=yes route_bicycle_rcn=yes", "", "6508", "650786"],
          ["11814574", "47913584", "624", "677", "1000", "0", "0", "0", "0", "highway=residential surface=asphalt smoothness=good cycleway:both=no route_bicycle_ncn=yes route_bicycle_rcn=yes", "", "6591", "659064"],
          ["11816563", "47913079", "615", "159", "1000", "336", "0", "0", "0", "highway=unclassified surface=asphalt smoothness=good cycleway:both=no route_bicycle_ncn=yes route_bicycle_rcn=yes", "", "6604", "659737"],
          ["11818347", "47912323", "610", "163", "1000", "155", "0", "0", "0", "highway=residential surface=asphalt smoothness=good cycleway:both=no route_bicycle_ncn=yes route_bicycle_rcn=yes", "", "6618", "660738"],
          ["11820998", "47912348", "606", "207", "1000", "79", "0", "0", "0", "highway=residential surface=asphalt smoothness=good cycleway:both=no route_bicycle_ncn=yes route_bicycle_rcn=yes route_bicycle_lcn=yes", "", "6641", "663082"],
          ["11825032", "47912485", "605", "301", "1000", "0", "0", "0", "0", "highway=unclassified surface=asphalt smoothness=good cycleway:both=no route_bicycle_ncn=yes route_bicycle_rcn=yes route_bicycle_lcn=yes", "", "6680", "666964"],
          ["11832091", "47907592", "575", "782", "1000", "836", "0", "0", "0", "highway=track surface=asphalt tracktype=grade1 smoothness=good route_bicycle_ncn=yes route_bicycle_rcn=yes route_bicycle_lcn=yes", "", "6762", "674348"],
          ["11832289", "47906251", "557", "165", "1000", "927", "0", "0", "0", "highway=residential surface=asphalt smoothness=good cycleway:both=no route_bicycle_ncn=yes route_bicycle_rcn=yes route_bicycle_lcn=yes", "", "6775", "674348"],
          ["11834494", "47904787", "554", "233", "1000", "65", "0", "0", "0", "highway=residential surface=asphalt smoothness=good route_bicycle_ncn=yes route_bicycle_rcn=yes route_bicycle_lcn=yes", "nodeaccessgranted=yes highway=give_way direction=forward", "6796", "675423"],
          ["11834596", "47904725", "554", "10", "1000", "0", "0", "0", "0", "highway=residential surface=asphalt smoothness=good route_bicycle_ncn=yes route_bicycle_rcn=yes route_bicycle_lcn=yes", "", "6797", "675540"],
          ["11834682", "47904664", "553", "9", "1000", "0", "0", "0", "0", "highway=unclassified surface=asphalt smoothness=good route_bicycle_ncn=yes route_bicycle_rcn=yes", "nodeaccessgranted=yes highway=give_way direction=backward", "6798", "675644"],
          ["11837802", "47902472", "551", "337", "1000", "0", "0", "0", "0", "highway=unclassified surface=asphalt smoothness=good route_bicycle_ncn=yes route_bicycle_rcn=yes", "", "6842", "680051"],
          ["11838357", "47902092", "551", "59", "1000", "0", "0", "0", "0", "highway=track surface=compacted tracktype=grade2 route_bicycle_ncn=yes route_bicycle_rcn=yes", "", "6851", "680928"],
          ["11836937", "47900789", "552", "180", "1000", "0", "0", "0", "0", "highway=track surface=asphalt tracktype=grade1 smoothness=good route_bicycle_ncn=yes route_bicycle_rcn=yes", "", "6877", "683565"],
          ["11852404", "47895449", "542", "1304", "1000", "0", "0", "0", "0", "reversedirection=yes highway=track surface=asphalt tracktype=grade1 smoothness=excellent route_bicycle_ncn=yes route_bicycle_rcn=yes", "", "7068", "702707"],
          ["11852611", "47895404", "543", "16", "1050", "0", "0", "0", "0", "highway=footway surface=asphalt foot=designated bicycle=yes smoothness=good oneway:bicycle=no", "barrier=bollard", "7071", "702966"],
          ["11853133", "47895017", "536", "69", "1050", "0", "21", "0", "0", "highway=footway surface=asphalt foot=designated bicycle=yes smoothness=good oneway:bicycle=no", "", "7078", "703586"],
          ["11853302", "47894959", "536", "14", "1050", "0", "60", "0", "0", "reversedirection=yes highway=path surface=asphalt smoothness=good", "barrier=kerb kerb=flush", "7079", "703641"],
          ["11853363", "47894952", "536", "5", "1050", "0", "0", "0", "0", "reversedirection=yes highway=path surface=asphalt smoothness=good", "highway=crossing crossing=unmarked bicycle=yes surface=asphalt", "7079", "703682"],
          ["11853405", "47894832", "536", "14", "1000", "0", "0", "0", "0", "reversedirection=yes highway=tertiary surface=asphalt smoothness=excellent route_bicycle_ncn=yes route_bicycle_rcn=yes", "", "7080", "703800"],
          ["11854312", "47893493", "534", "169", "1000", "0", "0", "0", "0", "reversedirection=yes highway=tertiary surface=asphalt smoothness=good route_bicycle_ncn=yes route_bicycle_rcn=yes", "nodeaccessgranted=yes highway=crossing crossing=uncontrolled kerb=lowered", "7098", "705564"],
          ["11854698", "47893340", "534", "34", "1000", "0", "0", "0", "0", "reversedirection=yes highway=tertiary surface=asphalt smoothness=good route_bicycle_ncn=yes route_bicycle_rcn=yes", "", "7102", "705957"],
          ["11855546", "47892659", "534", "102", "1000", "0", "0", "0", "0", "reversedirection=yes highway=tertiary surface=asphalt route_bicycle_ncn=yes route_bicycle_rcn=yes", "", "7115", "707318"],
          ["11859961", "47892064", "531", "357", "1000", "0", "0", "0", "0", "highway=residential surface=asphalt smoothness=good route_bicycle_ncn=yes route_bicycle_rcn=yes", "nodeaccessgranted=yes traffic_sign:direction=unknown", "7162", "711994"],
          ["11866427", "47891436", "530", "490", "1000", "0", "0", "0", "0", "highway=unclassified surface=asphalt smoothness=good route_bicycle_ncn=yes route_bicycle_rcn=yes", "", "7233", "719075"],
          ["11898912", "47879248", "516", "2939", "1000", "0", "0", "0", "0", "highway=service surface=asphalt smoothness=good route_bicycle_ncn=yes route_bicycle_rcn=yes", "", "7675", "763276"],
          ["11911512", "47881087", "512", "1045", "1000", "0", "0", "0", "0", "highway=residential surface=asphalt smoothness=good cycleway:both=no route_bicycle_ncn=yes route_bicycle_rcn=yes", "nodeaccessgranted=yes highway=give_way direction=forward", "7832", "779024"],
          ["11911653", "47881038", "512", "12", "1000", "0", "0", "0", "0", "highway=residential surface=asphalt smoothness=good cycleway:both=no route_bicycle_ncn=yes route_bicycle_rcn=yes", "", "7834", "779215"],
          ["11911419", "47880809", "512", "31", "1000", "0", "0", "0", "0", "highway=tertiary surface=asphalt smoothness=good cycleway:both=no route_bicycle_ncn=yes route_bicycle_rcn=yes route_bicycle_lcn=yes", "", "7839", "779698"],
          ["11911314", "47880678", "511", "17", "1000", "0", "0", "0", "0", "highway=tertiary surface=asphalt smoothness=good cycleway:both=lane route_bicycle_ncn=yes route_bicycle_rcn=yes route_bicycle_lcn=yes", "", "7842", "779946"],
          ["11911289", "47880648", "511", "4", "1000", "0", "0", "0", "0", "highway=tertiary surface=asphalt cycleway:both=lane route_bicycle_ncn=yes route_bicycle_rcn=yes route_bicycle_lcn=yes", "", "7842", "780001"],
          ["11911382", "47880614", "511", "8", "1000", "0", "0", "0", "0", "reversedirection=yes highway=residential surface=asphalt smoothness=good route_bicycle_ncn=yes route_bicycle_rcn=yes route_bicycle_lcn=yes", "nodeaccessgranted=yes highway=give_way direction=forward", "7843", "780128"],
          ["11911970", "47880478", "508", "46", "1000", "0", "0", "0", "0", "reversedirection=yes highway=residential surface=asphalt smoothness=good route_bicycle_ncn=yes route_bicycle_rcn=yes route_bicycle_lcn=yes", "", "7851", "780878"],
          ["11970611", "47866405", "489", "4974", "1000", "0", "0", "0", "0", "reversedirection=yes highway=path surface=fine_gravel smoothness=intermediate route_bicycle_ncn=yes route_bicycle_rcn=yes route_bicycle_lcn=yes", "nodeaccessgranted=yes highway=give_way traffic_sign:direction=unknown", "8603", "856121"],
          ["11970690", "47866433", "489", "7", "1000", "0", "0", "0", "0", "reversedirection=yes highway=path surface=asphalt smoothness=good route_bicycle_ncn=yes route_bicycle_rcn=yes route_bicycle_lcn=yes", "nodeaccessgranted=yes highway=crossing crossing=unmarked bicycle=yes kerb=lowered surface=asphalt", "8605", "856251"],
          ["11970533", "47865782", "490", "73", "1000", "0", "0", "0", "0", "reversedirection=yes highway=unclassified surface=asphalt route_bicycle_ncn=yes route_bicycle_rcn=yes route_bicycle_lcn=yes", "", "8620", "857843"],
          ["11970640", "47865792", "490", "8", "1000", "0", "0", "0", "0", "highway=path surface=fine_gravel smoothness=intermediate route_bicycle_ncn=yes route_bicycle_rcn=yes route_bicycle_lcn=yes", "nodeaccessgranted=yes highway=give_way direction=backward", "8622", "857984"],
          ["11988894", "47860206", "481", "1654", "1000", "0", "0", "0", "0", "highway=path surface=fine_gravel smoothness=intermediate route_bicycle_ncn=yes route_bicycle_rcn=yes route_bicycle_lcn=yes", "", "8867", "882448"],
          ["11988998", "47860137", "481", "11", "1000", "0", "0", "0", "0", "highway=path surface=asphalt smoothness=good route_bicycle_ncn=yes route_bicycle_rcn=yes route_bicycle_lcn=yes", "", "8868", "882636"],
          ["11988864", "47860029", "482", "16", "1000", "0", "0", "0", "0", "highway=path surface=asphalt foot=designated bicycle=designated smoothness=good oneway:bicycle=no route_bicycle_ncn=yes route_bicycle_rcn=yes route_bicycle_lcn=yes", "", "8872", "883015"],
          ["11993868", "47857913", "479", "445", "1000", "0", "0", "0", "0", "highway=path surface=fine_gravel smoothness=intermediate route_bicycle_ncn=yes route_bicycle_rcn=yes route_bicycle_lcn=yes", "", "8938", "889627"],
          ["11993992", "47857833", "479", "12", "1000", "0", "0", "0", "0", "highway=path surface=asphalt smoothness=good route_bicycle_ncn=yes route_bicycle_rcn=yes route_bicycle_lcn=yes", "nodeaccessgranted=yes highway=give_way direction=forward", "8940", "889836"],
          ["11993998", "47857807", "479", "3", "1000", "0", "0", "0", "0", "highway=path surface=asphalt smoothness=good route_bicycle_ncn=yes route_bicycle_rcn=yes route_bicycle_lcn=yes", "nodeaccessgranted=yes barrier=kerb kerb=lowered", "8941", "889890"],
          ["11994033", "47857786", "479", "4", "1000", "0", "0", "0", "0", "highway=path surface=asphalt smoothness=good route_bicycle_ncn=yes route_bicycle_rcn=yes route_bicycle_lcn=yes", "nodeaccessgranted=yes highway=crossing crossing=unmarked kerb=lowered surface=asphalt", "8942", "889968"],
          ["11994068", "47857764", "480", "4", "1000", "0", "0", "0", "0", "highway=path surface=asphalt smoothness=good route_bicycle_ncn=yes route_bicycle_rcn=yes route_bicycle_lcn=yes", "nodeaccessgranted=yes barrier=kerb kerb=lowered", "8943", "890051"],
          ["11994116", "47857737", "480", "5", "1000", "0", "0", "0", "0", "highway=path surface=asphalt smoothness=good route_bicycle_ncn=yes route_bicycle_rcn=yes route_bicycle_lcn=yes", "nodeaccessgranted=yes highway=give_way direction=backward", "8944", "890153"],
          ["11994212", "47857743", "479", "7", "1000", "0", "0", "0", "0", "highway=path surface=asphalt smoothness=good route_bicycle_ncn=yes route_bicycle_rcn=yes route_bicycle_lcn=yes", "nodeaccessgranted=yes barrier=bollard", "8945", "890286"],
          ["11994464", "47857659", "478", "21", "1000", "0", "0", "0", "0", "highway=path surface=asphalt smoothness=good route_bicycle_ncn=yes route_bicycle_rcn=yes route_bicycle_lcn=yes", "", "8948", "890607"],
          ["12016978", "47853111", "472", "1852", "1000", "0", "0", "0", "0", "highway=path surface=fine_gravel smoothness=intermediate route_bicycle_ncn=yes route_bicycle_rcn=yes route_bicycle_lcn=yes", "", "9232", "918972"],
          ["12017883", "47852514", "471", "98", "1000", "0", "0", "0", "0", "highway=path surface=asphalt smoothness=good route_bicycle_ncn=yes route_bicycle_rcn=yes route_bicycle_lcn=yes", "", "9248", "920597"],
          ["12020752", "47849564", "470", "393", "1000", "0", "0", "0", "0", "highway=path surface=fine_gravel smoothness=intermediate route_bicycle_ncn=yes route_bicycle_rcn=yes route_bicycle_lcn=yes", "", "9309", "926660"],
          ["12042619", "47845752", "465", "1736", "1000", "0", "0", "0", "0", "highway=path surface=fine_gravel foot=designated bicycle=designated smoothness=intermediate route_bicycle_ncn=yes route_bicycle_rcn=yes route_bicycle_lcn=yes", "", "9580", "953762"],
          ["12042681", "47845736", "465", "5", "1000", "0", "0", "0", "0", "highway=path surface=wood foot=designated bicycle=designated smoothness=good route_bicycle_ncn=yes route_bicycle_rcn=yes route_bicycle_lcn=yes", "", "9580", "953844"],
          ["12045809", "47846522", "464", "252", "1000", "0", "0", "0", "0", "highway=path surface=fine_gravel foot=designated bicycle=designated route_bicycle_ncn=yes route_bicycle_rcn=yes route_bicycle_lcn=yes", "", "9621", "957869"],
          ["12053673", "47848904", "462", "648", "1000", "0", "0", "0", "0", "reversedirection=yes highway=path surface=fine_gravel foot=designated bicycle=designated smoothness=intermediate route_bicycle_ncn=yes route_bicycle_rcn=yes route_bicycle_lcn=yes", "", "9722", "967999"],
          ["12054155", "47848990", "460", "37", "1000", "0", "0", "0", "0", "reversedirection=yes highway=path surface=paving_stones foot=designated bicycle=designated route_bicycle_ncn=yes route_bicycle_rcn=yes route_bicycle_lcn=yes", "", "9727", "968502"],
          ["12056192", "47849199", "461", "155", "1000", "0", "0", "0", "0", "reversedirection=yes highway=path surface=fine_gravel foot=designated bicycle=designated smoothness=intermediate route_bicycle_ncn=yes route_bicycle_rcn=yes route_bicycle_lcn=yes", "nodeaccessgranted=yes barrier=bollard", "9751", "970910"],
          ["12056502", "47849165", "461", "24", "1000", "0", "0", "0", "0", "reversedirection=yes highway=path surface=fine_gravel foot=designated bicycle=designated smoothness=intermediate route_bicycle_ncn=yes route_bicycle_rcn=yes route_bicycle_lcn=yes", "", "9755", "971285"],
          ["12059432", "47848849", "461", "222", "1000", "0", "0", "20", "0", "highway=residential surface=asphalt smoothness=good cycleway:both=no oneway=no route_bicycle_ncn=yes route_bicycle_rcn=yes route_bicycle_lcn=yes", "nodeaccessgranted=yes highway=traffic_signals", "9790", "974791"],
          ["12060487", "47848727", "458", "80", "1000", "0", "0", "0", "0", "highway=residential surface=asphalt smoothness=excellent cycleway:both=no route_bicycle_ncn=yes route_bicycle_rcn=yes route_bicycle_lcn=yes", "", "9800", "975793"],
          ["12063018", "47848378", "459", "194", "1000", "0", "0", "0", "0", "highway=residential surface=asphalt smoothness=excellent route_bicycle_ncn=yes route_bicycle_rcn=yes route_bicycle_lcn=yes", "nodeaccessgranted=yes highway=crossing crossing=unmarked kerb=lowered", "9831", "978916"],
          ["12066790", "47847912", "457", "287", "1000", "0", "0", "20", "0", "highway=residential surface=asphalt smoothness=excellent route_bicycle_ncn=yes route_bicycle_rcn=yes route_bicycle_lcn=yes", "nodeaccessgranted=yes highway=traffic_signals", "9876", "983453"],
          ["12070846", "47847484", "457", "307", "1000", "0", "0", "0", "0", "highway=residential surface=asphalt smoothness=excellent route_bicycle_rcn=yes", "", "9928", "988616"],
          ["12079118", "47846851", "455", "623", "1000", "0", "0", "0", "0", "reversedirection=yes highway=service surface=asphalt smoothness=excellent oneway=no route_bicycle_rcn=yes", "nodeaccessgranted=yes barrier=bollard bicycle=yes foot=yes", "10029", "998713"],
          ["12079851", "47846773", "456", "56", "1000", "0", "0", "0", "0", "reversedirection=yes highway=service surface=asphalt smoothness=excellent oneway=no route_bicycle_rcn=yes", "", "10038", "999584"],
          ["12080870", "47846325", "455", "100", "1350", "0", "42", "0", "0", "reversedirection=yes highway=service surface=asphalt", "", "10054", "1001210"],
          ["12082745", "47843306", "455", "373", "1150", "0", "46", "0", "0", "reversedirection=yes highway=residential surface=asphalt", "", "10113", "1007134"],
          ["12082720", "47842832", "455", "54", "1150", "0", "44", "0", "0", "highway=residential surface=asphalt cycleway:both=no", "estimated_crossing_class=4", "10122", "1008040"],
          ["12082734", "47842771", "455", "7", "1150", "0", "1", "0", "0", "highway=residential surface=asphalt", "", "10123", "1008157"],
          ["12082919", "47842749", "455", "14", "1050", "0", "61", "0", "0", "highway=path surface=asphalt foot=designated bicycle=designated oneway=yes", "barrier=kerb kerb=lowered", "10126", "1008392"],
          ["12086835", "47841112", "454", "363", "1050", "0", "8", "0", "0", "highway=path surface=asphalt foot=designated bicycle=designated oneway=yes", "", "10183", "1014122"],
          ["12087321", "47839855", "454", "145", "1050", "0", "0", "0", "0", "highway=path surface=asphalt foot=designated bicycle=designated", "highway=crossing crossing=uncontrolled kerb=flush", "10207", "1016537"],
          ["12089012", "47836160", "454", "430", "1050", "0", "0", "0", "0", "highway=path surface=asphalt foot=designated bicycle=yes smoothness=good", "highway=crossing crossing=unmarked bicycle=yes kerb=flush", "10282", "1023984"],
          ["12089478", "47835520", "455", "81", "1050", "0", "23", "0", "0", "highway=path surface=asphalt foot=designated bicycle=yes smoothness=good", "estimated_crossing_class=4", "10298", "1025628"],
          ["12089695", "47835156", "454", "44", "1150", "0", "24", "0", "0", "reversedirection=yes highway=secondary surface=asphalt smoothness=good cycleway:right=no cycleway:left=track", "", "10305", "1026289"],
          ["12089994", "47834699", "457", "56", "1150", "0", "0", "0", "0", "reversedirection=yes highway=secondary surface=asphalt smoothness=excellent cycleway:right=no cycleway:left=track", "estimated_crossing_class=2", "10320", "1027779"],
          ["12090537", "47834007", "459", "87", "1150", "0", "0", "0", "0", "reversedirection=yes highway=secondary surface=asphalt smoothness=excellent cycleway:right=no cycleway:left=track", "estimated_crossing_class=2", "10337", "1029533"],
          ["12091086", "47832948", "463", "126", "1150", "0", "3", "0", "0", "reversedirection=yes highway=secondary surface=asphalt smoothness=excellent cycleway:right=no cycleway:left=track", "estimated_crossing_class=2", "10373", "1033139"],
          ["12091098", "47832885", "463", "7", "1150", "0", "0", "0", "0", "reversedirection=yes highway=secondary surface=asphalt smoothness=excellent cycleway:right=no cycleway:left=track", "estimated_crossing_class=2", "10375", "1033327"],
          ["12091259", "47831991", "466", "101", "1150", "0", "0", "0", "0", "reversedirection=yes highway=secondary surface=asphalt smoothness=good cycleway:right=no cycleway:left=track", "estimated_crossing_class=2", "10408", "1036666"],
          ["12091191", "47831301", "466", "77", "1150", "0", "0", "0", "0", "reversedirection=yes highway=secondary surface=asphalt smoothness=good cycleway:right=no cycleway:left=track", "estimated_crossing_class=2", "10426", "1038437"],
          ["12091109", "47830892", "466", "46", "1150", "0", "0", "0", "0", "reversedirection=yes highway=secondary surface=asphalt smoothness=good cycleway:right=no cycleway:left=track", "estimated_crossing_class=2", "10435", "1039349"],
          ["12090911", "47830423", "465", "54", "1150", "0", "0", "0", "0", "reversedirection=yes highway=secondary surface=asphalt smoothness=good cycleway:right=no cycleway:left=track", "estimated_crossing_class=2", "10451", "1040965"],
          ["12090845", "47830282", "465", "16", "1150", "0", "0", "0", "0", "reversedirection=yes highway=secondary surface=asphalt smoothness=good cycleway:right=no cycleway:left=track", "estimated_crossing_class=2", "10456", "1041423"],
          ["12090809", "47830193", "465", "10", "1150", "0", "0", "0", "0", "reversedirection=yes highway=secondary surface=asphalt smoothness=good cycleway:right=no cycleway:left=track", "estimated_crossing_class=2", "10459", "1041691"],
          ["12090672", "47829924", "465", "32", "1150", "0", "0", "0", "0", "reversedirection=yes highway=secondary surface=asphalt smoothness=good cycleway:right=no cycleway:left=track", "estimated_crossing_class=2", "10466", "1042392"],
          ["12090561", "47829688", "465", "28", "1150", "0", "0", "0", "0", "reversedirection=yes highway=secondary surface=asphalt smoothness=good cycleway:right=no cycleway:left=track", "estimated_crossing_class=2", "10472", "1043038"],
          ["12090469", "47828967", "466", "83", "1050", "0", "43", "0", "0", "reversedirection=yes highway=path surface=asphalt foot=designated bicycle=yes smoothness=excellent", "highway=crossing crossing=unmarked bicycle=yes kerb=flush", "10491", "1044957"],
          ["12091370", "47827303", "466", "201", "1050", "0", "2", "0", "0", "reversedirection=yes highway=path surface=asphalt foot=designated bicycle=yes smoothness=excellent", "highway=crossing crossing=unmarked", "10530", "1048782"],
          ["12091445", "47827317", "466", "6", "1150", "0", "55", "0", "0", "reversedirection=yes highway=residential surface=asphalt smoothness=good", "estimated_crossing_class=2", "10531", "1048875"],
          ["12092308", "47826834", "465", "84", "1650", "0", "34", "0", "0", "reversedirection=yes highway=secondary surface=asphalt smoothness=excellent", "estimated_crossing_class=2", "10543", "1050121"],
          ["12092707", "47826546", "465", "44", "1650", "0", "0", "0", "0", "reversedirection=yes highway=secondary surface=asphalt smoothness=excellent", "estimated_crossing_class=2", "10550", "1050799"],
          ["12093328", "47825865", "465", "89", "1650", "0", "3", "0", "0", "reversedirection=yes highway=secondary surface=asphalt smoothness=excellent", "highway=crossing crossing=unmarked kerb=lowered", "10565", "1052315"],
          ["12093554", "47825712", "465", "24", "1650", "0", "0", "0", "0", "reversedirection=yes highway=secondary surface=asphalt smoothness=excellent", "estimated_crossing_class=2", "10568", "1052651"],
          ["12093720", "47825628", "465", "16", "1650", "0", "1", "0", "0", "reversedirection=yes highway=secondary surface=asphalt smoothness=good", "", "10571", "1052870"],
          ["12094165", "47825493", "465", "37", "1650", "0", "1", "0", "0", "highway=secondary surface=asphalt smoothness=excellent cycleway:both=no", "estimated_crossing_class=2", "10576", "1053400"],
          ["12094745", "47825452", "466", "44", "1650", "0", "2", "0", "0", "highway=secondary surface=asphalt smoothness=excellent cycleway:both=no", "estimated_crossing_class=2", "10584", "1054177"],
          ["12095008", "47825463", "465", "20", "1650", "0", "0", "0", "0", "highway=secondary surface=asphalt smoothness=excellent cycleway:both=no", "estimated_crossing_class=2", "10587", "1054487"],
          ["12095112", "47825468", "464", "8", "1650", "0", "0", "20", "0", "highway=secondary surface=asphalt smoothness=excellent cycleway:both=no", "highway=crossing crossing=traffic_signals kerb=lowered", "10588", "1054598"],
          ["12095222", "47825471", "464", "8", "1650", "0", "0", "0", "0", "highway=secondary surface=asphalt smoothness=excellent cycleway:both=no", "estimated_crossing_class=2", "10589", "1054699"],
          ["12096059", "47825526", "463", "63", "1650", "0", "0", "0", "0", "highway=secondary surface=asphalt smoothness=excellent cycleway:both=no", "estimated_crossing_class=2", "10596", "1055430"],
          ["12096204", "47825532", "463", "11", "1650", "0", "0", "0", "0", "highway=secondary surface=asphalt smoothness=excellent cycleway:both=no", "estimated_crossing_class=2", "10598", "1055572"],
          ["12097119", "47825559", "462", "69", "1650", "0", "0", "0", "0", "highway=secondary surface=asphalt smoothness=excellent cycleway:both=no", "estimated_crossing_class=2", "10605", "1056364"],
          ["12097173", "47825558", "462", "4", "1650", "0", "0", "0", "0", "highway=secondary surface=asphalt smoothness=excellent cycleway:both=no", "estimated_crossing_class=2", "10606", "1056415"],
          ["12097553", "47825558", "461", "28", "1650", "0", "0", "0", "0", "highway=secondary surface=asphalt smoothness=excellent cycleway:both=no", "estimated_crossing_class=2", "10609", "1056769"],
          ["12098125", "47825557", "461", "43", "1650", "0", "0", "0", "0", "highway=secondary surface=asphalt smoothness=excellent cycleway:both=no", "highway=crossing crossing=unmarked kerb=lowered", "10615", "1057329"],
          ["12098349", "47825568", "461", "17", "1650", "0", "0", "0", "0", "highway=secondary surface=asphalt smoothness=excellent cycleway:both=no", "estimated_crossing_class=3", "10617", "1057541"],
          ["12099261", "47825617", "461", "68", "1650", "0", "0", "0", "0", "highway=secondary surface=asphalt smoothness=excellent cycleway:both=no", "estimated_crossing_class=3", "10628", "1058606"],
          ["12099930", "47825650", "461", "50", "1650", "0", "0", "20", "0", "highway=secondary surface=asphalt smoothness=excellent", "highway=crossing crossing=traffic_signals kerb=flush", "10636", "1059374"],
          ["12100368", "47825668", "462", "33", "1650", "0", "0", "0", "0", "highway=secondary surface=asphalt smoothness=excellent", "estimated_crossing_class=2", "10641", "1059960"],
          ["12100782", "47825681", "462", "31", "1650", "0", "0", "0", "0", "highway=secondary surface=asphalt smoothness=excellent", "estimated_crossing_class=2", "10647", "1060502"],
          ["12101744", "47825722", "460", "72", "1650", "0", "0", "0", "0", "highway=secondary surface=asphalt smoothness=excellent", "estimated_crossing_class=2", "10657", "1061489"],
          ["12101779", "47825726", "461", "3", "1650", "0", "0", "0", "0", "highway=secondary surface=asphalt smoothness=excellent", "estimated_crossing_class=2", "10657", "1061536"],
          ["12102012", "47825747", "461", "18", "1650", "0", "0", "0", "0", "highway=secondary surface=asphalt smoothness=excellent", "", "10660", "1061818"],
          ["12102165", "47825752", "461", "11", "1650", "0", "0", "0", "0", "highway=secondary surface=asphalt smoothness=excellent oneway=yes", "highway=crossing estimated_crossing_class=0 crossing=uncontrolled kerb=flush", "10662", "1062015"],
          ["12102295", "47825761", "461", "10", "1650", "0", "0", "0", "0", "highway=secondary surface=asphalt smoothness=excellent oneway=yes", "", "10664", "1062194"],
          ["12102365", "47825743", "461", "6", "1650", "0", "0", "0", "0", "highway=secondary surface=asphalt smoothness=excellent junction=roundabout cycleway:right=no", "", "10665", "1062293"],
          ["12102453", "47825667", "461", "11", "1650", "0", "8", "0", "0", "highway=secondary surface=asphalt foot=no smoothness=excellent oneway=yes", "highway=crossing estimated_crossing_class=0 crossing=uncontrolled kerb=flush", "10666", "1062465"],
          ["12102562", "47825632", "461", "9", "1650", "0", "8", "0", "0", "highway=secondary surface=asphalt foot=no smoothness=excellent oneway=yes", "", "10668", "1062607"],
          ["12103211", "47825450", "461", "53", "1650", "0", "7", "0", "0", "highway=secondary surface=asphalt smoothness=excellent", "estimated_crossing_class=2", "10676", "1063455"],
          ["12104161", "47825204", "460", "76", "1650", "0", "0", "0", "0", "highway=secondary surface=asphalt smoothness=excellent", "estimated_crossing_class=2", "10688", "1064591"],
          ["12104215", "47825192", "460", "4", "1650", "0", "0", "0", "0", "highway=secondary surface=asphalt smoothness=excellent", "estimated_crossing_class=2", "10688", "1064653"],
          ["12104711", "47825065", "460", "40", "1650", "0", "0", "0", "0", "highway=secondary surface=asphalt smoothness=excellent", "estimated_crossing_class=2", "10694", "1065222"],
          ["12105663", "47824888", "458", "74", "1650", "0", "1", "0", "0", "highway=secondary surface=asphalt smoothness=excellent", "estimated_crossing_class=2", "10703", "1066126"],
          ["12105907", "47824889", "459", "18", "1650", "0", "0", "0", "0", "highway=secondary surface=asphalt smoothness=excellent", "highway=crossing estimated_crossing_class=1 crossing=unmarked kerb=flush", "10706", "1066407"],
          ["12108180", "47825040", "460", "175", "1050", "0", "74", "0", "0", "reversedirection=yes highway=footway surface=asphalt foot=designated bicycle=yes smoothness=excellent", "highway=crossing crossing=unmarked bicycle=yes kerb=flush", "10739", "1069734"],
          ["12112771", "47822618", "460", "441", "1050", "0", "8", "0", "0", "reversedirection=yes highway=footway surface=asphalt foot=designated bicycle=yes smoothness=excellent", "highway=crossing crossing=uncontrolled bicycle=yes kerb=flush", "10815", "1077285"],
          ["12120177", "47818767", "454", "713", "1050", "0", "19", "0", "0", "reversedirection=yes highway=footway surface=asphalt foot=designated bicycle=yes smoothness=excellent", "", "10915", "1087336"],
          ["12120222", "47818733", "454", "5", "1050", "0", "42", "20", "0", "reversedirection=yes highway=footway surface=asphalt bicycle=yes", "highway=crossing estimated_crossing_class=0 crossing=traffic_signals", "10916", "1087400"],
          ["12120360", "47818676", "454", "12", "1050", "0", "11", "20", "0", "reversedirection=yes highway=footway surface=asphalt bicycle=yes", "highway=crossing estimated_crossing_class=0 crossing=traffic_signals bicycle=yes", "10917", "1087555"],
          ["12120435", "47818659", "454", "6", "1050", "0", "0", "0", "0", "reversedirection=yes highway=footway surface=asphalt bicycle=yes", "barrier=kerb kerb=lowered", "10918", "1087635"],
          ["12120499", "47818644", "454", "5", "1050", "0", "0", "0", "0", "reversedirection=yes highway=footway surface=sett bicycle=yes", "barrier=kerb kerb=lowered", "10919", "1087702"],
          ["12120532", "47818641", "454", "2", "1050", "0", "2", "20", "0", "reversedirection=yes highway=footway surface=asphalt bicycle=yes", "highway=crossing estimated_crossing_class=0 crossing=traffic_signals bicycle=yes", "10919", "1087729"],
          ["12120692", "47818610", "453", "12", "1050", "0", "1", "0", "0", "reversedirection=yes highway=footway surface=asphalt bicycle=yes", "", "10921", "1087876"],
          ["12120640", "47818490", "453", "14", "1050", "0", "90", "20", "0", "reversedirection=yes highway=path surface=asphalt foot=designated bicycle=designated", "highway=crossing crossing=traffic_signals bicycle=yes", "10922", "1088055"],
          ["12120358", "47809087", "455", "1100", "1050", "0", "93", "0", "0", "reversedirection=yes highway=path surface=asphalt foot=designated bicycle=designated", "", "11111", "1106945"],
          ["12120381", "47809085", "455", "2", "1150", "0", "52", "20", "0", "reversedirection=yes highway=residential surface=asphalt", "highway=traffic_signals traffic_signals=signal", "11112", "1106993"],
          ["12120837", "47809092", "455", "35", "1150", "0", "1", "0", "0", "reversedirection=yes highway=residential surface=asphalt", "", "11120", "1107850"],
          ["12122322", "47808767", "449", "128", "1350", "0", "56", "0", "0", "highway=service surface=asphalt smoothness=excellent", "", "11137", "1109479"],
          ["12122809", "47808684", "449", "44", "1350", "0", "62", "0", "0", "highway=service surface=asphalt smoothness=excellent oneway=yes", "", "11143", "1110140"],
          ["12123584", "47808834", "449", "61", "1350", "0", "15", "0", "0", "reversedirection=yes highway=unclassified surface=asphalt", "", "11153", "1111081"],
          ["12123133", "47807719", "449", "150", "1350", "0", "161", "0", "0", "highway=unclassified surface=asphalt", "", "11171", "1112905"],
          ["12123284", "47807699", "450", "12", "1050", "0", "96", "0", "0", "highway=track surface=asphalt tracktype=grade1", "", "11173", "1113097"],
          ["12124854", "47807575", "451", "118", "2050", "0", "0", "0", "0", "highway=track surface=compacted tracktype=grade2", "", "11197", "1115561"],
          ["12125046", "47807565", "451", "14", "5050", "0", "0", "0", "0", "highway=track surface=asphalt tracktype=grade1 vehicle=no", "", "11199", "1115777"],
          ["12124932", "47807046", "452", "58", "1000", "0", "0", "0", "0", "highway=track surface=asphalt tracktype=grade1 route_bicycle_ncn=yes route_bicycle_lcn=yes", "", "11212", "1117018"],
          ["12125015", "47806841", "452", "24", "1000", "0", "0", "0", "0", "highway=track surface=asphalt tracktype=grade1 smoothness=intermediate route_bicycle_ncn=yes route_bicycle_lcn=yes", "", "11217", "1117529"],
          ["12120592", "47788426", "453", "2155", "1000", "0", "0", "0", "0", "highway=track surface=fine_gravel tracktype=grade2 smoothness=intermediate route_bicycle_ncn=yes route_bicycle_lcn=yes", "", "11593", "1155156"],
          ["12120620", "47788410", "453", "3", "1000", "0", "0", "0", "0", "highway=path surface=fine_gravel foot=yes bicycle=yes route_bicycle_ncn=yes route_bicycle_lcn=yes", "", "11594", "1155201"],
          ["12120965", "47788223", "452", "33", "1000", "0", "0", "0", "0", "highway=path surface=asphalt foot=yes bicycle=yes route_bicycle_ncn=yes route_bicycle_lcn=yes", "", "11598", "1155653"],
          ["12124177", "47781367", "455", "827", "1000", "0", "0", "0", "0", "highway=track surface=asphalt tracktype=grade1 foot=yes bicycle=yes route_bicycle_ncn=yes route_bicycle_lcn=yes", "", "11745", "1170344"],
          ["12124427", "47781127", "455", "98", "1000", "0", "0", "0", "0", "highway=path surface=asphalt foot=yes bicycle=yes route_bicycle_rcn=yes route_bicycle_lcn=yes", "", "11763", "1172129"],
          ["12126939", "47781916", "455", "208", "1000", "0", "0", "0", "0", "highway=footway surface=asphalt bicycle=yes oneway=yes route_bicycle_rcn=yes route_bicycle_lcn=yes", "", "11799", "1175707"],
          ["12127085", "47781377", "454", "63", "1000", "0", "0", "0", "0", "highway=service surface=compacted smoothness=intermediate route_bicycle_lcn=yes", "", "11809", "1176778"],
          ["12129938", "47778508", "454", "386", "1000", "0", "0", "0", "0", "reversedirection=yes highway=track surface=fine_gravel tracktype=grade2 foot=yes bicycle=yes smoothness=intermediate route_bicycle_ncn=yes route_bicycle_lcn=yes", "", "11871", "1182921"],
          ["12130406", "47778175", "454", "51", "1000", "0", "0", "0", "0", "reversedirection=yes highway=track surface=fine_gravel tracktype=grade2 foot=yes bicycle=yes smoothness=intermediate route_bicycle_ncn=yes", "", "11880", "1183883"],
          ["12131712", "47777314", "454", "137", "1000", "0", "0", "0", "0", "reversedirection=yes highway=track surface=compacted tracktype=grade2 foot=yes bicycle=yes smoothness=intermediate route_bicycle_ncn=yes", "", "11904", "1186233"],
          ["12132246", "47776249", "455", "127", "1000", "0", "0", "0", "0", "reversedirection=yes highway=track surface=gravel tracktype=grade2 foot=yes bicycle=yes route_bicycle_ncn=yes", "", "11926", "1188412"],
          ["12134817", "47769067", "453", "825", "1000", "0", "0", "0", "0", "reversedirection=yes highway=track surface=compacted tracktype=grade2 foot=yes bicycle=yes smoothness=intermediate route_bicycle_ncn=yes", "", "12063", "1202090"],
          ["12133828", "47761194", "456", "883", "1000", "0", "0", "0", "0", "reversedirection=yes highway=track surface=fine_gravel tracktype=grade2 foot=yes bicycle=yes route_bicycle_ncn=yes", "", "12224", "1218196"],
          ["12133728", "47760403", "456", "88", "1000", "0", "0", "0", "0", "reversedirection=yes highway=track surface=fine_gravel tracktype=grade2 foot=yes bicycle=yes smoothness=intermediate route_bicycle_ncn=yes", "", "12238", "1219632"],
          ["12137010", "47745885", "456", "1680", "1000", "0", "0", "0", "0", "reversedirection=yes highway=track surface=compacted tracktype=grade2 foot=yes bicycle=yes smoothness=intermediate route_bicycle_ncn=yes", "", "12527", "1248497"],
          ["12137470", "47745560", "457", "50", "1000", "0", "0", "0", "0", "reversedirection=yes highway=track surface=fine_gravel tracktype=grade2 foot=yes bicycle=yes route_bicycle_ncn=yes", "", "12535", "1249376"],
          ["12137618", "47745250", "458", "36", "1000", "0", "0", "0", "0", "highway=track surface=asphalt tracktype=grade1 foot=yes bicycle=yes route_bicycle_ncn=yes", "", "12543", "1250170"],
          ["12138841", "47741032", "459", "483", "1000", "0", "0", "0", "0", "highway=residential surface=asphalt route_bicycle_ncn=yes", "", "12631", "1258920"],
          ["12139040", "47740766", "460", "33", "1000", "0", "0", "0", "0", "highway=residential surface=asphalt route_bicycle_ncn=yes route_bicycle_lcn=yes", "", "12638", "1259654"],
          ["12139210", "47740560", "461", "26", "1000", "0", "0", "0", "0", "reversedirection=yes highway=residential surface=asphalt route_bicycle_ncn=yes route_bicycle_lcn=yes", "nodeaccessgranted=yes estimated_crossing_class=4", "12646", "1260478"],
          ["12139355", "47740363", "460", "24", "1000", "0", "0", "0", "0", "highway=unclassified surface=asphalt cycleway:both=no route_bicycle_ncn=yes route_bicycle_lcn=yes", "nodeaccessgranted=yes crossing=unknown", "12651", "1260912"],
          ["12136932", "47739901", "465", "196", "1000", "0", "0", "0", "0", "highway=footway surface=asphalt bicycle=yes route_bicycle_ncn=yes route_bicycle_lcn=yes", "", "12692", "1265013"],
          ["12143246", "47728892", "464", "1314", "1000", "0", "0", "0", "0", "highway=track surface=compacted tracktype=grade2 foot=yes bicycle=yes route_bicycle_ncn=yes route_bicycle_lcn=yes", "", "12923", "1288120"],
          ["12150024", "47718460", "463", "1279", "1000", "0", "0", "0", "0", "highway=track surface=fine_gravel tracktype=grade2 foot=yes bicycle=yes route_bicycle_ncn=yes route_bicycle_lcn=yes", "", "13142", "1310014"],
          ["12150175", "47718225", "465", "28", "1000", "0", "0", "0", "0", "highway=track surface=paving_stones tracktype=grade1 foot=yes bicycle=yes route_bicycle_ncn=yes route_bicycle_lcn=yes", "", "13148", "1310636"],
          ["12162763", "47704516", "463", "1850", "1000", "0", "0", "0", "0", "highway=track surface=fine_gravel tracktype=grade2 foot=yes bicycle=yes route_bicycle_ncn=yes route_bicycle_lcn=yes", "", "13459", "1341736"],
          ["12162762", "47704502", "463", "2", "1000", "0", "0", "0", "0", "reversedirection=yes highway=track surface=compacted tracktype=grade2 foot=yes bicycle=yes route_bicycle_ncn=yes route_bicycle_lcn=yes", "", "13459", "1341768"],
          ["12162754", "47704368", "463", "15", "5000", "0", "0", "0", "0", "reversedirection=yes highway=footway surface=wood tracktype=grade1 access=no foot=yes route_bicycle_ncn=yes route_bicycle_lcn=yes", "", "13462", "1342004"],
          ["12162753", "47704344", "463", "3", "1000", "0", "0", "0", "0", "reversedirection=yes highway=track surface=compacted tracktype=grade2 foot=yes bicycle=yes route_bicycle_ncn=yes route_bicycle_lcn=yes", "", "13462", "1342051"],
          ["12163326", "47701148", "464", "365", "1000", "0", "0", "0", "0", "reversedirection=yes highway=track surface=fine_gravel tracktype=grade2 foot=yes bicycle=yes route_bicycle_ncn=yes route_bicycle_lcn=yes", "", "13527", "1348545"],
          ["12178370", "47673996", "466", "3415", "1000", "0", "0", "0", "0", "reversedirection=yes highway=track surface=fine_gravel tracktype=grade2 foot=yes bicycle=yes route_bicycle_ncn=yes route_bicycle_rcn=yes route_bicycle_lcn=yes", "", "14115", "1407306"],
          ["12178503", "47673793", "466", "24", "1000", "0", "0", "0", "0", "reversedirection=yes highway=unclassified surface=asphalt route_bicycle_ncn=yes route_bicycle_rcn=yes route_bicycle_lcn=yes", "", "14118", "1407641"],
          ["12178612", "47673713", "466", "12", "1000", "0", "0", "0", "0", "reversedirection=yes highway=residential surface=asphalt route_bicycle_ncn=yes route_bicycle_rcn=yes route_bicycle_lcn=yes", "", "14120", "1407827"],
          ["12183992", "47669270", "467", "642", "1000", "0", "0", "0", "0", "reversedirection=yes highway=residential surface=asphalt cycleway:left=lane route_bicycle_ncn=yes route_bicycle_rcn=yes route_bicycle_lcn=yes", "", "14232", "1419066"],
          ["12184624", "47668569", "468", "93", "1000", "0", "0", "0", "0", "reversedirection=yes highway=residential surface=asphalt cycleway:left=track route_bicycle_ncn=yes route_bicycle_rcn=yes route_bicycle_lcn=yes", "", "14248", "1420690"],
          ["12184726", "47668497", "468", "11", "1000", "0", "0", "0", "0", "reversedirection=yes highway=residential surface=asphalt route_bicycle_ncn=yes route_bicycle_rcn=yes route_bicycle_lcn=yes", "nodeaccessgranted=yes traffic_calming=island", "14251", "1420902"],
          ["12184870", "47668443", "468", "12", "1000", "0", "0", "0", "0", "reversedirection=yes highway=residential surface=asphalt route_bicycle_ncn=yes route_bicycle_rcn=yes route_bicycle_lcn=yes", "nodeaccessgranted=yes estimated_crossing_class=2", "14253", "1421130"],
          ["12184690", "47665018", "469", "389", "1000", "0", "0", "0", "0", "reversedirection=yes highway=path surface=asphalt route_bicycle_ncn=yes route_bicycle_rcn=yes route_bicycle_lcn=yes", "", "14331", "1428994"],
          ["12185494", "47663230", "473", "224", "1000", "0", "0", "0", "0", "reversedirection=yes highway=unclassified surface=asphalt route_bicycle_ncn=yes route_bicycle_rcn=yes route_bicycle_lcn=yes", "", "14379", "1433767"],
          ["12185350", "47662305", "475", "103", "1000", "0", "0", "0", "0", "reversedirection=yes highway=service surface=asphalt foot=yes bicycle=yes route_bicycle_ncn=yes route_bicycle_rcn=yes", "", "14410", "1436849"],
          ["12186774", "47659270", "470", "368", "1000", "0", "0", "0", "0", "reversedirection=yes highway=path surface=asphalt foot=yes bicycle=yes route_bicycle_ncn=yes route_bicycle_rcn=yes", "nodeaccessgranted=yes barrier=bollard", "14480", "1443810"],
          ["12186810", "47659219", "469", "6", "1000", "0", "0", "0", "0", "reversedirection=yes highway=path surface=asphalt foot=yes bicycle=yes route_bicycle_ncn=yes route_bicycle_rcn=yes", "", "14480", "1443880"],
          ["12191222", "47657472", "476", "390", "1000", "0", "0", "0", "0", "highway=unclassified surface=asphalt route_bicycle_ncn=yes route_bicycle_rcn=yes", "", "14552", "1451105"],
          ["12198985", "47648515", "470", "1194", "1000", "0", "0", "0", "0", "highway=track surface=asphalt tracktype=grade1 foot=yes bicycle=yes route_bicycle_ncn=yes route_bicycle_rcn=yes", "", "14740", "1469897"],
          ["12199209", "47647678", "469", "114", "1000", "0", "0", "0", "0", "reversedirection=yes highway=track surface=asphalt tracktype=grade1 foot=yes bicycle=yes route_bicycle_ncn=yes route_bicycle_rcn=yes", "", "14758", "1471706"],
          ["12199057", "47643461", "471", "543", "1000", "0", "0", "0", "0", "reversedirection=yes highway=track surface=asphalt tracktype=grade1 smoothness=good route_bicycle_ncn=yes route_bicycle_rcn=yes", "", "14853", "1481109"],
          ["12198777", "47643419", "470", "22", "1000", "0", "0", "0", "0", "reversedirection=yes highway=service surface=asphalt smoothness=good route_bicycle_ncn=yes route_bicycle_rcn=yes", "", "14857", "1481536"],
          ["12199524", "47642646", "469", "103", "1000", "0", "0", "0", "0", "reversedirection=yes highway=unclassified surface=asphalt access=yes bicycle=yes route_bicycle_ncn=yes route_bicycle_rcn=yes", "", "14875", "1483382"],
          ["12200347", "47641625", "473", "132", "1000", "0", "0", "0", "0", "reversedirection=yes highway=unclassified surface=asphalt route_bicycle_ncn=yes route_bicycle_rcn=yes", "", "14906", "1486504"],
          ["12200424", "47640411", "476", "138", "1000", "0", "0", "0", "0", "reversedirection=yes highway=service surface=asphalt bicycle=yes smoothness=excellent vehicle=no route_bicycle_ncn=yes route_bicycle_rcn=yes", "", "14942", "1490032"],
          ["12208050", "47609065", "477", "3733", "1000", "0", "0", "0", "0", "reversedirection=yes highway=track surface=asphalt tracktype=grade1 bicycle=yes smoothness=excellent vehicle=no route_bicycle_ncn=yes route_bicycle_rcn=yes", "", "15596", "1555447"],
          ["12193428", "47604443", "478", "1322", "1000", "0", "0", "0", "0", "reversedirection=yes highway=track surface=asphalt tracktype=grade1 foot=yes bicycle=yes smoothness=excellent vehicle=no route_bicycle_ncn=yes route_bicycle_rcn=yes", "", "15828", "1578656"],
          ["12185786", "47604205", "477", "575", "1000", "0", "0", "0", "0", "reversedirection=yes highway=track surface=asphalt tracktype=grade1 bicycle=yes smoothness=excellent vehicle=no route_bicycle_ncn=yes route_bicycle_rcn=yes", "", "15918", "1587667"],
          ["12185632", "47604164", "477", "12", "1000", "0", "0", "0", "0", "reversedirection=yes highway=track surface=concrete tracktype=grade1 bicycle=yes smoothness=good vehicle=no route_bicycle_ncn=yes route_bicycle_rcn=yes", "", "15920", "1587888"],
          ["12179133", "47599621", "479", "793", "1000", "0", "0", "0", "0", "reversedirection=yes highway=track surface=asphalt tracktype=grade1 bicycle=yes smoothness=excellent vehicle=no route_bicycle_ncn=yes route_bicycle_rcn=yes", "", "16062", "1602115"],
          ["12179093", "47599589", "479", "5", "1000", "0", "0", "0", "0", "highway=path surface=asphalt foot=designated bicycle=designated route_bicycle_ncn=yes route_bicycle_rcn=yes route_bicycle_lcn=yes", "", "16063", "1602208"],
          ["12178894", "47599457", "479", "21", "1000", "0", "0", "0", "0", "highway=path surface=wood foot=designated bicycle=designated route_bicycle_ncn=yes route_bicycle_rcn=yes route_bicycle_lcn=yes", "", "16068", "1602673"],
          ["12178844", "47599422", "479", "5", "1000", "0", "0", "0", "0", "highway=path surface=asphalt foot=designated bicycle=designated route_bicycle_ncn=yes route_bicycle_rcn=yes route_bicycle_lcn=yes", "", "16069", "1602780"],
          ["12177092", "47599315", "478", "171", "1000", "0", "0", "0", "0", "reversedirection=yes highway=unclassified surface=asphalt smoothness=excellent cycleway:both=no route_bicycle_ncn=yes route_bicycle_rcn=yes route_bicycle_lcn=yes", "", "16096", "1605506"],
          ["12176860", "47599155", "478", "25", "1000", "0", "0", "0", "0", "highway=path surface=asphalt smoothness=excellent route_bicycle_ncn=yes route_bicycle_rcn=yes route_bicycle_lcn=yes", "", "16101", "1605947"],
          ["12171280", "47594375", "478", "682", "1000", "0", "0", "0", "0", "highway=path surface=asphalt access=agricultural foot=designated bicycle=designated smoothness=excellent route_bicycle_ncn=yes route_bicycle_rcn=yes route_bicycle_lcn=yes", "", "16218", "1617700"],
          ["12171118", "47594275", "478", "17", "1000", "0", "0", "0", "0", "highway=path surface=concrete access=agricultural foot=designated bicycle=designated smoothness=excellent route_bicycle_ncn=yes route_bicycle_rcn=yes route_bicycle_lcn=yes", "", "16221", "1617960"],
          ["12171000", "47594205", "479", "12", "1000", "0", "0", "0", "0", "highway=path surface=asphalt access=agricultural foot=designated bicycle=designated smoothness=excellent route_bicycle_ncn=yes route_bicycle_rcn=yes route_bicycle_lcn=yes", "", "16223", "1618185"],
          ["12167186", "47588194", "480", "805", "1000", "0", "0", "0", "0", "reversedirection=yes highway=path surface=asphalt foot=designated bicycle=designated smoothness=excellent route_bicycle_ncn=yes route_bicycle_rcn=yes route_bicycle_lcn=yes", "", "16366", "1632437"],
          ["12167113", "47588182", "479", "6", "1000", "0", "0", "0", "0", "highway=path surface=asphalt foot=designated bicycle=designated route_bicycle_ncn=yes route_bicycle_rcn=yes route_bicycle_lcn=yes", "", "16367", "1632525"],
          ["12165609", "47587992", "479", "115", "1000", "0", "0", "0", "0", "highway=cycleway surface=asphalt foot=designated bicycle=designated route_bicycle_ncn=yes route_bicycle_rcn=yes route_bicycle_lcn=yes", "", "16382", "1634087"],
          ["12166072", "47586568", "480", "163", "1000", "0", "0", "0", "0", "highway=cycleway surface=asphalt foot=designated bicycle=designated route_bicycle_rcn=yes route_bicycle_lcn=yes", "", "16412", "1637088"],
          ["12151942", "47576330", "483", "1852", "1000", "0", "0", "0", "0", "highway=path surface=asphalt foot=designated bicycle=designated route_bicycle_rcn=yes route_bicycle_lcn=yes", "", "16743", "1670151"],
          ["12146645", "47575382", "485", "422", "1000", "0", "0", "0", "0", "highway=path surface=asphalt foot=designated bicycle=designated route_bicycle_rcn=yes", "", "16819", "1677804"],
          ["12146204", "47574530", "486", "112", "1000", "0", "0", "0", "0", "highway=track surface=asphalt tracktype=grade1 route_bicycle_rcn=yes", "", "16845", "1680404"],
          ["12143927", "47568674", "483", "713", "1000", "0", "0", "0", "0", "highway=track surface=fine_gravel tracktype=grade2 route_bicycle_rcn=yes", "", "16965", "1692362"],
          ["12139459", "47562398", "484", "793", "1000", "0", "0", "0", "0", "highway=track surface=fine_gravel tracktype=grade2 smoothness=intermediate route_bicycle_rcn=yes", "", "17101", "1705990"],
          ["12137864", "47560918", "488", "222", "1000", "0", "0", "0", "0", "highway=service surface=asphalt route_bicycle_rcn=yes", "", "17140", "1709866"],
          ["12137214", "47560360", "487", "81", "1000", "0", "0", "0", "0", "highway=track surface=asphalt tracktype=grade1 route_bicycle_rcn=yes", "", "17162", "1712056"],
          ["12118024", "47545403", "488", "2250", "1000", "0", "0", "0", "0", "highway=track surface=asphalt tracktype=grade1 smoothness=excellent route_bicycle_rcn=yes", "", "17551", "1750983"],
          ["12099221", "47533301", "489", "2008", "1000", "0", "0", "0", "0", "highway=track surface=asphalt tracktype=grade1 route_bicycle_rcn=yes", "", "17903", "1786158"],
          ["12097431", "47532351", "488", "172", "1000", "0", "0", "0", "0", "reversedirection=yes highway=residential surface=asphalt route_bicycle_rcn=yes", "", "17929", "1788756"],
          ["12093299", "47530239", "489", "392", "1000", "0", "0", "0", "0", "reversedirection=yes highway=residential surface=asphalt cycleway:both=shared_lane route_bicycle_rcn=yes", "nodeaccessgranted=yes highway=crossing", "17994", "1795320"],
          ["12093097", "47530102", "489", "28", "1000", "0", "0", "0", "0", "highway=path surface=asphalt foot=designated bicycle=designated route_bicycle_rcn=yes", "nodeaccessgranted=yes highway=crossing estimated_crossing_class=3 crossing=unmarked traffic_calming=island", "17999", "1795825"],
          ["12092479", "47530063", "490", "54", "1000", "0", "0", "0", "0", "highway=path surface=asphalt foot=designated bicycle=designated route_bicycle_rcn=yes", "", "18010", "1796866"],
          ["12092444", "47529991", "490", "8", "1000", "0", "0", "0", "0", "reversedirection=yes highway=residential surface=asphalt cycleway:both=no route_bicycle_rcn=yes", "", "18011", "1797014"],
          ["12080653", "47525636", "495", "1076", "1000", "0", "0", "0", "0", "highway=tertiary surface=asphalt cycleway:both=no route_bicycle_rcn=yes", "", "18222", "1818091"],
          ["12064884", "47507362", "499", "2798", "1000", "0", "0", "0", "0", "reversedirection=yes highway=tertiary surface=asphalt cycleway:both=no route_bicycle_rcn=yes", "nodeaccessgranted=yes highway=stop direction=backward", "18718", "1867701"],
          ["12064850", "47507333", "499", "4", "1000", "0", "0", "0", "0", "reversedirection=yes highway=tertiary surface=asphalt cycleway:both=no route_bicycle_rcn=yes", "nodeaccessgranted=yes estimated_crossing_class=0", "18719", "1867778"],
          ["12064911", "47507300", "499", "6", "1000", "0", "0", "0", "0", "reversedirection=yes highway=secondary surface=asphalt cycleway:both=no route_bicycle_rcn=yes", "nodeaccessgranted=yes highway=crossing crossing=uncontrolled", "18720", "1867884"],
          ["12065453", "47506850", "498", "65", "1000", "0", "0", "0", "0", "reversedirection=yes highway=secondary surface=asphalt cycleway:both=no route_bicycle_rcn=yes", "nodeaccessgranted=yes estimated_crossing_class=3", "18729", "1868828"],
          ["12065641", "47506595", "498", "32", "1000", "0", "0", "0", "0", "reversedirection=yes highway=secondary surface=asphalt cycleway:both=no route_bicycle_rcn=yes", "nodeaccessgranted=yes traffic_calming=island", "18734", "1869316"],
          ["12065733", "47506462", "499", "16", "1000", "0", "0", "0", "0", "reversedirection=yes highway=secondary surface=asphalt cycleway:both=no route_bicycle_rcn=yes", "nodeaccessgranted=yes estimated_crossing_class=0", "18737", "1869616"],
          ["12066603", "47505310", "499", "145", "1000", "0", "0", "0", "0", "reversedirection=yes highway=secondary surface=asphalt cycleway:both=no route_bicycle_rcn=yes", "nodeaccessgranted=yes estimated_crossing_class=3", "18762", "1872076"],
          ["12066699", "47505176", "499", "17", "1000", "0", "0", "0", "0", "reversedirection=yes highway=secondary surface=asphalt route_bicycle_rcn=yes", "nodeaccessgranted=yes estimated_crossing_class=3", "18765", "1872431"],
          ["12066889", "47504945", "498", "29", "1000", "0", "0", "0", "0", "reversedirection=yes highway=secondary surface=asphalt route_bicycle_rcn=yes", "", "18770", "1872915"],
          ["12068249", "47503355", "499", "205", "1000", "0", "0", "0", "0", "reversedirection=yes highway=secondary surface=asphalt cycleway:both=no route_bicycle_rcn=yes", "nodeaccessgranted=yes estimated_crossing_class=3", "18806", "1876524"],
          ["12068529", "47503139", "499", "32", "1000", "0", "0", "0", "0", "reversedirection=yes highway=secondary surface=asphalt cycleway:both=no route_bicycle_rcn=yes", "nodeaccessgranted=yes estimated_crossing_class=3", "18813", "1877149"],
          ["12066038", "47500761", "503", "332", "1000", "0", "0", "0", "0", "reversedirection=yes highway=unclassified surface=asphalt cycleway:both=no route_bicycle_rcn=yes", "", "18884", "1884258"],
          ["12067701", "47496859", "505", "494", "1000", "0", "0", "0", "0", "highway=unclassified surface=asphalt cycleway:both=no route_bicycle_rcn=yes", "", "18983", "1894178"],
          ["12067478", "47496196", "507", "76", "1000", "0", "0", "0", "0", "highway=unclassified surface=asphalt cycleway:left=track route_bicycle_rcn=yes cycleway:left:oneway=no", "", "19003", "1896190"],
          ["12067333", "47495590", "502", "69", "1000", "0", "0", "0", "0", "highway=unclassified surface=asphalt cycleway:right=no cycleway:left=track route_bicycle_rcn=yes cycleway:left:oneway=no", "", "19010", "1896924"],
          ["12067294", "47495314", "503", "31", "1000", "0", "0", "0", "0", "reversedirection=yes highway=unclassified surface=asphalt cycleway:right=track cycleway:left=no route_bicycle_rcn=yes cycleway:right:oneway=no", "", "19015", "1897379"],
          ["12067265", "47495245", "504", "8", "1000", "0", "0", "0", "0", "reversedirection=yes highway=unclassified surface=asphalt cycleway:right=track route_bicycle_rcn=yes cycleway:right:oneway=no", "nodeaccessgranted=yes highway=crossing", "19016", "1897507"],
          ["12067592", "47495327", "504", "29", "1000", "0", "0", "0", "0", "reversedirection=yes highway=path surface=asphalt foot=yes bicycle=yes route_bicycle_rcn=yes", "nodeaccessgranted=yes barrier=cycle_barrier", "19021", "1897973"],
          ["12067701", "47495354", "504", "9", "1000", "0", "0", "0", "0", "reversedirection=yes highway=path surface=asphalt foot=yes bicycle=yes route_bicycle_rcn=yes", "", "19022", "1898129"],
          ["12068124", "47495309", "503", "32", "5000", "0", "0", "0", "0", "reversedirection=yes highway=path surface=asphalt foot=yes bicycle=dismount vehicle=no cycleway=shared route_bicycle_rcn=yes", "", "19027", "1898595"],
          ["12068209", "47495031", "504", "32", "5000", "0", "0", "0", "0", "reversedirection=yes highway=path surface=asphalt foot=yes bicycle=dismount vehicle=no route_bicycle_lcn=yes", "", "19033", "1899190"],
          ["12068242", "47494731", "504", "34", "5000", "0", "0", "0", "0", "reversedirection=yes highway=path surface=asphalt bicycle=dismount vehicle=no route_bicycle_lcn=yes", "", "19040", "1899918"],
          ["12068255", "47494584", "504", "16", "5000", "0", "0", "0", "0", "reversedirection=yes highway=path surface=asphalt foot=yes bicycle=dismount vehicle=no route_bicycle_lcn=yes", "", "19043", "1900195"],
          ["12067974", "47494327", "504", "36", "1000", "0", "0", "0", "0", "reversedirection=yes highway=residential surface=asphalt cycleway:both=no route_bicycle_lcn=yes", "nodeaccessgranted=yes highway=crossing crossing=uncontrolled kerb=lowered", "19049", "1900749"],
          ["12067946", "47494280", "504", "6", "1000", "0", "0", "0", "0", "reversedirection=yes highway=residential surface=asphalt cycleway:both=no route_bicycle_lcn=yes", "nodeaccessgranted=yes highway=give_way direction=backward", "19049", "1900843"],
          ["12067919", "47494232", "504", "6", "1000", "0", "0", "0", "0", "reversedirection=yes highway=residential surface=asphalt cycleway:both=no route_bicycle_lcn=yes", "", "19050", "1900937"],
          ["12068043", "47494207", "504", "10", "1000", "0", "0", "0", "0", "highway=tertiary surface=asphalt cycleway:both=no route_bicycle_lcn=yes", "nodeaccessgranted=yes highway=crossing crossing=marked", "19052", "1901095"],
          ["12068113", "47494187", "504", "6", "1000", "0", "0", "0", "0", "highway=tertiary surface=asphalt cycleway:both=no route_bicycle_lcn=yes", "nodeaccessgranted=yes traffic_calming=island", "19053", "1901190"],
          ["12068874", "47493847", "505", "69", "1000", "0", "0", "0", "0", "highway=tertiary surface=asphalt cycleway:both=no route_bicycle_lcn=yes", "nodeaccessgranted=yes highway=crossing crossing=uncontrolled", "19066", "1902519"],
          ["12068805", "47493784", "505", "9", "1000", "0", "0", "0", "0", "reversedirection=yes highway=footway bicycle=yes route_bicycle_lcn=yes", "nodeaccessgranted=yes barrier=block", "19068", "1902702"],
          ["12068781", "47493762", "505", "3", "1000", "0", "0", "0", "0", "reversedirection=yes highway=footway bicycle=yes route_bicycle_lcn=yes", "", "19069", "1902762"],
          ["12067154", "47492691", "505", "171", "1000", "0", "0", "0", "0", "reversedirection=yes highway=residential surface=asphalt route_bicycle_lcn=yes bicycle_road=yes", "nodeaccessgranted=yes traffic_calming=table", "19100", "1905859"],
          ["12067079", "47492661", "505", "7", "1000", "0", "0", "0", "0", "reversedirection=yes highway=residential surface=asphalt route_bicycle_lcn=yes bicycle_road=yes", "nodeaccessgranted=yes highway=crossing crossing=uncontrolled bicycle=yes", "19101", "1905982"],
          ["12065513", "47491581", "506", "169", "1000", "0", "0", "0", "0", "reversedirection=yes highway=residential surface=asphalt route_bicycle_lcn=yes bicycle_road=yes", "nodeaccessgranted=yes highway=crossing crossing=uncontrolled", "19133", "1909164"],
          ["12064210", "47490695", "506", "139", "1000", "0", "0", "0", "0", "reversedirection=yes highway=residential surface=asphalt route_bicycle_lcn=yes bicycle_road=yes", "nodeaccessgranted=yes highway=crossing crossing=uncontrolled", "19157", "1911574"],
          ["12062494", "47489574", "506", "180", "1000", "0", "0", "0", "0", "reversedirection=yes highway=residential surface=asphalt route_bicycle_lcn=yes bicycle_road=yes", "", "19187", "1914565"],
          ["12062711", "47489272", "506", "39", "1000", "0", "0", "0", "0", "reversedirection=yes highway=living_street surface=sett smoothness=good vehicle=yes oneway=yes oneway:bicycle=no route_bicycle_lcn=yes", "", "19194", "1915256"],
          ["12061931", "47488934", "505", "70", "1000", "0", "0", "0", "0", "reversedirection=yes highway=residential surface=asphalt oneway=yes oneway:bicycle=no route_bicycle_lcn=yes", "", "19204", "1916329"],
          ["12060917", "47488501", "505", "91", "1000", "0", "0", "0", "0", "highway=residential surface=asphalt route_bicycle_lcn=yes", "nodeaccessgranted=yes highway=crossing crossing=uncontrolled", "19218", "1917715"],
          ["12060770", "47488439", "505", "13", "1000", "0", "0", "0", "0", "highway=residential surface=asphalt route_bicycle_lcn=yes", "nodeaccessgranted=yes highway=give_way direction=forward", "19221", "1917944"],
          ["12060727", "47488425", "505", "4", "1000", "0", "0", "0", "0", "highway=residential surface=asphalt route_bicycle_lcn=yes", "", "19221", "1918019"],
          ["12060520", "47488344", "506", "27", "1000", "0", "0", "0", "0", "highway=unclassified surface=asphalt junction=roundabout route_bicycle_lcn=yes", "", "19226", "1918536"],
          ["12060494", "47488333", "506", "2", "1000", "0", "0", "0", "0", "highway=unclassified surface=asphalt cycleway=shared_lane route_bicycle_lcn=yes", "nodeaccessgranted=yes highway=give_way direction=backward", "19227", "1918575"],
          ["12060471", "47488322", "506", "2", "1000", "0", "0", "0", "0", "highway=unclassified surface=asphalt cycleway=shared_lane route_bicycle_lcn=yes", "nodeaccessgranted=yes highway=crossing crossing=uncontrolled", "19227", "1918613"],
          ["12058202", "47487752", "501", "229", "1000", "0", "0", "0", "0", "highway=unclassified surface=asphalt cycleway=shared_lane route_bicycle_lcn=yes", "", "19257", "1921557"],
          ["12057285", "47486925", "500", "118", "1000", "0", "0", "0", "0", "highway=cycleway surface=asphalt route_bicycle_lcn=yes", "", "19271", "1922974"],
          ["12055225", "47485660", "500", "210", "1000", "0", "0", "0", "0", "highway=residential surface=asphalt cycleway:right=track route_bicycle_lcn=yes cycleway:right:oneway=no", "nodeaccessgranted=yes traffic_calming=choker", "19305", "1926371"],
          ["12054327", "47485233", "500", "82", "1000", "0", "0", "0", "0", "highway=residential surface=asphalt cycleway:right=track route_bicycle_lcn=yes cycleway:right:oneway=no", "nodeaccessgranted=yes traffic_calming=choker", "19318", "1927648"],
          ["12053395", "47484797", "500", "86", "1000", "0", "0", "0", "0", "highway=residential surface=asphalt cycleway:right=track route_bicycle_lcn=yes cycleway:right:oneway=no", "nodeaccessgranted=yes traffic_calming=choker", "19332", "1929059"],
          ["12052895", "47484564", "500", "46", "1000", "0", "0", "0", "0", "highway=residential surface=asphalt cycleway:right=track route_bicycle_lcn=yes cycleway:right:oneway=no", "nodeaccessgranted=yes traffic_calming=choker", "19339", "1929775"],
          ["12051375", "47483888", "500", "137", "1000", "0", "0", "0", "0", "highway=residential surface=asphalt cycleway:right=track route_bicycle_lcn=yes cycleway:right:oneway=no", "", "19361", "1932003"],
          ["12050764", "47483764", "502", "48", "1000", "0", "0", "0", "0", "highway=residential surface=asphalt cycleway:right=lane route_bicycle_lcn=yes", "", "19373", "1933196"],
          ["12050677", "47483728", "502", "8", "1000", "0", "0", "0", "0", "highway=unclassified surface=asphalt route_bicycle_lcn=yes", "", "19375", "1933385"],
          ["12050237", "47483527", "500", "40", "1000", "0", "0", "0", "0", "highway=residential surface=asphalt route_bicycle_lcn=yes", "", "19382", "1934085"],
          ["12049808", "47483948", "499", "57", "1000", "0", "0", "0", "0", "highway=living_street surface=asphalt route_bicycle_lcn=yes", "", "19390", "1934887"],
          ["12049731", "47483982", "499", "7", "1000", "0", "0", "0", "0", "highway=service surface=asphalt bicycle=yes vehicle=destination route_bicycle_lcn=yes", "", "19391", "1934971"],
          ["12047800", "47484173", "499", "148", "1000", "0", "0", "0", "0", "highway=service surface=asphalt bicycle=yes vehicle=destination lcn=yes route_bicycle_lcn=yes", "", "19414", "1937250"],
          ["12046272", "47483773", "499", "123", "1000", "0", "0", "0", "0", "reversedirection=yes highway=service surface=asphalt bicycle=yes smoothness=good vehicle=destination route_bicycle_rcn=yes", "", "19434", "1939279"],
          ["12036928", "47482471", "500", "725", "1000", "0", "0", "0", "0", "highway=track surface=compacted tracktype=grade2 bicycle=yes smoothness=intermediate route_bicycle_rcn=yes", "", "19559", "1951761"],
          ["12028726", "47481518", "500", "630", "1000", "0", "0", "0", "0", "highway=track surface=asphalt tracktype=grade1 bicycle=yes smoothness=intermediate route_bicycle_rcn=yes", "", "19666", "1962533"],
          ["12028561", "47481513", "500", "13", "1000", "0", "0", "0", "0", "highway=path surface=asphalt foot=designated bicycle=designated smoothness=excellent route_bicycle_rcn=yes", "nodeaccessgranted=yes barrier=bollard", "19669", "1962766"],
          ["12026779", "47480484", "501", "246", "1000", "0", "0", "0", "0", "highway=path surface=asphalt foot=designated bicycle=designated smoothness=excellent route_bicycle_rcn=yes", "nodeaccessgranted=yes barrier=bollard", "19715", "1967359"],
          ["12026689", "47480450", "502", "8", "1000", "0", "0", "0", "0", "highway=path surface=asphalt foot=designated bicycle=designated smoothness=excellent route_bicycle_rcn=yes", "", "19716", "1967542"],
          ["12014639", "47479798", "501", "972", "1000", "0", "0", "0", "0", "highway=track surface=asphalt tracktype=grade1 bicycle=yes smoothness=good route_bicycle_rcn=yes", "", "19883", "1984155"],
          ["11995961", "47478612", "505", "1487", "1000", "0", "0", "0", "0", "highway=track surface=asphalt tracktype=grade1 bicycle=yes route_bicycle_rcn=yes", "", "20150", "2010892"],
          ["11995983", "47478036", "506", "65", "1000", "0", "0", "0", "0", "highway=service surface=asphalt route_bicycle_rcn=yes", "", "20163", "2012160"],
          ["11994161", "47478089", "506", "137", "1000", "0", "0", "0", "0", "highway=residential surface=asphalt route_bicycle_rcn=yes", "nodeaccessgranted=yes traffic_calming=choker", "20190", "2014866"],
          ["11989743", "47476765", "511", "425", "1000", "0", "0", "0", "0", "highway=residential surface=asphalt route_bicycle_rcn=yes", "", "20283", "2024166"],
          ["11989694", "47476771", "511", "4", "1000", "0", "0", "0", "0", "highway=path surface=asphalt foot=designated bicycle=designated route_bicycle_rcn=yes", "nodeaccessgranted=yes highway=stop direction=backward", "20284", "2024254"],
          ["11989675", "47476774", "511", "1", "1000", "0", "0", "0", "0", "highway=path surface=asphalt foot=designated bicycle=designated route_bicycle_rcn=yes", "nodeaccessgranted=yes barrier=cycle_barrier bicycle=yes foot=yes", "20284", "2024276"],
          ["11989445", "47476800", "510", "18", "1000", "0", "0", "0", "0", "highway=cycleway surface=wood foot=designated bicycle=designated route_bicycle_rcn=yes", "nodeaccessgranted=yes barrier=cycle_barrier bicycle=yes foot=yes", "20287", "2024574"],
          ["11989250", "47476816", "510", "15", "1000", "0", "0", "0", "0", "highway=path surface=asphalt foot=designated bicycle=designated route_bicycle_rcn=yes", "", "20289", "2024853"],
          ["11987227", "47476659", "510", "154", "1000", "0", "0", "0", "0", "highway=residential surface=asphalt route_bicycle_rcn=yes", "nodeaccessgranted=yes highway=crossing", "20317", "2027606"],
          ["11987092", "47476649", "511", "10", "1000", "0", "0", "0", "0", "highway=residential surface=asphalt route_bicycle_rcn=yes", "", "20319", "2027788"],
          ["11986883", "47477225", "509", "66", "1000", "0", "0", "0", "0", "reversedirection=yes highway=residential surface=asphalt route_bicycle_rcn=yes", "", "20328", "2028683"],
          ["11986845", "47477284", "509", "9", "1000", "0", "0", "0", "0", "highway=residential surface=asphalt junction=roundabout route_bicycle_rcn=yes", "", "20329", "2028798"],
          ["11986738", "47477538", "508", "29", "1000", "0", "0", "0", "0", "reversedirection=yes highway=unclassified surface=asphalt route_bicycle_rcn=yes", "", "20332", "2029145"],
          ["11986718", "47477606", "508", "8", "1000", "0", "0", "0", "0", "highway=unclassified surface=asphalt route_bicycle_rcn=yes", "", "20333", "2029238"],
          ["11986642", "47477628", "508", "19", "1000", "0", "0", "0", "0", "highway=residential surface=asphalt junction=roundabout route_bicycle_rcn=yes", "", "20336", "2029470"],
          ["11979939", "47475210", "509", "575", "1000", "0", "0", "0", "0", "highway=residential surface=asphalt route_bicycle_rcn=yes", "", "20433", "2039188"],
          ["11979421", "47474973", "509", "47", "1150", "0", "1", "0", "0", "highway=residential surface=asphalt cycleway:both=no lcn=yes", "", "20440", "2039947"],
          ["11976945", "47474028", "516", "216", "1150", "0", "0", "0", "0", "highway=residential surface=asphalt", "highway=give_way direction=forward", "20490", "2044880"],
          ["11976886", "47474006", "516", "5", "1150", "0", "1", "0", "0", "highway=residential surface=asphalt", "estimated_crossing_class=3", "20491", "2045035"],
          ["11976841", "47473987", "516", "4", "1350", "0", "0", "0", "0", "highway=unclassified surface=asphalt cycleway:both=no", "highway=give_way direction=backward", "20492", "2045156"],
          ["11975646", "47474015", "508", "96", "1350", "0", "16", "0", "0", "highway=unclassified surface=asphalt cycleway:both=no", "", "20508", "2046748"],
          ["11975126", "47474074", "506", "40", "1000", "0", "0", "0", "0", "highway=service surface=asphalt smoothness=excellent route_bicycle_rcn=yes", "", "20513", "2047200"],
          ["11971249", "47472760", "505", "356", "1000", "0", "0", "0", "0", "highway=service surface=asphalt bicycle=designated smoothness=excellent route_bicycle_rcn=yes", "", "20560", "2051880"],
          ["11953371", "47463997", "506", "1696", "1000", "0", "0", "0", "0", "reversedirection=yes highway=track surface=asphalt tracktype=grade1 bicycle=designated route_bicycle_rcn=yes", "", "20845", "2080364"],
          ["11937853", "47458696", "509", "1317", "1000", "0", "0", "0", "0", "reversedirection=yes highway=track surface=asphalt tracktype=grade1 bicycle=designated smoothness=good route_bicycle_rcn=yes", "", "21078", "2103705"],
          ["11928142", "47455644", "509", "814", "1000", "0", "0", "0", "0", "reversedirection=yes highway=track surface=asphalt tracktype=grade1 bicycle=designated route_bicycle_rcn=yes", "", "21216", "2117471"],
          ["11913343", "47451382", "511", "1279", "1000", "0", "0", "0", "0", "reversedirection=yes highway=track surface=asphalt tracktype=grade1 bicycle=yes vehicle=destination route_bicycle_rcn=yes", "nodeaccessgranted=yes traffic_sign:direction=forward", "21440", "2139926"],
          ["11913105", "47451292", "511", "21", "1000", "0", "0", "0", "0", "reversedirection=yes highway=track surface=asphalt tracktype=grade1 bicycle=designated route_bicycle_rcn=yes", "nodeaccessgranted=yes traffic_sign:direction=backward", "21444", "2140352"],
          ["11913026", "47451261", "512", "7", "1000", "0", "0", "0", "0", "reversedirection=yes highway=track surface=asphalt tracktype=grade1 bicycle=designated route_bicycle_rcn=yes", "", "21446", "2140501"],
          ["11906760", "47448315", "512", "576", "1000", "0", "0", "0", "0", "reversedirection=yes highway=residential surface=asphalt route_bicycle_rcn=yes", "nodeaccessgranted=yes traffic_sign:direction=backward", "21547", "2150574"],
          ["11906134", "47447939", "512", "63", "1000", "0", "0", "0", "0", "reversedirection=yes highway=residential surface=asphalt route_bicycle_rcn=yes", "", "21558", "2151674"],
          ["11905271", "47447446", "512", "86", "1000", "0", "0", "0", "0", "reversedirection=yes highway=residential surface=asphalt cycleway:both=no route_bicycle_rcn=yes", "", "21572", "2153093"],
          ["11902812", "47445965", "512", "249", "1000", "0", "0", "0", "0", "reversedirection=yes highway=residential surface=asphalt route_bicycle_rcn=yes", "nodeaccessgranted=yes traffic_sign:direction=forward", "21617", "2157589"],
          ["11902736", "47445894", "512", "10", "1000", "0", "0", "0", "0", "reversedirection=yes highway=residential surface=asphalt route_bicycle_rcn=yes", "", "21619", "2157761"],
          ["11896922", "47443676", "514", "504", "1000", "0", "0", "0", "0", "highway=tertiary surface=asphalt route_bicycle_rcn=yes", "nodeaccessgranted=yes highway=bus_stop", "21708", "2166704"],
          ["11894713", "47441865", "513", "266", "1000", "0", "0", "0", "0", "highway=tertiary surface=asphalt route_bicycle_rcn=yes", "nodeaccessgranted=yes highway=bus_stop", "21752", "2171122"],
          ["11894377", "47441493", "515", "48", "1000", "0", "0", "0", "0", "highway=tertiary surface=asphalt route_bicycle_rcn=yes", "nodeaccessgranted=yes traffic_sign:direction=backward", "21763", "2172221"],
          ["11894313", "47441466", "515", "6", "1000", "0", "0", "0", "0", "highway=tertiary surface=asphalt route_bicycle_rcn=yes", "nodeaccessgranted=yes highway=give_way direction=forward", "21764", "2172354"],
          ["11894256", "47441446", "515", "5", "1000", "0", "0", "0", "0", "highway=tertiary surface=asphalt route_bicycle_rcn=yes", "", "21766", "2172463"],
          ["11894311", "47441044", "514", "46", "1000", "0", "0", "0", "0", "highway=unclassified surface=asphalt cycleway:both=no lcn=yes route_bicycle_rcn=yes", "", "21775", "2173450"],
          ["11894271", "47441063", "514", "4", "1000", "0", "0", "0", "0", "highway=pedestrian surface=asphalt bicycle=yes route_bicycle_rcn=yes", "nodeaccessgranted=yes traffic_sign:direction=forward", "21776", "2173522"],
          ["11892047", "47439398", "512", "274", "1000", "0", "0", "0", "0", "highway=pedestrian surface=asphalt bicycle=yes route_bicycle_rcn=yes", "", "21815", "2177427"],
          ["11891280", "47438730", "514", "94", "1000", "0", "0", "0", "0", "highway=pedestrian surface=sett bicycle=yes route_bicycle_rcn=yes", "", "21836", "2179469"],
          ["11891204", "47438690", "514", "7", "1000", "0", "0", "0", "0", "highway=pedestrian surface=asphalt bicycle=yes route_bicycle_rcn=yes", "nodeaccessgranted=yes traffic_sign:direction=backward", "21837", "2179639"],
          ["11876269", "47434635", "520", "1300", "1000", "0", "0", "0", "0", "highway=path surface=asphalt foot=designated bicycle=designated route_bicycle_rcn=yes", "", "22087", "2204577"],
          ["11875853", "47434077", "521", "71", "1000", "0", "0", "0", "0", "highway=service surface=paved foot=yes bicycle=yes route_bicycle_rcn=yes", "", "22102", "2206161"],
          ["11875314", "47433493", "519", "77", "1000", "0", "0", "0", "0", "highway=unclassified surface=asphalt cycleway:both=shared_lane route_bicycle_rcn=yes", "nodeaccessgranted=yes highway=give_way direction=forward", "22116", "2207491"],
          ["11875265", "47433377", "519", "13", "1000", "0", "0", "0", "0", "highway=unclassified surface=asphalt cycleway:both=shared_lane route_bicycle_rcn=yes", "", "22118", "2207712"],
          ["11874466", "47432559", "517", "109", "1000", "0", "0", "0", "0", "reversedirection=yes highway=unclassified surface=asphalt cycleway:right=no cycleway:left=shared_lane route_bicycle_rcn=yes", "", "22133", "2209165"],
          ["11872547", "47430234", "518", "305", "1000", "0", "0", "0", "0", "reversedirection=yes highway=cycleway surface=asphalt foot=designated bicycle=designated route_bicycle_rcn=yes", "", "22182", "2214069"],
          ["11872244", "47429431", "518", "93", "1000", "0", "0", "0", "0", "highway=cycleway surface=asphalt foot=designated bicycle=designated route_bicycle_rcn=yes", "nodeaccessgranted=yes barrier=cycle_barrier", "22200", "2215933"],
          ["11872166", "47429316", "518", "14", "1000", "0", "0", "0", "0", "highway=cycleway surface=wood foot=yes route_bicycle_rcn=yes", "nodeaccessgranted=yes barrier=cycle_barrier bicycle=yes foot=yes", "22202", "2216151"],
          ["11871882", "47428826", "518", "59", "1000", "0", "0", "0", "0", "highway=service surface=asphalt route_bicycle_rcn=yes", "", "22213", "2217215"],
          ["11871770", "47428610", "518", "28", "1000", "0", "0", "0", "0", "highway=cycleway surface=asphalt foot=yes route_bicycle_rcn=yes", "", "22217", "2217644"],
          ["11871346", "47428175", "518", "58", "1000", "0", "0", "0", "0", "highway=residential surface=asphalt cycleway:both=shared_lane route_bicycle_rcn=yes", "", "22227", "2218655"],
          ["11870323", "47427208", "519", "132", "1000", "0", "0", "0", "0", "highway=service surface=asphalt bicycle=designated route_bicycle_rcn=yes", "nodeaccessgranted=yes barrier=lift_gate bicycle=yes foot=yes", "22252", "2221138"],
          ["11867774", "47426186", "518", "225", "1000", "0", "0", "0", "0", "highway=track surface=compacted tracktype=grade2 bicycle=designated route_bicycle_rcn=yes", "", "22287", "2224594"],
          ["11865207", "47425470", "518", "209", "1000", "0", "0", "0", "0", "highway=track surface=asphalt tracktype=grade2 bicycle=designated route_bicycle_rcn=yes", "", "22323", "2228195"],
          ["11864930", "47425394", "518", "23", "1000", "0", "0", "0", "0", "highway=track surface=asphalt tracktype=grade1 bicycle=designated route_bicycle_rcn=yes", "", "22326", "2228555"],
          ["11856407", "47420585", "519", "852", "1000", "0", "0", "0", "0", "highway=track surface=asphalt tracktype=grade1 bicycle=designated smoothness=excellent route_bicycle_rcn=yes", "", "22476", "2243491"],
          ["11852558", "47416038", "519", "585", "1000", "0", "0", "0", "0", "highway=track surface=asphalt tracktype=grade1 foot=designated bicycle=designated smoothness=excellent vehicle=private route_bicycle_rcn=yes", "", "22575", "2253448"],
          ["11847661", "47412454", "520", "544", "1000", "0", "0", "0", "0", "highway=track surface=asphalt tracktype=grade1 foot=designated bicycle=yes smoothness=excellent vehicle=private route_bicycle_rcn=yes", "", "22670", "2262896"],
          ["11847629", "47412432", "519", "3", "1000", "0", "0", "0", "0", "highway=track surface=concrete tracktype=grade1 foot=designated bicycle=yes vehicle=private route_bicycle_rcn=yes", "", "22670", "2262943"],
          ["11842759", "47408979", "521", "538", "1000", "0", "0", "0", "0", "highway=track surface=asphalt tracktype=grade1 foot=designated bicycle=yes vehicle=private route_bicycle_rcn=yes", "", "22775", "2273445"],
          ["11837888", "47402180", "522", "992", "1000", "0", "0", "0", "0", "highway=track surface=asphalt tracktype=grade1 bicycle=designated route_bicycle_rcn=yes", "", "22943", "2290224"],
          ["11837979", "47402110", "522", "10", "1000", "0", "0", "0", "0", "highway=track surface=asphalt tracktype=grade1 route_bicycle_rcn=yes", "", "22945", "2290404"],
          ["11838041", "47402003", "522", "13", "1000", "0", "0", "0", "0", "highway=cycleway surface=asphalt route_bicycle_rcn=yes", "", "22947", "2290621"],
          ["11838053", "47401940", "522", "7", "1000", "0", "0", "0", "0", "highway=track surface=asphalt tracktype=grade1 route_bicycle_rcn=yes", "", "22948", "2290738"],
          ["11836843", "47401422", "524", "223", "1000", "0", "0", "0", "0", "reversedirection=yes highway=cycleway surface=asphalt foot=yes route_bicycle_rcn=yes", "", "22998", "2295770"],
          ["11836369", "47401063", "522", "54", "1000", "0", "0", "0", "0", "reversedirection=yes highway=cycleway surface=asphalt foot=yes bicycle=yes vehicle=no route_bicycle_rcn=yes", "", "23007", "2296575"],
          ["11837060", "47401389", "523", "64", "1000", "0", "0", "0", "0", "highway=track surface=asphalt tracktype=grade1 bicycle=yes vehicle=private route_bicycle_rcn=yes", "", "23016", "2297549"],
          ["11835326", "47405349", "520", "492", "1000", "0", "0", "0", "0", "highway=track surface=asphalt tracktype=grade1 bicycle=designated route_bicycle_rcn=yes", "", "23091", "2305010"],
          ["11835187", "47405357", "520", "11", "1000", "0", "0", "0", "0", "highway=track surface=concrete tracktype=grade1 bicycle=designated route_bicycle_rcn=yes", "", "23092", "2305155"],
          ["11804627", "47400056", "524", "2443", "1000", "0", "0", "0", "0", "highway=track surface=asphalt tracktype=grade1 bicycle=designated route_bicycle_rcn=yes", "", "23518", "2347732"],
          ["11796101", "47391386", "526", "1187", "1000", "0", "0", "0", "0", "highway=cycleway surface=asphalt foot=yes route_bicycle_rcn=yes", "", "23721", "2368034"],
          ["11795257", "47390861", "526", "89", "1000", "0", "0", "0", "0", "highway=cycleway surface=asphalt foot=designated bicycle=designated route_bicycle_rcn=yes", "", "23740", "2369901"],
          ["11795215", "47390834", "526", "4", "1000", "0", "0", "0", "0", "highway=cycleway surface=wood foot=designated bicycle=designated route_bicycle_rcn=yes", "", "23741", "2369980"],
          ["11795040", "47390640", "525", "27", "1000", "0", "0", "0", "0", "highway=cycleway surface=asphalt foot=designated bicycle=designated route_bicycle_rcn=yes", "", "23744", "2370368"],
          ["11794626", "47390034", "529", "81", "1000", "0", "0", "0", "0", "highway=service surface=asphalt route_bicycle_rcn=yes", "", "23764", "2372363"],
          ["11794406", "47390044", "529", "21", "1000", "0", "0", "0", "0", "reversedirection=yes highway=residential surface=asphalt cycleway:both=no route_bicycle_rcn=yes", "", "23771", "2373047"],
          ["11794300", "47390051", "527", "8", "1000", "0", "0", "0", "0", "reversedirection=yes highway=track surface=asphalt tracktype=grade1 bicycle=yes route_bicycle_rcn=yes", "", "23773", "2373221"],
          ["11794165", "47390123", "525", "13", "1000", "0", "0", "0", "0", "reversedirection=yes highway=cycleway surface=asphalt foot=designated bicycle=designated route_bicycle_rcn=yes", "nodeaccessgranted=yes barrier=bollard", "23774", "2373367"],
          ["11793169", "47390689", "525", "98", "1000", "0", "0", "0", "0", "reversedirection=yes highway=cycleway surface=wood foot=designated bicycle=designated route_bicycle_rcn=yes", "nodeaccessgranted=yes barrier=bollard", "23787", "2374637"],
          ["11793043", "47390747", "526", "11", "1000", "0", "0", "0", "0", "reversedirection=yes highway=cycleway surface=asphalt foot=designated bicycle=designated route_bicycle_rcn=yes", "", "23789", "2374841"],
          ["11780445", "47385201", "528", "1156", "1000", "0", "0", "0", "0", "highway=track surface=asphalt tracktype=grade1 bicycle=designated route_bicycle_icn=yes route_bicycle_rcn=yes", "", "23995", "2395403"],
          ["11775574", "47384454", "529", "427", "1000", "0", "0", "0", "0", "highway=unclassified surface=asphalt cycleway:both=no route_bicycle_icn=yes route_bicycle_rcn=yes", "nodeaccessgranted=yes traffic_calming=table", "24069", "2402847"],
          ["11775449", "47384534", "529", "13", "1000", "0", "0", "0", "0", "highway=unclassified surface=asphalt cycleway:both=no route_bicycle_icn=yes route_bicycle_rcn=yes", "", "24072", "2403151"],
          ["11761272", "47384630", "531", "1129", "1000", "0", "0", "0", "0", "reversedirection=yes highway=track surface=asphalt tracktype=grade1 bicycle=designated route_bicycle_icn=yes route_bicycle_rcn=yes", "", "24272", "2423181"],
          ["11761078", "47384433", "529", "26", "1000", "0", "0", "0", "0", "highway=track surface=asphalt tracktype=grade1 bicycle=designated route_bicycle_icn=yes route_bicycle_rcn=yes", "", "24277", "2423652"],
          ["11723338", "47364034", "533", "3688", "1000", "0", "0", "0", "0", "reversedirection=yes highway=track surface=asphalt tracktype=grade1 bicycle=designated route_bicycle_icn=yes route_bicycle_rcn=yes", "", "24926", "2488520"],
          ["11722200", "47363352", "533", "146", "1000", "0", "0", "0", "0", "highway=cycleway surface=asphalt foot=yes route_bicycle_icn=yes route_bicycle_rcn=yes", "", "24947", "2490632"],
          ["11722116", "47363302", "533", "8", "1000", "0", "0", "0", "0", "highway=unclassified surface=asphalt route_bicycle_icn=yes route_bicycle_rcn=yes", "", "24948", "2490768"],
          ["11705528", "47353799", "535", "1647", "1000", "0", "0", "0", "0", "highway=track surface=asphalt tracktype=grade1 foot=yes bicycle=designated route_bicycle_icn=yes route_bicycle_rcn=yes", "", "25235", "2519417"],
          ["11704125", "47351749", "536", "251", "1000", "0", "0", "0", "0", "highway=residential surface=asphalt route_bicycle_icn=yes route_bicycle_rcn=yes", "", "25280", "2523942"],
          ["11704688", "47348395", "537", "378", "1000", "0", "0", "0", "0", "highway=residential surface=asphalt cycleway:both=no route_bicycle_icn=yes route_bicycle_rcn=yes", "nodeaccessgranted=yes highway=crossing crossing=unmarked", "25349", "2530828"],
          ["11704741", "47348290", "537", "12", "1000", "0", "0", "0", "0", "highway=residential surface=asphalt cycleway:both=no route_bicycle_icn=yes route_bicycle_rcn=yes", "", "25351", "2531071"],
          ["11704760", "47348244", "537", "5", "1000", "0", "0", "0", "0", "reversedirection=yes highway=residential surface=asphalt oneway=yes oneway:bicycle=no route_bicycle_icn=yes route_bicycle_rcn=yes", "nodeaccessgranted=yes highway=crossing crossing=uncontrolled", "25352", "2531157"],
          ["11705691", "47345108", "537", "359", "1000", "0", "0", "0", "0", "reversedirection=yes highway=residential surface=asphalt oneway=yes oneway:bicycle=no route_bicycle_icn=yes route_bicycle_rcn=yes", "nodeaccessgranted=yes highway=crossing crossing=unmarked", "25413", "2537244"],
          ["11705688", "47345069", "538", "4", "1000", "0", "0", "0", "0", "reversedirection=yes highway=residential surface=asphalt oneway=yes oneway:bicycle=no route_bicycle_icn=yes route_bicycle_rcn=yes", "", "25414", "2537347"],
          ["11705822", "47345063", "538", "10", "1000", "0", "0", "0", "0", "reversedirection=yes highway=residential surface=asphalt smoothness=excellent route_bicycle_icn=yes route_bicycle_rcn=yes", "", "25417", "2537614"],
          ["11705824", "47345023", "538", "4", "1000", "0", "0", "0", "0", "reversedirection=yes highway=residential surface=asphalt cycleway:both=no route_bicycle_icn=yes route_bicycle_rcn=yes", "nodeaccessgranted=yes highway=crossing crossing=unmarked", "25418", "2537725"],
          ["11705651", "47342281", "536", "306", "1000", "0", "0", "0", "0", "reversedirection=yes highway=residential surface=asphalt cycleway:both=no route_bicycle_icn=yes route_bicycle_rcn=yes", "", "25470", "2542966"],
          ["11704580", "47340176", "537", "259", "1000", "0", "0", "0", "0", "highway=residential surface=asphalt cycleway:both=no oneway=yes oneway:bicycle=no route_bicycle_icn=yes route_bicycle_rcn=yes", "", "25514", "2547309"],
          ["11703948", "47339934", "537", "55", "1000", "0", "0", "0", "0", "reversedirection=yes highway=residential surface=asphalt route_bicycle_icn=yes route_bicycle_rcn=yes", "", "25523", "2548290"],
          ["11703192", "47340238", "539", "67", "1000", "0", "0", "0", "0", "highway=residential surface=asphalt route_bicycle_icn=yes route_bicycle_rcn=yes", "nodeaccessgranted=yes highway=stop direction=forward", "25540", "2549900"],
          ["11701528", "47338373", "539", "247", "1000", "0", "0", "0", "0", "highway=residential surface=asphalt route_bicycle_icn=yes route_bicycle_rcn=yes", "nodeaccessgranted=yes direction=backward", "25588", "2554758"],
          ["11700241", "47337211", "540", "162", "1000", "0", "0", "0", "0", "highway=residential surface=asphalt route_bicycle_icn=yes route_bicycle_rcn=yes", "", "25619", "2557866"],
          ["11693890", "47333905", "541", "663", "1000", "0", "0", "0", "0", "highway=track surface=asphalt tracktype=grade1 route_bicycle_icn=yes route_bicycle_rcn=yes", "", "25736", "2569588"],
          ["11685634", "47327642", "542", "944", "1000", "0", "0", "0", "0", "highway=track surface=asphalt tracktype=grade1 bicycle=yes route_bicycle_icn=yes route_bicycle_rcn=yes", "", "25903", "2586234"],
          ["11684264", "47328211", "544", "129", "1000", "0", "0", "0", "0", "highway=service surface=asphalt bicycle=designated route_bicycle_icn=yes route_bicycle_rcn=yes", "", "25929", "2588846"],
          ["11684118", "47328130", "544", "14", "1000", "0", "0", "0", "0", "reversedirection=yes highway=residential surface=asphalt route_bicycle_icn=yes route_bicycle_rcn=yes", "nodeaccessgranted=yes traffic_sign:direction=backward", "25932", "2589130"],
          ["11681849", "47327148", "547", "204", "1000", "0", "0", "0", "0", "reversedirection=yes highway=residential surface=asphalt route_bicycle_icn=yes route_bicycle_rcn=yes", "", "25984", "2594360"],
          ["11680297", "47326287", "547", "152", "1000", "0", "0", "0", "0", "reversedirection=yes highway=residential surface=asphalt cycleway:both=no route_bicycle_icn=yes route_bicycle_rcn=yes", "nodeaccessgranted=yes highway=mini_roundabout", "26012", "2597138"],
          ["11678842", "47325159", "545", "216", "1000", "0", "0", "0", "0", "reversedirection=yes highway=residential surface=asphalt cycleway:both=no route_bicycle_icn=yes route_bicycle_rcn=yes", "", "26045", "2600432"],
          ["11678489", "47325081", "543", "29", "1000", "0", "0", "0", "0", "reversedirection=yes highway=service surface=asphalt route_bicycle_icn=yes route_bicycle_rcn=yes", "", "26048", "2600757"],
          ["11678157", "47324655", "542", "58", "1000", "0", "0", "0", "0", "reversedirection=yes highway=path surface=asphalt foot=designated bicycle=designated route_bicycle_icn=yes route_bicycle_rcn=yes", "", "26055", "2601412"],
          ["11677882", "47324359", "543", "39", "1000", "0", "0", "0", "0", "highway=path surface=asphalt foot=designated bicycle=designated route_bicycle_icn=yes route_bicycle_rcn=yes", "", "26059", "2601898"],
          ["11677086", "47323733", "545", "92", "1000", "0", "0", "0", "0", "reversedirection=yes highway=track surface=asphalt tracktype=grade1 bicycle=yes route_bicycle_icn=yes route_bicycle_rcn=yes", "", "26078", "2603725"],
          ["11643473", "47318667", "544", "2677", "1000", "0", "0", "0", "0", "reversedirection=yes highway=track surface=asphalt tracktype=grade1 bicycle=yes smoothness=good route_bicycle_icn=yes route_bicycle_rcn=yes", "", "26539", "2649893"],
          ["11638258", "47315801", "544", "682", "1000", "0", "0", "0", "0", "highway=cycleway surface=asphalt route_bicycle_icn=yes route_bicycle_rcn=yes", "", "26653", "2661295"],
          ["11632441", "47312908", "547", "594", "1000", "0", "0", "0", "0", "highway=cycleway surface=asphalt foot=designated bicycle=designated route_bicycle_icn=yes route_bicycle_rcn=yes", "nodeaccessgranted=yes estimated_crossing_class=3", "26762", "2672162"],
          ["11633886", "47311796", "546", "165", "1000", "0", "0", "0", "0", "highway=secondary surface=asphalt cycleway:both=no route_bicycle_icn=yes route_bicycle_rcn=yes", "", "26788", "2674797"],
          ["11634017", "47311566", "547", "28", "1000", "0", "0", "0", "0", "highway=secondary surface=asphalt route_bicycle_icn=yes route_bicycle_rcn=yes", "nodeaccessgranted=yes estimated_crossing_class=3", "26795", "2675464"],
          ["11634034", "47311408", "548", "18", "1000", "0", "0", "0", "0", "highway=secondary surface=asphalt route_bicycle_icn=yes route_bicycle_rcn=yes", "nodeaccessgranted=yes estimated_crossing_class=3", "26800", "2675946"],
          ["11634094", "47310754", "547", "74", "1000", "0", "0", "0", "0", "highway=secondary surface=asphalt route_bicycle_icn=yes route_bicycle_rcn=yes", "nodeaccessgranted=yes estimated_crossing_class=3", "26816", "2677517"],
          ["11633137", "47310268", "547", "91", "1000", "0", "0", "0", "0", "reversedirection=yes highway=track surface=asphalt tracktype=grade1 bicycle=designated route_bicycle_icn=yes route_bicycle_rcn=yes", "", "26830", "2678981"],
          ["11633101", "47310248", "547", "4", "1000", "0", "0", "0", "0", "reversedirection=yes highway=track surface=wood tracktype=grade1 bicycle=designated route_bicycle_icn=yes route_bicycle_rcn=yes", "nodeaccessgranted=yes barrier=bollard", "26831", "2679044"],
          ["11633055", "47310222", "547", "5", "1000", "0", "0", "0", "0", "reversedirection=yes highway=track surface=wood tracktype=grade1 bicycle=designated route_bicycle_icn=yes route_bicycle_rcn=yes", "", "26832", "2679114"],
          ["11628584", "47303044", "547", "1209", "1000", "0", "0", "0", "0", "reversedirection=yes highway=track surface=asphalt tracktype=grade1 bicycle=designated route_bicycle_icn=yes route_bicycle_rcn=yes", "", "27043", "2700233"],
          ["11628847", "47302738", "547", "39", "1000", "0", "0", "0", "0", "reversedirection=yes highway=residential surface=asphalt bicycle=designated cycleway:both=shared_lane route_bicycle_icn=yes route_bicycle_rcn=yes", "", "27049", "2700817"],
          ["11628767", "47302668", "547", "10", "1000", "0", "0", "0", "0", "highway=service surface=asphalt oneway=yes route_bicycle_icn=yes route_bicycle_rcn=yes", "", "27050", "2700970"],
          ["11626621", "47303240", "545", "175", "1000", "0", "0", "0", "0", "reversedirection=yes highway=residential surface=asphalt bicycle=designated cycleway:both=shared_lane route_bicycle_icn=yes route_bicycle_rcn=yes", "", "27077", "2703637"],
          ["11604835", "47298596", "548", "2021", "1000", "0", "0", "0", "0", "reversedirection=yes highway=track surface=asphalt tracktype=grade1 bicycle=yes smoothness=good route_bicycle_icn=yes route_bicycle_rcn=yes", "", "27423", "2738261"],
          ["11603842", "47298331", "548", "82", "1000", "0", "0", "0", "0", "reversedirection=yes highway=service surface=asphalt tracktype=grade1 route_bicycle_icn=yes route_bicycle_rcn=yes", "", "27437", "2739650"],
          ["11594115", "47299370", "551", "835", "1000", "0", "0", "0", "0", "reversedirection=yes highway=path surface=asphalt foot=designated bicycle=designated route_bicycle_icn=yes route_bicycle_rcn=yes", "", "27596", "2755554"],
          ["11594097", "47299321", "551", "6", "5000", "0", "0", "0", "0", "reversedirection=yes highway=footway surface=asphalt foot=designated bicycle=dismount route_bicycle_icn=yes route_bicycle_rcn=yes", "nodeaccessgranted=yes highway=crossing estimated_crossing_class=4 crossing=marked", "27597", "2755655"],
          ["11594367", "47299132", "550", "35", "5000", "0", "0", "0", "0", "reversedirection=yes highway=footway surface=asphalt foot=designated bicycle=dismount route_bicycle_icn=yes route_bicycle_rcn=yes", "nodeaccessgranted=yes highway=crossing crossing=unmarked", "27602", "2756171"],
          ["11594352", "47299029", "550", "12", "1000", "0", "0", "0", "0", "reversedirection=yes highway=residential surface=asphalt route_bicycle_icn=yes route_bicycle_rcn=yes", "nodeaccessgranted=yes highway=crossing crossing=zebra kerb=lowered", "27604", "2756328"],
          ["11591092", "47297773", "552", "357", "1000", "0", "0", "0", "0", "reversedirection=yes highway=residential surface=asphalt route_bicycle_icn=yes route_bicycle_rcn=yes", "", "27663", "2762314"],
          ["11590977", "47297847", "551", "12", "1000", "0", "0", "0", "0", "reversedirection=yes highway=tertiary surface=asphalt cycleway:both=no route_bicycle_icn=yes route_bicycle_rcn=yes", "", "27666", "2762581"],
          ["11588622", "47297529", "551", "181", "1000", "0", "0", "0", "0", "highway=residential surface=asphalt route_bicycle_icn=yes route_bicycle_rcn=yes", "nodeaccessgranted=yes highway=stop direction=forward", "27698", "2765727"],
          ["11588560", "47297520", "551", "5", "1000", "0", "0", "0", "0", "highway=residential surface=asphalt route_bicycle_icn=yes route_bicycle_rcn=yes", "nodeaccessgranted=yes estimated_crossing_class=6", "27698", "2765811"],
          ["11588524", "47297654", "551", "15", "1000", "0", "0", "0", "0", "highway=secondary surface=asphalt smoothness=excellent cycleway:both=no route_bicycle_icn=yes route_bicycle_rcn=yes", "nodeaccessgranted=yes estimated_crossing_class=6", "27701", "2766062"],
          ["11588463", "47297830", "551", "21", "1000", "0", "0", "0", "0", "highway=secondary surface=asphalt smoothness=excellent cycleway:both=no route_bicycle_icn=yes route_bicycle_rcn=yes", "nodeaccessgranted=yes estimated_crossing_class=6", "27704", "2766413"],
          ["11588424", "47297917", "551", "10", "1000", "0", "0", "0", "0", "highway=secondary surface=asphalt smoothness=excellent cycleway:both=no route_bicycle_icn=yes route_bicycle_rcn=yes", "nodeaccessgranted=yes estimated_crossing_class=6", "27706", "2766581"],
          ["11588399", "47297973", "551", "7", "1000", "0", "0", "0", "0", "highway=secondary surface=asphalt smoothness=excellent cycleway:both=no route_bicycle_icn=yes route_bicycle_rcn=yes", "nodeaccessgranted=yes highway=crossing", "27707", "2766698"],
          ["11588369", "47298035", "551", "7", "1000", "0", "0", "0", "0", "highway=secondary surface=asphalt smoothness=excellent cycleway:both=no route_bicycle_icn=yes route_bicycle_rcn=yes", "nodeaccessgranted=yes estimated_crossing_class=6", "27709", "2766815"],
          ["11588217", "47298016", "551", "12", "1000", "0", "0", "0", "0", "reversedirection=yes highway=residential surface=asphalt route_bicycle_icn=yes route_bicycle_rcn=yes", "nodeaccessgranted=yes highway=crossing crossing=marked kerb=lowered", "27711", "2767017"],
          ["11587106", "47297927", "550", "84", "1000", "0", "0", "0", "0", "reversedirection=yes highway=residential surface=asphalt route_bicycle_icn=yes route_bicycle_rcn=yes", "nodeaccessgranted=yes highway=crossing crossing=marked", "27723", "2768249"],
          ["11585558", "47297828", "550", "118", "1000", "0", "0", "0", "0", "reversedirection=yes highway=residential surface=asphalt route_bicycle_icn=yes route_bicycle_rcn=yes", "", "27743", "2770217"],
          ["11582501", "47297113", "550", "244", "1000", "0", "0", "0", "0", "reversedirection=yes highway=residential surface=asphalt oneway=no route_bicycle_icn=yes route_bicycle_rcn=yes", "", "27785", "2774456"],
          ["11582688", "47296500", "550", "79", "1000", "0", "0", "0", "0", "highway=residential surface=asphalt route_bicycle_icn=yes route_bicycle_rcn=yes", "", "27797", "2775670"],
          ["11580031", "47296236", "551", "203", "1000", "0", "0", "0", "0", "reversedirection=yes highway=residential surface=asphalt route_bicycle_icn=yes route_bicycle_rcn=yes", "", "27833", "2779226"],
          ["11565314", "47290896", "553", "1267", "1000", "0", "0", "0", "0", "reversedirection=yes highway=track surface=asphalt tracktype=grade1 bicycle=designated route_bicycle_icn=yes route_bicycle_rcn=yes", "", "28056", "2801583"],
          ["11565117", "47290541", "553", "44", "1000", "0", "0", "0", "0", "reversedirection=yes highway=residential surface=asphalt bicycle=designated route_bicycle_icn=yes route_bicycle_rcn=yes", "nodeaccessgranted=yes highway=give_way direction=backward", "28064", "2802325"],
          ["11565106", "47290496", "553", "5", "1000", "0", "0", "0", "0", "reversedirection=yes highway=residential surface=asphalt bicycle=designated route_bicycle_icn=yes route_bicycle_rcn=yes", "", "28064", "2802409"],
          ["11563007", "47289198", "555", "232", "1000", "0", "0", "0", "0", "reversedirection=yes highway=residential surface=asphalt cycleway:right=lane cycleway:left=no route_bicycle_icn=yes route_bicycle_rcn=yes", "", "28112", "2807176"],
          ["11561348", "47288721", "554", "141", "1000", "0", "0", "0", "0", "highway=unclassified surface=asphalt route_bicycle_icn=yes route_bicycle_rcn=yes", "", "28135", "2809516"],
          ["11561011", "47288923", "554", "34", "1000", "0", "0", "0", "0", "reversedirection=yes highway=track surface=asphalt tracktype=grade1 foot=yes bicycle=yes route_bicycle_icn=yes route_bicycle_rcn=yes", "nodeaccessgranted=yes monitoring:bicycle=yes", "28141", "2810087"],
          ["11560278", "47289241", "554", "69", "1000", "0", "0", "0", "0", "reversedirection=yes highway=track surface=asphalt tracktype=grade1 foot=yes bicycle=yes route_bicycle_icn=yes route_bicycle_rcn=yes", "", "28156", "2811545"],
          ["11560231", "47289193", "554", "6", "1000", "0", "0", "0", "0", "highway=track surface=wood tracktype=grade1 foot=yes bicycle=yes route_bicycle_icn=yes route_bicycle_rcn=yes", "", "28157", "2811639"],
          ["11547584", "47281435", "555", "1320", "1000", "0", "0", "0", "0", "highway=track surface=asphalt tracktype=grade1 foot=yes bicycle=yes route_bicycle_icn=yes route_bicycle_rcn=yes", "", "28378", "2833815"],
          ["11509178", "47276445", "558", "3085", "1000", "0", "0", "0", "0", "highway=track surface=asphalt tracktype=grade1 foot=yes bicycle=yes smoothness=good route_bicycle_icn=yes route_bicycle_rcn=yes", "", "28934", "2889378"],
          ["11509096", "47276434", "559", "6", "1000", "0", "0", "0", "0", "highway=path surface=asphalt bicycle=yes route_bicycle_icn=yes route_bicycle_rcn=yes", "", "28935", "2889471"],
          ["11508719", "47276342", "560", "30", "1000", "0", "0", "0", "0", "reversedirection=yes highway=path surface=asphalt bicycle=yes route_bicycle_icn=yes route_bicycle_rcn=yes", "", "28942", "2890148"],
          ["11508701", "47276378", "560", "4", "1000", "0", "0", "0", "0", "highway=path surface=asphalt bicycle=yes route_bicycle_icn=yes route_bicycle_rcn=yes", "", "28942", "2890223"],
          ["11508454", "47277203", "559", "94", "1000", "0", "0", "0", "0", "highway=path surface=wood foot=designated bicycle=designated route_bicycle_icn=yes route_bicycle_rcn=yes", "", "28957", "2891707"],
          ["11508429", "47277262", "560", "7", "1000", "0", "0", "0", "0", "highway=path surface=asphalt bicycle=yes route_bicycle_icn=yes route_bicycle_rcn=yes", "", "28959", "2891846"],
          ["11508197", "47277770", "560", "60", "1000", "0", "0", "0", "0", "reversedirection=yes highway=residential surface=asphalt bicycle=yes vehicle=destination cycleway:both=shared_lane route_bicycle_icn=yes route_bicycle_rcn=yes", "", "28972", "2893177"],
          ["11505805", "47277451", "561", "185", "1000", "0", "0", "0", "0", "reversedirection=yes highway=residential surface=asphalt cycleway:both=shared_lane route_bicycle_icn=yes route_bicycle_rcn=yes", "", "29007", "2896694"],
          ["11505274", "47277070", "561", "62", "1000", "0", "0", "0", "0", "reversedirection=yes highway=cycleway surface=asphalt foot=designated bicycle=designated route_bicycle_icn=yes route_bicycle_rcn=yes", "", "29018", "2897826"],
          ["11500036", "47274560", "561", "502", "1000", "0", "0", "0", "0", "highway=residential surface=asphalt cycleway:both=shared_lane route_bicycle_icn=yes route_bicycle_rcn=yes", "nodeaccessgranted=yes traffic_sign:direction=backward", "29101", "2906123"],
          ["11499337", "47274397", "560", "57", "1000", "0", "0", "0", "0", "highway=residential surface=asphalt cycleway:both=shared_lane route_bicycle_icn=yes route_bicycle_rcn=yes", "", "29111", "2907110"],
          ["11497900", "47273991", "561", "119", "1000", "0", "0", "0", "0", "reversedirection=yes highway=cycleway surface=asphalt foot=designated bicycle=designated route_bicycle_icn=yes route_bicycle_rcn=yes", "", "29134", "2909365"],
          ["11497910", "47273929", "561", "7", "1000", "0", "0", "0", "0", "reversedirection=yes highway=track surface=compacted tracktype=grade2 bicycle=yes smoothness=intermediate route_bicycle_icn=yes route_bicycle_rcn=yes", "nodeaccessgranted=yes barrier=bollard", "29135", "2909499"],
          ["11484892", "47273621", "562", "1042", "1000", "0", "0", "0", "0", "reversedirection=yes highway=track surface=compacted tracktype=grade2 bicycle=yes smoothness=intermediate route_bicycle_icn=yes route_bicycle_rcn=yes", "nodeaccessgranted=yes barrier=lift_gate bicycle=yes foot=yes", "29314", "2927358"],
          ["11484765", "47273738", "561", "16", "1000", "0", "0", "0", "0", "reversedirection=yes highway=track surface=compacted tracktype=grade2 bicycle=yes smoothness=intermediate route_bicycle_icn=yes route_bicycle_rcn=yes", "", "29317", "2927645"],
          ["11455018", "47268298", "564", "2337", "1000", "0", "0", "0", "0", "highway=cycleway surface=asphalt foot=yes smoothness=good route_bicycle_icn=yes route_bicycle_rcn=yes", "", "29725", "2968510"],
          ["11447609", "47268496", "566", "593", "1000", "0", "0", "0", "0", "highway=cycleway surface=asphalt bicycle=designated smoothness=good route_bicycle_icn=yes route_bicycle_rcn=yes", "", "29836", "2979603"],
          ["11447566", "47268515", "566", "4", "1000", "0", "0", "0", "0", "highway=cycleway surface=asphalt foot=no smoothness=excellent route_bicycle_icn=yes route_bicycle_rcn=yes", "nodeaccessgranted=yes highway=turning_circle", "29837", "2979686"],
          ["11441329", "47270548", "566", "533", "1000", "0", "0", "0", "0", "highway=cycleway surface=asphalt foot=no smoothness=excellent route_bicycle_icn=yes route_bicycle_rcn=yes", "", "29933", "2989322"],
          ["11438923", "47271799", "567", "238", "1000", "0", "0", "0", "0", "highway=path surface=asphalt foot=designated bicycle=designated smoothness=excellent route_bicycle_icn=yes route_bicycle_rcn=yes", "", "29975", "2993534"],
          ["11432038", "47274318", "567", "601", "1000", "0", "0", "0", "0", "highway=cycleway surface=asphalt foot=no route_bicycle_icn=yes route_bicycle_rcn=yes", "", "30081", "3004068"],
          ["11430984", "47274682", "567", "89", "1000", "0", "0", "0", "0", "highway=cycleway surface=asphalt foot=designated bicycle=designated smoothness=excellent route_bicycle_icn=yes route_bicycle_rcn=yes", "", "30095", "3005522"],
          ["11427882", "47275763", "567", "264", "1000", "0", "0", "0", "0", "highway=cycleway surface=asphalt foot=designated bicycle=designated route_bicycle_icn=yes route_bicycle_rcn=yes", "", "30142", "3010147"],
          ["11405292", "47280743", "571", "1853", "1000", "0", "0", "0", "0", "reversedirection=yes highway=cycleway surface=asphalt foot=designated bicycle=designated smoothness=excellent route_bicycle_icn=yes route_bicycle_rcn=yes", "", "30479", "3043936"],
          ["11404701", "47279886", "569", "105", "1000", "0", "0", "0", "0", "reversedirection=yes highway=cycleway surface=concrete foot=designated bicycle=designated smoothness=excellent route_bicycle_icn=yes route_bicycle_rcn=yes", "", "30491", "3045093"],
          ["11404337", "47279414", "572", "59", "1000", "0", "0", "0", "0", "reversedirection=yes highway=cycleway surface=asphalt foot=designated bicycle=designated smoothness=excellent route_bicycle_icn=yes route_bicycle_rcn=yes", "nodeaccessgranted=yes barrier=kerb kerb=lowered", "30508", "3046830"],
          ["11404326", "47279418", "572", "1", "1000", "0", "0", "0", "0", "reversedirection=yes highway=footway surface=asphalt bicycle=designated smoothness=good route_bicycle_icn=yes route_bicycle_rcn=yes", "nodeaccessgranted=yes barrier=kerb kerb=lowered", "30509", "3046856"],
          ["11404288", "47279431", "572", "3", "1000", "0", "0", "20", "0", "reversedirection=yes highway=footway surface=asphalt bicycle=designated smoothness=good route_bicycle_icn=yes route_bicycle_rcn=yes", "nodeaccessgranted=yes highway=crossing estimated_crossing_class=0 crossing=traffic_signals", "30509", "3046932"],
          ["11404234", "47279450", "573", "5", "1000", "0", "0", "0", "0", "reversedirection=yes highway=footway surface=asphalt bicycle=designated smoothness=good route_bicycle_icn=yes route_bicycle_rcn=yes", "nodeaccessgranted=yes barrier=kerb kerb=flush", "30511", "3047064"],
          ["11404199", "47279468", "573", "3", "1000", "0", "0", "0", "0", "reversedirection=yes highway=footway surface=asphalt bicycle=designated smoothness=good route_bicycle_icn=yes route_bicycle_rcn=yes", "nodeaccessgranted=yes barrier=kerb kerb=flush", "30512", "3047143"],
          ["11404159", "47279489", "572", "4", "1000", "0", "0", "20", "0", "reversedirection=yes highway=footway surface=asphalt bicycle=designated smoothness=good route_bicycle_icn=yes route_bicycle_rcn=yes", "nodeaccessgranted=yes highway=crossing estimated_crossing_class=0 crossing=traffic_signals bicycle=yes", "30512", "3047239"],
          ["11404116", "47279518", "572", "5", "1000", "0", "0", "0", "0", "reversedirection=yes highway=footway surface=asphalt bicycle=designated smoothness=good route_bicycle_icn=yes route_bicycle_rcn=yes", "nodeaccessgranted=yes barrier=kerb kerb=lowered", "30514", "3047349"],
          ["11404025", "47279613", "571", "14", "1000", "0", "0", "0", "0", "reversedirection=yes highway=path surface=asphalt foot=designated bicycle=designated smoothness=excellent route_bicycle_icn=yes route_bicycle_rcn=yes", "", "30516", "3047612"],
          ["11403945", "47279715", "570", "13", "1000", "0", "0", "0", "0", "reversedirection=yes highway=path surface=sett foot=designated bicycle=designated smoothness=excellent route_bicycle_icn=yes route_bicycle_rcn=yes", "", "30518", "3047781"],
          ["11401347", "47278758", "570", "224", "1000", "0", "0", "0", "0", "reversedirection=yes highway=path surface=asphalt foot=designated bicycle=designated smoothness=excellent route_bicycle_icn=yes route_bicycle_rcn=yes", "", "30550", "3051035"],
          ["11400224", "47277958", "572", "127", "1000", "0", "0", "0", "0", "reversedirection=yes highway=cycleway surface=asphalt smoothness=excellent route_bicycle_icn=yes route_bicycle_rcn=yes", "", "30580", "3053953"],
          ["11397430", "47275394", "572", "364", "1000", "0", "0", "0", "0", "highway=cycleway surface=asphalt smoothness=good route_bicycle_icn=yes route_bicycle_rcn=yes", "", "30644", "3060382"],
          ["11397409", "47275350", "572", "5", "1000", "0", "0", "0", "0", "reversedirection=yes highway=cycleway surface=asphalt foot=use_sidepath smoothness=excellent route_bicycle_icn=yes route_bicycle_rcn=yes", "nodeaccessgranted=yes highway=crossing", "30645", "3060475"],
          ["11397194", "47274999", "572", "42", "1000", "0", "0", "0", "0", "reversedirection=yes highway=cycleway surface=asphalt foot=use_sidepath smoothness=excellent route_bicycle_icn=yes route_bicycle_rcn=yes", "nodeaccessgranted=yes highway=crossing", "30653", "3061325"],
          ["11395693", "47273075", "572", "243", "1000", "0", "0", "0", "0", "reversedirection=yes highway=cycleway surface=asphalt foot=use_sidepath smoothness=excellent route_bicycle_icn=yes route_bicycle_rcn=yes", "nodeaccessgranted=yes highway=crossing", "30695", "3065453"],
          ["11395226", "47271440", "573", "194", "1000", "0", "0", "0", "0", "reversedirection=yes highway=cycleway surface=asphalt foot=use_sidepath smoothness=excellent route_bicycle_icn=yes route_bicycle_rcn=yes", "nodeaccessgranted=yes highway=crossing", "30734", "3069374"],
          ["11393942", "47270994", "571", "113", "1000", "0", "0", "0", "0", "reversedirection=yes highway=cycleway surface=asphalt foot=use_sidepath smoothness=excellent route_bicycle_icn=yes route_bicycle_rcn=yes", "", "30751", "3071129"],
          ["11393108", "47270074", "572", "120", "1000", "0", "0", "0", "0", "reversedirection=yes highway=cycleway surface=asphalt foot=use_sidepath route_bicycle_icn=yes route_bicycle_rcn=yes", "", "30769", "3072867"],
          ["11393172", "47270013", "573", "9", "1050", "0", "116", "0", "0", "highway=cycleway surface=asphalt", "estimated_crossing_class=0", "30771", "3073051"],
          ["11393095", "47269931", "573", "11", "1250", "0", "31", "20", "0", "highway=primary surface=asphalt foot=use_sidepath smoothness=excellent oneway=no cycleway:right=unknown cycleway:left=no", "highway=traffic_signals traffic_signals:direction=backward", "30773", "3073269"],
          ["11392861", "47269687", "572", "32", "1250", "0", "0", "0", "0", "highway=primary surface=asphalt foot=use_sidepath smoothness=excellent oneway=no cycleway:right=unknown cycleway:left=no", "", "30778", "3073814"],
          ["11392469", "47269260", "573", "56", "1250", "0", "0", "0", "0", "highway=primary surface=asphalt foot=use_sidepath smoothness=excellent cycleway:right=unknown cycleway:left=no", "estimated_crossing_class=6", "30789", "3074928"],
          ["11392552", "47269234", "573", "7", "7050", "0", "100", "0", "0", "reversedirection=yes highway=pedestrian surface=paving_stones bicycle=dismount smoothness=intermediate oneway=yes oneway:bicycle=no", "", "30791", "3075080"],
          ["11392791", "47269187", "573", "20", "3050", "0", "89", "0", "0", "reversedirection=yes highway=pedestrian surface=paving_stones smoothness=intermediate", "", "30795", "3075501"]
        ],
        "times": [0,0.504,6.552,10.468,12.578,13.724,16.497,18.283,19.991,20.945,24.416,24.89,25.462,26.278,28.453,29.942,33.184,35.845,39.325,44.564,45.855,49.528,53.001,57.955,62.222,72.394,73.211,74.52,76.793,80.152,82.017,83.976,85.348,87.36,91.534,93.413,97.031,98.563,100.068,101.757,104.031,108.829,114.205,115.52,116.08,116.453,116.639,116.825,117.566,122.5,131.572,134.371,136.806,139.921,144.565,159.152,160.122,162.581,165.102,167.817,176.565,177.997,179.615,185.343,188.482,189.916,199.254,201.631,204.585,206.71,209.369,229.002,235.264,236.104,236.936,237.349,237.761,251.655,256.021,260.023,269.818,306.578,311.235,316.478,324.885,335.983,341.053,346.048,356.915,358.959,368.902,370.496,371.554,372.082,374.218,381.154,386.732,387.319,389.328,391.54,392.081,407.552,431.193,433.007,441.7,443.194,466.129,472.319,474.713,483.055,491.184,492.706,495.406,498.509,504.246,505.134,510.342,514.981,516.397,520.154,520.931,522.012,535.188,545.794,548.869,550.788,554.761,578.971,580.913,590.233,591.944,593,593.703,595.804,597.721,599.391,603.778,605.129,614.761,616.151,617.914,634.737,640.365,641.742,648.276,652.517,657.689,666.444,667.571,673.289,676.899,678.686,679.22,680.64,681.347,681.7,682.582,684.689,685.214,687.83,690.779,695.179,699.318,706.099,727.241,731.859,749.238,766.158,767.887,780.239,794.117,804.08,808.681,812.249,814.42,825.066,827.236,828.314,830.636,833.998,837.155,838.627,844.136,846.049,847.938,852.755,854.577,855.763,858.289,859.722,861.325,869.582,871.211,872.592,876.119,885.792,894.885,901.482,916.139,917.115,918.584,921.36,922.45,923.389,924.489,925.752,934.848,936.18,937.076,940.717,941.794,943.189,945.376,954.044,954.9,955.474,956.343,957.219,957.954,958.842,961.069,964.4,971.885,973.633,975.552,976.194,976.355,980.069,982.345,985.941,986.597,987.911,993.352,998.656,1008.483,1009.652,1023.375,1024.528,1029.796,1038.509,1040.221,1043.637,1045.195,1047.155,1052.991,1054.199,1058.717,1062.527,1066.985,1070.577,1076.358,1083.601,1084.3,1097.214,1101.148,1102.26,1103.961,1123.185,1146.528,1151.338,1153.22,1156.271,1157.402,1166.168,1167.726,1168.884,1170.222,1175.095,1178.213,1180.749,1182.365,1194.675,1198.72,1201.075,1202.085,1204.273,1205.115,1209.994,1211.844,1215.544,1222.605,1225.799,1228.824,1233.866,1238.86,1244.494,1247.486,1253.152,1258.497,1260.814,1261.701,1269.955,1270.715,1271.471,1272.411,1273.111,1276.353,1279.173,1282.372,1286.563,1286.764,1287.566,1290.136,1290.721,1292.654,1297.191,1298.307,1299.231,1299.967,1301.432,1303.43,1306.308,1312.332,1313.209,1316.179,1319.822,1328.415,1329.953,1339.137,1344.895,1354.459,1365.251,1371.369,1372.643,1376.783,1378.386,1384.025,1387.163,1394.116,1395.653,1396.673,1397.756,1405.396,1432.189,1436.189,1437.746,1439.644,1445.479,1446.846,1448.041,1453.828,1456.204,1460.439,1461.793,1462.3,1464.498,1473.804,1476.926,1478.784,1483.92,1486.191,1488.318,1490,1491.98,1499.99,1506.804,1509.132,1515.565,1520.633,1527.063,1532.654,1538.453,1541.66,1544.484,1545.011,1547.113,1548.16,1549.726,1551.288,1553.017,1555.087,1557.665,1558.351,1559.037,1565.773,1566.813,1569.063,1571.267,1575.173,1575.941,1588.85,1591.169,1592.057,1592.942,1595.934,1598.033,1600.99,1602.549,1604.621,1606.343,1610.631,1612.17,1612.34,1613.535,1620.203,1624.198,1639.998,1642.073,1643.938,1645.784,1646.151,1647.795,1659.025,1661.646,1663.732,1667.415,1670.478,1678.279,1680.478,1682.845,1689.596,1690.945,1700.715,1702.062,1703.071,1704.081,1705.595,1707.278,1708.624,1709.128,1709.801,1741.554,1767.277,1777.436,1781.388,1786.73,1788.781,1801.222,1824.892,1828.662,1832.096,1834.675,1835.263,1838.56,1841.494,1880.751,1881.556,1886.307,1890.066,1891.174,1893.881,1895.086,1898.264,1899.443,1900.639,1901.983,1902.936,1903.576,1904.739,1906.237,1908.014,1910.486,1913.678,1916.766,1919.688,1924.125,1927.575,1930.795,1936.513,1943.265,1944.027,1945.029,1947.312,1949.748,1952.537,1956.872,1958.477,1960.381,1962.247,1963.991,1967.385,1970.239,1971.567,1972.97,1973.412,1974.003,1974.746,1975.793,1976.697,1978.216,1979.595,1981.14,1982.073,1985.369,1990.207,1992.288,1998.569,1999.928,2001.082,2002.606,2003.363,2005.983,2008.199,2011.118,2015.252,2030.861,2031.809,2032.563,2044.126,2061.64,2063.85,2066.378,2069.03,2071.376,2075.498,2076.903,2079.851,2081.291,2090.195,2098.617,2100.349,2104.375,2111.872,2112.806,2113.551,2120.667,2129.839,2130.568,2131.54,2133.598,2138.83,2142.162,2147.944,2149.107,2150.068,2152.708,2162.199,2163.627,2165.147,2167.296,2169.187,2174.456,2177.751,2178.657,2179.74,2200.711,2203.397,2209.226,2211.847,2212.544,2213.587,2214.107,2214.974,2215.493,2216.876,2218.427,2218.944,2219.632,2220.148,2220.663,2225.799,2226.652,2227.164,2228.187,2231.988,2233.831,2236.239,2242.026,2243.82,2245.977,2247.139,2248.863,2251.881,2254.663,2256.495,2257.588,2258.313,2264.562,2265.068,2265.969,2266.688,2273.491,2274.141,2280.792,2283.573,2286.486,2287.252,2290.654,2294.172,2294.356,2297.674,2298.284,2299.794,2304.381,2307.988,2308.775,2309.821,2311.061,2313.697,2317.638,2326.672,2327.588,2328.317,2330.673,2336.547,2343.366,2346.484,2348.108,2350.5,2352.263,2354.959,2356.855,2359.102,2360.214,2367.83,2368.866,2370.396,2373.611,2377.974,2378.985,2380.187,2383.526,2390.159,2396.557,2402.796,2405.435,2409.622,2414.014,2415.104,2417.876,2425.75,2427.109,2428.455,2429.408,2430.356,2431.485,2434.462,2439.746,2442.435,2443.859,2447.079,2456.552,2459.974,2464.644,2466.355,2466.922,2467.674,2469.91,2471.57,2473.282,2484.099,2491.688,2495.987,2499.829,2504.318,2506.228,2508.938,2513.37,2518.22,2523.301,2530.08,2530.661,2531.431,2544.294,2550.922,2552.317,2554.283,2555.254,2556.411,2557.483,2558.551,2559.615,2561.315,2562.438,2575.77,2576.684,2578.138,2597.602,2610.133,2618.667,2642.009,2652.082,2659.318,2665.613,2672.978,2675.126,2676.697,2679.95,2680.719,2681.292,2681.904,2683.847,2684.485,2685.748,2687.816,2688.428,2688.807,2689.212,2689.776,2690.339,2691.272,2693.309,2694.879,2713.923,2722.012,2726.309,2727.804,2728.801,2730.045,2732.122,2763.813,2771.306,2772.405,2777.282,2780.406,2785.901,2786.878,2801.394,2803.23,2804.354,2805.817,2816.412,2822.195,2827.914,2834.533,2839.353,2848.222,2857.617,2881.912,2896.861,2899.773,2907.347,2923.903,2952.823,2960.719,2965.638,2971.578,2985.909,2994.301,2999.652,3003.628,3005.517,3007.674,3008.747,3010.171,3010.526,3015.902,3025.838,3044.573,3047.67,3049.385,3053.747,3055.363,3066.138,3072.996,3076.419,3081.936,3083.371,3102.857,3104.435,3114.847,3131.923,3142.64,3166.357,3175.259,3183.958,3190.486,3199.803,3206.917,3213.024,3217.252,3218.728,3220.278,3222.192,3242.767,3244.999,3247.089,3261.259,3283.302,3315.676,3341.376,3354.968,3360.991,3365.306,3369.025,3373.585,3377.066,3384.076,3396.541,3403.095,3413.174,3414.762,3416.343,3427.439,3430.183,3430.354,3430.697,3434.966,3439.774,3442.913,3450.251,3452.055,3455.161,3462.952,3464.731,3467.932,3472.264,3474.161,3477.394,3479.818,3483.487,3484.213,3484.756,3485.839,3486.019,3488.17,3490.483,3493.483,3495.411,3496.459,3497.157,3497.679,3498.375,3498.723,3499.07,3499.417,3500.11,3500.63,3502.703,3505.629,3509.058,3510.255,3514.123,3515.344,3516.552,3521.565,3523.982,3531.899,3535.434,3535.986,3545.531,3549.405,3550.63,3553.969,3554.153,3558.993,3561.105,3564.391,3567.579,3572.783,3584.896,3596.935,3597.708,3601.508,3604.671,3607.419,3609.413,3611.336,3613.365,3614.961,3617.531,3619.666,3624.196,3627.485,3635.978,3639.194,3645.265,3646.693,3651.533,3654.069,3668.644,3670.937,3677.995,3685.284,3690.854,3713.468,3724.527,3735.478,3742.312,3748.75,3757.573,3780.039,3788.975,3798.788,3837.318,3861.133,3875.002,3875.87,3876.737,3925.447,3950.206,3971.521,3973.905,3976.285,3978.517,3986.438,3995.468,4013.496,4023.032,4024.445,4025.296,4025.856,4026.401,4032.592,4034.313,4035.964,4050.252,4096.7,4100.294,4101.858,4111.805,4117.288,4123.756,4124.664,4126.828,4144.593,4151.062,4156.998,4166.57,4182.849,4191.194,4195.059,4197.517,4200.124,4202.878,4207.305,4210.123,4212.397,4213.33,4223.855,4225.805,4228.096,4230.562,4232.671,4235.297,4238.757,4241.573,4247.669,4249.052,4251.466,4253.014,4254.558,4256.442,4265.302,4268.695,4271.743,4278.842,4285.588,4295.351,4316.702,4318.871,4322.044,4325.054,4332.754,4340.801,4358.396,4368.512,4380.235,4390.037,4396.197,4403.27,4416.491,4424.801,4431.511,4438.772,4440.857,4450.813,4458.146,4468.062,4478.144,4486.376,4493.265,4502.842,4511.53,4520.65,4525.585,4533.504,4540.477,4550.509,4559.571,4567.947,4571.677,4576.534,4587.263,4627.294,4643.838,4658.575,4667.641,4698.497,4706.402,4710.602,4718.291,4720.204,4732.86,4736.811,4749.081,4780.255,4791.103,4791.502,4795.735,4797.368,4799.17,4810.29,4815.26,4829.693,4830.499,4831.895,4843.782,4846.919,4848.409,4850.177,4852.112,4852.813,4855.259,4856.998,4858.038,4859.768,4860.9,4862.579,4865.671,4867.079,4869.928,4872.61,4877.72,4880.668,4886.35,4889.09,4891.823,4894.546,4895.512,4897.922,4905.221,4908.564,4912.033,4913.724,4915.414,4920.479,4921.828,4934.967,4942.375,4945.826,4952.333,4965.697,4983.885,4997.872,5015.558,5016.438,5032.066,5033.463,5036.623,5051.896,5058.654,5065.114,5066.612,5098.309,5108.647,5119.005,5125.237,5129.95,5133.53,5141.689,5148.806,5155.397,5161.014,5167.094,5173.926,5176.042,5179.842,5183.762,5188.104,5189.399,5193.548,5197.57,5199.375,5202.593,5205.816,5206.454,5206.876,5207.551,5209.323,5221.754,5224.572,5229.794,5235.919,5237.173,5241.02,5247.975,5251.415,5255.642,5257.396,5259.751,5262.092,5268.528,5272.537,5277.316,5280.578,5284.102,5287.506,5290.308,5292.977,5300.446,5304.795,5311.837,5317.235,5321.875,5325.127,5330.293,5331.481,5338.447,5405.409,5428.862,5490.43,5494.63,5497.352,5499.263,5504.243,5512.431,5526.109,5533.991,5553.819,5555.333,5563.408,5583.64,5591.854,5596.821,5600.295,5603.213,5611.437,5619.96,5633.129,5645.782,5658.925,5659.819,5660.847,5669.387,5677.068,5682.684,5686.321,5690.711,5692.884,5697.203,5700.78,5708.517,5710.603,5712.162,5713.717,5715.44,5717.16,5720.278,5727.998,5730.516,5736.896,5747.544,5753.677,5755.93,5756.938,5757.739,5759.224,5766.973,5770.394,5783.849,5790.422,5797.192,5802.415,5812.229,5814.99,5823.096,5824.187,5828.06,5831.447,5833.443,5842.857,5859.438,5868.655,5887.759,5898.51,5906.83,5923.03,5927.382,5939.164,5943.644,5945.049,5947.225,5949.301,5952.614,5953.562,5954.253,5955.997,5956.32,5959.472,5960.713,5961.644,5962.237,5964.423,5971.116,5971.993,5975.063,5976.362,5977.126,5979.167,5980.36,5982.383,5983.562,5989.433,5993.276,5996.105,6003.647,6007.151,6009.112,6014.528,6018.546,6022.67,6039.434,6047.516,6055.064,6063.861,6070.473,6076.621,6084.453,6092.402,6100.941,6108.457,6112.407,6115.839,6117.4,6120.069,6125.502,6130.17,6132.7,6134.526,6136.442,6139.359,6142.267,6144.934,6147.506,6149.747,6151.267,6152.066,6153.187,6154.171,6158.09,6172.025,6175.445,6183.819,6203.137,6211.542,6213.993,6216.559,6227.828,6230.997,6257.453,6267.967,6278.055,6281.88,6286.704,6290.186,6291.72,6292.495,6294.335,6296.008,6297.786,6299.123,6304.777,6306.577,6308.73,6310.863,6314.309,6322.719,6329.828,6333.99,6335.345,6337.051,6340.27,6342.254,6351.431,6354.348,6356.284,6357.277,6359.724,6363.251,6366.247,6371.68,6374.479,6377.833,6379.141,6380.143,6381.174,6386.091,6387.749,6391.34,6394.833,6396.542,6400.778,6401.881,6403.666,6404.416,6415.037,6419.047,6424.391,6428.441,6430.98,6443.715,6465.366,6468.275,6482.742,6486.973,6498.397,6501.5,6503.473,6505.201,6508.361,6511.357,6514.086,6520.129,6523.3,6525.913,6529.706,6530.765,6533.115,6542.432,6543.7,6547.037,6550.788,6551.786,6553.24,6554.647,6556.446,6564.75,6567.567,6569.623,6570.998,6573.35,6575.72,6578.152,6580.028,6581.61,6583.213,6584.667,6586,6586.296,6587.27,6588.344,6591.135,6595.029,6598.949,6604.469,6607.669,6609.509,6610.107,6610.994,6612.755,6613.859,6616.398,6617.156,6618.298,6620.323,6622.421,6624.568,6626.319,6627.502,6628.547,6629.75,6631.376,6633.554,6635.911,6637.156,6639.38,6641.737,6647.374,6651.647,6658.655,6669.729,6676.436,6680.545,6684.172,6685.394,6687.726,6691.303,6692.903,6697.429,6699.845,6702.306,6705.161,6712.162,6714.476,6715.669,6716.887,6717.717,6719.056,6720.489,6722.001,6723.587,6734.258,6740.778,6743.696,6748.691,6750.782,6752.261,6753.848,6754.647,6756.007,6757.767,6760.087,6762.647,6763.687,6765.127,6767.527,6768.887,6770.567,6772.087,6773.607,6775.527,6775.847,6776.887,6779.367,6779.927,6785.367,6786.203,6792.3,6796.115,6797.289,6798.324,6840.287,6842.396,6851.167,6870.863,6877.533,6881.107,6895.375,6916.241,6992.195,7010.197,7023.241,7032.772,7040.432,7051.573,7058.124,7065.346,7067.292,7068.947,7071.538,7074.521,7076.245,7076.498,7076.663,7077.303,7078.103,7078.743,7079.223,7079.625,7080.803,7085.638,7086.897,7089.715,7091.38,7092.71,7093.921,7095.88,7098.444,7102.371,7104.65,7107.57,7109.731,7111.307,7112.381,7115.981,7131.773,7139.593,7143.283,7149.099,7154.458,7157.073,7159.745,7160.973,7162.735,7171.725,7215.269,7223.407,7226.249,7232.323,7233.541,7271.129,7280.532,7301.67,7310.693,7314.895,7319.621,7326.085,7333.027,7340.563,7347.073,7349.653,7355.445,7358.206,7359.539,7360.735,7367.956,7370.684,7373.272,7374.869,7379.204,7385.79,7394.818,7401.723,7402.866,7404.51,7411.266,7413.21,7434.268,7445.024,7455.747,7459.588,7462.68,7466.223,7468.641,7472.846,7474.874,7476.937,7478.137,7480.171,7483.43,7484.852,7486.149,7489.092,7491.938,7494.302,7498.125,7509.976,7537.882,7562.792,7579.67,7589.104,7593.669,7596.451,7605.021,7613.794,7620.65,7629.392,7632.674,7635.858,7638.784,7643.134,7645.692,7652.043,7657.237,7665.93,7670.667,7673.295,7675.465,7682.579,7684.743,7686.41,7687.397,7690.686,7716.06,7719.66,7722.107,7724.034,7726.074,7728.468,7733.305,7741.683,7744.326,7746.907,7748.786,7757.995,7769.571,7776.077,7793.078,7798.599,7820.258,7825.937,7830.549,7832.916,7834.825,7837.543,7839.663,7842.134,7842.551,7842.69,7843.957,7846.5,7851.454,7859.133,7863.926,7866.406,7880.685,7886.573,7889.592,7892.918,7897.585,7902.762,7905.565,7908.483,7914.931,7916.555,7935.569,7941.023,7946.188,7949.441,7952.016,7956.798,7960.697,7964.083,7971.168,7978.583,7995.939,7999.468,8003.81,8006.786,8009.637,8015.21,8018.888,8023.229,8031.052,8036.799,8039.914,8044.751,8050.183,8056.147,8062.763,8066.541,8070.8,8077.436,8082.342,8088.896,8092.895,8097.518,8104.634,8109.75,8118.789,8119.37,8120.396,8122.126,8123.393,8124.579,8125.304,8139.499,8160.787,8181.86,8185.568,8198.422,8199.197,8201.228,8204.95,8213.158,8220.788,8223.319,8226.408,8229.365,8231.097,8232.65,8242.113,8256.368,8265.461,8266.74,8268.21,8270.271,8273.713,8277.043,8281.564,8287.211,8291.03,8292.679,8294.463,8296.212,8297.311,8298.048,8300.901,8304.365,8309.308,8316.61,8322.059,8343.42,8361.461,8366.65,8382.7,8393.469,8403.211,8419.443,8436.568,8444.379,8449.937,8461.943,8468.644,8476.706,8487.892,8493.065,8512.711,8528.9,8530.97,8533.527,8535.766,8538.35,8544.274,8554.025,8564.812,8573.859,8594.71,8600.367,8602.645,8603.771,8605.076,8606.188,8619.968,8620.99,8622.402,8623.566,8625.752,8629.101,8631.486,8633.559,8637.519,8639.689,8643.045,8647.514,8659.959,8665.559,8669.94,8678.579,8686.066,8689.602,8694.687,8700.102,8707.646,8711.479,8716.005,8723.518,8736.452,8740.941,8743.176,8745.622,8747.77,8750.561,8756.157,8761.387,8766.485,8769.783,8773.505,8792.817,8795.951,8800.399,8804.192,8809.935,8812.902,8815.942,8821.227,8824.964,8829.049,8831.318,8840.35,8844.158,8845.758,8847.535,8851.721,8854.167,8866.151,8867.011,8868.897,8872.68,8876.004,8881.387,8895.604,8903.278,8911.49,8920.228,8938.794,8940.329,8940.876,8941.422,8942.199,8943.027,8944.053,8945.378,8946.256,8948.589,8950.957,8956.281,8962.327,8976.097,8992.518,9010.502,9021.846,9032.964,9041.668,9046.59,9052.442,9055.45,9063.956,9066.403,9068.589,9075.162,9079.486,9084.06,9115.249,9155.046,9179.273,9186.959,9190.072,9193.352,9202.069,9203.908,9207.561,9214.946,9217.823,9219.41,9221.326,9225.052,9229.792,9232.176,9234.263,9236.407,9239.817,9243.123,9248.422,9276.705,9281.413,9305.986,9309.05,9310.46,9314.583,9326.565,9335.127,9341.112,9345.742,9359.854,9373.823,9377.33,9386.155,9429.042,9447.29,9448.959,9451.038,9455.438,9456.458,9458.324,9467.785,9473.169,9478.675,9506.369,9513.467,9518.222,9526.731,9561.026,9566.314,9572.374,9576.762,9580.034,9580.854,9582.005,9585.797,9587.975,9596.671,9606.249,9610.967,9621.109,9640.438,9659.064,9672.112,9693.991,9700.312,9704.213,9712.365,9715.431,9718.281,9722.392,9724.816,9727.427,9728.369,9737.026,9744.439,9747.823,9751.503,9755.254,9760.182,9763.161,9765.505,9767.751,9773.106,9778.837,9788.721,9790.311,9795.941,9800.33,9807.114,9817.728,9831.558,9839.97,9843.688,9854.178,9861.366,9869.486,9876.921,9885.885,9893.516,9912.204,9924.136,9928.545,9944.636,9974.156,10015.717,10029.496,10035.569,10038.215,10041.412,10042.155,10044.91,10049.142,10051.559,10053.529,10054.471,10055.838,10063.314,10068.01,10068.78,10072.362,10075.215,10077.698,10087.805,10101.315,10104.996,10108.01,10110.354,10113.706,10115.886,10120.75,10122.764,10123.938,10126.288,10129.812,10133.002,10135.37,10153.866,10160.35,10162.899,10167.058,10167.541,10173.054,10177.145,10179.94,10183.571,10189.706,10207.729,10224.658,10243.795,10262.876,10273.318,10282.188,10297.381,10298.633,10305.242,10320.137,10337.677,10346.102,10357.689,10373.721,10375.602,10381.102,10397.4,10408.979,10412.303,10426.688,10428.328,10435.807,10447.632,10451.963,10456.536,10459.223,10466.228,10472.692,10473.635,10476.165,10485.045,10491.87,10503.416,10516.214,10519.918,10523.414,10530.125,10531.052,10537.468,10543.511,10550.288,10561.914,10565.45,10568.812,10571.001,10574.111,10576.292,10579.284,10584.063,10587.162,10588.273,10589.283,10596.598,10598.017,10605.936,10606.446,10609.98,10615.581,10617.706,10628.356,10636.033,10641.89,10647.309,10657.181,10657.647,10660.467,10662.442,10664.227,10665.224,10665.691,10666.943,10667.572,10668.36,10669.15,10671.375,10676.841,10688.201,10688.823,10694.512,10700.118,10701.498,10703.54,10706.358,10707.873,10711.499,10717.979,10723.907,10727.251,10729.631,10737.494,10739.621,10740.768,10742.791,10745.563,10748.276,10750.594,10755.937,10762.043,10773.769,10777.331,10780.359,10794.349,10803.444,10809.271,10815.117,10817.077,10827.169,10833.107,10839.98,10856.156,10868.561,10878.679,10880.447,10884.59,10891.372,10898.352,10901.669,10908.366,10913.763,10915.619,10916.254,10917.026,10917.81,10918.604,10919.272,10919.542,10921.02,10922.802,10931.119,10934.647,10937.229,10956.465,11013.299,11020.248,11021.304,11022.883,11026.718,11027.238,11028.797,11031.923,11033.015,11034.563,11035.996,11044.482,11046.832,11048.925,11050.744,11051.969,11054.007,11058.258,11063.714,11072.308,11078.382,11083.218,11088.731,11098.039,11104.273,11108.729,11111.691,11112.169,11116.125,11120.74,11128.137,11130.24,11137.018,11138.088,11138.806,11139.729,11140.968,11142.214,11142.683,11143.624,11145.307,11147.065,11153.039,11159.369,11163.344,11164.346,11165.11,11166.821,11167.325,11167.839,11168.956,11171.281,11173.201,11197.83,11199.992,11200.614,11212.402,11217.515,11227.327,11235.896,11249.287,11272.976,11308.807,11311.908,11330.78,11358.098,11365.747,11387.798,11400.849,11409.374,11423.985,11437.41,11442.043,11450.414,11455.084,11465.615,11485.312,11492.276,11502.396,11525.135,11543.786,11558.748,11561.126,11564.021,11569.031,11573.347,11584.509,11593.744,11594.191,11598.709,11603.645,11610.094,11613.272,11616.555,11620.188,11621.382,11632.826,11656.202,11676.132,11686.022,11705.649,11727.815,11745.592,11747.538,11749.447,11754.034,11755.306,11756.497,11757.95,11758.854,11760.201,11761.947,11763.233,11763.446,11796.558,11799.223,11805.856,11808.106,11809.934,11821.329,11828.502,11837.847,11846.946,11856.417,11869.931,11871.354,11880.968,11901.145,11904.472,11911.563,11913.64,11918.606,11923.105,11926.258,11949.756,11966.191,11978.647,11989.547,12010.559,12034.232,12063.038,12072.217,12089.218,12099.75,12110.591,12117.79,12125.971,12132.097,12217.706,12224.077,12235.31,12238.438,12253.045,12272.214,12277.116,12284.922,12338.025,12422.198,12459.774,12464.338,12465.271,12468.732,12470.025,12473.764,12474.81,12475.926,12478.573,12480.32,12484.438,12506.616,12509.804,12512.567,12515.134,12519.188,12527.072,12531.024,12534.104,12535.858,12539.35,12543.804,12549.516,12550.093,12555.026,12564.491,12569.75,12574.761,12576.323,12586.132,12597.365,12603.46,12614.263,12623.462,12626.366,12628.453,12628.909,12630.26,12631.294,12633.577,12638.63,12646.872,12651.207,12651.744,12652.102,12652.865,12654.688,12655.489,12672.838,12688.09,12692.216,12692.872,12694.283,12714.433,12733.492,12746.703,12762.008,12776.397,12847.767,12903.618,12917.208,12919.978,12923.269,12925.09,12927.356,12931.668,12935.064,13137.075,13139.128,13140.924,13142.207,13142.513,13144.645,13147.726,13148.418,13148.876,13152.393,13154.498,13174.182,13184.059,13187.999,13206.005,13216.958,13230.746,13261.308,13276.543,13288.39,13303.516,13316.331,13329.359,13347.641,13365.562,13381.905,13385.559,13410.64,13434.353,13455.621,13456.608,13457.69,13459.403,13459.716,13462.075,13462.55,13463.734,13464.845,13466.118,13476.708,13506.296,13508.633,13527.489,13634.618,13722.062,13737.005,13746.564,13753.21,13844.02,13877.104,13883.62,13894.64,13901.901,13917.886,13933.517,13943.991,13959.901,13974.587,13982.808,13993.3,14004.073,14012.106,14020.662,14027.549,14037.951,14047.615,14063.924,14072.495,14075.456,14077.617,14079.795,14081.843,14088.596,14099.605,14106.617,14112.091,14115.067,14116.395,14118.408,14120.273,14127.756,14136.219,14137.635,14143.941,14158.899,14184.795,14194.331,14196.043,14199.228,14206.955,14211.78,14214.149,14217.749,14221.48,14229.491,14232.652,14234.335,14239.63,14240.641,14243.132,14248.894,14251.012,14253.288,14254.227,14265.693,14272.563,14274.307,14296.113,14305.226,14309.318,14313.732,14324.096,14331.923,14334.223,14340.742,14343.249,14343.874,14346.231,14347.974,14349.774,14353.04,14358.665,14361.71,14364.898,14368.578,14373.827,14379.642,14381.385,14390.349,14408.304,14410.453,14428.704,14431.598,14439.653,14447.083,14452.374,14457.993,14466.057,14474.562,14477.278,14480.051,14480.748,14482.181,14483.374,14486.491,14490.939,14492.426,14495.919,14499.755,14519.6,14529.4,14532.467,14542.345,14547.104,14552.989,14555.258,14557.07,14558.197,14559.092,14559.733,14560.5,14561.547,14562.685,14564.381,14565.917,14567.636,14573.98,14576.967,14581.761,14590.072,14599.498,14604.976,14606.406,14608.443,14610.817,14618.485,14648.382,14657.909,14664.675,14671.034,14679.874,14697.266,14740.89,14741.753,14745.424,14746.664,14748.065,14750.21,14757.189,14758.162,14758.975,14762.319,14766.657,14772.912,14775.601,14780.535,14786.286,14788.764,14791.057,14793.525,14795.506,14798.499,14800.554,14802.803,14805.719,14808.173,14812.311,14816.477,14820.65,14822.611,14828.116,14830.109,14832.793,14837.289,14838.866,14840.036,14841.585,14844.298,14853.001,14857.271,14864.855,14869.72,14875.726,14879.737,14888.799,14894.646,14897.397,14900.131,14903.254,14906.939,14914.052,14915.578,14935.406,14942.211,14952.875,14954.395,14955.477,14956.63,14958.055,14966.208,14969.466,14972.391,14974.271,14975.473,14977.895,14987.478,14991.518,14996.264,14997.964,14999.152,15000.752,15004.477,15006.396,15008.221,15010.841,15023.904,15044.004,15064.43,15163.287,15174.316,15178.36,15182.615,15185.482,15188.624,15191.076,15202.132,15206.532,15208.762,15218.611,15222.709,15226.178,15229.936,15232.398,15235.926,15238.16,15240.532,15244.255,15254.117,15256.079,15257.969,15262.65,15279.209,15290.27,15305.859,15311.472,15320.13,15331.501,15349.802,15386.696,15412.076,15435.064,15453.012,15469.473,15480.602,15490.806,15498.286,15502.745,15506.513,15511.812,15520.54,15525.403,15530.888,15537.529,15544.525,15551.236,15555.773,15565.246,15567.737,15570.103,15571.957,15575.362,15580.498,15582.303,15584.113,15587.565,15595.698,15596.298,15598.666,15602.369,15605.869,15609.301,15614.486,15619.935,15624.739,15630.209,15634.247,15638.284,15642.096,15645.635,15649.928,15652.322,15655.617,15657.709,15679.461,15687.031,15694.187,15700.727,15705.895,15711.983,15719.603,15730.706,15739.916,15756.289,15782.993,15791.076,15819.444,15824.205,15828.38,15833.416,15857.151,15868.916,15907.137,15909.854,15912.398,15916.228,15918.481,15920.689,15931.083,15937.391,15939.356,15941.688,15949.528,15953.041,15965.669,15971.264,15977.161,15986.101,15993.109,15999.198,16002.575,16014.851,16020.815,16024.225,16032.057,16036.677,16045.611,16046.472,16047.484,16048.36,16049.143,16062.951,16063.877,16068.526,16069.596,16077.004,16078.638,16079.688,16080.684,16081.546,16082.471,16083.461,16085.752,16092.551,16096.853,16101.267,16105.907,16122.271,16130.092,16181.48,16186.759,16208.789,16215.488,16218.792,16221.395,16223.646,16226.218,16239.11,16251.756,16263.052,16267.401,16271.305,16273.743,16277.207,16290.028,16292.929,16297.303,16305.353,16307.698,16320.043,16327.936,16333.132,16337.89,16342.665,16350.067,16366.153,16367.029,16381.397,16382.647,16384.055,16385.834,16412.664,16418.287,16421.789,16435.699,16436.689,16439.953,16447.104,16457.191,16469.17,16477.824,16479.254,16486.979,16491.307,16496.738,16501.336,16506.357,16518.529,16524.412,16529.121,16530.852,16533.213,16539.283,16549.461,16550.65,16552.537,16553.775,16563.561,16571.555,16586.998,16612.355,16659.135,16667.605,16672.412,16678.551,16701.66,16720.52,16725.51,16743.26,16746.756,16747.654,16753.484,16756.656,16766.766,16772.102,16779.16,16785.994,16790.795,16793.352,16800.883,16810.186,16812.139,16816.682,16819.779,16822.199,16823.062,16824.059,16825.242,16837.24,16845.775,16856.178,16864.088,16867.559,16869.596,16875.285,16878.85,16893.752,16900.105,16910.695,16919.074,16925.59,16929.797,16932.787,16938.629,16941.082,16942.934,16945.053,16947.799,16950.332,16958.26,16959.73,16961.084,16965.354,16966.404,16973.535,16974.773,16975.717,16976.842,16978.332,16979.197,16980.006,16980.918,16981.99,16984.619,16987.426,16996.662,17013.111,17015.801,17022.951,17050.869,17055.93,17062.154,17066.275,17070.516,17073.4,17079.887,17089.143,17091.955,17094.939,17100.258,17101.625,17102.648,17103.607,17104.977,17106.172,17109.07,17116.438,17119.564,17125.268,17138.49,17140.379,17143.408,17147.156,17148.828,17150.004,17152.434,17159.551,17162.275,17165.643,17175.039,17182.23,17188.762,17202.412,17213.943,17221.484,17246.498,17258.705,17273.418,17289.137,17309.105,17318.139,17338.881,17346.695,17355.912,17363.482,17371.248,17379.281,17386.373,17393.621,17401.902,17434.104,17443.303,17474.41,17496.676,17515.316,17551.529,17564.525,17582.121,17585.549,17588.865,17616.209,17624.992,17637.461,17648.262,17653.971,17662.365,17670.781,17679.635,17688.135,17698.574,17728.223,17740.863,17755.357,17765.254,17774.113,17793.828,17808.941,17817.043,17818.99,17824.732,17827.426,17828.852,17831.678,17833.809,17835.463,17876.65,17879.033,17895.414,17901.34,17902.85,17903.266,17908.549,17910.412,17925.291,17929.24,17939.842,17942.467,17945.334,17957.812,17963.783,17976.105,17991.467,17992.479,17993.738,17994.889,17998.078,17998.432,17999.936,18001.531,18001.926,18003.299,18004.271,18006.004,18006.768,18010.344,18011.828,18034.678,18041.682,18043.342,18047.238,18051.92,18054.107,18056.342,18061.131,18076.338,18080.049,18081.199,18086.529,18116.207,18122.275,18127.043,18132.336,18139.545,18153.881,18167.268,18173.4,18181.08,18221.564,18222.572,18223.58,18224.617,18233.871,18239.92,18243.416,18247.574,18250.57,18258.822,18263.559,18267.494,18270.398,18278.229,18284.594,18289.355,18296.523,18301.996,18307.951,18315.33,18323.594,18334.711,18349.971,18359.396,18362.729,18364.967,18371.766,18376.221,18381.064,18389.625,18396.244,18401.82,18409.207,18415.986,18422.936,18427.812,18430.098,18435.701,18443.115,18444.199,18445.1,18445.996,18447.604,18494.895,18497.135,18502.066,18521.447,18547.648,18557.838,18589.785,18591.898,18602.77,18610.121,18617.51,18619.857,18624.463,18629.652,18635.805,18648.053,18655.592,18658.041,18668.486,18670.619,18672.719,18674.979,18677.209,18693.82,18704.355,18711.018,18713.23,18718.633,18719.395,18720.457,18722.111,18724.449,18726.982,18729.893,18734.773,18737.779,18742.717,18759.115,18762.373,18765.926,18770.764,18794.908,18800.186,18806.855,18813.1,18814.617,18840.686,18844.615,18847.963,18850.693,18861.324,18864.953,18870.316,18879.471,18884.18,18885.834,18887.451,18890.365,18892.107,18893.391,18895.49,18898.152,18933.201,18938.408,18943.219,18947.258,18950.5,18952.861,18955.875,18958.043,18960.947,18983.359,18989.354,19003.477,19006.25,19007.471,19010.818,19015.363,19016.641,19018.084,19018.566,19021.311,19022.867,19027.523,19031.84,19033.469,19035.67,19040.748,19043.52,19046.422,19047.348,19049.059,19049.998,19050.941,19052.52,19053.471,19055.383,19066.758,19068.584,19069.186,19082.037,19085.041,19098.225,19100.16,19101.387,19103.252,19108.941,19117.654,19131.283,19133.205,19133.777,19157.307,19168.789,19175.334,19187.215,19187.912,19189.65,19191.73,19194.125,19199.922,19204.859,19206.43,19210.988,19212.799,19215.092,19218.713,19219.947,19221.002,19221.752,19222.127,19222.873,19223.43,19223.984,19224.578,19225.168,19225.756,19226.342,19226.924,19227.311,19227.697,19228.082,19229.23,19229.99,19231.227,19232.051,19232.98,19234.004,19236.248,19239.539,19240.605,19241.246,19241.895,19244.166,19245.531,19247.203,19248.998,19250.111,19251.057,19251.705,19252.396,19255.285,19257.123,19258.859,19260.922,19268.762,19271.291,19282.619,19295.4,19303.881,19305.254,19309.988,19318.023,19325.613,19328.393,19332.133,19339.297,19349.744,19359.588,19361.57,19370.562,19373.5,19375.391,19375.855,19381.42,19382.391,19384.992,19389.232,19390.404,19391.24,19392.094,19392.963,19414.033,19415.99,19434.322,19442.16,19447.127,19458.496,19461.971,19474.252,19479.053,19481.676,19486.369,19487.898,19497.152,19500.172,19502.895,19509.609,19520.477,19538.102,19556.738,19559.135,19563.5,19568.232,19569.311,19578.506,19580.109,19593.057,19606.838,19611.01,19620.006,19630.398,19632.627,19637.189,19640.141,19647.92,19652.844,19663.902,19666.852,19667.889,19669.18,19672.971,19678.59,19680.85,19682.969,19684.217,19685.756,19689.311,19690.744,19692.482,19696.609,19697.191,19697.631,19698.047,19698.639,19707.576,19709.934,19713.75,19714.502,19715.104,19716.924,19717.818,19718.482,19719.887,19722.086,19723.639,19724.73,19725.535,19726.654,19727.951,19733.443,19746.264,19753.051,19757.553,19758.199,19760.473,19768.336,19772.463,19774.615,19776.771,19780.096,19785.26,19787.262,19790.938,19794.449,19797.127,19799.807,19805.283,19808.373,19817.027,19830.887,19833.363,19839.504,19854.66,19857.908,19860.939,19864.758,19872.326,19873.371,19874.414,19876.84,19880.633,19883.053,19885.342,19887.234,19888.119,19889.01,19890.125,19890.764,19893.494,19896.533,19897.641,19906.838,19983.965,20060.684,20061.404,20150.41,20151.947,20155.773,20157.543,20163.09,20164.586,20174.885,20179.689,20186.885,20190.148,20202.18,20212.773,20218.123,20222.381,20225.291,20227.271,20233.676,20237.521,20245.43,20248.855,20253.357,20254.947,20255.988,20256.814,20257.691,20258.852,20265.076,20282.65,20283.127,20284.008,20284.227,20287.209,20287.918,20289.992,20291.391,20298.16,20313.078,20317.523,20319.344,20323.053,20325.275,20326.42,20327.529,20328.285,20328.412,20328.795,20329.051,20329.309,20329.438,20330.221,20332.902,20333.832,20334.08,20334.33,20334.568,20334.928,20335.049,20335.291,20335.658,20336.15,20340.953,20345.277,20353.971,20362.326,20372.701,20383.734,20395.754,20404.619,20408.494,20411.445,20422.725,20430.979,20433.32,20434.494,20436.004,20440.914,20450.75,20455.619,20463.297,20469.967,20479.311,20484.551,20485.641,20490.234,20491.787,20492.998,20494.66,20495.674,20497.068,20499.395,20503.273,20504.434,20505.35,20506.223,20507.775,20508.916,20513.439,20517.508,20519.195,20519.766,20520.443,20522.373,20524.279,20525.717,20527.426,20530.045,20536.982,20539.361,20540.791,20541.768,20542.84,20544.062,20548.07,20550.572,20552.061,20553.18,20554.326,20556.26,20560.223,20567.303,20569.211,20571.57,20574.945,20586.402,20588.377,20589.904,20593.814,20602.404,20608.799,20611.488,20613.895,20620.098,20633.732,20639.496,20643.322,20646.301,20647.627,20649.045,20672.221,20691.291,20812.578,20845.061,20876.785,20893.812,20944.125,20947.865,20952.084,20963.162,21073.891,21076.412,21078.461,21080.824,21091.393,21194.111,21198.648,21205.201,21208.225,21216.121,21236.512,21241.096,21243.803,21245.947,21250.018,21253.521,21266.975,21284.975,21289.934,21316.465,21339.416,21440.664,21444.926,21446.408,21457.527,21465.525,21469.205,21484.293,21499.08,21503.334,21508.424,21513.205,21521.287,21527.098,21547.141,21556.506,21558.141,21559.779,21568.354,21572.334,21577.158,21577.992,21588.775,21590.24,21595.172,21596.08,21603.281,21613.758,21617.289,21619.012,21620.387,21623.49,21625.117,21629.053,21633.568,21640.781,21645.525,21647.512,21648.947,21649.84,21654.09,21654.793,21657.943,21661.072,21673.611,21677.018,21679.736,21686.199,21692.549,21701.93,21705.984,21708.439,21715.793,21718.668,21726.693,21728.654,21731.545,21748.381,21752.623,21758.07,21760.924,21762.16,21763.613,21764.943,21766.035,21768.646,21772.133,21773.713,21775.898,21776.623,21779.318,21780.258,21781.094,21781.723,21782.721,21793.744,21794.914,21797.738,21801.561,21815.658,21829.668,21836.082,21837.773,21841.484,21851.773,21857.221,21861.801,21867.121,21871.256,21876.953,21880.979,21884.92,21902.377,21918.25,21926.748,21935.459,21943.158,21953.66,21959.381,21962.648,21964.074,21972.561,21980.555,21988.449,21994.406,21999.398,22006.475,22020.865,22033.398,22053.309,22062.957,22076.303,22087.133,22095.736,22099.17,22102.975,22108.289,22114.537,22116.279,22118.486,22130.801,22133.014,22134.816,22135.574,22136.641,22137.65,22143.752,22149.629,22156.65,22162.48,22169.918,22174.16,22175.963,22182.039,22188.535,22192.033,22196.701,22200.676,22202.852,22203.164,22206.723,22212.686,22213.486,22214.338,22214.768,22215.199,22215.969,22217.779,22220.941,22227.891,22232.102,22240.324,22246.754,22250.129,22252.711,22254.764,22261.135,22263.809,22287.27,22295.195,22315.006,22323.279,22326.885,22336.432,22350.646,22355.842,22371.277,22387.584,22391.984,22398.041,22405.549,22413.299,22420.738,22428.795,22437.832,22446.553,22454.682,22463.127,22467.762,22476.232,22485.191,22488.756,22497.439,22513.184,22517.84,22525.875,22538.551,22551.555,22561.834,22575.785,22584.996,22613.521,22670.26,22670.73,22708.525,22718.799,22721.807,22727.273,22742.072,22749.17,22754.676,22757.574,22759.088,22760.982,22762.629,22765.371,22766.469,22769.729,22772.77,22774.297,22775.748,22778.271,22780.213,22781.969,22782.771,22783.467,22809.465,22811.576,22814.6,22816.916,22824.055,22828.164,22835.484,22838.861,22846.111,22867.348,22883.836,22885.139,22889.934,22891.805,22893.164,22894.861,22899.896,22904.707,22908.801,22930.367,22938.402,22939.721,22943.525,22945.32,22947.492,22948.662,22950.334,22959.709,22963.471,22964.51,22966.141,22971.303,22998.967,23000.854,23004.08,23007.023,23008.738,23012.404,23016.758,23021.525,23024.607,23042.264,23046.662,23054.877,23065.1,23071.889,23072.703,23082.893,23083.6,23084.482,23085.424,23086.824,23091.361,23092.811,23093.775,23094.879,23100.697,23101.939,23102.896,23104.414,23119.828,23134.521,23158.029,23169.873,23185.455,23193.002,23203.635,23215.139,23240.016,23245.711,23292.318,23296.605,23302.365,23308.27,23315.904,23321.102,23332.998,23341.506,23409.828,23412.012,23435.029,23452.838,23455.879,23458.906,23466.184,23469.414,23472.871,23481.666,23498.684,23505.033,23509.564,23512.52,23515.186,23518.574,23523.863,23531.936,23536.74,23542.723,23548.838,23554.76,23562.938,23571.529,23580.262,23591.471,23603.104,23616.012,23632.432,23639.625,23644.285,23647.492,23649.926,23662.393,23685.717,23706.115,23709.576,23712.881,23714.947,23717.469,23718.699,23719.354,23720.098,23721.582,23724.859,23727.113,23730.83,23731.871,23732.449,23733.119,23733.746,23736.77,23740.248,23741.039,23743.346,23744.08,23744.92,23746.676,23748.258,23754.311,23757.104,23761.822,23764.865,23767.898,23768.873,23770.461,23771.699,23773.434,23774.891,23787.594,23789.635,23792.93,23795.439,23808.748,23811.662,23815.004,23825.592,23840.717,23866.51,23886.449,23894.988,23907.062,23918.68,23925.182,23931.297,23950.816,23956.588,23966.018,23977.09,23989.131,23995.229,24001.217,24005.047,24009.795,24016.24,24019.264,24022.734,24030.998,24037.076,24043.514,24051.572,24057.781,24061.291,24062.861,24065.219,24069.662,24072.699,24074.277,24075.371,24077.604,24090.281,24101.758,24111.873,24120.299,24130.084,24148.021,24155.084,24163.314,24175.641,24186.047,24193.408,24198.551,24211.619,24222.363,24233.119,24240.146,24262.164,24263.938,24270.561,24272.982,24277.697,24278.957,24280.078,24281.832,24300.219,24308.6,24322.201,24346.719,24353.904,24357.635,24363.031,24382.074,24401.41,24419.162,24441.438,24447.264,24450.746,24455.939,24461.83,24463.066,24464.055,24465.045,24466.441,24467.377,24477.221,24487.529,24495.705,24499.166,24502.842,24509.072,24517.582,24519.246,24523.076,24528.625,24537.736,24546.863,24560.479,24572.646,24578.547,24586.375,24600.283,24626.232,24686.986,24698.361,24703.145,24712.984,24716.541,24723.596,24748.486,24756.768,24786.734,24803.717,24808.43,24819.619,24831.184,24841.719,24852.295,24862.473,24870.225,24877.18,24893.859,24895.77,24898.008,24902.062,24917.055,24923.139,24925.918,24926.326,24929.475,24929.996,24930.523,24931.086,24946.258,24947.445,24948.803,24976.998,24994.484,24998.662,25003.566,25018.346,25028.129,25057.748,25115.455,25123.229,25153.986,25155.357,25156.652,25186.523,25203.832,25213.443,25222.701,25233.238,25235.273,25249.875,25255.979,25270.141,25279.344,25280.516,25281.855,25282.693,25284.369,25285.207,25286.883,25288.895,25289.23,25294.934,25298.793,25305.172,25311.369,25317.752,25349.369,25351.795,25352.664,25359.469,25362.033,25365.998,25392.414,25401.236,25413.523,25414.553,25417.223,25418.328,25426.895,25434.73,25439.156,25441.234,25443.965,25447.52,25449.871,25455.404,25457.102,25462.191,25464.387,25470.736,25484.27,25502.551,25504.615,25507.551,25514.158,25523.965,25527.543,25529.209,25540.059,25541.023,25565.791,25569.854,25574.199,25576.043,25581.41,25588.635,25589.246,25601.314,25603.812,25608.691,25616.324,25619.705,25623.053,25625.051,25627.211,25628.375,25629.719,25634.637,25662.344,25663.715,25665.705,25674.982,25686.934,25692.561,25700.838,25714.578,25722.441,25726.305,25727.561,25728.633,25736.914,25801.434,25802.689,25814.473,25823.43,25831.191,25838.641,25847.715,25855.363,25876.436,25903.375,25905.141,25907.074,25908.604,25909.928,25914.393,25924.633,25929.488,25932.33,25938.564,25943.127,25945.641,25947.637,25965.582,25971.414,25981.369,25984.615,25992.303,25995.275,26000.375,26006.611,26008.898,26012.393,26013.957,26017.416,26019.654,26024.967,26033.648,26034.996,26036.555,26037.479,26038.598,26039.941,26045.328,26046.141,26047.547,26048.58,26049.543,26054.055,26054.672,26055.135,26058.383,26059.988,26062.467,26063.029,26063.311,26078.254,26090.828,26098.256,26108.758,26120.385,26129.928,26138.432,26150.779,26170.9,26189.512,26211.109,26226.531,26237.914,26257.326,26261.414,26264.078,26279.299,26284.945,26286.971,26292.984,26307.207,26327.592,26334.57,26343.684,26349.531,26364.078,26377.148,26409.977,26495.504,26508.902,26521.865,26531.592,26532.512,26533.312,26534.166,26534.842,26537.344,26538.119,26539.037,26539.881,26540.334,26540.939,26541.748,26544.688,26545.721,26547.098,26550.186,26551.648,26553.102,26554.186,26555.982,26562.43,26572.543,26576.078,26585.146,26595.045,26604.334,26608.258,26610.938,26612.35,26612.701,26613.359,26619.803,26623.559,26633.666,26638.209,26638.713,26639.217,26640.059,26650.752,26653.885,26656.48,26658.549,26663.268,26668.08,26669.848,26671.822,26672.832,26679.896,26682.133,26682.936,26685.678,26686.404,26691.391,26693.361,26695.795,26702.695,26709.033,26716.133,26717.279,26720.293,26721.555,26722.523,26731.344,26732.621,26735.461,26736.434,26741.311,26745.734,26746.531,26747.385,26748.361,26749.553,26758.596,26759.76,26760.742,26762.543,26771.605,26786.816,26788.896,26791.385,26795.559,26797.939,26800.385,26809.697,26812.691,26816.086,26818.539,26830.729,26831.359,26832.059,26837.971,26839.912,26846.121,26859.195,26871.297,26891.889,26893.402,26894.637,26897.799,26902.484,26925.074,26929.426,26931.924,26937.242,26956.875,26958.912,26963.467,26965.98,26968.826,26984.92,26988.703,27006.807,27043.205,27049.049,27050.584,27052.693,27056.879,27062.916,27067.279,27071.557,27073.836,27074.125,27075.918,27077.25,27080.928,27083.547,27110.691,27147.857,27196.125,27198.635,27241.404,27242.586,27243.768,27244.611,27245.455,27334.562,27346.043,27359.777,27364.152,27372.312,27391.281,27417.34,27423.477,27429.078,27429.926,27431.281,27436.018,27437.369,27438.551,27439.395,27445.805,27450.018,27460.691,27463.062,27465.465,27466.965,27468.561,27490.861,27512.424,27527.84,27537.58,27552.32,27571.348,27576.311,27596.393,27597.404,27598.354,27600.898,27602.559,27604.137,27612.133,27621.225,27634.301,27638.615,27648.625,27656.842,27660.244,27663.99,27666.66,27668.178,27673.203,27673.549,27676.818,27684.949,27688.111,27688.611,27698.125,27698.961,27701.471,27702.643,27704.986,27706.662,27707.834,27709.008,27711.02,27713.701,27716.08,27722.039,27723.34,27724.217,27727.639,27731.299,27731.607,27732.227,27732.848,27743.02,27750.244,27752.719,27755.684,27763.91,27764.414,27785.408,27789.91,27793.996,27795.859,27797.551,27812.43,27817.967,27823.627,27829.074,27833.102,27834.549,27848.832,27873.258,27900.406,27930.928,27981.773,27983.129,28055.48,28056.662,28057.338,28058.35,28059.193,28060.205,28064.082,28064.924,28066.609,28067.789,28070.314,28073.361,28075.139,28076.84,28078.641,28080.414,28082.049,28085.121,28094.057,28097.078,28100.617,28103.211,28112.596,28115.568,28117.629,28119.855,28121.564,28124.635,28126.508,28130.123,28135.992,28141.701,28144.207,28147.412,28154.727,28155.812,28156.279,28157.217,28175.977,28194.895,28212.195,28218.203,28227.15,28238.264,28245.539,28254.123,28270.93,28275.092,28290.127,28297.881,28306.061,28311.533,28317.885,28327.197,28335.09,28341.936,28348.072,28353.756,28359.086,28364.777,28369.457,28378.977,28380.125,28383.145,28389.264,28396.242,28408.906,28426.812,28434.982,28436.912,28439.914,28454.926,28457.16,28459.59,28461.271,28469.578,28472.098,28473.631,28474.494,28475.35,28494.602,28496.203,28499.723,28503.469,28517.268,28522.277,28538.486,28559.467,28575.15,28576.758,28577.391,28578.484,28579.121,28580.133,28580.375,28580.932,28588.75,28596.441,28605.152,28616.191,28631.439,28648.236,28663.047,28670.385,28673.676,28674.947,28676.828,28677.375,28678.9,28679.832,28689.523,28706.533,28745.572,28765.514,28775.387,28779.557,28788.004,28804.258,28810.629,28820.262,28849.262,28882.402,28926.783,28932.215,28934.521,28935.455,28941.572,28942.223,28942.973,28957.812,28959.197,28965.904,28972.5,28973.725,28982.045,29001.486,29007.672,29010.836,29017.199,29018.988,29020.654,29021.822,29024.66,29027.668,29030.344,29034.193,29040.225,29048.826,29053.531,29055.477,29056.518,29057.904,29060.115,29067.277,29068.232,29069.283,29069.887,29070.744,29085.242,29086.736,29087.734,29089.332,29091.098,29092.602,29097.812,29098.945,29100.158,29100.85,29101.957,29105.062,29108.447,29111.828,29112.938,29134.377,29135.723,29137.057,29138.469,29141.979,29145.484,29147.23,29154.963,29163.709,29179.291,29190.547,29220.641,29230.281,29241.688,29253.746,29258.404,29273.977,29280.914,29303.258,29310.855,29312.344,29314.279,29317.145,29352.686,29360.197,29366.223,29377.484,29391.977,29408.506,29419.779,29432.941,29437.012,29448.895,29453.979,29480.246,29484.145,29486.059,29486.84,29507.186,29543.646,29556.197,29563.75,29565.939,29568.807,29569.756,29603.02,29641.051,29669.512,29676.004,29710.088,29723.32,29725.766,29729.014,29746.273,29753.115,29760.926,29769.652,29775.111,29779.344,29785.092,29792.846,29797.318,29798.227,29801.752,29805.5,29809.58,29816.965,29833.006,29835.002,29836.686,29837.516,29839.162,29842.123,29844.246,29854.143,29863.58,29875.439,29878.004,29880.328,29882.992,29892.912,29894.689,29905.646,29907.82,29918.934,29931.902,29933.871,29935.117,29939.477,29947.012,29949.021,29950.416,29951.592,29952.736,29955.541,29958.16,29961.574,29963.881,29966.178,29969.191,29973.629,29975.973,29981.773,29992.084,30023.605,30027.713,30032.6,30035.453,30039.439,30045.77,30048.008,30048.951,30059.934,30068.881,30072.953,30079.209,30081.307,30082.92,30095.842,30098.65,30102.674,30106.395,30122.834,30131.455,30142.098,30164.822,30176.945,30182.992,30215.146,30225.604,30236.682,30250.352,30251.357,30258.561,30259.332,30299.402,30313.299,30314.611,30336.898,30387.707,30405.113,30407.58,30410.203,30415.268,30417.928,30426.967,30428.361,30430.852,30434.572,30444.898,30448.633,30451.441,30454.371,30457.125,30462.539,30466.738,30468.369,30470.07,30474.193,30476.484,30477.381,30478.92,30479.951,30491.52,30508.891,30509.145,30509.902,30511.23,30512.014,30512.977,30514.082,30514.52,30515.129,30516.709,30518.402,30530.453,30539.287,30550.078,30550.939,30554,30556.666,30560.84,30566.43,30571.83,30576.959,30580.109,30580.928,30583.414,30584.908,30585.973,30596.264,30597.555,30598.771,30599.689,30613.49,30615.078,30616.395,30621.643,30627.414,30629.082,30630.461,30632.211,30634.668,30636.357,30637.844,30639.533,30641.197,30644.398,30645.328,30652.725,30653.832,30659.463,30665.621,30675.088,30680.035,30681.447,30694.715,30695.109,30696.162,30700.195,30701.609,30703.945,30706.6,30708.217,30729.896,30730.641,30731.75,30732.67,30733.586,30734.316,30737.754,30740.426,30742.537,30747.201,30749.875,30750.586,30751.859,30768.732,30769.229,30769.986,30771.066,30773.246,30778.701,30789.842,30791.146,30791.361,30792.006,30795.568]
      },
      "geometry": {
        "type": "LineString",
        "coordinates": [
          [11.575539, 48.137389, 516.0],
          [11.575554, 48.137418, 516.0],
          [11.576015, 48.137317, 516.0],
          [11.576391, 48.137235, 515.0],
          [11.576298, 48.137118, 515.0],
          [11.576235, 48.137058, 515.0],
          [11.576468, 48.136996, 515.0],
          [11.576605, 48.136948, 515.0],
          [11.576734, 48.136886, 514.75],
          [11.576801, 48.136836, 514.5],
          [11.577114, 48.136651, 513.25],
          [11.577147, 48.136628, 513.25],
          [11.577196, 48.136594, 513.0],
          [11.577261, 48.136545, 513.0],
          [11.577449, 48.136443, 513.0],
          [11.577601, 48.136384, 512.5],
          [11.577946, 48.136264, 512.0],
          [11.578227, 48.136202, 512.0],
          [11.578571, 48.136133, 512.0],
          [11.579076, 48.136060, 512.0],
          [11.579197, 48.136035, 512.0],
          [11.579517, 48.135958, 512.0],
          [11.579804, 48.135882, 512.0],
          [11.580202, 48.135775, 512.0],
          [11.580531, 48.135663, 512.0],
          [11.581291, 48.135405, 512.0],
          [11.581352, 48.135384, 512.0],
          [11.581391, 48.135314, 512.0],
          [11.581442, 48.135200, 512.25],
          [11.581484, 48.135052, 512.75],
          [11.581456, 48.134974, 513.0],
          [11.581492, 48.134898, 513.25],
          [11.581491, 48.134847, 513.5],
          [11.581597, 48.134807, 513.5],
          [11.581784, 48.134722, 514.0],
          [11.581871, 48.134680, 514.0],
          [11.582057, 48.134607, 514.0],
          [11.582119, 48.134563, 514.0],
          [11.582171, 48.134515, 514.0],
          [11.582227, 48.134449, 514.0],
          [11.582288, 48.134358, 514.0],
          [11.582436, 48.134163, 514.0],
          [11.582617, 48.133947, 514.0],
          [11.582663, 48.133889, 514.0],
          [11.582684, 48.133867, 514.0],
          [11.582694, 48.133855, 514.0],
          [11.582696, 48.133852, 514.0],
          [11.582704, 48.133843, 514.0],
          [11.582729, 48.133816, 514.0],
          [11.582885, 48.133598, 514.0],
          [11.583169, 48.133176, 514.0],
          [11.583271, 48.133048, 514.0],
          [11.583437, 48.132997, 514.0],
          [11.583608, 48.132887, 514.0],
          [11.583903, 48.132740, 514.0],
          [11.584653, 48.132366, 515.0],
          [11.584707, 48.132342, 515.0],
          [11.584850, 48.132287, 515.25],
          [11.584961, 48.132216, 515.75],
          [11.585141, 48.132114, 514.25],
          [11.585679, 48.131878, 515.0],
          [11.585762, 48.131840, 515.5],
          [11.585845, 48.131808, 516.0],
          [11.586163, 48.131714, 516.0],
          [11.586350, 48.131672, 516.0],
          [11.586507, 48.131640, 513.75],
          [11.587381, 48.131466, 511.0],
          [11.587614, 48.131430, 513.5],
          [11.587809, 48.131425, 515.0],
          [11.587950, 48.131436, 515.0],
          [11.588140, 48.131448, 515.0],
          [11.589005, 48.131543, 517.5],
          [11.589423, 48.131578, 519.75],
          [11.589482, 48.131576, 520.0],
          [11.589535, 48.131557, 520.0],
          [11.589567, 48.131559, 520.0],
          [11.589594, 48.131549, 520.0],
          [11.589972, 48.131258, 522.25],
          [11.590097, 48.131160, 522.75],
          [11.590215, 48.131073, 523.0],
          [11.590458, 48.130894, 524.25],
          [11.591197, 48.130350, 527.5],
          [11.591316, 48.130262, 528.0],
          [11.591462, 48.130158, 528.0],
          [11.591741, 48.129971, 528.0],
          [11.592164, 48.129686, 528.0],
          [11.592381, 48.129540, 528.0],
          [11.592609, 48.129391, 528.0],
          [11.593145, 48.129033, 528.0],
          [11.593204, 48.128946, 528.0],
          [11.593685, 48.128574, 528.0],
          [11.593758, 48.128511, 528.0],
          [11.593826, 48.128477, 528.0],
          [11.593862, 48.128459, 528.0],
          [11.593927, 48.128427, 527.75],
          [11.594135, 48.128311, 528.0],
          [11.594330, 48.128215, 528.0],
          [11.594352, 48.128203, 528.0],
          [11.594328, 48.128140, 528.0],
          [11.594239, 48.128100, 528.0],
          [11.594244, 48.128078, 528.0],
          [11.594523, 48.127523, 528.0],
          [11.594953, 48.126664, 529.0],
          [11.594959, 48.126587, 529.0],
          [11.595133, 48.126199, 529.0],
          [11.595180, 48.126133, 529.0],
          [11.595912, 48.125085, 529.0],
          [11.596134, 48.124793, 529.0],
          [11.596211, 48.124683, 529.0],
          [11.596515, 48.124288, 529.0],
          [11.596811, 48.123903, 529.0],
          [11.596876, 48.123840, 529.0],
          [11.597003, 48.123715, 528.75],
          [11.597184, 48.123537, 527.75],
          [11.597559, 48.123170, 526.75],
          [11.597615, 48.123118, 526.75],
          [11.597900, 48.122824, 526.75],
          [11.598068, 48.122615, 527.75],
          [11.598081, 48.122555, 528.25],
          [11.598186, 48.122404, 528.25],
          [11.598217, 48.122376, 528.25],
          [11.598249, 48.122328, 528.0],
          [11.598543, 48.121852, 529.25],
          [11.598806, 48.121495, 530.0],
          [11.598880, 48.121375, 530.0],
          [11.598926, 48.121302, 530.0],
          [11.599022, 48.121150, 530.25],
          [11.599572, 48.120242, 531.0],
          [11.599623, 48.120156, 531.0],
          [11.599871, 48.119770, 531.25],
          [11.599917, 48.119695, 531.25],
          [11.599933, 48.119646, 531.0],
          [11.599920, 48.119610, 531.0],
          [11.599972, 48.119504, 531.0],
          [11.600026, 48.119409, 531.0],
          [11.600068, 48.119331, 531.25],
          [11.600177, 48.119124, 531.25],
          [11.600208, 48.119064, 531.5],
          [11.600417, 48.118670, 532.0],
          [11.600448, 48.118612, 532.0],
          [11.600486, 48.118538, 532.0],
          [11.600890, 48.117768, 532.0],
          [11.601029, 48.117512, 532.25],
          [11.601064, 48.117446, 532.0],
          [11.601223, 48.117141, 532.25],
          [11.601315, 48.116965, 532.75],
          [11.601425, 48.116757, 533.0],
          [11.601621, 48.116375, 533.0],
          [11.601645, 48.116328, 533.0],
          [11.601780, 48.116068, 533.0],
          [11.601869, 48.115896, 533.0],
          [11.601901, 48.115807, 533.0],
          [11.601893, 48.115781, 533.0],
          [11.601920, 48.115716, 533.0],
          [11.601935, 48.115682, 533.0],
          [11.601943, 48.115663, 533.0],
          [11.601961, 48.115616, 533.0],
          [11.602004, 48.115512, 533.0],
          [11.602049, 48.115505, 533.0],
          [11.602211, 48.115583, 533.0],
          [11.602397, 48.115665, 533.0],
          [11.602413, 48.115448, 533.25],
          [11.602719, 48.115433, 533.25],
          [11.603150, 48.115404, 534.0],
          [11.604450, 48.115318, 534.75],
          [11.604767, 48.115303, 534.75],
          [11.605930, 48.115303, 535.25],
          [11.607016, 48.115319, 536.0],
          [11.607136, 48.115321, 536.0],
          [11.608034, 48.115336, 536.0],
          [11.609089, 48.115345, 536.0],
          [11.609872, 48.115359, 536.0],
          [11.610231, 48.115357, 536.0],
          [11.610510, 48.115358, 536.0],
          [11.610675, 48.115358, 536.25],
          [11.611443, 48.115360, 536.5],
          [11.611599, 48.115360, 536.5],
          [11.611674, 48.115360, 536.5],
          [11.611843, 48.115361, 536.5],
          [11.612094, 48.115362, 536.5],
          [11.612335, 48.115364, 536.5],
          [11.612455, 48.115364, 536.25],
          [11.612835, 48.115366, 537.0],
          [11.612966, 48.115374, 537.0],
          [11.612997, 48.115282, 537.0],
          [11.613076, 48.115057, 537.0],
          [11.613060, 48.114968, 537.0],
          [11.613054, 48.114903, 536.75],
          [11.613075, 48.114779, 537.0],
          [11.613089, 48.114709, 537.0],
          [11.613147, 48.114643, 537.0],
          [11.613236, 48.114221, 537.0],
          [11.613238, 48.114132, 536.75],
          [11.613256, 48.114052, 536.5],
          [11.613306, 48.113840, 536.25],
          [11.613443, 48.113307, 536.5],
          [11.613627, 48.112776, 536.0],
          [11.613777, 48.112426, 536.25],
          [11.614160, 48.111640, 536.0],
          [11.614157, 48.111586, 536.0],
          [11.614213, 48.111517, 536.0],
          [11.614330, 48.111375, 535.75],
          [11.614374, 48.111321, 535.75],
          [11.614431, 48.111359, 535.75],
          [11.614494, 48.111403, 535.75],
          [11.614568, 48.111453, 535.75],
          [11.615145, 48.111888, 535.0],
          [11.615218, 48.111949, 535.0],
          [11.615272, 48.111994, 535.0],
          [11.615466, 48.112163, 535.0],
          [11.615555, 48.112182, 535.0],
          [11.615672, 48.112209, 535.0],
          [11.615730, 48.112326, 535.0],
          [11.616207, 48.112811, 534.0],
          [11.616265, 48.112845, 534.0],
          [11.616320, 48.112861, 534.0],
          [11.616397, 48.112858, 534.0],
          [11.616469, 48.112837, 534.0],
          [11.616523, 48.112808, 534.0],
          [11.616587, 48.112775, 534.0],
          [11.616709, 48.112684, 534.25],
          [11.616905, 48.112530, 534.0],
          [11.617283, 48.112181, 534.0],
          [11.617359, 48.112091, 534.0],
          [11.617428, 48.111991, 534.0],
          [11.617450, 48.111955, 534.0],
          [11.617455, 48.111945, 534.0],
          [11.617539, 48.111749, 534.0],
          [11.617558, 48.111628, 534.0],
          [11.617652, 48.111437, 534.0],
          [11.617669, 48.111402, 534.0],
          [11.617713, 48.111341, 534.0],
          [11.617817, 48.111051, 534.0],
          [11.617918, 48.110771, 534.0],
          [11.618103, 48.110256, 534.0],
          [11.618124, 48.110199, 534.0],
          [11.618348, 48.109616, 535.0],
          [11.618369, 48.109563, 535.0],
          [11.618464, 48.109316, 535.0],
          [11.618627, 48.108894, 535.0],
          [11.618661, 48.108812, 535.25],
          [11.618717, 48.108673, 535.75],
          [11.618742, 48.108609, 536.0],
          [11.618775, 48.108528, 536.0],
          [11.618882, 48.108287, 536.0],
          [11.618905, 48.108236, 536.0],
          [11.619020, 48.108041, 536.0],
          [11.619147, 48.107878, 536.0],
          [11.619323, 48.107692, 536.0],
          [11.619488, 48.107538, 535.75],
          [11.619748, 48.107314, 536.0],
          [11.620093, 48.107032, 536.0],
          [11.620127, 48.107006, 536.0],
          [11.620688, 48.106569, 536.75],
          [11.620918, 48.106403, 536.0],
          [11.620981, 48.106357, 536.0],
          [11.621072, 48.106291, 536.25],
          [11.622055, 48.105563, 536.5],
          [11.623124, 48.104807, 537.5],
          [11.623381, 48.104629, 537.25],
          [11.623480, 48.104560, 537.25],
          [11.623653, 48.104434, 537.0],
          [11.623712, 48.104390, 537.0],
          [11.624105, 48.104110, 538.0],
          [11.624174, 48.104060, 538.0],
          [11.624228, 48.104021, 538.0],
          [11.624287, 48.103974, 538.0],
          [11.624511, 48.103797, 538.0],
          [11.624660, 48.103682, 538.0],
          [11.624771, 48.103584, 538.0],
          [11.624840, 48.103523, 538.0],
          [11.625443, 48.103036, 538.0],
          [11.625639, 48.102893, 538.25],
          [11.625755, 48.102804, 538.25],
          [11.625807, 48.102765, 538.0],
          [11.625931, 48.102685, 538.0],
          [11.625982, 48.102652, 538.0],
          [11.626239, 48.102458, 538.0],
          [11.626340, 48.102382, 538.0],
          [11.626549, 48.102241, 538.0],
          [11.626943, 48.101967, 538.0],
          [11.627138, 48.101861, 538.0],
          [11.627332, 48.101763, 538.0],
          [11.627655, 48.101599, 538.0],
          [11.627960, 48.101457, 538.25],
          [11.628349, 48.101304, 538.0],
          [11.628572, 48.101252, 538.0],
          [11.629008, 48.101150, 538.0],
          [11.629410, 48.101057, 538.0],
          [11.629581, 48.101017, 538.25],
          [11.629647, 48.101002, 538.25],
          [11.630169, 48.100847, 538.75],
          [11.630211, 48.100832, 538.75],
          [11.630247, 48.100811, 538.75],
          [11.630272, 48.100768, 538.75],
          [11.630279, 48.100735, 538.5],
          [11.630267, 48.100548, 538.0],
          [11.630255, 48.100383, 538.0],
          [11.630244, 48.100208, 538.25],
          [11.630237, 48.100010, 538.75],
          [11.630240, 48.099999, 539.0],
          [11.630253, 48.099965, 539.0],
          [11.630341, 48.099867, 539.0],
          [11.630372, 48.099853, 539.0],
          [11.630503, 48.099820, 539.0],
          [11.630808, 48.099745, 539.0],
          [11.630881, 48.099730, 539.0],
          [11.630940, 48.099718, 539.0],
          [11.630988, 48.099708, 539.0],
          [11.631002, 48.099633, 539.0],
          [11.631025, 48.099533, 539.0],
          [11.631059, 48.099389, 539.0],
          [11.631130, 48.099083, 539.0],
          [11.631141, 48.099036, 539.0],
          [11.631175, 48.098888, 539.0],
          [11.631219, 48.098698, 539.0],
          [11.631322, 48.098256, 539.0],
          [11.631340, 48.098179, 539.0],
          [11.631526, 48.097711, 539.0],
          [11.631635, 48.097411, 539.0],
          [11.631786, 48.096994, 539.75],
          [11.632007, 48.096518, 540.0],
          [11.632140, 48.096233, 540.0],
          [11.632168, 48.096173, 540.0],
          [11.632289, 48.095984, 540.0],
          [11.632339, 48.095910, 540.0],
          [11.632516, 48.095650, 540.0],
          [11.632618, 48.095500, 540.0],
          [11.632827, 48.095193, 540.25],
          [11.632932, 48.095195, 540.5],
          [11.632997, 48.095194, 540.75],
          [11.633061, 48.095193, 541.0],
          [11.633544, 48.095133, 541.0],
          [11.635447, 48.094831, 541.0],
          [11.635740, 48.094782, 541.0],
          [11.635857, 48.094762, 541.0],
          [11.636005, 48.094738, 541.0],
          [11.636438, 48.094648, 541.0],
          [11.636542, 48.094625, 541.0],
          [11.636625, 48.094606, 541.0],
          [11.637061, 48.094504, 541.0],
          [11.637240, 48.094462, 541.0],
          [11.637551, 48.094384, 541.0],
          [11.637631, 48.094342, 541.0],
          [11.637648, 48.094318, 541.0],
          [11.637805, 48.094361, 541.0],
          [11.638359, 48.094215, 542.0],
          [11.638424, 48.094051, 541.25],
          [11.638579, 48.094050, 541.0],
          [11.639069, 48.093967, 540.25],
          [11.639263, 48.093904, 540.25],
          [11.639395, 48.093829, 540.75],
          [11.639453, 48.093762, 541.25],
          [11.639430, 48.093676, 541.5],
          [11.639310, 48.093306, 541.5],
          [11.639146, 48.093033, 542.0],
          [11.639050, 48.092961, 542.25],
          [11.639123, 48.092621, 541.5],
          [11.638981, 48.092371, 541.5],
          [11.639015, 48.092052, 541.75],
          [11.638880, 48.091800, 542.0],
          [11.638741, 48.091530, 542.0],
          [11.638822, 48.091378, 542.0],
          [11.638757, 48.091244, 542.0],
          [11.638745, 48.091217, 542.0],
          [11.638696, 48.091114, 542.0],
          [11.638670, 48.091059, 542.0],
          [11.638656, 48.090979, 542.0],
          [11.638667, 48.090895, 542.0],
          [11.638712, 48.090806, 542.0],
          [11.638714, 48.090695, 542.0],
          [11.638658, 48.090567, 542.0],
          [11.638646, 48.090529, 542.0],
          [11.638629, 48.090496, 542.0],
          [11.638493, 48.090228, 543.0],
          [11.638470, 48.090182, 543.0],
          [11.638422, 48.090088, 543.0],
          [11.638559, 48.090055, 543.0],
          [11.638812, 48.089996, 543.0],
          [11.638862, 48.089984, 543.0],
          [11.639753, 48.089775, 543.0],
          [11.639922, 48.089736, 543.0],
          [11.639982, 48.089722, 543.0],
          [11.640049, 48.089706, 543.0],
          [11.640261, 48.089656, 543.0],
          [11.640223, 48.089547, 543.0],
          [11.640197, 48.089396, 543.0],
          [11.640193, 48.089314, 543.0],
          [11.640208, 48.089203, 543.0],
          [11.640238, 48.089118, 543.0],
          [11.640378, 48.088909, 543.0],
          [11.640431, 48.088834, 543.0],
          [11.640438, 48.088824, 543.0],
          [11.640479, 48.088768, 543.0],
          [11.640693, 48.088469, 543.25],
          [11.640836, 48.088273, 543.0],
          [11.641297, 48.087642, 544.0],
          [11.641362, 48.087552, 544.0],
          [11.641420, 48.087473, 544.0],
          [11.641478, 48.087393, 544.0],
          [11.641490, 48.087376, 544.0],
          [11.641543, 48.087304, 544.0],
          [11.641915, 48.086795, 544.0],
          [11.642026, 48.086683, 544.0],
          [11.642133, 48.086603, 544.0],
          [11.642362, 48.086511, 544.25],
          [11.642587, 48.086454, 544.0],
          [11.643169, 48.086315, 544.0],
          [11.643340, 48.086282, 544.0],
          [11.643525, 48.086256, 544.0],
          [11.644056, 48.086252, 544.0],
          [11.644155, 48.086221, 544.0],
          [11.644927, 48.086229, 544.0],
          [11.645031, 48.086260, 544.0],
          [11.645114, 48.086259, 544.0],
          [11.645200, 48.086266, 544.0],
          [11.645310, 48.086296, 544.0],
          [11.645425, 48.086347, 544.0],
          [11.645484, 48.086288, 544.0],
          [11.645521, 48.086291, 544.0],
          [11.645568, 48.086285, 544.0],
          [11.646894, 48.085098, 545.0],
          [11.648116, 48.084040, 545.0],
          [11.648514, 48.083703, 546.0],
          [11.648675, 48.083557, 546.0],
          [11.648877, 48.083347, 546.0],
          [11.648933, 48.083255, 546.0],
          [11.649232, 48.082672, 546.0],
          [11.649796, 48.081547, 546.25],
          [11.649827, 48.081385, 547.0],
          [11.649875, 48.081238, 547.0],
          [11.649938, 48.081122, 546.75],
          [11.649954, 48.081095, 547.0],
          [11.650028, 48.080978, 547.75],
          [11.650121, 48.080883, 547.75],
          [11.651062, 48.079057, 547.5],
          [11.651084, 48.079014, 547.25],
          [11.651223, 48.078748, 547.0],
          [11.651330, 48.078541, 547.0],
          [11.651341, 48.078478, 547.0],
          [11.651365, 48.078322, 547.0],
          [11.651392, 48.078253, 546.75],
          [11.651465, 48.078063, 546.5],
          [11.651456, 48.077992, 546.5],
          [11.651490, 48.077918, 546.0],
          [11.651533, 48.077822, 545.5],
          [11.651575, 48.077758, 545.25],
          [11.651518, 48.077740, 545.5],
          [11.651433, 48.077693, 546.0],
          [11.651378, 48.077624, 546.5],
          [11.651363, 48.077535, 546.75],
          [11.651409, 48.077415, 546.75],
          [11.651480, 48.077280, 547.25],
          [11.651516, 48.077165, 548.0],
          [11.651521, 48.077057, 548.25],
          [11.651596, 48.076906, 548.5],
          [11.651675, 48.076801, 549.0],
          [11.651767, 48.076711, 549.25],
          [11.651964, 48.076603, 550.0],
          [11.652235, 48.076471, 550.0],
          [11.652267, 48.076454, 550.0],
          [11.652314, 48.076430, 550.0],
          [11.652375, 48.076349, 549.75],
          [11.652425, 48.076258, 549.75],
          [11.652459, 48.076140, 549.75],
          [11.652475, 48.075951, 549.75],
          [11.652489, 48.075880, 549.75],
          [11.652549, 48.075813, 550.0],
          [11.652625, 48.075748, 550.0],
          [11.652706, 48.075696, 550.25],
          [11.652839, 48.075593, 550.5],
          [11.652987, 48.075489, 549.75],
          [11.653039, 48.075427, 549.5],
          [11.653091, 48.075356, 549.25],
          [11.653111, 48.075331, 549.0],
          [11.653144, 48.075303, 549.0],
          [11.653194, 48.075268, 549.0],
          [11.653252, 48.075224, 549.0],
          [11.653293, 48.075179, 549.0],
          [11.653173, 48.075133, 549.0],
          [11.653071, 48.075095, 549.0],
          [11.653145, 48.075021, 549.0],
          [11.653184, 48.074970, 549.0],
          [11.653276, 48.074788, 549.0],
          [11.653393, 48.074556, 549.5],
          [11.653448, 48.074460, 549.75],
          [11.653597, 48.074174, 549.75],
          [11.653641, 48.074118, 550.0],
          [11.653678, 48.074069, 550.0],
          [11.653741, 48.074006, 550.0],
          [11.653769, 48.073971, 550.0],
          [11.653859, 48.073856, 550.0],
          [11.653934, 48.073765, 550.0],
          [11.654039, 48.073639, 550.0],
          [11.654181, 48.073457, 550.0],
          [11.654681, 48.072856, 550.75],
          [11.654716, 48.072814, 550.75],
          [11.654742, 48.072782, 550.75],
          [11.655129, 48.072307, 551.0],
          [11.655700, 48.071604, 551.5],
          [11.655775, 48.071512, 551.5],
          [11.655857, 48.071410, 551.75],
          [11.655929, 48.071307, 552.0],
          [11.655988, 48.071213, 552.25],
          [11.656084, 48.071046, 552.25],
          [11.656126, 48.070992, 552.25],
          [11.656214, 48.070879, 552.5],
          [11.656250, 48.070817, 552.5],
          [11.656537, 48.070430, 552.25],
          [11.656785, 48.070093, 552.75],
          [11.656880, 48.070040, 552.75],
          [11.657016, 48.069881, 553.0],
          [11.657274, 48.069577, 553.0],
          [11.657307, 48.069538, 553.0],
          [11.657335, 48.069505, 553.0],
          [11.657596, 48.069196, 553.0],
          [11.657919, 48.068808, 553.25],
          [11.657948, 48.068774, 553.25],
          [11.657979, 48.068738, 553.5],
          [11.658050, 48.068657, 553.75],
          [11.658242, 48.068438, 553.5],
          [11.658350, 48.068314, 554.0],
          [11.658547, 48.068090, 554.0],
          [11.658577, 48.068041, 554.0],
          [11.658598, 48.068001, 554.0],
          [11.658683, 48.067900, 554.25],
          [11.659004, 48.067484, 554.0],
          [11.659054, 48.067416, 554.0],
          [11.659100, 48.067353, 554.25],
          [11.659162, 48.067270, 554.75],
          [11.659215, 48.067202, 554.75],
          [11.659374, 48.066997, 554.75],
          [11.659487, 48.066850, 554.5],
          [11.659520, 48.066807, 554.5],
          [11.659558, 48.066756, 554.5],
          [11.660234, 48.065879, 555.0],
          [11.660328, 48.065756, 555.0],
          [11.660521, 48.065492, 555.0],
          [11.660608, 48.065368, 555.0],
          [11.660632, 48.065331, 555.0],
          [11.660657, 48.065276, 555.0],
          [11.660650, 48.065254, 555.0],
          [11.660614, 48.065221, 555.0],
          [11.660632, 48.065196, 555.0],
          [11.660679, 48.065131, 555.0],
          [11.660732, 48.065057, 555.0],
          [11.660749, 48.065032, 555.0],
          [11.660799, 48.065032, 555.0],
          [11.660833, 48.065024, 555.0],
          [11.660860, 48.065005, 555.0],
          [11.661039, 48.064759, 555.0],
          [11.661069, 48.064718, 555.0],
          [11.661087, 48.064695, 555.0],
          [11.661125, 48.064646, 555.0],
          [11.661254, 48.064481, 555.25],
          [11.661312, 48.064406, 555.75],
          [11.661387, 48.064307, 555.75],
          [11.661557, 48.064085, 556.0],
          [11.661612, 48.064011, 556.0],
          [11.661681, 48.063922, 556.0],
          [11.661717, 48.063874, 556.0],
          [11.661774, 48.063799, 556.0],
          [11.661897, 48.063681, 556.0],
          [11.661981, 48.063554, 556.0],
          [11.662019, 48.063466, 556.0],
          [11.662059, 48.063423, 556.0],
          [11.662087, 48.063391, 556.0],
          [11.662313, 48.063094, 555.75],
          [11.662334, 48.063066, 555.75],
          [11.662366, 48.063025, 556.0],
          [11.662382, 48.062986, 556.0],
          [11.662560, 48.062744, 557.0],
          [11.662575, 48.062723, 557.0],
          [11.662767, 48.062463, 557.0],
          [11.662851, 48.062350, 557.0],
          [11.662939, 48.062230, 557.0],
          [11.662961, 48.062200, 557.0],
          [11.663067, 48.062057, 557.0],
          [11.663180, 48.061903, 557.0],
          [11.663186, 48.061895, 557.0],
          [11.663283, 48.061763, 557.5],
          [11.663303, 48.061737, 557.5],
          [11.663341, 48.061684, 557.75],
          [11.663474, 48.061504, 557.75],
          [11.663579, 48.061362, 557.75],
          [11.663588, 48.061324, 557.75],
          [11.663614, 48.061286, 558.0],
          [11.663649, 48.061237, 558.0],
          [11.663720, 48.061135, 558.0],
          [11.663835, 48.060977, 558.0],
          [11.664108, 48.060588, 558.0],
          [11.664169, 48.060563, 558.0],
          [11.664197, 48.060528, 558.0],
          [11.664243, 48.060412, 558.0],
          [11.664412, 48.060162, 558.25],
          [11.664589, 48.059913, 559.0],
          [11.664673, 48.059795, 559.0],
          [11.664720, 48.059734, 559.0],
          [11.664812, 48.059644, 559.0],
          [11.664843, 48.059569, 559.0],
          [11.664930, 48.059456, 559.0],
          [11.664988, 48.059378, 559.0],
          [11.665069, 48.059282, 559.0],
          [11.665106, 48.059232, 559.0],
          [11.665293, 48.058946, 559.75],
          [11.665321, 48.058906, 559.75],
          [11.665363, 48.058842, 559.5],
          [11.665452, 48.058712, 559.75],
          [11.665572, 48.058539, 560.0],
          [11.665617, 48.058501, 560.0],
          [11.665671, 48.058459, 560.0],
          [11.665774, 48.058327, 560.0],
          [11.665972, 48.058039, 560.0],
          [11.666174, 48.057750, 560.0],
          [11.666359, 48.057458, 560.0],
          [11.666446, 48.057336, 560.0],
          [11.666602, 48.057144, 560.0],
          [11.666723, 48.056972, 560.75],
          [11.666750, 48.056931, 561.0],
          [11.666824, 48.056824, 561.0],
          [11.667043, 48.056506, 561.0],
          [11.667084, 48.056450, 561.0],
          [11.667106, 48.056389, 561.0],
          [11.667128, 48.056350, 561.0],
          [11.667159, 48.056310, 561.0],
          [11.667222, 48.056270, 561.0],
          [11.667308, 48.056140, 561.0],
          [11.667462, 48.055904, 561.0],
          [11.667546, 48.055777, 561.0],
          [11.667590, 48.055709, 561.0],
          [11.667674, 48.055581, 561.5],
          [11.667916, 48.055218, 562.0],
          [11.668008, 48.055078, 562.0],
          [11.668138, 48.054882, 562.0],
          [11.668175, 48.054808, 562.0],
          [11.668168, 48.054780, 562.0],
          [11.668176, 48.054746, 562.0],
          [11.668242, 48.054646, 562.0],
          [11.668296, 48.054569, 562.0],
          [11.668389, 48.054503, 561.75],
          [11.668670, 48.054080, 562.75],
          [11.668874, 48.053755, 562.75],
          [11.668991, 48.053559, 562.75],
          [11.669094, 48.053386, 562.75],
          [11.669202, 48.053206, 563.25],
          [11.669245, 48.053134, 563.5],
          [11.669314, 48.053021, 563.25],
          [11.669420, 48.052841, 563.5],
          [11.669532, 48.052657, 564.0],
          [11.669655, 48.052440, 563.75],
          [11.669827, 48.052155, 564.0],
          [11.669842, 48.052131, 564.0],
          [11.669862, 48.052098, 564.0],
          [11.670193, 48.051545, 564.25],
          [11.670349, 48.051278, 564.75],
          [11.670366, 48.051214, 564.75],
          [11.670305, 48.051134, 564.75],
          [11.670292, 48.051093, 564.75],
          [11.670304, 48.051040, 564.75],
          [11.670332, 48.050990, 564.5],
          [11.670378, 48.050946, 564.5],
          [11.670443, 48.050915, 564.5],
          [11.670551, 48.050889, 564.75],
          [11.670589, 48.050838, 564.75],
          [11.670933, 48.050253, 565.0],
          [11.670959, 48.050209, 565.0],
          [11.670992, 48.050145, 565.0],
          [11.671460, 48.049243, 565.25],
          [11.671762, 48.048630, 565.25],
          [11.671953, 48.048277, 566.0],
          [11.672411, 48.047270, 566.5],
          [11.672624, 48.046784, 566.5],
          [11.672747, 48.046440, 566.75],
          [11.672889, 48.046143, 566.75],
          [11.673016, 48.045843, 567.5],
          [11.673024, 48.045757, 567.75],
          [11.672996, 48.045683, 567.5],
          [11.672878, 48.045541, 567.25],
          [11.672922, 48.045529, 567.5],
          [11.672961, 48.045518, 567.5],
          [11.673003, 48.045512, 567.75],
          [11.673119, 48.045521, 568.0],
          [11.673131, 48.045491, 568.0],
          [11.673154, 48.045438, 568.0],
          [11.673190, 48.045356, 568.0],
          [11.673202, 48.045328, 568.0],
          [11.673209, 48.045310, 567.75],
          [11.673204, 48.045291, 568.0],
          [11.673197, 48.045266, 567.75],
          [11.673183, 48.045237, 567.75],
          [11.673186, 48.045194, 567.75],
          [11.673298, 48.045134, 567.75],
          [11.673365, 48.045074, 568.0],
          [11.673946, 48.044323, 568.5],
          [11.674254, 48.043988, 568.5],
          [11.674412, 48.043804, 568.5],
          [11.674416, 48.043723, 568.25],
          [11.674496, 48.043709, 568.25],
          [11.674579, 48.043677, 568.5],
          [11.674676, 48.043608, 568.75],
          [11.676038, 48.042490, 569.5],
          [11.676369, 48.042203, 569.75],
          [11.676422, 48.042159, 569.75],
          [11.676654, 48.041967, 569.75],
          [11.676832, 48.041820, 569.0],
          [11.677122, 48.041580, 569.25],
          [11.677174, 48.041534, 569.25],
          [11.677734, 48.041088, 570.75],
          [11.677827, 48.041014, 570.0],
          [11.677954, 48.041015, 568.75],
          [11.678091, 48.040956, 568.5],
          [11.678866, 48.040369, 567.75],
          [11.679272, 48.040091, 567.5],
          [11.679763, 48.039796, 566.25],
          [11.680218, 48.039438, 566.0],
          [11.680376, 48.039257, 567.75],
          [11.680700, 48.038968, 568.25],
          [11.681025, 48.038692, 569.0],
          [11.681779, 48.038105, 570.75],
          [11.682498, 48.037504, 572.75],
          [11.682516, 48.037356, 572.75],
          [11.682890, 48.037072, 573.0],
          [11.683579, 48.036550, 574.0],
          [11.684668, 48.035778, 575.75],
          [11.684918, 48.035613, 574.5],
          [11.685068, 48.035514, 575.0],
          [11.685257, 48.035392, 575.25],
          [11.685715, 48.035052, 575.75],
          [11.686059, 48.034797, 575.5],
          [11.686257, 48.034643, 576.0],
          [11.686395, 48.034525, 576.25],
          [11.686467, 48.034458, 576.0],
          [11.686557, 48.034372, 575.5],
          [11.686620, 48.034335, 575.5],
          [11.686704, 48.034285, 575.5],
          [11.686720, 48.034275, 575.5],
          [11.687005, 48.034130, 576.0],
          [11.687432, 48.033825, 576.5],
          [11.688307, 48.033199, 576.75],
          [11.688469, 48.033084, 576.5],
          [11.688563, 48.033025, 576.5],
          [11.688795, 48.032878, 576.75],
          [11.688881, 48.032824, 576.75],
          [11.689410, 48.032440, 577.0],
          [11.689696, 48.032222, 577.75],
          [11.689853, 48.032102, 577.5],
          [11.690089, 48.031911, 577.75],
          [11.690155, 48.031857, 577.5],
          [11.691051, 48.031109, 577.75],
          [11.691144, 48.031057, 577.75],
          [11.691654, 48.030670, 578.0],
          [11.692435, 48.030063, 578.5],
          [11.692976, 48.029658, 578.5],
          [11.694038, 48.028823, 579.25],
          [11.694426, 48.028461, 579.25],
          [11.694791, 48.028089, 579.25],
          [11.695054, 48.027793, 579.25],
          [11.695319, 48.027390, 579.75],
          [11.695483, 48.026926, 578.25],
          [11.695846, 48.026996, 580.0],
          [11.696063, 48.027068, 580.5],
          [11.696161, 48.027080, 580.25],
          [11.696268, 48.027067, 580.0],
          [11.696366, 48.027010, 580.0],
          [11.697233, 48.026280, 580.5],
          [11.697344, 48.026192, 580.25],
          [11.697476, 48.026122, 580.0],
          [11.698192, 48.025599, 580.5],
          [11.699234, 48.024801, 581.0],
          [11.700740, 48.023584, 581.5],
          [11.701868, 48.022644, 582.25],
          [11.702446, 48.022144, 582.75],
          [11.702705, 48.021929, 583.0],
          [11.702924, 48.021783, 583.0],
          [11.703133, 48.021682, 583.25],
          [11.703410, 48.021577, 583.25],
          [11.703625, 48.021473, 583.0],
          [11.704025, 48.021331, 583.75],
          [11.704786, 48.021098, 584.0],
          [11.705229, 48.020985, 584.0],
          [11.705943, 48.020823, 584.0],
          [11.706067, 48.020818, 584.0],
          [11.706161, 48.020862, 584.0],
          [11.706993, 48.020706, 584.0],
          [11.707194, 48.020670, 584.0],
          [11.707202, 48.020669, 584.0],
          [11.707226, 48.020663, 584.0],
          [11.707546, 48.020583, 584.0],
          [11.707848, 48.020495, 584.5],
          [11.708076, 48.020410, 584.0],
          [11.708482, 48.020253, 585.0],
          [11.708578, 48.020210, 585.0],
          [11.708789, 48.020129, 584.5],
          [11.709278, 48.019928, 584.75],
          [11.709396, 48.019881, 584.75],
          [11.709594, 48.019800, 585.0],
          [11.709893, 48.019689, 584.75],
          [11.710027, 48.019639, 584.75],
          [11.710264, 48.019556, 584.5],
          [11.710431, 48.019504, 584.75],
          [11.710691, 48.019445, 585.0],
          [11.710740, 48.019433, 585.0],
          [11.710776, 48.019427, 585.0],
          [11.710857, 48.019412, 585.0],
          [11.710867, 48.019410, 585.0],
          [11.711024, 48.019391, 585.0],
          [11.711197, 48.019379, 585.0],
          [11.711422, 48.019366, 585.0],
          [11.711569, 48.019354, 585.0],
          [11.711654, 48.019345, 585.0],
          [11.711711, 48.019334, 585.0],
          [11.711746, 48.019328, 585.0],
          [11.711745, 48.019296, 585.0],
          [11.711758, 48.019278, 585.0],
          [11.711779, 48.019265, 585.0],
          [11.711806, 48.019257, 585.0],
          [11.711864, 48.019261, 585.0],
          [11.711881, 48.019241, 585.0],
          [11.711963, 48.019146, 585.0],
          [11.712030, 48.018997, 585.0],
          [11.712070, 48.018822, 585.0],
          [11.712085, 48.018757, 585.0],
          [11.712126, 48.018579, 585.5],
          [11.712138, 48.018528, 585.75],
          [11.712149, 48.018473, 585.75],
          [11.712194, 48.018256, 586.0],
          [11.712216, 48.018151, 586.0],
          [11.712289, 48.017783, 586.0],
          [11.712322, 48.017616, 586.0],
          [11.712327, 48.017591, 586.0],
          [11.712457, 48.017125, 586.0],
          [11.712530, 48.016937, 586.0],
          [11.712564, 48.016878, 586.0],
          [11.712653, 48.016727, 586.25],
          [11.712660, 48.016715, 586.25],
          [11.712778, 48.016537, 587.0],
          [11.712828, 48.016453, 587.0],
          [11.712905, 48.016315, 587.0],
          [11.712965, 48.016181, 587.0],
          [11.713060, 48.015946, 587.0],
          [11.713242, 48.015461, 587.75],
          [11.713426, 48.014947, 588.0],
          [11.713439, 48.014912, 588.0],
          [11.713517, 48.014744, 588.0],
          [11.713589, 48.014600, 588.0],
          [11.713667, 48.014478, 588.0],
          [11.713743, 48.014393, 588.0],
          [11.713818, 48.014315, 588.25],
          [11.713907, 48.014252, 588.5],
          [11.713980, 48.014201, 588.5],
          [11.714130, 48.014118, 588.25],
          [11.714251, 48.014064, 588.5],
          [11.714489, 48.013963, 589.0],
          [11.714678, 48.013883, 588.75],
          [11.715155, 48.013659, 589.0],
          [11.715344, 48.013572, 589.0],
          [11.715667, 48.013400, 589.25],
          [11.715746, 48.013360, 589.5],
          [11.716010, 48.013212, 589.25],
          [11.716144, 48.013133, 589.5],
          [11.716870, 48.012718, 590.0],
          [11.717033, 48.012724, 590.0],
          [11.717420, 48.012506, 590.0],
          [11.717783, 48.012298, 590.5],
          [11.718074, 48.012129, 590.5],
          [11.719322, 48.011430, 590.75],
          [11.719926, 48.011069, 591.0],
          [11.720525, 48.010684, 591.0],
          [11.720821, 48.010468, 591.75],
          [11.721096, 48.010238, 591.75],
          [11.721517, 48.009856, 591.25],
          [11.722380, 48.008955, 592.0],
          [11.722688, 48.008577, 592.25],
          [11.723014, 48.008166, 592.5],
          [11.724189, 48.006529, 593.25],
          [11.724925, 48.005539, 594.0],
          [11.725399, 48.004984, 594.5],
          [11.725433, 48.004945, 594.25],
          [11.725467, 48.004911, 594.25],
          [11.727429, 48.002979, 595.25],
          [11.728425, 48.001964, 595.75],
          [11.729242, 48.001156, 596.5],
          [11.729362, 48.001055, 596.25],
          [11.729507, 48.000969, 596.25],
          [11.729654, 48.000887, 596.0],
          [11.730130, 48.000589, 596.0],
          [11.730704, 48.000276, 596.0],
          [11.731790, 47.999689, 596.25],
          [11.732370, 47.999368, 596.25],
          [11.732452, 47.999302, 595.5],
          [11.732500, 47.999248, 594.75],
          [11.732501, 47.999204, 594.25],
          [11.732476, 47.999158, 594.0],
          [11.732136, 47.998861, 595.25],
          [11.732075, 47.998776, 595.75],
          [11.732091, 47.998699, 596.0],
          [11.732384, 47.998218, 597.5],
          [11.733534, 47.996318, 598.25],
          [11.733585, 47.996158, 598.75],
          [11.733543, 47.996089, 598.75],
          [11.733813, 47.995674, 599.0],
          [11.733939, 47.995408, 598.75],
          [11.734053, 47.995105, 599.0],
          [11.734115, 47.995117, 599.0],
          [11.734264, 47.995147, 599.0],
          [11.735397, 47.995371, 599.75],
          [11.735563, 47.995073, 599.75],
          [11.735727, 47.994774, 599.5],
          [11.735947, 47.994372, 600.25],
          [11.736451, 47.993612, 600.0],
          [11.736727, 47.993297, 600.75],
          [11.736877, 47.993147, 600.75],
          [11.736944, 47.993038, 600.75],
          [11.736902, 47.992912, 600.75],
          [11.736833, 47.992787, 600.75],
          [11.737139, 47.992802, 601.0],
          [11.737353, 47.992811, 600.75],
          [11.737529, 47.992819, 600.75],
          [11.737548, 47.992776, 601.0],
          [11.737819, 47.992283, 601.0],
          [11.737902, 47.992196, 601.0],
          [11.738024, 47.992107, 601.0],
          [11.738170, 47.992018, 600.75],
          [11.738281, 47.991935, 601.0],
          [11.738414, 47.991820, 600.75],
          [11.738574, 47.991668, 600.75],
          [11.738683, 47.991543, 601.0],
          [11.738938, 47.991274, 601.0],
          [11.739018, 47.991224, 601.0],
          [11.739173, 47.991159, 601.0],
          [11.739287, 47.991135, 601.0],
          [11.739400, 47.991124, 601.0],
          [11.739548, 47.991117, 601.0],
          [11.740239, 47.991094, 601.0],
          [11.740508, 47.991072, 601.0],
          [11.740733, 47.991026, 601.0],
          [11.741229, 47.990848, 601.0],
          [11.741691, 47.990673, 601.0],
          [11.742358, 47.990466, 601.25],
          [11.743987, 47.990092, 601.0],
          [11.744159, 47.990058, 601.0],
          [11.744411, 47.990021, 601.0],
          [11.744634, 47.989960, 601.0],
          [11.745175, 47.989770, 601.0],
          [11.745749, 47.989582, 601.0],
          [11.746843, 47.989123, 601.5],
          [11.747499, 47.988753, 601.0],
          [11.748304, 47.988398, 601.0],
          [11.749107, 47.988054, 600.0],
          [11.749575, 47.987892, 600.25],
          [11.749967, 47.987690, 601.0],
          [11.750699, 47.987251, 601.0],
          [11.751376, 47.987003, 600.0],
          [11.751886, 47.986806, 600.0],
          [11.752459, 47.986646, 600.0],
          [11.752550, 47.986550, 600.0],
          [11.753357, 47.986178, 599.0],
          [11.754011, 47.985931, 598.25],
          [11.754677, 47.985640, 599.0],
          [11.755316, 47.985317, 599.0],
          [11.755780, 47.985003, 599.0],
          [11.756156, 47.984733, 599.0],
          [11.756698, 47.984366, 599.0],
          [11.757122, 47.984035, 599.25],
          [11.757555, 47.983734, 599.75],
          [11.757831, 47.983604, 600.0],
          [11.758249, 47.983357, 600.0],
          [11.758666, 47.983086, 599.5],
          [11.759200, 47.982670, 599.5],
          [11.759593, 47.982314, 600.0],
          [11.760011, 47.982000, 600.0],
          [11.760158, 47.981853, 600.25],
          [11.760364, 47.981674, 600.5],
          [11.760949, 47.981330, 600.5],
          [11.763002, 47.979920, 601.0],
          [11.763738, 47.979400, 602.0],
          [11.764484, 47.978887, 602.0],
          [11.764889, 47.978575, 602.5],
          [11.766206, 47.977498, 603.25],
          [11.766543, 47.977198, 603.5],
          [11.766736, 47.977000, 603.0],
          [11.767091, 47.976594, 599.5],
          [11.767133, 47.976467, 599.0],
          [11.767231, 47.975698, 599.0],
          [11.767259, 47.975345, 599.5],
          [11.767339, 47.974516, 600.0],
          [11.767489, 47.972738, 600.0],
          [11.767510, 47.972232, 600.75],
          [11.767511, 47.972216, 601.0],
          [11.767814, 47.972240, 600.75],
          [11.767832, 47.972161, 600.75],
          [11.767850, 47.972076, 600.75],
          [11.767008, 47.972009, 600.75],
          [11.766654, 47.971991, 601.0],
          [11.765782, 47.971929, 602.0],
          [11.765812, 47.971898, 602.0],
          [11.765874, 47.971848, 602.0],
          [11.766437, 47.971386, 601.75],
          [11.766610, 47.971265, 601.5],
          [11.766709, 47.971212, 601.5],
          [11.766815, 47.971154, 601.75],
          [11.766955, 47.971129, 601.75],
          [11.767008, 47.971127, 601.75],
          [11.767202, 47.971129, 601.75],
          [11.767330, 47.971127, 601.75],
          [11.767408, 47.971117, 601.75],
          [11.767531, 47.971080, 601.75],
          [11.767596, 47.971034, 601.5],
          [11.767666, 47.970946, 601.25],
          [11.767756, 47.970775, 601.25],
          [11.767794, 47.970701, 601.25],
          [11.767885, 47.970561, 601.5],
          [11.768009, 47.970440, 601.5],
          [11.768228, 47.970247, 602.0],
          [11.768363, 47.970129, 601.75],
          [11.768650, 47.969908, 601.75],
          [11.768790, 47.969803, 601.75],
          [11.768936, 47.969693, 601.75],
          [11.769088, 47.969579, 601.5],
          [11.769150, 47.969539, 601.5],
          [11.769287, 47.969451, 601.75],
          [11.769623, 47.969199, 602.25],
          [11.769755, 47.969063, 602.25],
          [11.769906, 47.968924, 602.25],
          [11.770023, 47.968890, 602.0],
          [11.770085, 47.968807, 602.0],
          [11.770355, 47.968604, 602.0],
          [11.770426, 47.968549, 602.0],
          [11.771105, 47.968021, 602.0],
          [11.771436, 47.967768, 602.75],
          [11.771671, 47.967766, 602.75],
          [11.772138, 47.967793, 602.75],
          [11.772986, 47.967868, 603.5],
          [11.773989, 47.968004, 604.75],
          [11.774823, 47.968084, 605.25],
          [11.776112, 47.968202, 608.0],
          [11.776176, 47.968208, 608.0],
          [11.776965, 47.968259, 610.0],
          [11.777050, 47.968265, 610.0],
          [11.777066, 47.968136, 610.0],
          [11.777149, 47.967466, 610.0],
          [11.777193, 47.967197, 610.75],
          [11.777236, 47.966917, 610.75],
          [11.777330, 47.966874, 610.5],
          [11.777519, 47.965537, 611.75],
          [11.777600, 47.965029, 611.75],
          [11.777665, 47.964527, 612.0],
          [11.777698, 47.964194, 611.75],
          [11.777682, 47.963938, 611.75],
          [11.777657, 47.963760, 612.0],
          [11.777610, 47.963549, 611.75],
          [11.777546, 47.963342, 611.75],
          [11.777451, 47.963123, 611.75],
          [11.777336, 47.962911, 611.5],
          [11.777181, 47.962670, 611.5],
          [11.776996, 47.962342, 611.0],
          [11.776978, 47.962222, 610.75],
          [11.777003, 47.961988, 610.25],
          [11.777098, 47.961762, 610.25],
          [11.777332, 47.961607, 610.75],
          [11.777424, 47.961566, 610.5],
          [11.777698, 47.961453, 610.75],
          [11.777961, 47.961372, 611.0],
          [11.778061, 47.961314, 611.0],
          [11.778291, 47.961282, 611.0],
          [11.778509, 47.961267, 611.5],
          [11.778545, 47.961265, 611.75],
          [11.778578, 47.961263, 611.75],
          [11.778615, 47.961261, 612.0],
          [11.778727, 47.961254, 612.0],
          [11.779408, 47.961214, 612.75],
          [11.779563, 47.961205, 613.0],
          [11.779857, 47.961194, 613.25],
          [11.780170, 47.961193, 614.0],
          [11.780241, 47.961199, 614.0],
          [11.780426, 47.961216, 614.5],
          [11.780726, 47.961247, 615.25],
          [11.780872, 47.961259, 615.75],
          [11.781146, 47.961263, 617.5],
          [11.781256, 47.961251, 617.75],
          [11.781397, 47.961232, 617.75],
          [11.781554, 47.961194, 617.5],
          [11.781948, 47.961075, 617.75],
          [11.782123, 47.961016, 619.0],
          [11.782338, 47.960944, 619.25],
          [11.782490, 47.960869, 619.0],
          [11.782610, 47.960786, 619.75],
          [11.782699, 47.960702, 620.5],
          [11.782764, 47.960639, 620.75],
          [11.782835, 47.960571, 620.75],
          [11.782986, 47.960395, 621.5],
          [11.783074, 47.960286, 621.75],
          [11.783194, 47.960111, 622.5],
          [11.783273, 47.959976, 623.0],
          [11.783337, 47.959843, 622.75],
          [11.783386, 47.959741, 622.75],
          [11.783460, 47.959587, 623.25],
          [11.783524, 47.959582, 622.75],
          [11.783651, 47.959319, 622.75],
          [11.784345, 47.957059, 626.25],
          [11.784591, 47.956213, 628.0],
          [11.785228, 47.953784, 630.25],
          [11.785302, 47.953600, 630.75],
          [11.785364, 47.953480, 630.75],
          [11.785409, 47.953394, 630.75],
          [11.785540, 47.953183, 631.0],
          [11.785750, 47.952895, 631.75],
          [11.786176, 47.952531, 633.0],
          [11.786405, 47.952347, 634.0],
          [11.786969, 47.951993, 635.75],
          [11.787007, 47.951952, 636.0],
          [11.787255, 47.951836, 637.0],
          [11.787876, 47.951583, 638.5],
          [11.788154, 47.951460, 639.0],
          [11.788343, 47.951377, 639.0],
          [11.788465, 47.951304, 639.25],
          [11.788569, 47.951242, 639.5],
          [11.788883, 47.951028, 639.25],
          [11.789179, 47.950794, 639.75],
          [11.789460, 47.950459, 641.25],
          [11.789756, 47.950131, 642.0],
          [11.789985, 47.949815, 643.5],
          [11.790021, 47.949806, 643.5],
          [11.790073, 47.949808, 643.0],
          [11.790389, 47.949878, 641.5],
          [11.790477, 47.949648, 641.5],
          [11.790570, 47.949478, 641.75],
          [11.790663, 47.949370, 641.75],
          [11.790823, 47.949244, 641.75],
          [11.790922, 47.949186, 641.5],
          [11.791163, 47.949067, 641.25],
          [11.791387, 47.948968, 641.0],
          [11.791918, 47.948805, 641.0],
          [11.792057, 47.948747, 641.0],
          [11.792151, 47.948694, 641.0],
          [11.792235, 47.948637, 641.0],
          [11.792311, 47.948560, 641.0],
          [11.792367, 47.948483, 641.0],
          [11.792436, 47.948349, 641.5],
          [11.792569, 47.947947, 641.0],
          [11.792590, 47.947809, 641.0],
          [11.792558, 47.947466, 641.0],
          [11.793215, 47.947270, 641.75],
          [11.793597, 47.947153, 642.0],
          [11.793732, 47.947123, 642.25],
          [11.793794, 47.947139, 642.25],
          [11.793822, 47.947104, 642.25],
          [11.793867, 47.947048, 642.5],
          [11.794302, 47.946904, 642.75],
          [11.794505, 47.946825, 642.5],
          [11.795084, 47.946551, 644.0],
          [11.795386, 47.946409, 644.25],
          [11.795654, 47.946266, 645.0],
          [11.795864, 47.946126, 645.0],
          [11.796193, 47.945863, 645.75],
          [11.796292, 47.945787, 646.0],
          [11.796640, 47.945574, 646.0],
          [11.796696, 47.945546, 646.0],
          [11.796854, 47.945465, 646.75],
          [11.796990, 47.945396, 647.0],
          [11.797071, 47.945353, 647.0],
          [11.797505, 47.945121, 647.0],
          [11.798186, 47.944722, 648.0],
          [11.798636, 47.944545, 648.5],
          [11.799479, 47.944284, 650.0],
          [11.799979, 47.944100, 650.5],
          [11.800417, 47.943921, 650.5],
          [11.801186, 47.943548, 651.25],
          [11.801541, 47.943436, 650.0],
          [11.802361, 47.943245, 650.75],
          [11.802710, 47.943189, 650.5],
          [11.802831, 47.943182, 650.25],
          [11.802999, 47.943225, 650.5],
          [11.803175, 47.943257, 650.0],
          [11.803552, 47.943294, 648.75],
          [11.803653, 47.943289, 648.5],
          [11.803701, 47.943246, 648.25],
          [11.803750, 47.943108, 647.75],
          [11.803761, 47.943078, 647.5],
          [11.803848, 47.942811, 647.0],
          [11.803880, 47.942710, 647.0],
          [11.803903, 47.942638, 647.0],
          [11.803889, 47.942594, 647.0],
          [11.804113, 47.942563, 647.25],
          [11.804887, 47.942448, 646.0],
          [11.804982, 47.942433, 646.0],
          [11.805228, 47.942399, 647.0],
          [11.805332, 47.942384, 647.0],
          [11.805321, 47.942344, 646.75],
          [11.805439, 47.942208, 645.25],
          [11.805533, 47.942134, 644.75],
          [11.805612, 47.941966, 644.0],
          [11.805634, 47.941870, 644.0],
          [11.805637, 47.941453, 644.5],
          [11.805657, 47.941229, 645.0],
          [11.805691, 47.941086, 645.5],
          [11.805796, 47.940829, 647.0],
          [11.805847, 47.940736, 648.25],
          [11.805907, 47.940649, 649.25],
          [11.806043, 47.940488, 650.75],
          [11.806118, 47.940380, 651.75],
          [11.806172, 47.940282, 652.5],
          [11.806314, 47.939888, 653.75],
          [11.806419, 47.939660, 653.75],
          [11.806586, 47.939348, 652.75],
          [11.806756, 47.939082, 651.25],
          [11.806894, 47.938840, 651.0],
          [11.807037, 47.938560, 650.5],
          [11.807255, 47.938224, 650.75],
          [11.807563, 47.937653, 648.25],
          [11.807738, 47.937150, 645.75],
          [11.807875, 47.936603, 644.25],
          [11.807881, 47.936278, 643.0],
          [11.807908, 47.935982, 642.0],
          [11.807940, 47.935846, 641.5],
          [11.808048, 47.935661, 642.0],
          [11.808386, 47.935321, 641.5],
          [11.808682, 47.935081, 641.5],
          [11.808784, 47.934926, 641.25],
          [11.808829, 47.934803, 641.0],
          [11.808893, 47.934676, 640.75],
          [11.809021, 47.934492, 640.5],
          [11.809194, 47.934297, 639.75],
          [11.809438, 47.934100, 638.0],
          [11.809621, 47.933895, 637.25],
          [11.809860, 47.933702, 634.75],
          [11.810006, 47.933567, 633.75],
          [11.810067, 47.933486, 633.25],
          [11.810130, 47.933372, 632.5],
          [11.810169, 47.933268, 632.5],
          [11.810259, 47.932918, 633.25],
          [11.810464, 47.931993, 636.75],
          [11.810528, 47.931835, 637.75],
          [11.810751, 47.931483, 641.0],
          [11.811027, 47.931084, 644.75],
          [11.811141, 47.930939, 646.75],
          [11.811165, 47.930893, 647.5],
          [11.811175, 47.930845, 648.0],
          [11.811428, 47.930799, 649.25],
          [11.811441, 47.930747, 649.5],
          [11.811696, 47.930347, 651.25],
          [11.811830, 47.930066, 650.0],
          [11.811822, 47.929792, 648.0],
          [11.811808, 47.929623, 646.5],
          [11.811751, 47.929209, 643.25],
          [11.811754, 47.928904, 642.25],
          [11.811780, 47.928759, 641.25],
          [11.811802, 47.928689, 641.0],
          [11.811843, 47.928597, 640.5],
          [11.811895, 47.928510, 640.5],
          [11.811958, 47.928412, 640.0],
          [11.812030, 47.928331, 639.5],
          [11.812306, 47.927957, 638.75],
          [11.812412, 47.927846, 638.25],
          [11.812569, 47.927729, 638.0],
          [11.812713, 47.927605, 638.0],
          [11.812924, 47.927364, 637.0],
          [11.813306, 47.926828, 637.0],
          [11.813568, 47.926396, 636.75],
          [11.813705, 47.926143, 636.5],
          [11.813739, 47.926054, 636.25],
          [11.813760, 47.925934, 636.0],
          [11.813771, 47.925699, 635.5],
          [11.813791, 47.925559, 635.25],
          [11.813949, 47.925016, 635.75],
          [11.814003, 47.924843, 635.5],
          [11.814027, 47.924725, 635.5],
          [11.814034, 47.924662, 635.25],
          [11.814009, 47.924518, 635.5],
          [11.813913, 47.924314, 635.25],
          [11.813853, 47.924134, 635.0],
          [11.813692, 47.923754, 634.0],
          [11.813646, 47.923556, 633.75],
          [11.813615, 47.923331, 633.75],
          [11.813730, 47.923271, 633.0],
          [11.813791, 47.923203, 632.5],
          [11.813803, 47.923120, 632.5],
          [11.813728, 47.922767, 632.5],
          [11.813698, 47.922681, 633.5],
          [11.813582, 47.922403, 634.5],
          [11.813500, 47.922213, 632.75],
          [11.813489, 47.922069, 633.75],
          [11.813393, 47.921786, 634.5],
          [11.813304, 47.921747, 634.5],
          [11.813318, 47.921642, 634.75],
          [11.813324, 47.921595, 634.75],
          [11.813320, 47.921173, 636.5],
          [11.813334, 47.920971, 639.0],
          [11.813390, 47.920834, 641.5],
          [11.813447, 47.920748, 642.75],
          [11.813478, 47.920702, 643.25],
          [11.813651, 47.920501, 644.75],
          [11.813969, 47.920153, 646.25],
          [11.813900, 47.920116, 646.5],
          [11.813407, 47.919846, 645.75],
          [11.813198, 47.919733, 645.0],
          [11.812813, 47.919414, 643.0],
          [11.812670, 47.919284, 642.0],
          [11.812599, 47.919177, 641.5],
          [11.812573, 47.919055, 640.5],
          [11.812637, 47.918789, 639.25],
          [11.812738, 47.918533, 638.5],
          [11.812841, 47.918313, 638.0],
          [11.813005, 47.917938, 639.0],
          [11.813031, 47.917779, 639.75],
          [11.813003, 47.917655, 640.0],
          [11.812948, 47.917459, 639.75],
          [11.812930, 47.917393, 639.25],
          [11.812892, 47.917221, 638.25],
          [11.812841, 47.916684, 636.0],
          [11.812835, 47.916606, 635.5],
          [11.812801, 47.916358, 634.5],
          [11.812735, 47.916017, 632.75],
          [11.812773, 47.915929, 632.25],
          [11.812910, 47.915816, 631.25],
          [11.813054, 47.915709, 630.5],
          [11.813253, 47.915599, 630.5],
          [11.814015, 47.915317, 631.5],
          [11.814179, 47.915198, 632.0],
          [11.814265, 47.915095, 632.0],
          [11.814319, 47.914978, 632.5],
          [11.814330, 47.914766, 632.0],
          [11.814277, 47.914632, 631.0],
          [11.814167, 47.914474, 630.0],
          [11.814055, 47.914344, 629.0],
          [11.813936, 47.914221, 628.0],
          [11.813861, 47.914074, 627.25],
          [11.813881, 47.913941, 627.0],
          [11.813946, 47.913819, 626.5],
          [11.813971, 47.913800, 626.5],
          [11.814056, 47.913734, 626.25],
          [11.814179, 47.913687, 626.0],
          [11.814574, 47.913584, 624.5],
          [11.815095, 47.913479, 624.0],
          [11.815717, 47.913334, 620.75],
          [11.816563, 47.913079, 615.5],
          [11.817054, 47.912945, 612.5],
          [11.817334, 47.912869, 612.5],
          [11.817421, 47.912845, 612.75],
          [11.817543, 47.912812, 612.75],
          [11.817802, 47.912745, 611.75],
          [11.817948, 47.912675, 611.25],
          [11.818172, 47.912458, 610.75],
          [11.818233, 47.912404, 610.75],
          [11.818347, 47.912323, 610.5],
          [11.818539, 47.912235, 611.5],
          [11.818734, 47.912179, 611.75],
          [11.818929, 47.912139, 612.0],
          [11.819086, 47.912120, 612.0],
          [11.819190, 47.912134, 612.0],
          [11.819268, 47.912163, 612.0],
          [11.819363, 47.912194, 612.0],
          [11.819519, 47.912229, 611.5],
          [11.819764, 47.912269, 610.5],
          [11.820109, 47.912306, 608.5],
          [11.820296, 47.912326, 607.75],
          [11.820636, 47.912349, 606.75],
          [11.820998, 47.912348, 606.0],
          [11.821776, 47.912328, 605.5],
          [11.822273, 47.912332, 605.5],
          [11.822904, 47.912353, 606.25],
          [11.824055, 47.912421, 605.0],
          [11.824673, 47.912470, 605.0],
          [11.825032, 47.912485, 605.0],
          [11.825353, 47.912387, 604.5],
          [11.825477, 47.912355, 603.75],
          [11.825698, 47.912245, 603.0],
          [11.826048, 47.912000, 601.25],
          [11.826215, 47.911898, 600.5],
          [11.826726, 47.911647, 599.75],
          [11.826925, 47.911500, 599.75],
          [11.827073, 47.911350, 600.0],
          [11.827205, 47.911177, 600.0],
          [11.827514, 47.910669, 598.75],
          [11.827621, 47.910522, 598.75],
          [11.827685, 47.910456, 598.75],
          [11.827769, 47.910385, 598.25],
          [11.827835, 47.910342, 598.0],
          [11.827949, 47.910278, 598.0],
          [11.828093, 47.910222, 597.75],
          [11.828269, 47.910175, 597.0],
          [11.828429, 47.910117, 597.0],
          [11.829212, 47.909713, 597.75],
          [11.830038, 47.909343, 593.5],
          [11.830425, 47.909153, 591.0],
          [11.830994, 47.908857, 590.5],
          [11.831183, 47.908713, 590.0],
          [11.831302, 47.908609, 589.5],
          [11.831445, 47.908464, 587.75],
          [11.831511, 47.908389, 586.5],
          [11.831614, 47.908252, 584.5],
          [11.831761, 47.908083, 582.25],
          [11.831967, 47.907865, 579.5],
          [11.832091, 47.907592, 575.75],
          [11.831959, 47.907512, 574.0],
          [11.831831, 47.907380, 572.75],
          [11.831771, 47.907110, 569.75],
          [11.831788, 47.906955, 568.25],
          [11.831883, 47.906782, 565.0],
          [11.832011, 47.906632, 561.5],
          [11.832116, 47.906473, 560.0],
          [11.832257, 47.906284, 558.0],
          [11.832289, 47.906251, 557.75],
          [11.832387, 47.906152, 557.0],
          [11.832678, 47.905954, 556.0],
          [11.832743, 47.905912, 556.0],
          [11.833397, 47.905493, 555.0],
          [11.833490, 47.905434, 555.0],
          [11.834154, 47.905009, 554.0],
          [11.834494, 47.904787, 554.0],
          [11.834596, 47.904725, 554.0],
          [11.834682, 47.904664, 553.75],
          [11.837678, 47.902559, 551.75],
          [11.837802, 47.902472, 551.75],
          [11.838357, 47.902092, 551.25],
          [11.837405, 47.901234, 551.5],
          [11.836937, 47.900789, 552.0],
          [11.837296, 47.900649, 551.5],
          [11.838618, 47.900179, 551.0],
          [11.840408, 47.899509, 550.0],
          [11.845921, 47.897408, 546.5],
          [11.847265, 47.896891, 546.0],
          [11.848371, 47.896490, 545.0],
          [11.849117, 47.896243, 545.0],
          [11.849704, 47.896067, 545.0],
          [11.850713, 47.895796, 544.0],
          [11.851366, 47.895648, 543.0],
          [11.852086, 47.895504, 542.5],
          [11.852263, 47.895474, 542.5],
          [11.852404, 47.895449, 542.75],
          [11.852611, 47.895404, 543.0],
          [11.852914, 47.895304, 541.5],
          [11.853156, 47.895212, 538.5],
          [11.853174, 47.895193, 538.25],
          [11.853178, 47.895176, 538.0],
          [11.853165, 47.895108, 537.5],
          [11.853133, 47.895017, 536.75],
          [11.853222, 47.894974, 536.25],
          [11.853302, 47.894959, 536.0],
          [11.853363, 47.894952, 536.25],
          [11.853405, 47.894832, 536.25],
          [11.853527, 47.894365, 535.75],
          [11.853563, 47.894249, 535.25],
          [11.853666, 47.894022, 535.5],
          [11.853757, 47.893906, 535.25],
          [11.853844, 47.893811, 535.0],
          [11.853935, 47.893729, 534.75],
          [11.854091, 47.893619, 534.75],
          [11.854312, 47.893493, 534.5],
          [11.854698, 47.893340, 534.0],
          [11.854931, 47.893246, 533.5],
          [11.855162, 47.893101, 533.5],
          [11.855299, 47.892989, 533.75],
          [11.855386, 47.892900, 533.5],
          [11.855434, 47.892840, 533.5],
          [11.855546, 47.892659, 534.25],
          [11.857262, 47.892748, 532.0],
          [11.857963, 47.892792, 532.0],
          [11.858286, 47.892773, 532.0],
          [11.858725, 47.892662, 532.25],
          [11.859122, 47.892513, 532.0],
          [11.859371, 47.892346, 532.5],
          [11.859595, 47.892151, 531.75],
          [11.859740, 47.892096, 531.5],
          [11.859961, 47.892064, 531.25],
          [11.860887, 47.891977, 531.75],
          [11.864774, 47.891611, 531.0],
          [11.865523, 47.891517, 530.25],
          [11.865784, 47.891497, 530.0],
          [11.866325, 47.891444, 530.0],
          [11.866427, 47.891436, 530.0],
          [11.869576, 47.891156, 529.75],
          [11.870472, 47.891067, 528.75],
          [11.872374, 47.890832, 528.25],
          [11.873294, 47.890720, 527.0],
          [11.873692, 47.890644, 526.75],
          [11.874082, 47.890511, 526.75],
          [11.874579, 47.890311, 526.75],
          [11.875126, 47.890076, 526.25],
          [11.875645, 47.889872, 526.75],
          [11.876113, 47.889679, 526.5],
          [11.876332, 47.889608, 526.0],
          [11.876707, 47.889445, 526.75],
          [11.876888, 47.889325, 526.0],
          [11.876974, 47.889268, 526.0],
          [11.877043, 47.889212, 526.0],
          [11.877411, 47.888793, 525.25],
          [11.877482, 47.888647, 525.75],
          [11.877553, 47.888506, 525.5],
          [11.877616, 47.888417, 525.25],
          [11.877938, 47.888336, 525.75],
          [11.878496, 47.888161, 525.0],
          [11.879078, 47.887760, 524.75],
          [11.879475, 47.887428, 524.5],
          [11.879529, 47.887364, 524.25],
          [11.879578, 47.887258, 524.0],
          [11.879514, 47.886839, 524.0],
          [11.879623, 47.886744, 524.0],
          [11.881081, 47.885811, 523.0],
          [11.881732, 47.885387, 523.0],
          [11.882446, 47.884994, 522.75],
          [11.882686, 47.884856, 522.75],
          [11.882893, 47.884782, 523.0],
          [11.883173, 47.884715, 522.75],
          [11.883357, 47.884724, 523.0],
          [11.883635, 47.884804, 523.25],
          [11.883787, 47.884839, 523.0],
          [11.883953, 47.884824, 522.75],
          [11.884050, 47.884787, 522.5],
          [11.884187, 47.884692, 522.0],
          [11.884382, 47.884538, 522.25],
          [11.884487, 47.884486, 522.0],
          [11.884595, 47.884444, 522.0],
          [11.884847, 47.884393, 522.0],
          [11.885106, 47.884358, 521.75],
          [11.885325, 47.884297, 521.25],
          [11.885604, 47.884171, 521.75],
          [11.886582, 47.883685, 520.5],
          [11.888853, 47.882608, 519.0],
          [11.890370, 47.881897, 519.75],
          [11.891655, 47.881266, 518.5],
          [11.892345, 47.880949, 518.25],
          [11.892612, 47.880806, 518.75],
          [11.892774, 47.880697, 518.5],
          [11.893340, 47.880423, 518.5],
          [11.894020, 47.880125, 517.75],
          [11.894449, 47.879950, 518.5],
          [11.895017, 47.879771, 518.75],
          [11.895281, 47.879671, 517.75],
          [11.895517, 47.879520, 517.25],
          [11.895747, 47.879434, 517.5],
          [11.896154, 47.879344, 517.0],
          [11.896395, 47.879310, 517.0],
          [11.896984, 47.879231, 516.75],
          [11.897429, 47.879204, 517.0],
          [11.898144, 47.879177, 517.0],
          [11.898532, 47.879190, 517.0],
          [11.898741, 47.879207, 517.0],
          [11.898912, 47.879248, 516.75],
          [11.899221, 47.878904, 516.75],
          [11.899382, 47.878815, 516.0],
          [11.899532, 47.878787, 516.0],
          [11.899619, 47.878784, 516.0],
          [11.899940, 47.878803, 515.75],
          [11.902565, 47.879205, 513.75],
          [11.902903, 47.879261, 513.25],
          [11.903119, 47.879324, 513.0],
          [11.903272, 47.879383, 513.25],
          [11.903405, 47.879449, 513.75],
          [11.903543, 47.879543, 513.5],
          [11.903761, 47.879772, 513.5],
          [11.903999, 47.880156, 514.0],
          [11.904105, 47.880245, 514.5],
          [11.904252, 47.880315, 514.5],
          [11.904395, 47.880348, 514.0],
          [11.905137, 47.880450, 513.75],
          [11.906126, 47.880627, 513.25],
          [11.906633, 47.880725, 513.5],
          [11.908067, 47.880956, 513.0],
          [11.908559, 47.881022, 512.5],
          [11.910323, 47.881128, 512.75],
          [11.910881, 47.881140, 511.75],
          [11.911313, 47.881118, 511.75],
          [11.911512, 47.881087, 512.0],
          [11.911653, 47.881038, 512.0],
          [11.911513, 47.880909, 511.75],
          [11.911419, 47.880809, 512.0],
          [11.911314, 47.880678, 511.5],
          [11.911296, 47.880658, 511.25],
          [11.911289, 47.880648, 511.25],
          [11.911382, 47.880614, 511.75],
          [11.911570, 47.880556, 512.0],
          [11.911970, 47.880478, 508.75],
          [11.912641, 47.880125, 510.0],
          [11.912999, 47.879898, 509.75],
          [11.913180, 47.879775, 509.5],
          [11.914164, 47.879088, 509.0],
          [11.914554, 47.878880, 509.25],
          [11.914787, 47.878777, 508.75],
          [11.915024, 47.878688, 509.25],
          [11.915371, 47.878606, 509.25],
          [11.915779, 47.878545, 509.25],
          [11.916057, 47.878520, 508.25],
          [11.916340, 47.878513, 508.25],
          [11.916893, 47.878544, 508.5],
          [11.917037, 47.878551, 508.25],
          [11.918708, 47.878646, 508.0],
          [11.919165, 47.878627, 508.0],
          [11.919566, 47.878597, 508.25],
          [11.919816, 47.878562, 508.25],
          [11.920048, 47.878490, 507.25],
          [11.920394, 47.878326, 507.5],
          [11.920706, 47.878147, 506.5],
          [11.920904, 47.878045, 507.75],
          [11.921264, 47.877724, 507.25],
          [11.921603, 47.877384, 507.25],
          [11.922425, 47.876478, 506.5],
          [11.922632, 47.876304, 506.0],
          [11.922897, 47.876126, 506.25],
          [11.923111, 47.876021, 506.0],
          [11.923363, 47.875922, 505.25],
          [11.923727, 47.875835, 506.75],
          [11.924011, 47.875812, 506.5],
          [11.924351, 47.875805, 506.5],
          [11.924921, 47.875836, 506.75],
          [11.925533, 47.875894, 505.0],
          [11.925846, 47.875896, 505.0],
          [11.926361, 47.875915, 504.25],
          [11.926894, 47.875912, 504.25],
          [11.927388, 47.875874, 504.75],
          [11.927813, 47.875826, 505.75],
          [11.928200, 47.875769, 503.75],
          [11.928666, 47.875681, 503.0],
          [11.929103, 47.875561, 504.75],
          [11.929546, 47.875405, 503.25],
          [11.929957, 47.875252, 504.5],
          [11.930315, 47.875100, 502.75],
          [11.930654, 47.874944, 503.25],
          [11.931124, 47.874680, 503.25],
          [11.931465, 47.874472, 503.0],
          [11.932108, 47.874060, 502.25],
          [11.932151, 47.874044, 502.25],
          [11.932247, 47.874027, 502.25],
          [11.932395, 47.874039, 502.5],
          [11.932506, 47.874033, 502.5],
          [11.932597, 47.874009, 502.75],
          [11.932639, 47.873990, 503.0],
          [11.933474, 47.873439, 502.5],
          [11.934871, 47.872504, 501.5],
          [11.936278, 47.871622, 500.75],
          [11.936486, 47.871488, 501.0],
          [11.937302, 47.870929, 500.25],
          [11.937344, 47.870900, 500.25],
          [11.937403, 47.870794, 500.25],
          [11.937604, 47.870574, 499.25],
          [11.938259, 47.870178, 498.5],
          [11.938871, 47.869929, 498.5],
          [11.939090, 47.869859, 498.25],
          [11.939331, 47.869819, 498.75],
          [11.939556, 47.869830, 499.0],
          [11.939695, 47.869818, 499.0],
          [11.939814, 47.869798, 499.0],
          [11.940574, 47.869600, 498.5],
          [11.941716, 47.869287, 498.25],
          [11.942208, 47.869145, 499.75],
          [11.942293, 47.869140, 499.75],
          [11.942382, 47.869143, 499.75],
          [11.942512, 47.869158, 499.75],
          [11.942804, 47.869181, 498.75],
          [11.943078, 47.869138, 498.75],
          [11.943484, 47.869020, 498.0],
          [11.943879, 47.868856, 498.5],
          [11.944232, 47.868745, 497.5],
          [11.944350, 47.868677, 497.5],
          [11.944429, 47.868585, 497.75],
          [11.944493, 47.868472, 497.25],
          [11.944562, 47.868419, 497.25],
          [11.944630, 47.868401, 497.5],
          [11.944834, 47.868317, 497.75],
          [11.945200, 47.868262, 496.5],
          [11.945693, 47.868214, 496.5],
          [11.946405, 47.868179, 496.25],
          [11.946876, 47.868200, 496.5],
          [11.948832, 47.868498, 495.5],
          [11.949892, 47.868629, 497.25],
          [11.950380, 47.868656, 495.75],
          [11.951805, 47.868861, 495.5],
          [11.952818, 47.868956, 494.75],
          [11.953819, 47.868997, 493.75],
          [11.955211, 47.868969, 494.0],
          [11.956490, 47.868866, 494.5],
          [11.957288, 47.868786, 493.0],
          [11.957741, 47.868692, 493.5],
          [11.958793, 47.868424, 492.75],
          [11.959284, 47.868308, 493.25],
          [11.960056, 47.868177, 492.0],
          [11.960998, 47.867954, 492.0],
          [11.961418, 47.867866, 492.0],
          [11.962936, 47.867503, 492.0],
          [11.964459, 47.867131, 490.5],
          [11.964621, 47.867078, 490.75],
          [11.964755, 47.866983, 491.0],
          [11.964905, 47.866903, 490.75],
          [11.965146, 47.866824, 489.75],
          [11.965657, 47.866682, 490.0],
          [11.966597, 47.866456, 489.0],
          [11.967552, 47.866324, 489.0],
          [11.968245, 47.866285, 489.5],
          [11.969940, 47.866292, 489.25],
          [11.970388, 47.866348, 489.25],
          [11.970533, 47.866394, 489.75],
          [11.970611, 47.866405, 489.75],
          [11.970690, 47.866433, 489.75],
          [11.970674, 47.866376, 489.75],
          [11.970544, 47.865826, 490.75],
          [11.970533, 47.865782, 490.75],
          [11.970640, 47.865792, 490.25],
          [11.970748, 47.865803, 489.5],
          [11.970980, 47.865741, 488.25],
          [11.971288, 47.865638, 488.5],
          [11.971442, 47.865565, 489.5],
          [11.971616, 47.865463, 488.0],
          [11.971908, 47.865252, 487.75],
          [11.972072, 47.865122, 487.0],
          [11.972234, 47.864977, 488.5],
          [11.972456, 47.864716, 487.5],
          [11.972880, 47.863921, 486.75],
          [11.973081, 47.863662, 487.5],
          [11.973300, 47.863432, 486.75],
          [11.973756, 47.863089, 487.25],
          [11.974346, 47.862809, 486.25],
          [11.974631, 47.862720, 486.25],
          [11.975099, 47.862617, 485.75],
          [11.975613, 47.862560, 485.5],
          [11.976230, 47.862544, 486.0],
          [11.976578, 47.862566, 485.5],
          [11.977008, 47.862611, 485.0],
          [11.977560, 47.862739, 485.75],
          [11.978643, 47.863014, 485.0],
          [11.978983, 47.863086, 485.25],
          [11.979199, 47.863115, 484.5],
          [11.979439, 47.863129, 484.25],
          [11.979665, 47.863126, 483.75],
          [11.979917, 47.863101, 484.25],
          [11.980374, 47.863022, 484.5],
          [11.980894, 47.862863, 483.0],
          [11.981324, 47.862680, 483.0],
          [11.981553, 47.862561, 483.25],
          [11.981809, 47.862389, 482.75],
          [11.982785, 47.861657, 483.75],
          [11.983024, 47.861510, 482.5],
          [11.983329, 47.861356, 483.0],
          [11.983643, 47.861228, 482.5],
          [11.984080, 47.861076, 482.75],
          [11.984330, 47.860999, 482.25],
          [11.984610, 47.860933, 482.0],
          [11.985003, 47.860856, 482.75],
          [11.985292, 47.860822, 482.75],
          [11.985696, 47.860794, 481.75],
          [11.985915, 47.860788, 481.75],
          [11.986789, 47.860744, 481.25],
          [11.987185, 47.860750, 480.5],
          [11.987331, 47.860712, 480.5],
          [11.987506, 47.860683, 480.5],
          [11.987858, 47.860605, 480.75],
          [11.988058, 47.860546, 480.75],
          [11.988851, 47.860235, 481.25],
          [11.988894, 47.860206, 481.25],
          [11.988998, 47.860137, 481.25],
          [11.988864, 47.860029, 482.5],
          [11.989056, 47.859927, 481.75],
          [11.989570, 47.859860, 480.5],
          [11.990725, 47.859322, 479.75],
          [11.991237, 47.859065, 480.0],
          [11.991816, 47.858788, 479.75],
          [11.992493, 47.858496, 479.25],
          [11.993868, 47.857913, 479.0],
          [11.993959, 47.857855, 479.25],
          [11.993992, 47.857833, 479.5],
          [11.993998, 47.857807, 479.5],
          [11.994033, 47.857786, 479.75],
          [11.994068, 47.857764, 480.0],
          [11.994116, 47.857737, 480.0],
          [11.994212, 47.857743, 479.75],
          [11.994270, 47.857728, 479.5],
          [11.994464, 47.857659, 478.75],
          [11.994638, 47.857599, 479.0],
          [11.995053, 47.857420, 478.5],
          [11.995471, 47.857225, 478.75],
          [11.996516, 47.856679, 477.75],
          [11.997698, 47.856045, 477.25],
          [11.998636, 47.855533, 478.5],
          [11.999525, 47.855062, 476.75],
          [12.000197, 47.854699, 477.5],
          [12.000842, 47.854397, 476.75],
          [12.001277, 47.854231, 476.0],
          [12.001746, 47.854084, 476.25],
          [12.002036, 47.854000, 475.25],
          [12.002730, 47.853860, 476.0],
          [12.002970, 47.853818, 475.0],
          [12.003204, 47.853789, 474.5],
          [12.003927, 47.853739, 474.0],
          [12.004348, 47.853726, 474.0],
          [12.004773, 47.853730, 474.0],
          [12.007337, 47.853834, 474.25],
          [12.011038, 47.853957, 472.5],
          [12.013376, 47.854025, 471.0],
          [12.014057, 47.854014, 470.75],
          [12.014322, 47.854003, 470.75],
          [12.014613, 47.853970, 470.5],
          [12.015103, 47.853890, 472.25],
          [12.015207, 47.853864, 472.5],
          [12.015502, 47.853791, 471.0],
          [12.015997, 47.853651, 471.75],
          [12.016198, 47.853585, 471.5],
          [12.016307, 47.853537, 471.25],
          [12.016435, 47.853467, 471.25],
          [12.016618, 47.853369, 472.25],
          [12.016866, 47.853191, 471.75],
          [12.016978, 47.853111, 472.25],
          [12.017073, 47.853042, 472.5],
          [12.017219, 47.853005, 472.0],
          [12.017469, 47.852891, 471.25],
          [12.017689, 47.852751, 471.0],
          [12.017883, 47.852514, 471.75],
          [12.019236, 47.851164, 471.0],
          [12.019483, 47.850934, 470.5],
          [12.020637, 47.849723, 470.25],
          [12.020752, 47.849564, 470.0],
          [12.020789, 47.849496, 470.5],
          [12.021027, 47.849302, 469.75],
          [12.021868, 47.848807, 469.25],
          [12.022473, 47.848480, 469.0],
          [12.022761, 47.848341, 470.5],
          [12.023183, 47.848216, 468.5],
          [12.024386, 47.847926, 468.5],
          [12.025419, 47.847636, 468.75],
          [12.025692, 47.847579, 468.75],
          [12.026352, 47.847497, 469.0],
          [12.029768, 47.847190, 468.75],
          [12.031445, 47.847071, 467.75],
          [12.031601, 47.847056, 467.25],
          [12.031760, 47.847013, 467.75],
          [12.032112, 47.846844, 467.0],
          [12.032211, 47.846815, 466.5],
          [12.032409, 47.846821, 466.25],
          [12.033169, 47.846918, 467.25],
          [12.033555, 47.846895, 467.75],
          [12.034064, 47.846878, 466.75],
          [12.036529, 47.846728, 466.25],
          [12.037140, 47.846678, 466.0],
          [12.037538, 47.846638, 466.0],
          [12.038290, 47.846513, 465.5],
          [12.041179, 47.846002, 465.0],
          [12.041617, 47.845935, 464.75],
          [12.042061, 47.845891, 465.25],
          [12.042383, 47.845844, 465.25],
          [12.042619, 47.845752, 465.0],
          [12.042681, 47.845736, 465.0],
          [12.042770, 47.845723, 465.0],
          [12.043060, 47.845791, 465.0],
          [12.043237, 47.845841, 464.75],
          [12.043918, 47.845944, 465.0],
          [12.044672, 47.846196, 464.5],
          [12.044982, 47.846276, 465.25],
          [12.045809, 47.846522, 464.25],
          [12.047129, 47.846883, 465.0],
          [12.048370, 47.847197, 465.5],
          [12.049492, 47.847539, 464.25],
          [12.051154, 47.848072, 464.25],
          [12.051773, 47.848262, 462.75],
          [12.052062, 47.848329, 463.75],
          [12.052747, 47.848619, 462.5],
          [12.053063, 47.848746, 461.0],
          [12.053393, 47.848847, 460.25],
          [12.053673, 47.848904, 462.5],
          [12.053870, 47.848944, 462.0],
          [12.054155, 47.848990, 460.5],
          [12.054253, 47.849005, 460.25],
          [12.055020, 47.849124, 461.0],
          [12.055591, 47.849186, 461.5],
          [12.055873, 47.849195, 461.25],
          [12.056192, 47.849199, 461.0],
          [12.056502, 47.849165, 461.0],
          [12.056912, 47.849157, 461.0],
          [12.057222, 47.849133, 460.0],
          [12.057486, 47.849106, 459.25],
          [12.057739, 47.849072, 459.0],
          [12.058260, 47.849006, 459.25],
          [12.058702, 47.848949, 460.0],
          [12.059323, 47.848868, 461.0],
          [12.059432, 47.848849, 461.0],
          [12.060061, 47.848770, 458.5],
          [12.060487, 47.848727, 458.75],
          [12.061033, 47.848656, 459.25],
          [12.062038, 47.848520, 458.25],
          [12.063018, 47.848378, 459.25],
          [12.063550, 47.848314, 460.0],
          [12.063866, 47.848287, 459.0],
          [12.064847, 47.848165, 458.25],
          [12.065343, 47.848099, 459.25],
          [12.066066, 47.848015, 458.25],
          [12.066790, 47.847912, 457.5],
          [12.067513, 47.847835, 458.0],
          [12.068028, 47.847779, 458.75],
          [12.069617, 47.847574, 457.75],
          [12.070455, 47.847504, 458.5],
          [12.070846, 47.847484, 457.75],
          [12.072594, 47.847376, 455.75],
          [12.075033, 47.847181, 456.0],
          [12.077615, 47.846975, 458.0],
          [12.079118, 47.846851, 455.5],
          [12.079644, 47.846795, 455.75],
          [12.079851, 47.846773, 456.0],
          [12.080047, 47.846703, 456.5],
          [12.080100, 47.846694, 456.5],
          [12.080276, 47.846664, 456.75],
          [12.080594, 47.846584, 456.25],
          [12.080807, 47.846514, 455.25],
          [12.080885, 47.846386, 455.0],
          [12.080870, 47.846325, 455.0],
          [12.080875, 47.846235, 455.0],
          [12.081113, 47.845798, 455.0],
          [12.081246, 47.845534, 455.0],
          [12.081261, 47.845491, 455.0],
          [12.081272, 47.845281, 455.0],
          [12.081283, 47.845127, 455.25],
          [12.081331, 47.845014, 455.75],
          [12.081759, 47.844487, 454.75],
          [12.082138, 47.843801, 455.0],
          [12.082333, 47.843648, 455.0],
          [12.082460, 47.843512, 455.0],
          [12.082515, 47.843391, 455.0],
          [12.082745, 47.843306, 455.0],
          [12.082750, 47.843192, 455.0],
          [12.082719, 47.842936, 455.0],
          [12.082720, 47.842832, 455.0],
          [12.082734, 47.842771, 455.0],
          [12.082919, 47.842749, 455.0],
          [12.083186, 47.842706, 455.0],
          [12.083431, 47.842654, 455.0],
          [12.083622, 47.842613, 454.75],
          [12.085297, 47.842262, 453.75],
          [12.085707, 47.842104, 454.5],
          [12.085880, 47.842033, 454.25],
          [12.086143, 47.841880, 454.0],
          [12.086168, 47.841857, 454.0],
          [12.086411, 47.841602, 454.0],
          [12.086620, 47.841432, 454.0],
          [12.086747, 47.841301, 454.0],
          [12.086835, 47.841112, 454.0],
          [12.086921, 47.840787, 454.0],
          [12.087321, 47.839855, 454.0],
          [12.087667, 47.838975, 454.0],
          [12.088043, 47.837980, 454.0],
          [12.088507, 47.837048, 454.25],
          [12.088792, 47.836564, 454.5],
          [12.089012, 47.836160, 454.75],
          [12.089395, 47.835546, 455.5],
          [12.089478, 47.835520, 455.25],
          [12.089695, 47.835156, 454.5],
          [12.089994, 47.834699, 457.0],
          [12.090537, 47.834007, 459.75],
          [12.090776, 47.833722, 460.75],
          [12.090966, 47.833433, 462.75],
          [12.091086, 47.832948, 463.25],
          [12.091098, 47.832885, 463.5],
          [12.091142, 47.832733, 464.5],
          [12.091229, 47.832346, 466.0],
          [12.091259, 47.831991, 466.0],
          [12.091259, 47.831874, 466.0],
          [12.091191, 47.831301, 466.0],
          [12.091183, 47.831229, 466.0],
          [12.091109, 47.830892, 466.0],
          [12.090976, 47.830562, 465.25],
          [12.090911, 47.830423, 465.25],
          [12.090845, 47.830282, 465.75],
          [12.090809, 47.830193, 465.75],
          [12.090672, 47.829924, 465.25],
          [12.090561, 47.829688, 465.75],
          [12.090513, 47.829667, 466.0],
          [12.090468, 47.829573, 466.0],
          [12.090432, 47.829226, 466.25],
          [12.090469, 47.828967, 466.75],
          [12.090600, 47.828483, 466.75],
          [12.090812, 47.827924, 467.0],
          [12.090906, 47.827748, 466.75],
          [12.091030, 47.827593, 466.75],
          [12.091370, 47.827303, 466.5],
          [12.091445, 47.827317, 466.25],
          [12.091908, 47.827086, 466.0],
          [12.092308, 47.826834, 465.75],
          [12.092707, 47.826546, 465.75],
          [12.093129, 47.826028, 466.25],
          [12.093328, 47.825865, 465.75],
          [12.093554, 47.825712, 465.25],
          [12.093720, 47.825628, 465.0],
          [12.093980, 47.825542, 465.0],
          [12.094165, 47.825493, 465.0],
          [12.094414, 47.825459, 465.25],
          [12.094745, 47.825452, 466.0],
          [12.095008, 47.825463, 465.25],
          [12.095112, 47.825468, 464.75],
          [12.095222, 47.825471, 464.25],
          [12.096059, 47.825526, 463.25],
          [12.096204, 47.825532, 463.25],
          [12.097119, 47.825559, 462.0],
          [12.097173, 47.825558, 462.0],
          [12.097553, 47.825558, 461.75],
          [12.098125, 47.825557, 461.5],
          [12.098349, 47.825568, 461.0],
          [12.099261, 47.825617, 461.75],
          [12.099930, 47.825650, 461.5],
          [12.100368, 47.825668, 462.0],
          [12.100782, 47.825681, 462.0],
          [12.101744, 47.825722, 460.75],
          [12.101779, 47.825726, 461.0],
          [12.102012, 47.825747, 461.0],
          [12.102165, 47.825752, 461.5],
          [12.102295, 47.825761, 461.5],
          [12.102365, 47.825743, 461.25],
          [12.102394, 47.825724, 461.0],
          [12.102453, 47.825667, 461.0],
          [12.102494, 47.825648, 461.0],
          [12.102562, 47.825632, 461.0],
          [12.102614, 47.825605, 461.0],
          [12.102788, 47.825555, 461.0],
          [12.103211, 47.825450, 461.0],
          [12.104161, 47.825204, 460.5],
          [12.104215, 47.825192, 460.5],
          [12.104711, 47.825065, 460.0],
          [12.105277, 47.824934, 459.0],
          [12.105436, 47.824905, 458.25],
          [12.105663, 47.824888, 458.25],
          [12.105907, 47.824889, 459.25],
          [12.105977, 47.824951, 459.5],
          [12.106235, 47.824944, 460.0],
          [12.106700, 47.824909, 460.0],
          [12.107114, 47.824902, 460.25],
          [12.107353, 47.824914, 460.25],
          [12.107526, 47.824934, 460.25],
          [12.108032, 47.825028, 460.75],
          [12.108180, 47.825040, 460.75],
          [12.108259, 47.825038, 460.75],
          [12.108394, 47.825021, 461.0],
          [12.108563, 47.824970, 461.0],
          [12.108710, 47.824886, 461.0],
          [12.108821, 47.824798, 460.75],
          [12.109157, 47.824590, 460.25],
          [12.109498, 47.824393, 460.75],
          [12.110011, 47.824015, 461.5],
          [12.110216, 47.823880, 461.0],
          [12.110409, 47.823770, 460.75],
          [12.111349, 47.823322, 460.75],
          [12.111963, 47.823050, 460.75],
          [12.112397, 47.822830, 460.0],
          [12.112771, 47.822618, 460.25],
          [12.112889, 47.822534, 460.0],
          [12.113642, 47.822000, 458.5],
          [12.114081, 47.821709, 458.0],
          [12.114522, 47.821444, 458.5],
          [12.115656, 47.820902, 458.25],
          [12.116681, 47.820432, 457.0],
          [12.117396, 47.820065, 457.0],
          [12.117518, 47.819989, 456.75],
          [12.117799, 47.819815, 456.5],
          [12.118104, 47.819489, 456.75],
          [12.118498, 47.819227, 457.0],
          [12.118746, 47.819121, 456.5],
          [12.119381, 47.818898, 455.25],
          [12.119984, 47.818745, 454.0],
          [12.120177, 47.818767, 454.0],
          [12.120222, 47.818733, 454.0],
          [12.120281, 47.818692, 454.0],
          [12.120360, 47.818676, 454.0],
          [12.120435, 47.818659, 454.0],
          [12.120499, 47.818644, 454.0],
          [12.120532, 47.818641, 454.0],
          [12.120692, 47.818610, 453.5],
          [12.120640, 47.818490, 453.5],
          [12.120425, 47.817938, 453.25],
          [12.120315, 47.817758, 453.75],
          [12.120264, 47.817629, 454.0],
          [12.119920, 47.816642, 454.0],
          [12.119056, 47.813723, 454.25],
          [12.118990, 47.813376, 454.5],
          [12.119003, 47.813322, 454.5],
          [12.119065, 47.813253, 454.5],
          [12.119237, 47.813097, 454.5],
          [12.119261, 47.813071, 454.5],
          [12.119293, 47.812995, 454.5],
          [12.119301, 47.812841, 454.75],
          [12.119241, 47.812802, 454.75],
          [12.119161, 47.812755, 455.0],
          [12.119085, 47.812711, 454.75],
          [12.119059, 47.812369, 455.75],
          [12.119016, 47.812264, 455.5],
          [12.118908, 47.812159, 454.5],
          [12.118862, 47.812056, 454.5],
          [12.118849, 47.811989, 454.5],
          [12.118889, 47.811864, 454.25],
          [12.119018, 47.811578, 453.5],
          [12.119262, 47.811223, 453.0],
          [12.119764, 47.810606, 451.25],
          [12.119950, 47.810365, 453.25],
          [12.120079, 47.810158, 453.25],
          [12.120177, 47.809935, 453.75],
          [12.120276, 47.809609, 454.75],
          [12.120303, 47.809377, 455.0],
          [12.120307, 47.809197, 455.0],
          [12.120358, 47.809087, 455.25],
          [12.120381, 47.809085, 455.5],
          [12.120575, 47.809074, 456.0],
          [12.120837, 47.809092, 455.75],
          [12.121293, 47.808755, 451.0],
          [12.121535, 47.808723, 449.75],
          [12.122322, 47.808767, 449.0],
          [12.122403, 47.808726, 449.25],
          [12.122458, 47.808703, 449.5],
          [12.122513, 47.808660, 449.75],
          [12.122610, 47.808637, 449.75],
          [12.122720, 47.808631, 449.75],
          [12.122758, 47.808647, 449.75],
          [12.122809, 47.808684, 449.75],
          [12.122964, 47.808709, 449.25],
          [12.123130, 47.808740, 449.0],
          [12.123584, 47.808834, 449.75],
          [12.123652, 47.808492, 449.75],
          [12.123733, 47.808146, 450.0],
          [12.123674, 47.808080, 450.0],
          [12.123591, 47.808046, 449.75],
          [12.123365, 47.808028, 449.0],
          [12.123300, 47.808007, 448.75],
          [12.123256, 47.807969, 448.75],
          [12.123198, 47.807882, 448.5],
          [12.123133, 47.807719, 449.25],
          [12.123284, 47.807699, 450.25],
          [12.124854, 47.807575, 451.75],
          [12.125046, 47.807565, 451.0],
          [12.125033, 47.807526, 451.0],
          [12.124932, 47.807046, 452.5],
          [12.125015, 47.806841, 452.75],
          [12.124983, 47.806448, 453.25],
          [12.124982, 47.806091, 453.5],
          [12.125058, 47.805338, 452.5],
          [12.125245, 47.804197, 453.25],
          [12.125621, 47.802391, 453.5],
          [12.125669, 47.802180, 452.25],
          [12.125927, 47.800997, 452.0],
          [12.126192, 47.799635, 452.75],
          [12.126232, 47.799167, 452.0],
          [12.126209, 47.798100, 453.0],
          [12.126151, 47.797667, 455.0],
          [12.126095, 47.797340, 455.0],
          [12.125872, 47.796559, 454.0],
          [12.125567, 47.795830, 453.75],
          [12.125438, 47.795577, 453.5],
          [12.125146, 47.795095, 453.0],
          [12.124977, 47.794856, 453.25],
          [12.124679, 47.794434, 454.25],
          [12.124035, 47.793479, 453.75],
          [12.123816, 47.793091, 453.25],
          [12.123525, 47.792579, 453.5],
          [12.123016, 47.791451, 453.75],
          [12.122772, 47.790808, 455.75],
          [12.122464, 47.789924, 454.0],
          [12.122359, 47.789788, 453.5],
          [12.122206, 47.789655, 453.75],
          [12.121947, 47.789484, 454.5],
          [12.121636, 47.789278, 453.0],
          [12.121136, 47.788882, 454.5],
          [12.120592, 47.788426, 453.25],
          [12.120620, 47.788410, 453.25],
          [12.120965, 47.788223, 452.75],
          [12.121232, 47.788109, 454.25],
          [12.121578, 47.787957, 454.5],
          [12.121763, 47.787883, 454.5],
          [12.121906, 47.787813, 455.5],
          [12.122054, 47.787610, 453.5],
          [12.122078, 47.787532, 453.0],
          [12.122101, 47.786813, 453.0],
          [12.122235, 47.785820, 454.75],
          [12.122479, 47.784798, 454.5],
          [12.122678, 47.784183, 453.5],
          [12.123051, 47.783299, 454.75],
          [12.123689, 47.782107, 454.0],
          [12.124177, 47.781367, 455.0],
          [12.124337, 47.781367, 454.5],
          [12.124424, 47.781285, 454.75],
          [12.124566, 47.781082, 455.0],
          [12.124578, 47.781007, 454.5],
          [12.124528, 47.780949, 454.75],
          [12.124446, 47.780897, 455.0],
          [12.124406, 47.780937, 455.0],
          [12.124376, 47.780998, 455.25],
          [12.124380, 47.781071, 455.75],
          [12.124413, 47.781123, 455.75],
          [12.124427, 47.781127, 455.75],
          [12.126783, 47.781863, 455.0],
          [12.126939, 47.781916, 455.75],
          [12.127133, 47.781601, 455.25],
          [12.127124, 47.781486, 455.25],
          [12.127085, 47.781377, 454.75],
          [12.127541, 47.780740, 454.25],
          [12.127868, 47.780337, 453.75],
          [12.128272, 47.779912, 454.25],
          [12.128744, 47.779474, 453.75],
          [12.129167, 47.779113, 454.5],
          [12.129852, 47.778565, 454.25],
          [12.129938, 47.778508, 454.0],
          [12.130406, 47.778175, 454.75],
          [12.131479, 47.777448, 454.75],
          [12.131712, 47.777314, 454.0],
          [12.132034, 47.776953, 454.0],
          [12.132123, 47.776829, 453.5],
          [12.132168, 47.776548, 454.0],
          [12.132185, 47.776374, 455.5],
          [12.132246, 47.776249, 455.25],
          [12.132956, 47.775032, 454.25],
          [12.133439, 47.774169, 454.0],
          [12.133628, 47.773687, 455.5],
          [12.133819, 47.773151, 455.0],
          [12.134159, 47.772128, 455.25],
          [12.134515, 47.770729, 454.25],
          [12.134817, 47.769067, 453.75],
          [12.134910, 47.768592, 454.0],
          [12.134991, 47.767967, 455.75],
          [12.135006, 47.767576, 456.5],
          [12.134990, 47.767090, 456.25],
          [12.134960, 47.766705, 455.75],
          [12.134895, 47.766224, 455.25],
          [12.134824, 47.765860, 455.0],
          [12.133891, 47.761548, 456.25],
          [12.133828, 47.761194, 456.0],
          [12.133747, 47.760577, 456.0],
          [12.133728, 47.760403, 456.0],
          [12.133652, 47.759612, 456.0],
          [12.133678, 47.758620, 456.25],
          [12.133696, 47.758377, 456.5],
          [12.133733, 47.757936, 456.0],
          [12.134178, 47.755448, 457.5],
          [12.134991, 47.751060, 457.75],
          [12.135399, 47.748909, 457.0],
          [12.135445, 47.748679, 457.25],
          [12.135463, 47.748634, 457.5],
          [12.135670, 47.748518, 457.25],
          [12.135724, 47.748459, 457.0],
          [12.135753, 47.748250, 457.0],
          [12.135718, 47.748198, 457.25],
          [12.135667, 47.748160, 457.5],
          [12.135592, 47.748080, 458.5],
          [12.135569, 47.748018, 458.75],
          [12.135598, 47.747830, 458.0],
          [12.135832, 47.746702, 457.75],
          [12.135893, 47.746521, 457.25],
          [12.135999, 47.746355, 456.75],
          [12.136153, 47.746239, 457.0],
          [12.136385, 47.746118, 457.75],
          [12.137010, 47.745885, 456.75],
          [12.137260, 47.745762, 457.25],
          [12.137421, 47.745638, 457.25],
          [12.137470, 47.745560, 457.75],
          [12.137551, 47.745425, 458.25],
          [12.137618, 47.745250, 458.5],
          [12.137662, 47.744992, 458.25],
          [12.137666, 47.744967, 458.25],
          [12.137708, 47.744760, 458.75],
          [12.137747, 47.744261, 458.0],
          [12.137755, 47.743964, 457.75],
          [12.137768, 47.743688, 457.75],
          [12.137780, 47.743606, 458.0],
          [12.137952, 47.743105, 458.0],
          [12.138108, 47.742524, 458.0],
          [12.138235, 47.742209, 458.0],
          [12.138463, 47.741658, 458.0],
          [12.138653, 47.741315, 459.25],
          [12.138725, 47.741205, 459.5],
          [12.138771, 47.741133, 459.75],
          [12.138781, 47.741117, 459.75],
          [12.138814, 47.741070, 459.75],
          [12.138841, 47.741032, 459.5],
          [12.138913, 47.740937, 459.25],
          [12.139040, 47.740766, 460.25],
          [12.139210, 47.740560, 461.75],
          [12.139355, 47.740363, 460.0],
          [12.139311, 47.740358, 460.0],
          [12.139285, 47.740366, 460.0],
          [12.139248, 47.740393, 460.25],
          [12.139148, 47.740437, 460.5],
          [12.139098, 47.740432, 460.5],
          [12.138017, 47.740133, 460.75],
          [12.137148, 47.739939, 464.75],
          [12.136932, 47.739901, 465.5],
          [12.136932, 47.739875, 465.25],
          [12.136930, 47.739808, 465.0],
          [12.137222, 47.739074, 463.25],
          [12.137615, 47.738183, 463.0],
          [12.137933, 47.737468, 462.5],
          [12.138274, 47.736813, 463.5],
          [12.138700, 47.736048, 462.75],
          [12.140956, 47.732444, 462.5],
          [12.142637, 47.729742, 462.75],
          [12.143056, 47.729107, 463.0],
          [12.143176, 47.729001, 463.25],
          [12.143246, 47.728892, 464.5],
          [12.143285, 47.728835, 464.75],
          [12.143333, 47.728762, 464.75],
          [12.143412, 47.728609, 464.75],
          [12.143456, 47.728467, 464.5],
          [12.149664, 47.718566, 464.0],
          [12.149760, 47.718474, 463.75],
          [12.149910, 47.718450, 463.5],
          [12.150024, 47.718460, 463.25],
          [12.150048, 47.718449, 463.5],
          [12.150102, 47.718363, 464.75],
          [12.150173, 47.718252, 465.25],
          [12.150175, 47.718225, 465.25],
          [12.150176, 47.718209, 465.25],
          [12.149999, 47.718101, 464.75],
          [12.150007, 47.718005, 464.75],
          [12.150786, 47.716904, 463.25],
          [12.151231, 47.716399, 463.0],
          [12.151416, 47.716214, 463.0],
          [12.152148, 47.715541, 464.0],
          [12.152821, 47.715054, 463.0],
          [12.153670, 47.714524, 463.0],
          [12.155562, 47.713456, 463.0],
          [12.156436, 47.712943, 463.25],
          [12.157143, 47.712447, 462.75],
          [12.157832, 47.711883, 463.5],
          [12.158303, 47.711429, 464.25],
          [12.158841, 47.710841, 463.75],
          [12.159488, 47.710016, 464.0],
          [12.160081, 47.709156, 464.0],
          [12.160691, 47.708303, 463.5],
          [12.160794, 47.708138, 464.0],
          [12.161582, 47.706807, 463.25],
          [12.162112, 47.705616, 463.5],
          [12.162496, 47.704606, 464.0],
          [12.162542, 47.704561, 463.75],
          [12.162625, 47.704535, 463.5],
          [12.162763, 47.704516, 463.5],
          [12.162762, 47.704502, 463.5],
          [12.162754, 47.704368, 463.5],
          [12.162753, 47.704344, 463.5],
          [12.162661, 47.704325, 463.75],
          [12.162613, 47.704273, 463.5],
          [12.162619, 47.704197, 463.5],
          [12.162742, 47.703753, 464.75],
          [12.163137, 47.702122, 463.75],
          [12.163169, 47.701986, 463.5],
          [12.163326, 47.701148, 464.75],
          [12.164419, 47.695749, 465.5],
          [12.165435, 47.690945, 464.75],
          [12.165615, 47.690152, 464.75],
          [12.165753, 47.689672, 465.0],
          [12.165851, 47.689377, 465.5],
          [12.167431, 47.684751, 465.5],
          [12.168012, 47.683078, 465.75],
          [12.168166, 47.682691, 465.0],
          [12.168421, 47.682133, 465.5],
          [12.168598, 47.681767, 465.5],
          [12.169063, 47.680938, 465.25],
          [12.169444, 47.680329, 466.5],
          [12.169852, 47.679719, 465.0],
          [12.170421, 47.678921, 465.25],
          [12.170845, 47.678371, 466.5],
          [12.171156, 47.677997, 466.0],
          [12.171624, 47.677471, 465.5],
          [12.172112, 47.676964, 465.5],
          [12.172485, 47.676602, 465.5],
          [12.172871, 47.676250, 465.75],
          [12.173194, 47.675963, 465.75],
          [12.173705, 47.675542, 465.75],
          [12.174229, 47.675135, 465.5],
          [12.175128, 47.674489, 465.5],
          [12.175519, 47.674226, 466.5],
          [12.175662, 47.674152, 466.75],
          [12.175796, 47.674098, 466.25],
          [12.175959, 47.674061, 466.0],
          [12.176118, 47.674027, 465.75],
          [12.176631, 47.673947, 466.0],
          [12.177208, 47.673883, 467.75],
          [12.177691, 47.673895, 467.25],
          [12.178125, 47.673941, 466.75],
          [12.178370, 47.673996, 466.5],
          [12.178420, 47.673910, 465.75],
          [12.178503, 47.673793, 466.0],
          [12.178612, 47.673713, 466.25],
          [12.178974, 47.673454, 467.0],
          [12.179377, 47.673129, 467.0],
          [12.179442, 47.673077, 467.0],
          [12.179747, 47.672832, 467.0],
          [12.180502, 47.672242, 467.0],
          [12.181814, 47.671191, 467.0],
          [12.182229, 47.670864, 467.75],
          [12.182311, 47.670799, 467.75],
          [12.182462, 47.670680, 467.75],
          [12.182804, 47.670408, 468.0],
          [12.183025, 47.670233, 468.0],
          [12.183127, 47.670144, 468.0],
          [12.183280, 47.670000, 468.0],
          [12.183436, 47.669848, 468.0],
          [12.183839, 47.669428, 467.0],
          [12.183992, 47.669270, 467.0],
          [12.184045, 47.669180, 467.0],
          [12.184219, 47.668902, 467.0],
          [12.184262, 47.668855, 467.25],
          [12.184373, 47.668764, 467.75],
          [12.184624, 47.668569, 468.0],
          [12.184726, 47.668497, 468.0],
          [12.184870, 47.668443, 468.0],
          [12.184930, 47.668427, 468.0],
          [12.184726, 47.667876, 468.0],
          [12.184614, 47.667532, 468.0],
          [12.184596, 47.667441, 468.0],
          [12.184414, 47.666574, 469.5],
          [12.184365, 47.666295, 471.25],
          [12.184372, 47.666088, 472.75],
          [12.184402, 47.665942, 471.5],
          [12.184531, 47.665548, 471.25],
          [12.184690, 47.665018, 469.0],
          [12.184844, 47.664992, 470.25],
          [12.185088, 47.664853, 471.75],
          [12.185189, 47.664763, 470.75],
          [12.185223, 47.664733, 470.0],
          [12.185313, 47.664609, 470.0],
          [12.185357, 47.664519, 470.0],
          [12.185393, 47.664410, 469.75],
          [12.185428, 47.664241, 470.25],
          [12.185477, 47.663966, 470.5],
          [12.185515, 47.663828, 470.75],
          [12.185551, 47.663700, 471.5],
          [12.185572, 47.663588, 472.5],
          [12.185548, 47.663409, 472.5],
          [12.185494, 47.663230, 473.25],
          [12.185474, 47.663179, 473.5],
          [12.185411, 47.662909, 474.0],
          [12.185346, 47.662369, 475.0],
          [12.185350, 47.662305, 475.75],
          [12.185243, 47.661669, 475.75],
          [12.185254, 47.661542, 475.5],
          [12.185310, 47.661255, 476.5],
          [12.185396, 47.660962, 476.5],
          [12.185496, 47.660730, 476.25],
          [12.185626, 47.660492, 476.5],
          [12.185925, 47.660090, 475.75],
          [12.186325, 47.659575, 471.5],
          [12.186592, 47.659411, 469.5],
          [12.186774, 47.659270, 470.5],
          [12.186810, 47.659219, 469.75],
          [12.186959, 47.659175, 469.75],
          [12.187079, 47.659105, 471.5],
          [12.187338, 47.658921, 471.75],
          [12.187583, 47.658705, 472.75],
          [12.187734, 47.658614, 470.5],
          [12.187983, 47.658525, 472.75],
          [12.188367, 47.658362, 470.75],
          [12.189402, 47.658077, 474.0],
          [12.190137, 47.657931, 473.25],
          [12.190326, 47.657868, 473.75],
          [12.190806, 47.657619, 474.5],
          [12.190999, 47.657538, 475.75],
          [12.191222, 47.657472, 476.75],
          [12.191313, 47.657332, 473.5],
          [12.191433, 47.657196, 471.75],
          [12.191465, 47.657134, 470.75],
          [12.191477, 47.657071, 469.75],
          [12.191451, 47.657017, 468.75],
          [12.191381, 47.656955, 467.0],
          [12.191275, 47.656887, 467.5],
          [12.191235, 47.656794, 467.75],
          [12.191240, 47.656662, 468.0],
          [12.191278, 47.656547, 468.0],
          [12.191357, 47.656431, 468.0],
          [12.191683, 47.656059, 468.0],
          [12.191793, 47.655897, 468.25],
          [12.191927, 47.655619, 468.0],
          [12.192175, 47.654971, 469.0],
          [12.192474, 47.654281, 468.0],
          [12.192595, 47.653931, 468.0],
          [12.192647, 47.653846, 468.0],
          [12.192731, 47.653738, 468.0],
          [12.192852, 47.653621, 468.0],
          [12.193283, 47.653280, 468.0],
          [12.194595, 47.652139, 469.0],
          [12.195029, 47.651739, 469.0],
          [12.195411, 47.651436, 468.5],
          [12.195717, 47.651159, 468.75],
          [12.196123, 47.650807, 469.0],
          [12.196966, 47.650097, 469.0],
          [12.198985, 47.648515, 470.0],
          [12.199051, 47.648506, 470.0],
          [12.199328, 47.648405, 469.5],
          [12.199408, 47.648344, 469.0],
          [12.199425, 47.648253, 469.0],
          [12.199385, 47.648118, 469.0],
          [12.199219, 47.647776, 469.75],
          [12.199200, 47.647724, 469.5],
          [12.199209, 47.647678, 469.5],
          [12.199132, 47.647475, 469.0],
          [12.199099, 47.647185, 468.5],
          [12.199115, 47.646855, 469.25],
          [12.199148, 47.646729, 469.75],
          [12.199237, 47.646481, 469.5],
          [12.199311, 47.646169, 469.25],
          [12.199383, 47.646039, 469.25],
          [12.199470, 47.645937, 469.5],
          [12.199595, 47.645829, 469.25],
          [12.199721, 47.645762, 469.25],
          [12.199910, 47.645676, 469.5],
          [12.200007, 47.645606, 469.75],
          [12.200091, 47.645507, 469.5],
          [12.200171, 47.645355, 469.25],
          [12.200208, 47.645217, 469.0],
          [12.200239, 47.644940, 468.25],
          [12.200246, 47.644718, 469.0],
          [12.200225, 47.644496, 469.0],
          [12.200161, 47.644404, 469.25],
          [12.199894, 47.644145, 468.75],
          [12.199848, 47.644049, 469.25],
          [12.199825, 47.643928, 469.5],
          [12.199817, 47.643713, 469.5],
          [12.199786, 47.643643, 469.75],
          [12.199739, 47.643595, 469.75],
          [12.199664, 47.643556, 470.25],
          [12.199527, 47.643527, 470.75],
          [12.199057, 47.643461, 471.0],
          [12.198777, 47.643419, 470.5],
          [12.199013, 47.643133, 471.0],
          [12.199177, 47.642961, 471.25],
          [12.199524, 47.642646, 469.5],
          [12.199787, 47.642422, 468.75],
          [12.200029, 47.642205, 472.25],
          [12.200204, 47.642012, 471.75],
          [12.200254, 47.641942, 473.0],
          [12.200300, 47.641854, 472.75],
          [12.200328, 47.641752, 472.75],
          [12.200347, 47.641625, 473.0],
          [12.200239, 47.641435, 474.0],
          [12.200233, 47.641388, 474.25],
          [12.200262, 47.640758, 477.75],
          [12.200424, 47.640411, 476.5],
          [12.200643, 47.639867, 476.5],
          [12.200685, 47.639796, 476.5],
          [12.200736, 47.639751, 476.75],
          [12.200804, 47.639719, 477.0],
          [12.200908, 47.639691, 476.75],
          [12.201219, 47.639666, 476.5],
          [12.201356, 47.639670, 476.75],
          [12.201542, 47.639713, 478.0],
          [12.201651, 47.639722, 478.75],
          [12.201735, 47.639718, 478.25],
          [12.201713, 47.639596, 477.75],
          [12.201656, 47.639316, 477.25],
          [12.201634, 47.639200, 477.75],
          [12.201370, 47.639239, 477.0],
          [12.201283, 47.639237, 477.25],
          [12.201218, 47.639222, 477.25],
          [12.201150, 47.639191, 477.75],
          [12.200976, 47.639072, 476.75],
          [12.200903, 47.638998, 476.75],
          [12.200887, 47.638921, 477.0],
          [12.200926, 47.638775, 476.25],
          [12.201127, 47.638248, 477.5],
          [12.201543, 47.637103, 476.25],
          [12.201889, 47.636052, 476.5],
          [12.203511, 47.630757, 476.0],
          [12.203622, 47.630342, 477.5],
          [12.203669, 47.630138, 476.75],
          [12.203713, 47.629880, 476.0],
          [12.203758, 47.629709, 476.0],
          [12.203829, 47.629563, 476.75],
          [12.203897, 47.629473, 477.5],
          [12.204344, 47.628857, 475.75],
          [12.204443, 47.628685, 477.0],
          [12.204478, 47.628586, 477.0],
          [12.204497, 47.628098, 476.75],
          [12.204527, 47.627861, 476.25],
          [12.204534, 47.627651, 476.0],
          [12.204515, 47.627448, 476.25],
          [12.204517, 47.627312, 476.25],
          [12.204540, 47.627098, 475.75],
          [12.204533, 47.626969, 476.0],
          [12.204495, 47.626857, 476.5],
          [12.204411, 47.626717, 477.25],
          [12.204118, 47.626388, 477.75],
          [12.204052, 47.626291, 476.75],
          [12.204014, 47.626173, 476.25],
          [12.204015, 47.625879, 476.0],
          [12.204152, 47.625062, 477.0],
          [12.204268, 47.624434, 476.5],
          [12.204435, 47.623737, 477.5],
          [12.204561, 47.623371, 476.0],
          [12.204736, 47.622979, 477.25],
          [12.205053, 47.622384, 476.75],
          [12.205564, 47.621495, 477.0],
          [12.206597, 47.619546, 476.5],
          [12.207284, 47.618261, 476.5],
          [12.207899, 47.617050, 476.25],
          [12.208275, 47.616277, 477.25],
          [12.208592, 47.615558, 477.75],
          [12.208846, 47.614939, 477.0],
          [12.209069, 47.614308, 476.25],
          [12.209166, 47.613980, 477.5],
          [12.209227, 47.613700, 476.25],
          [12.209264, 47.613451, 475.75],
          [12.209292, 47.613103, 475.5],
          [12.209297, 47.612616, 476.0],
          [12.209273, 47.612363, 476.25],
          [12.209235, 47.612097, 476.5],
          [12.209172, 47.611820, 477.25],
          [12.209056, 47.611432, 476.25],
          [12.208945, 47.611110, 476.75],
          [12.208863, 47.610901, 477.0],
          [12.208663, 47.610453, 477.0],
          [12.208660, 47.610328, 477.0],
          [12.208699, 47.610175, 476.0],
          [12.208714, 47.610056, 476.0],
          [12.208709, 47.609854, 476.25],
          [12.208687, 47.609593, 476.75],
          [12.208663, 47.609513, 477.25],
          [12.208625, 47.609444, 477.75],
          [12.208476, 47.609316, 477.25],
          [12.208081, 47.609086, 477.75],
          [12.208050, 47.609065, 477.75],
          [12.207949, 47.608978, 477.75],
          [12.207806, 47.608850, 478.0],
          [12.207660, 47.608695, 477.5],
          [12.207550, 47.608518, 477.25],
          [12.207446, 47.608276, 477.75],
          [12.207379, 47.607989, 477.5],
          [12.207307, 47.607725, 477.25],
          [12.207215, 47.607464, 477.75],
          [12.207123, 47.607261, 477.5],
          [12.207011, 47.607060, 477.5],
          [12.206891, 47.606899, 478.0],
          [12.206751, 47.606761, 478.0],
          [12.206517, 47.606602, 477.75],
          [12.206355, 47.606534, 477.75],
          [12.206148, 47.606483, 478.25],
          [12.206002, 47.606462, 478.25],
          [12.204498, 47.606246, 478.5],
          [12.203972, 47.606103, 478.5],
          [12.203513, 47.605932, 478.75],
          [12.203028, 47.605760, 478.25],
          [12.202729, 47.605667, 479.25],
          [12.202347, 47.605569, 479.25],
          [12.201739, 47.605432, 478.5],
          [12.200893, 47.605311, 478.75],
          [12.200108, 47.605223, 478.25],
          [12.198944, 47.605071, 479.0],
          [12.196989, 47.604865, 479.25],
          [12.196435, 47.604801, 479.75],
          [12.194341, 47.604518, 479.75],
          [12.193797, 47.604464, 477.75],
          [12.193428, 47.604443, 478.5],
          [12.193019, 47.604443, 478.75],
          [12.190675, 47.604343, 477.0],
          [12.189597, 47.604324, 476.5],
          [12.186692, 47.604325, 477.25],
          [12.186480, 47.604322, 477.25],
          [12.186278, 47.604306, 477.25],
          [12.185967, 47.604248, 477.0],
          [12.185786, 47.604205, 477.0],
          [12.185632, 47.604164, 477.5],
          [12.184907, 47.603981, 477.5],
          [12.184510, 47.603869, 478.0],
          [12.184378, 47.603819, 477.75],
          [12.184235, 47.603740, 477.5],
          [12.183880, 47.603445, 478.0],
          [12.183703, 47.603349, 478.5],
          [12.182898, 47.603058, 478.25],
          [12.182579, 47.602934, 478.75],
          [12.182258, 47.602784, 479.0],
          [12.181845, 47.602577, 479.75],
          [12.181452, 47.602361, 479.25],
          [12.181054, 47.602177, 479.0],
          [12.180825, 47.602079, 479.0],
          [12.180225, 47.601732, 480.0],
          [12.179903, 47.601527, 479.75],
          [12.179743, 47.601405, 480.0],
          [12.179249, 47.600983, 478.25],
          [12.178992, 47.600727, 478.0],
          [12.178503, 47.600292, 478.0],
          [12.178462, 47.600246, 477.75],
          [12.178443, 47.600181, 477.75],
          [12.178459, 47.600127, 477.75],
          [12.178491, 47.600091, 478.0],
          [12.179133, 47.599621, 479.0],
          [12.179093, 47.599589, 479.0],
          [12.178894, 47.599457, 479.75],
          [12.178844, 47.599422, 479.75],
          [12.178393, 47.599731, 478.5],
          [12.178289, 47.599794, 478.25],
          [12.178205, 47.599822, 478.25],
          [12.178117, 47.599832, 478.0],
          [12.178038, 47.599828, 478.0],
          [12.177962, 47.599812, 478.25],
          [12.177890, 47.599787, 478.5],
          [12.177748, 47.599717, 478.75],
          [12.177355, 47.599487, 478.75],
          [12.177092, 47.599315, 478.25],
          [12.176860, 47.599155, 478.75],
          [12.176637, 47.598985, 479.0],
          [12.175856, 47.598353, 479.0],
          [12.175560, 47.598072, 479.75],
          [12.173526, 47.595856, 479.75],
          [12.173247, 47.595631, 479.5],
          [12.171897, 47.594777, 479.25],
          [12.171529, 47.594483, 479.0],
          [12.171280, 47.594375, 478.75],
          [12.171118, 47.594275, 478.75],
          [12.171000, 47.594205, 479.5],
          [12.170848, 47.594155, 479.75],
          [12.170072, 47.593718, 479.25],
          [12.169203, 47.593267, 478.75],
          [12.168451, 47.592899, 478.75],
          [12.168200, 47.592756, 479.0],
          [12.167961, 47.592611, 478.75],
          [12.167835, 47.592516, 479.0],
          [12.167666, 47.592373, 479.0],
          [12.167301, 47.592021, 481.0],
          [12.167203, 47.591892, 480.0],
          [12.167086, 47.591674, 479.75],
          [12.166912, 47.591215, 479.25],
          [12.166876, 47.591086, 479.25],
          [12.166827, 47.590520, 480.25],
          [12.166826, 47.590090, 479.75],
          [12.166849, 47.589772, 479.25],
          [12.166876, 47.589537, 480.0],
          [12.166923, 47.589343, 480.75],
          [12.166985, 47.588978, 480.25],
          [12.167186, 47.588194, 480.5],
          [12.167113, 47.588182, 479.75],
          [12.165703, 47.588004, 478.75],
          [12.165609, 47.587992, 479.5],
          [12.165682, 47.587923, 479.0],
          [12.165726, 47.587819, 478.75],
          [12.166072, 47.586568, 480.0],
          [12.166133, 47.586279, 480.0],
          [12.166252, 47.586075, 479.25],
          [12.166489, 47.585281, 479.25],
          [12.166541, 47.585233, 478.75],
          [12.166610, 47.585017, 478.25],
          [12.166693, 47.584685, 479.75],
          [12.166789, 47.584168, 479.5],
          [12.166871, 47.583539, 479.5],
          [12.166890, 47.583081, 479.5],
          [12.166911, 47.583000, 479.25],
          [12.166849, 47.582573, 479.25],
          [12.166796, 47.582351, 479.5],
          [12.166745, 47.582104, 480.0],
          [12.166684, 47.581905, 480.25],
          [12.166578, 47.581613, 479.25],
          [12.166323, 47.581076, 480.25],
          [12.166168, 47.580878, 481.25],
          [12.165978, 47.580685, 480.5],
          [12.165884, 47.580604, 480.0],
          [12.165765, 47.580504, 480.25],
          [12.165472, 47.580300, 480.75],
          [12.164959, 47.579969, 481.0],
          [12.164886, 47.579938, 481.25],
          [12.164770, 47.579911, 481.5],
          [12.164694, 47.579885, 481.5],
          [12.164188, 47.579635, 481.75],
          [12.163694, 47.579417, 481.5],
          [12.162771, 47.579137, 482.25],
          [12.160909, 47.578501, 481.5],
          [12.158311, 47.577663, 483.75],
          [12.157589, 47.577419, 482.5],
          [12.157168, 47.577307, 482.25],
          [12.156752, 47.577222, 483.25],
          [12.154886, 47.576725, 482.25],
          [12.153421, 47.576445, 482.25],
          [12.153098, 47.576396, 483.0],
          [12.151942, 47.576330, 483.5],
          [12.151623, 47.576284, 482.25],
          [12.151526, 47.576277, 481.75],
          [12.150926, 47.576276, 481.5],
          [12.150602, 47.576262, 481.25],
          [12.149556, 47.576170, 480.5],
          [12.149194, 47.576128, 481.75],
          [12.148802, 47.576071, 482.75],
          [12.148449, 47.576002, 483.25],
          [12.148188, 47.575981, 483.5],
          [12.148032, 47.575958, 483.25],
          [12.147595, 47.575840, 483.5],
          [12.147033, 47.575648, 483.5],
          [12.146918, 47.575593, 483.25],
          [12.146723, 47.575469, 484.25],
          [12.146645, 47.575382, 485.25],
          [12.146764, 47.575325, 484.5],
          [12.146789, 47.575293, 484.5],
          [12.146798, 47.575251, 484.25],
          [12.146788, 47.575195, 484.25],
          [12.146445, 47.574735, 484.75],
          [12.146204, 47.574530, 486.5],
          [12.145965, 47.574214, 486.75],
          [12.145747, 47.573877, 486.0],
          [12.145642, 47.573616, 483.75],
          [12.145563, 47.573460, 483.25],
          [12.145311, 47.573101, 483.5],
          [12.145160, 47.572918, 484.0],
          [12.144607, 47.572174, 484.0],
          [12.144360, 47.571827, 483.5],
          [12.143994, 47.571271, 483.5],
          [12.143746, 47.570831, 483.5],
          [12.143560, 47.570478, 483.25],
          [12.143459, 47.570264, 483.5],
          [12.143395, 47.570085, 483.0],
          [12.143319, 47.569763, 483.25],
          [12.143315, 47.569625, 483.25],
          [12.143346, 47.569517, 483.0],
          [12.143399, 47.569417, 483.5],
          [12.143481, 47.569322, 484.5],
          [12.143608, 47.569227, 483.75],
          [12.143942, 47.569029, 485.0],
          [12.143994, 47.568973, 484.75],
          [12.144014, 47.568912, 484.5],
          [12.143927, 47.568674, 483.75],
          [12.143903, 47.568610, 483.5],
          [12.143679, 47.568181, 483.0],
          [12.143626, 47.568130, 483.75],
          [12.143569, 47.568104, 484.0],
          [12.143496, 47.568090, 484.0],
          [12.143385, 47.568100, 484.0],
          [12.143323, 47.568100, 483.75],
          [12.143255, 47.568090, 483.5],
          [12.143193, 47.568052, 483.25],
          [12.143152, 47.567994, 483.25],
          [12.143088, 47.567860, 483.5],
          [12.143013, 47.567730, 483.75],
          [12.142702, 47.567241, 483.25],
          [12.142248, 47.566427, 483.5],
          [12.142174, 47.566312, 484.0],
          [12.141902, 47.565968, 483.5],
          [12.141004, 47.564759, 484.25],
          [12.140809, 47.564539, 484.25],
          [12.140701, 47.564239, 484.5],
          [12.140526, 47.564064, 484.5],
          [12.140297, 47.563877, 484.0],
          [12.140197, 47.563765, 484.75],
          [12.140059, 47.563431, 484.25],
          [12.139942, 47.563013, 485.0],
          [12.139862, 47.562865, 484.25],
          [12.139738, 47.562701, 484.0],
          [12.139526, 47.562459, 484.5],
          [12.139459, 47.562398, 484.5],
          [12.139525, 47.562362, 484.5],
          [12.139573, 47.562323, 484.25],
          [12.139627, 47.562264, 484.5],
          [12.139610, 47.562199, 484.5],
          [12.139493, 47.562063, 484.5],
          [12.139182, 47.561760, 484.75],
          [12.139007, 47.561626, 484.25],
          [12.138704, 47.561424, 484.75],
          [12.137963, 47.560962, 487.75],
          [12.137864, 47.560918, 488.5],
          [12.137742, 47.560877, 490.0],
          [12.137595, 47.560799, 489.75],
          [12.137524, 47.560746, 489.0],
          [12.137470, 47.560694, 488.25],
          [12.137417, 47.560627, 487.5],
          [12.137287, 47.560432, 487.75],
          [12.137214, 47.560360, 487.75],
          [12.137085, 47.560276, 487.75],
          [12.136652, 47.560063, 487.75],
          [12.136262, 47.559902, 487.75],
          [12.135886, 47.559755, 487.75],
          [12.135053, 47.559483, 488.0],
          [12.134310, 47.559151, 487.75],
          [12.133733, 47.558870, 486.75],
          [12.132249, 47.557898, 487.0],
          [12.131490, 47.557430, 486.75],
          [12.130711, 47.556968, 487.5],
          [12.129788, 47.556461, 487.5],
          [12.128499, 47.555733, 487.0],
          [12.127944, 47.555410, 487.0],
          [12.126645, 47.554588, 486.5],
          [12.126181, 47.554370, 487.0],
          [12.125771, 47.554092, 487.75],
          [12.125384, 47.553859, 487.75],
          [12.125003, 47.553583, 487.75],
          [12.124631, 47.553324, 488.25],
          [12.124289, 47.553022, 487.75],
          [12.123887, 47.552750, 487.75],
          [12.123521, 47.552444, 488.25],
          [12.122127, 47.551087, 488.25],
          [12.121705, 47.550656, 488.0],
          [12.120516, 47.549226, 488.25],
          [12.119737, 47.548114, 488.0],
          [12.119130, 47.547194, 488.0],
          [12.118024, 47.545403, 488.0],
          [12.117574, 47.544741, 487.75],
          [12.117184, 47.543776, 487.5],
          [12.117077, 47.543599, 487.5],
          [12.116956, 47.543445, 487.75],
          [12.115868, 47.542210, 487.75],
          [12.115440, 47.541848, 487.75],
          [12.114752, 47.541372, 487.75],
          [12.114231, 47.540949, 488.0],
          [12.113933, 47.540751, 488.25],
          [12.113535, 47.540556, 489.25],
          [12.113073, 47.540287, 488.75],
          [12.112609, 47.539961, 488.75],
          [12.112162, 47.539636, 488.75],
          [12.111618, 47.539226, 488.75],
          [12.110113, 47.538237, 489.5],
          [12.109330, 47.537748, 489.0],
          [12.108600, 47.537320, 490.0],
          [12.108011, 47.536999, 489.75],
          [12.107382, 47.536672, 489.0],
          [12.106399, 47.536192, 490.75],
          [12.105373, 47.535730, 490.0],
          [12.104822, 47.535489, 490.0],
          [12.104697, 47.535437, 490.25],
          [12.104319, 47.535395, 490.75],
          [12.104137, 47.535339, 490.5],
          [12.104065, 47.535291, 490.5],
          [12.103941, 47.535166, 490.25],
          [12.103829, 47.535095, 490.5],
          [12.103718, 47.535041, 490.25],
          [12.101219, 47.534270, 491.75],
          [12.100997, 47.534189, 490.25],
          [12.099916, 47.533676, 488.25],
          [12.099359, 47.533386, 489.0],
          [12.099251, 47.533322, 489.5],
          [12.099221, 47.533301, 489.5],
          [12.098901, 47.533069, 489.75],
          [12.098749, 47.532978, 488.75],
          [12.097748, 47.532522, 489.75],
          [12.097431, 47.532351, 488.5],
          [12.096684, 47.531947, 488.75],
          [12.096508, 47.531827, 488.25],
          [12.096299, 47.531724, 488.5],
          [12.095463, 47.531334, 488.75],
          [12.095076, 47.531140, 488.75],
          [12.094446, 47.530808, 489.75],
          [12.093534, 47.530277, 489.25],
          [12.093465, 47.530253, 489.25],
          [12.093375, 47.530237, 489.5],
          [12.093299, 47.530239, 489.75],
          [12.093221, 47.530084, 489.5],
          [12.093202, 47.530079, 489.5],
          [12.093097, 47.530102, 489.75],
          [12.092989, 47.530124, 490.0],
          [12.092961, 47.530117, 490.0],
          [12.092931, 47.530062, 490.0],
          [12.092886, 47.530024, 490.0],
          [12.092769, 47.530001, 490.0],
          [12.092716, 47.530010, 490.0],
          [12.092479, 47.530063, 490.0],
          [12.092444, 47.529991, 490.0],
          [12.090726, 47.529944, 490.0],
          [12.090069, 47.529887, 489.0],
          [12.089937, 47.529885, 489.5],
          [12.089760, 47.529907, 491.5],
          [12.089559, 47.529936, 492.25],
          [12.089464, 47.529941, 492.5],
          [12.089373, 47.529935, 492.75],
          [12.089160, 47.529897, 492.5],
          [12.088251, 47.529729, 492.0],
          [12.088012, 47.529685, 492.0],
          [12.087933, 47.529670, 492.0],
          [12.087613, 47.529608, 492.5],
          [12.086042, 47.529303, 494.0],
          [12.085677, 47.529215, 494.25],
          [12.085393, 47.529121, 494.25],
          [12.085100, 47.528999, 494.5],
          [12.084752, 47.528816, 495.0],
          [12.084041, 47.528370, 495.0],
          [12.083311, 47.527923, 495.0],
          [12.082995, 47.527697, 495.0],
          [12.082654, 47.527399, 495.25],
          [12.080709, 47.525676, 495.0],
          [12.080653, 47.525636, 495.0],
          [12.080581, 47.525621, 495.0],
          [12.080494, 47.525620, 494.5],
          [12.079641, 47.525774, 494.0],
          [12.079228, 47.525838, 495.0],
          [12.078978, 47.525866, 495.0],
          [12.078678, 47.525875, 495.0],
          [12.078425, 47.525882, 494.5],
          [12.077713, 47.525881, 494.25],
          [12.077316, 47.525873, 494.25],
          [12.076973, 47.525850, 494.0],
          [12.076695, 47.525819, 493.5],
          [12.076042, 47.525714, 493.75],
          [12.075556, 47.525609, 494.0],
          [12.075069, 47.525462, 492.25],
          [12.074582, 47.525287, 493.5],
          [12.074188, 47.525109, 493.0],
          [12.073789, 47.524898, 493.0],
          [12.073342, 47.524616, 493.0],
          [12.072903, 47.524306, 493.25],
          [12.072358, 47.523892, 493.5],
          [12.071639, 47.523318, 493.75],
          [12.071201, 47.522928, 493.75],
          [12.071084, 47.522801, 494.25],
          [12.070991, 47.522677, 493.25],
          [12.070775, 47.522326, 493.5],
          [12.070663, 47.522051, 492.75],
          [12.070599, 47.521799, 493.5],
          [12.070555, 47.521488, 495.0],
          [12.070566, 47.521202, 494.75],
          [12.070621, 47.520883, 493.75],
          [12.070735, 47.520557, 494.75],
          [12.070928, 47.520237, 494.5],
          [12.071205, 47.519914, 494.25],
          [12.071399, 47.519717, 494.75],
          [12.071525, 47.519607, 494.0],
          [12.071843, 47.519371, 494.0],
          [12.072196, 47.519137, 495.0],
          [12.072245, 47.519092, 494.75],
          [12.072272, 47.519051, 494.75],
          [12.072272, 47.519002, 494.75],
          [12.072226, 47.518931, 494.75],
          [12.069604, 47.517190, 494.75],
          [12.069491, 47.517074, 494.25],
          [12.069285, 47.516803, 494.0],
          [12.068681, 47.515761, 494.0],
          [12.068007, 47.514620, 495.0],
          [12.067794, 47.514205, 495.75],
          [12.067054, 47.512587, 498.25],
          [12.066993, 47.512495, 498.75],
          [12.066787, 47.511953, 498.5],
          [12.066696, 47.511618, 499.0],
          [12.066622, 47.511265, 499.0],
          [12.066612, 47.511146, 499.0],
          [12.066616, 47.511027, 498.75],
          [12.066627, 47.510884, 498.75],
          [12.066659, 47.510697, 498.75],
          [12.066746, 47.510283, 499.0],
          [12.066809, 47.509967, 498.75],
          [12.066830, 47.509861, 498.75],
          [12.066922, 47.509407, 499.0],
          [12.066939, 47.509310, 499.0],
          [12.066954, 47.509209, 499.0],
          [12.066939, 47.509099, 499.0],
          [12.066887, 47.508993, 499.0],
          [12.066086, 47.508358, 499.0],
          [12.065564, 47.507935, 499.0],
          [12.065239, 47.507661, 499.0],
          [12.065134, 47.507570, 499.0],
          [12.064884, 47.507362, 499.25],
          [12.064850, 47.507333, 499.5],
          [12.064911, 47.507300, 499.25],
          [12.065009, 47.507243, 499.0],
          [12.065145, 47.507145, 498.75],
          [12.065304, 47.507013, 498.0],
          [12.065453, 47.506850, 498.0],
          [12.065641, 47.506595, 498.25],
          [12.065733, 47.506462, 499.0],
          [12.065909, 47.506204, 498.25],
          [12.066518, 47.505430, 498.5],
          [12.066603, 47.505310, 499.5],
          [12.066699, 47.505176, 499.5],
          [12.066889, 47.504945, 498.75],
          [12.067762, 47.503842, 499.0],
          [12.067978, 47.503607, 499.0],
          [12.068249, 47.503355, 499.5],
          [12.068529, 47.503139, 499.75],
          [12.068456, 47.503091, 499.75],
          [12.067093, 47.501958, 499.0],
          [12.066964, 47.501787, 499.5],
          [12.066893, 47.501650, 500.0],
          [12.066846, 47.501561, 500.75],
          [12.066789, 47.501270, 502.25],
          [12.066710, 47.501181, 502.5],
          [12.066554, 47.501073, 503.0],
          [12.066209, 47.500888, 503.0],
          [12.066038, 47.500761, 503.0],
          [12.065984, 47.500705, 503.0],
          [12.065943, 47.500649, 503.0],
          [12.065894, 47.500534, 503.0],
          [12.065881, 47.500462, 503.0],
          [12.065884, 47.500408, 503.0],
          [12.065922, 47.500323, 503.0],
          [12.066012, 47.500228, 503.0],
          [12.067423, 47.499233, 504.5],
          [12.067624, 47.499043, 504.75],
          [12.067783, 47.498847, 504.75],
          [12.067891, 47.498653, 504.5],
          [12.067958, 47.498473, 504.0],
          [12.067991, 47.498333, 503.75],
          [12.067998, 47.498154, 503.75],
          [12.067983, 47.498021, 503.5],
          [12.067943, 47.497804, 502.5],
          [12.067701, 47.496859, 505.0],
          [12.067640, 47.496666, 509.5],
          [12.067478, 47.496196, 507.0],
          [12.067396, 47.495992, 504.0],
          [12.067370, 47.495897, 503.5],
          [12.067333, 47.495590, 502.25],
          [12.067294, 47.495314, 503.75],
          [12.067265, 47.495245, 504.0],
          [12.067385, 47.495222, 504.0],
          [12.067428, 47.495226, 504.0],
          [12.067592, 47.495327, 504.0],
          [12.067701, 47.495354, 504.25],
          [12.068124, 47.495309, 503.5],
          [12.068189, 47.495102, 504.25],
          [12.068209, 47.495031, 504.25],
          [12.068226, 47.494937, 504.25],
          [12.068242, 47.494731, 504.5],
          [12.068255, 47.494584, 504.5],
          [12.068084, 47.494461, 504.0],
          [12.068034, 47.494417, 504.0],
          [12.067974, 47.494327, 504.0],
          [12.067946, 47.494280, 504.0],
          [12.067919, 47.494232, 504.0],
          [12.068043, 47.494207, 504.0],
          [12.068113, 47.494187, 504.0],
          [12.068254, 47.494139, 504.0],
          [12.068874, 47.493847, 505.0],
          [12.068805, 47.493784, 505.25],
          [12.068781, 47.493762, 505.25],
          [12.068107, 47.493316, 505.0],
          [12.067958, 47.493212, 505.25],
          [12.067284, 47.492745, 505.25],
          [12.067154, 47.492691, 505.25],
          [12.067079, 47.492661, 505.25],
          [12.066987, 47.492600, 505.5],
          [12.066677, 47.492396, 505.25],
          [12.066277, 47.492115, 506.0],
          [12.065605, 47.491645, 506.0],
          [12.065513, 47.491581, 506.25],
          [12.065487, 47.491563, 506.25],
          [12.064210, 47.490695, 506.0],
          [12.063548, 47.490245, 505.75],
          [12.063146, 47.489983, 505.5],
          [12.062494, 47.489574, 506.0],
          [12.062532, 47.489551, 506.0],
          [12.062593, 47.489476, 506.0],
          [12.062674, 47.489383, 506.0],
          [12.062711, 47.489272, 506.25],
          [12.062331, 47.489108, 506.0],
          [12.061931, 47.488934, 505.0],
          [12.061812, 47.488884, 505.0],
          [12.061468, 47.488737, 505.0],
          [12.061331, 47.488678, 505.0],
          [12.061166, 47.488607, 505.0],
          [12.060917, 47.488501, 505.25],
          [12.060836, 47.488466, 505.5],
          [12.060770, 47.488439, 505.5],
          [12.060727, 47.488425, 505.75],
          [12.060708, 47.488440, 505.75],
          [12.060659, 47.488458, 505.75],
          [12.060621, 47.488461, 505.75],
          [12.060584, 47.488456, 505.75],
          [12.060550, 47.488442, 506.0],
          [12.060524, 47.488421, 506.0],
          [12.060510, 47.488396, 506.0],
          [12.060509, 47.488369, 506.0],
          [12.060520, 47.488344, 506.0],
          [12.060494, 47.488333, 506.0],
          [12.060471, 47.488322, 506.0],
          [12.060452, 47.488315, 506.0],
          [12.060383, 47.488283, 506.0],
          [12.060339, 47.488265, 506.0],
          [12.060247, 47.488264, 505.75],
          [12.060176, 47.488270, 505.5],
          [12.060104, 47.488285, 505.25],
          [12.060023, 47.488314, 505.0],
          [12.059850, 47.488390, 504.75],
          [12.059582, 47.488505, 504.5],
          [12.059478, 47.488532, 504.25],
          [12.059411, 47.488537, 504.0],
          [12.059342, 47.488530, 504.0],
          [12.059107, 47.488488, 503.75],
          [12.058971, 47.488456, 503.5],
          [12.058791, 47.488399, 502.75],
          [12.058588, 47.488321, 501.75],
          [12.058469, 47.488264, 501.5],
          [12.058399, 47.488198, 501.5],
          [12.058368, 47.488147, 501.5],
          [12.058340, 47.488095, 501.75],
          [12.058264, 47.487879, 501.5],
          [12.058202, 47.487752, 501.5],
          [12.058039, 47.487674, 501.0],
          [12.057928, 47.487541, 501.0],
          [12.057353, 47.487098, 500.25],
          [12.057285, 47.486925, 500.0],
          [12.056526, 47.486405, 500.0],
          [12.055810, 47.485974, 500.75],
          [12.055305, 47.485701, 500.75],
          [12.055225, 47.485660, 500.75],
          [12.054887, 47.485497, 500.25],
          [12.054327, 47.485233, 500.25],
          [12.053812, 47.484992, 500.25],
          [12.053643, 47.484911, 500.5],
          [12.053395, 47.484797, 500.25],
          [12.052895, 47.484564, 500.0],
          [12.052181, 47.484230, 500.0],
          [12.051520, 47.483922, 500.0],
          [12.051375, 47.483888, 500.0],
          [12.050905, 47.483813, 501.75],
          [12.050764, 47.483764, 502.0],
          [12.050677, 47.483728, 502.0],
          [12.050650, 47.483717, 502.0],
          [12.050283, 47.483569, 501.0],
          [12.050237, 47.483527, 500.75],
          [12.050087, 47.483657, 500.25],
          [12.049895, 47.483889, 500.0],
          [12.049808, 47.483948, 499.5],
          [12.049731, 47.483982, 499.0],
          [12.049646, 47.484007, 499.0],
          [12.049562, 47.484023, 499.0],
          [12.047800, 47.484173, 499.75],
          [12.047661, 47.484115, 499.75],
          [12.046272, 47.483773, 499.75],
          [12.045658, 47.483710, 499.75],
          [12.045303, 47.483637, 500.0],
          [12.044403, 47.483434, 499.5],
          [12.044157, 47.483386, 500.0],
          [12.043082, 47.483243, 499.0],
          [12.042711, 47.483184, 499.25],
          [12.042546, 47.483142, 500.0],
          [12.042290, 47.483007, 500.0],
          [12.042187, 47.482982, 500.0],
          [12.041520, 47.483021, 500.0],
          [12.041268, 47.483011, 499.5],
          [12.041026, 47.482986, 499.25],
          [12.040493, 47.482914, 499.5],
          [12.039794, 47.482870, 500.5],
          [12.038264, 47.482709, 499.25],
          [12.037073, 47.482517, 500.5],
          [12.036928, 47.482471, 500.75],
          [12.036566, 47.482471, 500.0],
          [12.036188, 47.482488, 500.0],
          [12.036101, 47.482486, 499.75],
          [12.035265, 47.482400, 499.25],
          [12.035137, 47.482376, 499.5],
          [12.034289, 47.482296, 500.5],
          [12.033208, 47.482179, 500.0],
          [12.032876, 47.482154, 500.0],
          [12.032208, 47.482076, 500.25],
          [12.031532, 47.482011, 501.0],
          [12.031349, 47.481987, 500.25],
          [12.030960, 47.481912, 500.0],
          [12.030728, 47.481842, 500.0],
          [12.030166, 47.481730, 500.5],
          [12.029836, 47.481682, 501.0],
          [12.028925, 47.481588, 500.25],
          [12.028726, 47.481518, 500.5],
          [12.028655, 47.481506, 500.5],
          [12.028561, 47.481513, 500.75],
          [12.028371, 47.481537, 502.0],
          [12.028118, 47.481611, 502.5],
          [12.028000, 47.481621, 502.5],
          [12.027874, 47.481620, 502.0],
          [12.027793, 47.481608, 502.0],
          [12.027716, 47.481578, 502.25],
          [12.027540, 47.481461, 501.75],
          [12.027417, 47.481429, 500.75],
          [12.027228, 47.481408, 500.0],
          [12.026874, 47.481405, 500.75],
          [12.026827, 47.481393, 500.5],
          [12.026799, 47.481375, 500.5],
          [12.026783, 47.481353, 500.25],
          [12.026777, 47.481321, 500.5],
          [12.026856, 47.480851, 501.0],
          [12.026821, 47.480723, 501.0],
          [12.026811, 47.480543, 501.5],
          [12.026800, 47.480507, 501.5],
          [12.026779, 47.480484, 501.75],
          [12.026689, 47.480450, 502.25],
          [12.026641, 47.480426, 502.25],
          [12.026623, 47.480406, 502.25],
          [12.026623, 47.480355, 502.5],
          [12.026646, 47.480278, 502.75],
          [12.026649, 47.480212, 502.5],
          [12.026626, 47.480172, 502.5],
          [12.026595, 47.480141, 502.25],
          [12.026533, 47.480110, 502.0],
          [12.026449, 47.480094, 502.0],
          [12.026028, 47.480069, 501.75],
          [12.024914, 47.479893, 501.0],
          [12.024378, 47.479749, 501.0],
          [12.024013, 47.479690, 501.0],
          [12.023966, 47.479683, 501.0],
          [12.023790, 47.479660, 501.0],
          [12.023215, 47.479469, 501.0],
          [12.022897, 47.479394, 501.0],
          [12.022733, 47.479371, 501.0],
          [12.022564, 47.479360, 501.0],
          [12.022294, 47.479354, 501.0],
          [12.021887, 47.479357, 501.0],
          [12.021730, 47.479373, 501.0],
          [12.021452, 47.479421, 501.0],
          [12.021182, 47.479479, 501.0],
          [12.020992, 47.479537, 501.0],
          [12.020807, 47.479608, 501.0],
          [12.020449, 47.479703, 501.5],
          [12.020198, 47.479741, 501.0],
          [12.019544, 47.479787, 501.25],
          [12.018414, 47.479832, 501.0],
          [12.018223, 47.479850, 501.0],
          [12.017773, 47.479920, 501.25],
          [12.016723, 47.480040, 501.75],
          [12.016480, 47.480044, 501.75],
          [12.016265, 47.480014, 501.75],
          [12.015971, 47.479947, 501.5],
          [12.015461, 47.479777, 501.75],
          [12.015383, 47.479760, 501.75],
          [12.015299, 47.479750, 501.75],
          [12.015115, 47.479748, 501.75],
          [12.014832, 47.479784, 501.75],
          [12.014639, 47.479798, 501.5],
          [12.014579, 47.479928, 501.25],
          [12.014517, 47.480036, 501.0],
          [12.014482, 47.480082, 501.0],
          [12.014433, 47.480122, 501.0],
          [12.014378, 47.480173, 501.25],
          [12.014356, 47.480208, 501.25],
          [12.014324, 47.480338, 501.75],
          [12.014283, 47.480501, 501.5],
          [12.014265, 47.480565, 501.25],
          [12.013660, 47.480488, 502.25],
          [12.008299, 47.479915, 503.5],
          [12.002687, 47.479324, 504.5],
          [12.002630, 47.479316, 504.75],
          [11.995961, 47.478612, 505.25],
          [11.995978, 47.478541, 505.75],
          [11.996017, 47.478374, 506.0],
          [11.996032, 47.478297, 506.0],
          [11.995983, 47.478036, 506.0],
          [11.995874, 47.478045, 506.0],
          [11.995275, 47.478088, 507.0],
          [11.994964, 47.478082, 507.0],
          [11.994424, 47.478094, 506.5],
          [11.994161, 47.478089, 506.25],
          [11.993421, 47.478016, 507.5],
          [11.992824, 47.477932, 508.25],
          [11.992517, 47.477862, 508.5],
          [11.992251, 47.477768, 508.0],
          [11.992051, 47.477715, 508.0],
          [11.991918, 47.477687, 508.0],
          [11.991478, 47.477644, 508.25],
          [11.991204, 47.477627, 508.25],
          [11.990719, 47.477629, 509.0],
          [11.990502, 47.477650, 509.0],
          [11.990253, 47.477695, 509.75],
          [11.990161, 47.477706, 509.75],
          [11.990101, 47.477700, 509.5],
          [11.990051, 47.477684, 509.5],
          [11.990017, 47.477655, 509.75],
          [11.989993, 47.477615, 510.0],
          [11.989923, 47.477351, 509.75],
          [11.989749, 47.476785, 511.5],
          [11.989743, 47.476765, 511.5],
          [11.989694, 47.476771, 511.25],
          [11.989675, 47.476774, 511.25],
          [11.989445, 47.476800, 510.25],
          [11.989392, 47.476806, 510.5],
          [11.989250, 47.476816, 510.75],
          [11.989152, 47.476808, 511.0],
          [11.988694, 47.476773, 511.0],
          [11.987567, 47.476686, 510.75],
          [11.987227, 47.476659, 510.75],
          [11.987092, 47.476649, 511.0],
          [11.987026, 47.476881, 510.0],
          [11.987003, 47.477026, 509.75],
          [11.986976, 47.477102, 509.25],
          [11.986927, 47.477177, 509.0],
          [11.986883, 47.477225, 509.0],
          [11.986891, 47.477236, 509.0],
          [11.986888, 47.477262, 509.0],
          [11.986875, 47.477277, 509.0],
          [11.986851, 47.477284, 509.0],
          [11.986845, 47.477284, 509.0],
          [11.986829, 47.477338, 509.0],
          [11.986738, 47.477538, 508.25],
          [11.986718, 47.477606, 508.0],
          [11.986736, 47.477617, 508.25],
          [11.986745, 47.477638, 508.25],
          [11.986742, 47.477653, 508.0],
          [11.986716, 47.477672, 508.0],
          [11.986704, 47.477676, 508.0],
          [11.986678, 47.477675, 508.0],
          [11.986647, 47.477660, 508.0],
          [11.986642, 47.477628, 508.0],
          [11.986250, 47.477509, 508.75],
          [11.985892, 47.477440, 508.75],
          [11.985335, 47.477323, 509.75],
          [11.984612, 47.477142, 508.5],
          [11.983878, 47.476910, 509.0],
          [11.983157, 47.476637, 509.25],
          [11.982406, 47.476332, 509.5],
          [11.981784, 47.476063, 509.0],
          [11.981524, 47.475942, 509.0],
          [11.981345, 47.475859, 509.5],
          [11.980668, 47.475520, 509.5],
          [11.980111, 47.475270, 509.25],
          [11.979939, 47.475210, 509.0],
          [11.979848, 47.475183, 509.25],
          [11.979750, 47.475140, 509.25],
          [11.979421, 47.474973, 509.0],
          [11.978902, 47.474710, 510.0],
          [11.978585, 47.474568, 509.5],
          [11.978245, 47.474430, 511.25],
          [11.977905, 47.474309, 511.25],
          [11.977513, 47.474184, 515.5],
          [11.977183, 47.474089, 514.5],
          [11.977121, 47.474074, 515.0],
          [11.976945, 47.474028, 516.75],
          [11.976886, 47.474006, 516.75],
          [11.976841, 47.473987, 516.75],
          [11.976774, 47.473965, 516.5],
          [11.976725, 47.473958, 516.25],
          [11.976652, 47.473958, 516.0],
          [11.976559, 47.473977, 514.5],
          [11.976302, 47.474073, 512.25],
          [11.976202, 47.474092, 511.5],
          [11.976112, 47.474095, 511.0],
          [11.976011, 47.474088, 510.0],
          [11.975802, 47.474046, 509.0],
          [11.975646, 47.474015, 508.5],
          [11.975126, 47.474074, 506.0],
          [11.974780, 47.474165, 506.75],
          [11.974627, 47.474188, 506.5],
          [11.974573, 47.474188, 506.5],
          [11.974512, 47.474190, 506.25],
          [11.974322, 47.474173, 506.25],
          [11.974173, 47.474141, 506.75],
          [11.974064, 47.474107, 506.75],
          [11.973940, 47.474040, 506.25],
          [11.973763, 47.473901, 505.75],
          [11.973418, 47.473573, 506.25],
          [11.973284, 47.473458, 506.0],
          [11.973130, 47.473375, 506.5],
          [11.973027, 47.473340, 507.0],
          [11.972905, 47.473306, 506.75],
          [11.972759, 47.473279, 506.75],
          [11.972295, 47.473232, 506.5],
          [11.972010, 47.473197, 506.0],
          [11.971849, 47.473160, 505.75],
          [11.971746, 47.473125, 506.0],
          [11.971652, 47.473079, 506.0],
          [11.971513, 47.472989, 506.25],
          [11.971249, 47.472760, 505.5],
          [11.970854, 47.472382, 505.5],
          [11.970737, 47.472281, 505.25],
          [11.970597, 47.472182, 505.75],
          [11.970402, 47.472059, 506.0],
          [11.969700, 47.471670, 506.0],
          [11.969571, 47.471615, 506.25],
          [11.969469, 47.471583, 506.5],
          [11.969149, 47.471513, 505.75],
          [11.968481, 47.471423, 506.0],
          [11.967991, 47.471350, 506.0],
          [11.967771, 47.471308, 505.75],
          [11.967576, 47.471247, 505.5],
          [11.967187, 47.471066, 506.0],
          [11.966295, 47.470670, 506.0],
          [11.965920, 47.470476, 505.75],
          [11.965684, 47.470319, 505.5],
          [11.965519, 47.470197, 505.75],
          [11.965461, 47.470137, 505.75],
          [11.965410, 47.470077, 506.0],
          [11.964701, 47.469022, 506.25],
          [11.963563, 47.468518, 506.75],
          [11.955707, 47.465018, 507.0],
          [11.953371, 47.463997, 506.25],
          [11.951588, 47.463205, 507.5],
          [11.950545, 47.462753, 507.75],
          [11.947211, 47.461268, 507.5],
          [11.946927, 47.461158, 507.0],
          [11.946657, 47.461068, 507.75],
          [11.945940, 47.460859, 508.0],
          [11.938170, 47.458769, 508.75],
          [11.937979, 47.458733, 508.75],
          [11.937853, 47.458696, 509.5],
          [11.937714, 47.458657, 509.75],
          [11.936919, 47.458431, 508.75],
          [11.929436, 47.456411, 509.0],
          [11.929113, 47.456305, 509.0],
          [11.928691, 47.456104, 509.0],
          [11.928522, 47.455984, 509.0],
          [11.928142, 47.455644, 509.0],
          [11.926941, 47.456063, 510.0],
          [11.926646, 47.456158, 510.0],
          [11.926455, 47.456188, 510.0],
          [11.926291, 47.456201, 510.0],
          [11.925983, 47.456199, 510.0],
          [11.925727, 47.456163, 510.0],
          [11.924741, 47.455956, 510.0],
          [11.923414, 47.455654, 510.0],
          [11.923114, 47.455539, 510.5],
          [11.921433, 47.454665, 510.0],
          [11.919983, 47.453918, 510.0],
          [11.913343, 47.451382, 511.0],
          [11.913105, 47.451292, 511.75],
          [11.913026, 47.451261, 512.0],
          [11.912365, 47.450978, 511.75],
          [11.911881, 47.450783, 512.0],
          [11.911649, 47.450688, 512.0],
          [11.910687, 47.450288, 512.0],
          [11.909711, 47.449882, 512.0],
          [11.909421, 47.449766, 512.0],
          [11.909090, 47.449624, 512.0],
          [11.908811, 47.449507, 512.5],
          [11.908311, 47.449227, 512.0],
          [11.907972, 47.449016, 512.0],
          [11.906760, 47.448315, 512.0],
          [11.906223, 47.448004, 512.25],
          [11.906134, 47.447939, 512.0],
          [11.906065, 47.447866, 512.0],
          [11.905510, 47.447592, 512.0],
          [11.905271, 47.447446, 512.0],
          [11.904979, 47.447273, 512.0],
          [11.904929, 47.447244, 512.0],
          [11.904368, 47.446978, 513.0],
          [11.904289, 47.446934, 512.75],
          [11.904001, 47.446760, 512.5],
          [11.903956, 47.446732, 512.75],
          [11.903591, 47.446493, 513.0],
          [11.903009, 47.446106, 512.75],
          [11.902812, 47.445965, 512.5],
          [11.902736, 47.445894, 512.75],
          [11.902634, 47.445870, 512.75],
          [11.902432, 47.445800, 513.0],
          [11.902327, 47.445761, 513.0],
          [11.902073, 47.445655, 513.0],
          [11.901703, 47.445512, 512.0],
          [11.901232, 47.445358, 513.0],
          [11.900886, 47.445263, 512.75],
          [11.900755, 47.445226, 513.0],
          [11.900652, 47.445199, 513.0],
          [11.900588, 47.445182, 513.0],
          [11.900297, 47.445100, 513.0],
          [11.900246, 47.445081, 513.0],
          [11.900044, 47.445000, 513.0],
          [11.899838, 47.444917, 513.0],
          [11.899037, 47.444549, 513.0],
          [11.898804, 47.444465, 513.0],
          [11.898604, 47.444406, 513.0],
          [11.898166, 47.444284, 513.25],
          [11.897800, 47.444131, 513.75],
          [11.897282, 47.443854, 513.75],
          [11.897062, 47.443739, 514.0],
          [11.896922, 47.443676, 514.0],
          [11.896477, 47.443473, 514.0],
          [11.896305, 47.443383, 514.0],
          [11.895825, 47.443100, 513.75],
          [11.895700, 47.443010, 513.0],
          [11.895551, 47.442875, 513.25],
          [11.894848, 47.442053, 513.25],
          [11.894713, 47.441865, 513.75],
          [11.894582, 47.441656, 514.5],
          [11.894489, 47.441567, 515.0],
          [11.894439, 47.441531, 515.25],
          [11.894377, 47.441493, 515.25],
          [11.894313, 47.441466, 515.0],
          [11.894256, 47.441446, 515.0],
          [11.894310, 47.441360, 515.75],
          [11.894342, 47.441219, 515.25],
          [11.894337, 47.441151, 515.0],
          [11.894311, 47.441044, 514.75],
          [11.894271, 47.441063, 514.75],
          [11.894103, 47.441141, 514.75],
          [11.894025, 47.441160, 514.25],
          [11.893952, 47.441168, 513.75],
          [11.893890, 47.441163, 513.25],
          [11.893770, 47.441139, 512.5],
          [11.893113, 47.440461, 512.25],
          [11.893052, 47.440397, 512.5],
          [11.892917, 47.440258, 512.5],
          [11.892763, 47.440100, 513.25],
          [11.892047, 47.439398, 512.25],
          [11.891543, 47.438920, 513.75],
          [11.891280, 47.438730, 514.25],
          [11.891204, 47.438690, 514.75],
          [11.891058, 47.438615, 515.25],
          [11.890549, 47.438388, 515.0],
          [11.890172, 47.438258, 514.25],
          [11.889847, 47.438160, 514.25],
          [11.889556, 47.438085, 515.5],
          [11.889310, 47.438045, 515.5],
          [11.888782, 47.437976, 513.75],
          [11.888432, 47.437955, 514.0],
          [11.888103, 47.437946, 514.0],
          [11.886917, 47.438021, 515.0],
          [11.885791, 47.438105, 515.25],
          [11.885046, 47.438151, 514.5],
          [11.884320, 47.438154, 514.5],
          [11.883721, 47.438139, 514.75],
          [11.883143, 47.438087, 516.25],
          [11.882819, 47.438116, 516.5],
          [11.882533, 47.438065, 515.0],
          [11.882438, 47.438005, 514.75],
          [11.881718, 47.437861, 514.75],
          [11.881146, 47.437717, 515.25],
          [11.880595, 47.437550, 515.25],
          [11.880142, 47.437379, 514.75],
          [11.879861, 47.437264, 515.75],
          [11.879378, 47.437042, 515.0],
          [11.878595, 47.436605, 515.75],
          [11.878031, 47.436228, 516.5],
          [11.877293, 47.435667, 517.75],
          [11.876886, 47.435231, 520.0],
          [11.876537, 47.434920, 519.75],
          [11.876269, 47.434635, 520.25],
          [11.875987, 47.434335, 519.75],
          [11.875883, 47.434202, 519.75],
          [11.875853, 47.434077, 521.0],
          [11.875610, 47.433879, 519.75],
          [11.875356, 47.433591, 519.5],
          [11.875314, 47.433493, 519.25],
          [11.875265, 47.433377, 519.5],
          [11.874592, 47.432674, 518.0],
          [11.874466, 47.432559, 517.75],
          [11.874353, 47.432487, 518.0],
          [11.874283, 47.432479, 518.0],
          [11.874196, 47.432454, 518.0],
          [11.874137, 47.432407, 517.75],
          [11.873866, 47.432089, 517.75],
          [11.873557, 47.431802, 517.5],
          [11.873214, 47.431437, 517.25],
          [11.872940, 47.431130, 517.0],
          [11.872713, 47.430813, 518.0],
          [11.872601, 47.430593, 517.5],
          [11.872572, 47.430492, 517.5],
          [11.872547, 47.430234, 518.5],
          [11.872497, 47.430020, 519.75],
          [11.872450, 47.429880, 519.25],
          [11.872313, 47.429657, 518.5],
          [11.872244, 47.429431, 518.0],
          [11.872166, 47.429316, 518.0],
          [11.872157, 47.429303, 518.0],
          [11.872088, 47.429131, 518.5],
          [11.871924, 47.428864, 518.75],
          [11.871882, 47.428826, 518.25],
          [11.871823, 47.428796, 517.75],
          [11.871800, 47.428775, 517.75],
          [11.871791, 47.428748, 517.75],
          [11.871799, 47.428703, 518.0],
          [11.871770, 47.428610, 518.25],
          [11.871606, 47.428492, 518.5],
          [11.871346, 47.428175, 518.5],
          [11.871202, 47.427989, 518.75],
          [11.870909, 47.427679, 519.25],
          [11.870628, 47.427417, 519.0],
          [11.870465, 47.427295, 519.25],
          [11.870323, 47.427208, 519.25],
          [11.870158, 47.427120, 517.75],
          [11.869764, 47.426910, 518.75],
          [11.869544, 47.426817, 517.75],
          [11.867774, 47.426186, 518.0],
          [11.867155, 47.426003, 517.75],
          [11.865820, 47.425642, 518.5],
          [11.865207, 47.425470, 518.25],
          [11.864930, 47.425394, 518.0],
          [11.864333, 47.425232, 519.0],
          [11.863293, 47.424929, 518.5],
          [11.862935, 47.424797, 518.5],
          [11.861822, 47.424303, 518.0],
          [11.861037, 47.423895, 519.5],
          [11.860739, 47.423753, 518.75],
          [11.860417, 47.423607, 519.75],
          [11.859952, 47.423382, 519.25],
          [11.859484, 47.423131, 519.25],
          [11.859025, 47.422863, 519.0],
          [11.858604, 47.422585, 519.5],
          [11.858130, 47.422255, 519.5],
          [11.857684, 47.421887, 519.25],
          [11.857291, 47.421541, 519.25],
          [11.856933, 47.421189, 519.5],
          [11.856726, 47.420960, 519.0],
          [11.856407, 47.420585, 519.5],
          [11.856084, 47.420202, 519.75],
          [11.855970, 47.420039, 519.75],
          [11.855716, 47.419576, 519.25],
          [11.855329, 47.418940, 520.5],
          [11.855148, 47.418687, 519.5],
          [11.854844, 47.418299, 519.75],
          [11.854292, 47.417686, 519.5],
          [11.853811, 47.417201, 520.5],
          [11.853265, 47.416683, 519.25],
          [11.852558, 47.416038, 519.25],
          [11.852131, 47.415687, 519.75],
          [11.850819, 47.414696, 520.5],
          [11.847661, 47.412454, 520.0],
          [11.847629, 47.412432, 519.75],
          [11.845563, 47.410972, 520.0],
          [11.845072, 47.410645, 520.75],
          [11.844934, 47.410556, 521.25],
          [11.844573, 47.410398, 523.5],
          [11.844166, 47.410130, 526.75],
          [11.843923, 47.409983, 523.75],
          [11.843720, 47.409885, 524.25],
          [11.843547, 47.409800, 522.75],
          [11.843456, 47.409748, 522.5],
          [11.843361, 47.409661, 522.25],
          [11.843287, 47.409571, 522.0],
          [11.843197, 47.409438, 522.5],
          [11.843164, 47.409389, 522.75],
          [11.843088, 47.409233, 522.75],
          [11.842995, 47.409096, 522.75],
          [11.842858, 47.409061, 521.75],
          [11.842759, 47.408979, 521.0],
          [11.842525, 47.409062, 521.0],
          [11.842359, 47.409110, 521.25],
          [11.842217, 47.409125, 521.75],
          [11.842133, 47.409119, 521.0],
          [11.842054, 47.409099, 520.25],
          [11.840018, 47.408163, 520.25],
          [11.839920, 47.408095, 521.0],
          [11.839809, 47.407985, 521.25],
          [11.839753, 47.407895, 521.5],
          [11.839589, 47.407554, 521.0],
          [11.839485, 47.407368, 521.25],
          [11.839228, 47.407076, 521.5],
          [11.839112, 47.406950, 521.75],
          [11.838824, 47.406666, 521.75],
          [11.838011, 47.405905, 522.5],
          [11.837189, 47.405156, 521.75],
          [11.837133, 47.405097, 521.75],
          [11.836947, 47.404897, 522.25],
          [11.836894, 47.404808, 522.0],
          [11.836865, 47.404739, 522.0],
          [11.836858, 47.404646, 522.0],
          [11.836881, 47.404395, 522.25],
          [11.836928, 47.404186, 522.75],
          [11.836993, 47.403979, 522.25],
          [11.837522, 47.402796, 521.75],
          [11.837697, 47.402369, 521.75],
          [11.837742, 47.402310, 522.25],
          [11.837888, 47.402180, 522.75],
          [11.837979, 47.402110, 522.25],
          [11.838041, 47.402003, 522.0],
          [11.838053, 47.401940, 522.0],
          [11.838181, 47.401975, 522.0],
          [11.838499, 47.402174, 524.25],
          [11.838650, 47.402229, 524.75],
          [11.838610, 47.402257, 524.5],
          [11.838532, 47.402244, 524.75],
          [11.838168, 47.402083, 522.75],
          [11.836843, 47.401422, 524.75],
          [11.836763, 47.401374, 525.5],
          [11.836589, 47.401220, 523.75],
          [11.836369, 47.401063, 522.75],
          [11.836535, 47.401115, 522.5],
          [11.836785, 47.401234, 523.5],
          [11.837060, 47.401389, 523.5],
          [11.836871, 47.401689, 522.5],
          [11.836843, 47.401889, 522.5],
          [11.836293, 47.402861, 522.5],
          [11.836193, 47.403117, 522.25],
          [11.836042, 47.403600, 522.0],
          [11.835946, 47.404180, 522.0],
          [11.835925, 47.404560, 522.0],
          [11.835925, 47.404608, 522.0],
          [11.836002, 47.405161, 522.0],
          [11.835995, 47.405200, 522.25],
          [11.835967, 47.405242, 522.25],
          [11.835920, 47.405276, 522.5],
          [11.835837, 47.405305, 522.75],
          [11.835326, 47.405349, 520.25],
          [11.835187, 47.405357, 520.5],
          [11.835113, 47.405367, 521.25],
          [11.835050, 47.405394, 521.75],
          [11.834829, 47.405567, 522.75],
          [11.834762, 47.405589, 522.5],
          [11.834698, 47.405591, 522.25],
          [11.834599, 47.405567, 522.25],
          [11.833520, 47.405166, 521.75],
          [11.832517, 47.404831, 522.0],
          [11.830860, 47.404313, 522.0],
          [11.830120, 47.404119, 522.75],
          [11.828896, 47.403834, 522.0],
          [11.828256, 47.403673, 521.5],
          [11.827423, 47.403430, 521.5],
          [11.826564, 47.403168, 521.5],
          [11.824759, 47.402605, 521.5],
          [11.824490, 47.402526, 523.25],
          [11.821517, 47.401602, 523.0],
          [11.821175, 47.401504, 522.5],
          [11.820821, 47.401413, 523.5],
          [11.820403, 47.401317, 523.25],
          [11.819815, 47.401223, 523.0],
          [11.819390, 47.401170, 522.75],
          [11.818603, 47.401128, 523.75],
          [11.817995, 47.401117, 523.75],
          [11.812607, 47.401155, 523.5],
          [11.812433, 47.401158, 523.5],
          [11.810618, 47.401168, 523.5],
          [11.809208, 47.401147, 523.5],
          [11.808984, 47.401129, 523.75],
          [11.808783, 47.401117, 524.25],
          [11.808169, 47.401037, 523.25],
          [11.807855, 47.400982, 522.5],
          [11.807581, 47.400923, 523.0],
          [11.807026, 47.400789, 524.0],
          [11.805820, 47.400482, 523.75],
          [11.805370, 47.400343, 523.75],
          [11.805111, 47.400249, 524.5],
          [11.804971, 47.400186, 525.0],
          [11.804823, 47.400134, 524.75],
          [11.804627, 47.400056, 524.75],
          [11.804273, 47.399912, 524.25],
          [11.803776, 47.399685, 524.5],
          [11.803474, 47.399531, 524.25],
          [11.803084, 47.399309, 524.0],
          [11.802735, 47.399091, 524.25],
          [11.802433, 47.398880, 524.5],
          [11.802046, 47.398579, 524.75],
          [11.801667, 47.398237, 524.75],
          [11.801301, 47.397866, 524.75],
          [11.800896, 47.397381, 525.0],
          [11.800525, 47.396803, 524.75],
          [11.800271, 47.396199, 525.25],
          [11.799894, 47.395354, 525.0],
          [11.799718, 47.395053, 525.75],
          [11.799545, 47.394846, 525.5],
          [11.799454, 47.394706, 525.75],
          [11.799365, 47.394592, 525.5],
          [11.798868, 47.394068, 525.75],
          [11.797726, 47.392967, 525.0],
          [11.796673, 47.392009, 524.5],
          [11.796454, 47.391858, 524.0],
          [11.796311, 47.391696, 524.25],
          [11.796219, 47.391601, 524.25],
          [11.796099, 47.391514, 525.0],
          [11.796061, 47.391471, 525.25],
          [11.796053, 47.391449, 525.5],
          [11.796055, 47.391420, 526.0],
          [11.796101, 47.391386, 526.75],
          [11.795996, 47.391280, 526.0],
          [11.795906, 47.391213, 526.0],
          [11.795791, 47.391106, 526.5],
          [11.795746, 47.391073, 526.0],
          [11.795703, 47.391062, 525.75],
          [11.795655, 47.391065, 525.25],
          [11.795611, 47.391052, 525.0],
          [11.795417, 47.390959, 525.25],
          [11.795257, 47.390861, 526.25],
          [11.795215, 47.390834, 526.0],
          [11.795049, 47.390726, 524.5],
          [11.795031, 47.390685, 524.75],
          [11.795040, 47.390640, 525.25],
          [11.795087, 47.390573, 526.25],
          [11.795083, 47.390518, 527.0],
          [11.795044, 47.390357, 528.25],
          [11.795001, 47.390295, 528.75],
          [11.794821, 47.390117, 529.75],
          [11.794626, 47.390034, 529.5],
          [11.794527, 47.390086, 529.0],
          [11.794492, 47.390090, 529.0],
          [11.794433, 47.390076, 529.0],
          [11.794406, 47.390044, 529.0],
          [11.794300, 47.390051, 527.75],
          [11.794165, 47.390123, 525.0],
          [11.793169, 47.390689, 525.0],
          [11.793043, 47.390747, 526.0],
          [11.792831, 47.390679, 526.0],
          [11.792684, 47.390613, 526.25],
          [11.791731, 47.390067, 524.75],
          [11.791536, 47.389968, 525.0],
          [11.791279, 47.389860, 524.5],
          [11.790515, 47.389627, 525.0],
          [11.789476, 47.389322, 525.25],
          [11.788026, 47.388919, 526.75],
          [11.786446, 47.388497, 525.75],
          [11.785975, 47.388401, 527.25],
          [11.785406, 47.388308, 528.5],
          [11.784679, 47.387960, 527.25],
          [11.784257, 47.387778, 527.25],
          [11.783846, 47.387578, 527.0],
          [11.782691, 47.386915, 527.25],
          [11.782266, 47.386730, 526.75],
          [11.781872, 47.386321, 527.25],
          [11.781289, 47.385815, 526.75],
          [11.780693, 47.385408, 527.5],
          [11.780445, 47.385201, 528.0],
          [11.780155, 47.384913, 527.0],
          [11.779986, 47.384790, 528.0],
          [11.779689, 47.384671, 527.75],
          [11.779334, 47.384487, 528.0],
          [11.779146, 47.384335, 526.75],
          [11.778896, 47.384222, 527.0],
          [11.778221, 47.384100, 527.0],
          [11.777691, 47.384059, 526.75],
          [11.777155, 47.384057, 526.75],
          [11.776627, 47.384099, 527.75],
          [11.776277, 47.384164, 528.5],
          [11.776016, 47.384232, 527.5],
          [11.775900, 47.384277, 527.25],
          [11.775745, 47.384346, 527.5],
          [11.775574, 47.384454, 529.0],
          [11.775449, 47.384534, 529.0],
          [11.775366, 47.384483, 528.5],
          [11.775290, 47.384479, 528.25],
          [11.775131, 47.384537, 527.75],
          [11.774491, 47.384813, 529.25],
          [11.773623, 47.385138, 528.0],
          [11.772969, 47.385332, 528.75],
          [11.772382, 47.385473, 528.75],
          [11.771634, 47.385625, 528.5],
          [11.770536, 47.385775, 529.75],
          [11.770097, 47.385812, 530.25],
          [11.769523, 47.385844, 530.0],
          [11.768605, 47.385857, 530.0],
          [11.767813, 47.385839, 530.0],
          [11.767242, 47.385801, 530.0],
          [11.766824, 47.385764, 529.75],
          [11.765690, 47.385613, 529.25],
          [11.764908, 47.385474, 529.75],
          [11.764249, 47.385322, 530.5],
          [11.763702, 47.385179, 529.75],
          [11.761799, 47.384604, 528.5],
          [11.761674, 47.384593, 529.0],
          [11.761376, 47.384647, 531.0],
          [11.761272, 47.384630, 531.5],
          [11.761078, 47.384433, 529.75],
          [11.761014, 47.384379, 529.25],
          [11.760933, 47.384333, 528.75],
          [11.760781, 47.384276, 528.5],
          [11.759611, 47.383922, 530.0],
          [11.759117, 47.383749, 530.5],
          [11.758439, 47.383478, 531.5],
          [11.756924, 47.382775, 531.0],
          [11.756492, 47.382544, 531.0],
          [11.756281, 47.382357, 530.25],
          [11.755879, 47.382145, 530.0],
          [11.754698, 47.381386, 530.0],
          [11.753726, 47.380729, 530.75],
          [11.752708, 47.379958, 530.0],
          [11.751618, 47.379099, 530.5],
          [11.751332, 47.378886, 530.75],
          [11.751162, 47.378727, 530.25],
          [11.750856, 47.378484, 529.75],
          [11.750525, 47.378287, 530.5],
          [11.750471, 47.378241, 530.5],
          [11.750435, 47.378197, 530.25],
          [11.750407, 47.378144, 530.25],
          [11.750391, 47.378067, 530.0],
          [11.750362, 47.378020, 530.0],
          [11.749909, 47.377689, 531.0],
          [11.749397, 47.377290, 530.75],
          [11.749027, 47.377039, 531.5],
          [11.748838, 47.376930, 531.25],
          [11.748640, 47.376835, 531.75],
          [11.748193, 47.376678, 531.0],
          [11.747686, 47.376537, 532.0],
          [11.747584, 47.376494, 531.75],
          [11.747365, 47.376371, 531.75],
          [11.747058, 47.376184, 531.75],
          [11.746567, 47.375854, 531.75],
          [11.746050, 47.375526, 531.75],
          [11.745297, 47.375014, 531.75],
          [11.744609, 47.374566, 531.75],
          [11.744259, 47.374355, 531.75],
          [11.743832, 47.374029, 531.5],
          [11.743010, 47.373508, 531.5],
          [11.741411, 47.372550, 531.25],
          [11.737985, 47.370527, 532.0],
          [11.737250, 47.370082, 531.5],
          [11.736943, 47.369908, 531.5],
          [11.736429, 47.369679, 532.75],
          [11.736231, 47.369579, 532.5],
          [11.735830, 47.369328, 532.25],
          [11.734465, 47.368531, 532.75],
          [11.733934, 47.368213, 532.25],
          [11.732330, 47.367279, 533.25],
          [11.731376, 47.366735, 533.5],
          [11.731068, 47.366605, 533.5],
          [11.730387, 47.366254, 533.5],
          [11.729753, 47.365963, 534.25],
          [11.729120, 47.365686, 534.25],
          [11.728392, 47.365357, 533.75],
          [11.727756, 47.365092, 534.25],
          [11.727169, 47.364897, 533.75],
          [11.726634, 47.364757, 533.75],
          [11.725817, 47.364615, 536.0],
          [11.725701, 47.364583, 535.75],
          [11.725531, 47.364523, 534.75],
          [11.725158, 47.364416, 533.75],
          [11.724152, 47.364212, 535.25],
          [11.723635, 47.364120, 534.5],
          [11.723373, 47.364045, 533.75],
          [11.723338, 47.364034, 533.75],
          [11.723538, 47.363854, 533.25],
          [11.723549, 47.363823, 533.25],
          [11.723540, 47.363790, 533.25],
          [11.723506, 47.363761, 533.5],
          [11.722304, 47.363368, 533.5],
          [11.722200, 47.363352, 533.25],
          [11.722116, 47.363302, 533.75],
          [11.720733, 47.362333, 534.5],
          [11.719818, 47.361669, 534.5],
          [11.719531, 47.361501, 533.75],
          [11.719204, 47.361332, 534.0],
          [11.718247, 47.360839, 534.0],
          [11.717511, 47.360490, 533.25],
          [11.715895, 47.359517, 534.25],
          [11.712349, 47.357943, 535.0],
          [11.711935, 47.357711, 535.5],
          [11.710286, 47.356685, 535.75],
          [11.710213, 47.356618, 535.25],
          [11.710131, 47.356543, 534.5],
          [11.708085, 47.355487, 534.75],
          [11.707220, 47.355030, 536.0],
          [11.706606, 47.354614, 534.75],
          [11.706149, 47.354279, 535.5],
          [11.705654, 47.353856, 535.5],
          [11.705528, 47.353799, 535.75],
          [11.705040, 47.353262, 536.5],
          [11.704838, 47.352984, 536.25],
          [11.704441, 47.352266, 536.0],
          [11.704160, 47.351806, 536.0],
          [11.704125, 47.351749, 536.0],
          [11.704095, 47.351680, 536.0],
          [11.704099, 47.351636, 536.0],
          [11.704132, 47.351551, 536.0],
          [11.704150, 47.351505, 536.0],
          [11.704161, 47.351415, 536.0],
          [11.704152, 47.351309, 536.0],
          [11.704151, 47.351292, 536.0],
          [11.704131, 47.350982, 536.0],
          [11.704119, 47.350779, 536.0],
          [11.704130, 47.350439, 536.0],
          [11.704185, 47.350093, 535.75],
          [11.704320, 47.349650, 534.5],
          [11.704688, 47.348395, 537.25],
          [11.704741, 47.348290, 537.5],
          [11.704760, 47.348244, 537.0],
          [11.704957, 47.347732, 534.75],
          [11.704954, 47.347597, 536.0],
          [11.704924, 47.347433, 537.0],
          [11.705627, 47.345982, 535.5],
          [11.705725, 47.345524, 535.75],
          [11.705691, 47.345108, 537.75],
          [11.705688, 47.345069, 538.0],
          [11.705822, 47.345063, 538.25],
          [11.705824, 47.345023, 538.5],
          [11.705830, 47.344679, 538.0],
          [11.705862, 47.344292, 537.5],
          [11.705887, 47.344040, 537.0],
          [11.705897, 47.343921, 537.0],
          [11.705914, 47.343760, 536.75],
          [11.705918, 47.343557, 536.75],
          [11.705911, 47.343422, 536.75],
          [11.705871, 47.343145, 537.25],
          [11.705860, 47.343064, 537.5],
          [11.705788, 47.342789, 537.0],
          [11.705754, 47.342653, 536.5],
          [11.705651, 47.342281, 536.5],
          [11.705424, 47.341500, 536.25],
          [11.705106, 47.340507, 536.25],
          [11.705056, 47.340416, 536.75],
          [11.704955, 47.340326, 537.5],
          [11.704580, 47.340176, 537.25],
          [11.703948, 47.339934, 537.0],
          [11.703753, 47.340031, 537.5],
          [11.703665, 47.340064, 537.75],
          [11.703192, 47.340238, 539.0],
          [11.703146, 47.340255, 539.0],
          [11.702456, 47.339279, 539.0],
          [11.702322, 47.339106, 539.0],
          [11.702151, 47.338928, 539.0],
          [11.702061, 47.338847, 538.75],
          [11.701813, 47.338615, 538.75],
          [11.701528, 47.338373, 539.75],
          [11.701503, 47.338352, 539.75],
          [11.701011, 47.337937, 540.0],
          [11.700914, 47.337841, 540.0],
          [11.700723, 47.337651, 540.0],
          [11.700392, 47.337352, 540.0],
          [11.700241, 47.337211, 540.0],
          [11.699993, 47.337199, 540.0],
          [11.699859, 47.337183, 540.5],
          [11.699726, 47.337149, 540.5],
          [11.699657, 47.337115, 540.5],
          [11.699593, 47.337071, 540.5],
          [11.699409, 47.336905, 541.0],
          [11.698386, 47.335895, 541.5],
          [11.698322, 47.335845, 541.75],
          [11.698205, 47.335781, 541.5],
          [11.697582, 47.335477, 541.0],
          [11.696787, 47.335105, 541.0],
          [11.696447, 47.334910, 541.0],
          [11.695903, 47.334587, 540.5],
          [11.695140, 47.334102, 541.0],
          [11.694682, 47.333767, 540.5],
          [11.694493, 47.333609, 540.75],
          [11.694408, 47.333592, 541.0],
          [11.694340, 47.333616, 541.0],
          [11.693890, 47.333905, 541.0],
          [11.691140, 47.330970, 540.75],
          [11.691081, 47.330922, 541.0],
          [11.690493, 47.330470, 541.0],
          [11.690024, 47.330130, 541.0],
          [11.689575, 47.329830, 540.75],
          [11.689154, 47.329564, 541.0],
          [11.688622, 47.329248, 541.0],
          [11.688156, 47.328992, 541.0],
          [11.687005, 47.328384, 541.75],
          [11.685634, 47.327642, 542.75],
          [11.685523, 47.327615, 543.0],
          [11.685395, 47.327613, 543.0],
          [11.685289, 47.327618, 543.0],
          [11.685203, 47.327648, 543.0],
          [11.684963, 47.327784, 543.0],
          [11.684501, 47.328076, 543.75],
          [11.684264, 47.328211, 544.0],
          [11.684118, 47.328130, 544.0],
          [11.683817, 47.327961, 544.25],
          [11.683611, 47.327864, 545.0],
          [11.683485, 47.327811, 545.0],
          [11.683381, 47.327775, 545.0],
          [11.682748, 47.327479, 547.0],
          [11.682488, 47.327378, 547.0],
          [11.682032, 47.327208, 547.5],
          [11.681849, 47.327148, 547.25],
          [11.681391, 47.326963, 547.0],
          [11.681209, 47.326888, 547.0],
          [11.680915, 47.326728, 547.0],
          [11.680576, 47.326515, 547.0],
          [11.680460, 47.326428, 547.0],
          [11.680297, 47.326287, 547.0],
          [11.680317, 47.326205, 547.0],
          [11.680377, 47.326031, 547.0],
          [11.680380, 47.325915, 547.0],
          [11.680191, 47.325663, 547.0],
          [11.679884, 47.325255, 547.0],
          [11.679833, 47.325186, 546.5],
          [11.679720, 47.325086, 545.0],
          [11.679628, 47.325058, 545.0],
          [11.679505, 47.325049, 545.25],
          [11.679368, 47.325051, 545.5],
          [11.678842, 47.325159, 545.0],
          [11.678765, 47.325172, 545.0],
          [11.678606, 47.325131, 543.75],
          [11.678489, 47.325081, 543.5],
          [11.678406, 47.325029, 543.25],
          [11.678133, 47.324731, 542.75],
          [11.678167, 47.324697, 542.75],
          [11.678157, 47.324655, 542.5],
          [11.677966, 47.324450, 542.75],
          [11.677882, 47.324359, 543.0],
          [11.677706, 47.324254, 543.0],
          [11.677672, 47.324226, 543.0],
          [11.677653, 47.324211, 543.0],
          [11.677086, 47.323733, 545.0],
          [11.676586, 47.323407, 546.0],
          [11.676238, 47.323205, 546.0],
          [11.675597, 47.322893, 545.5],
          [11.674678, 47.322520, 544.5],
          [11.673762, 47.322190, 543.0],
          [11.672960, 47.321979, 542.5],
          [11.672021, 47.321813, 543.25],
          [11.670892, 47.321699, 545.0],
          [11.669257, 47.321650, 543.5],
          [11.667700, 47.321731, 544.25],
          [11.666317, 47.321852, 543.25],
          [11.665464, 47.321927, 543.75],
          [11.664283, 47.322040, 548.0],
          [11.664121, 47.322051, 547.25],
          [11.663932, 47.322053, 545.25],
          [11.662466, 47.322164, 543.5],
          [11.661982, 47.322182, 543.5],
          [11.661825, 47.322143, 543.5],
          [11.661299, 47.322124, 543.25],
          [11.659975, 47.322003, 542.5],
          [11.658667, 47.321842, 544.0],
          [11.658063, 47.321730, 543.0],
          [11.657423, 47.321622, 543.75],
          [11.657020, 47.321503, 543.75],
          [11.655958, 47.321290, 543.75],
          [11.654883, 47.321091, 543.25],
          [11.652466, 47.320680, 543.75],
          [11.646074, 47.319468, 544.0],
          [11.645337, 47.319338, 545.5],
          [11.644515, 47.319154, 545.5],
          [11.643896, 47.319088, 546.0],
          [11.643829, 47.319069, 545.75],
          [11.643772, 47.319042, 545.25],
          [11.643722, 47.319000, 544.75],
          [11.643698, 47.318957, 544.5],
          [11.643655, 47.318779, 544.0],
          [11.643620, 47.318730, 544.0],
          [11.643551, 47.318691, 544.0],
          [11.643473, 47.318667, 544.25],
          [11.643455, 47.318639, 544.5],
          [11.643412, 47.318611, 544.5],
          [11.643359, 47.318590, 544.75],
          [11.643144, 47.318550, 545.0],
          [11.643068, 47.318554, 545.0],
          [11.642975, 47.318586, 545.0],
          [11.642788, 47.318682, 545.0],
          [11.642697, 47.318713, 545.25],
          [11.642596, 47.318731, 545.25],
          [11.642517, 47.318737, 545.25],
          [11.642388, 47.318722, 545.25],
          [11.641820, 47.318609, 544.25],
          [11.641145, 47.318454, 545.25],
          [11.640818, 47.318373, 544.0],
          [11.640194, 47.318203, 545.0],
          [11.639470, 47.317989, 544.75],
          [11.638841, 47.317770, 545.0],
          [11.638613, 47.317675, 545.5],
          [11.638466, 47.317600, 545.5],
          [11.638383, 47.317555, 545.25],
          [11.638365, 47.317539, 545.25],
          [11.638365, 47.317503, 545.0],
          [11.638623, 47.317201, 545.0],
          [11.638751, 47.317006, 544.75],
          [11.639143, 47.316534, 545.0],
          [11.639326, 47.316326, 545.0],
          [11.639332, 47.316295, 545.0],
          [11.639315, 47.316272, 545.0],
          [11.639266, 47.316248, 545.0],
          [11.638466, 47.315887, 544.25],
          [11.638258, 47.315801, 544.75],
          [11.638077, 47.315742, 544.75],
          [11.637947, 47.315677, 544.75],
          [11.637743, 47.315557, 546.0],
          [11.637437, 47.315417, 545.0],
          [11.637331, 47.315348, 544.75],
          [11.637244, 47.315252, 544.5],
          [11.637180, 47.315207, 544.25],
          [11.636733, 47.314942, 544.5],
          [11.636590, 47.314867, 544.5],
          [11.636527, 47.314845, 544.5],
          [11.636336, 47.314805, 545.0],
          [11.636291, 47.314784, 545.0],
          [11.635982, 47.314573, 544.25],
          [11.635880, 47.314485, 544.5],
          [11.635761, 47.314406, 545.0],
          [11.635356, 47.314170, 547.75],
          [11.635095, 47.314051, 546.5],
          [11.634713, 47.313865, 545.75],
          [11.634643, 47.313844, 545.75],
          [11.634467, 47.313816, 546.25],
          [11.634395, 47.313795, 546.25],
          [11.634346, 47.313762, 546.0],
          [11.633942, 47.313436, 546.0],
          [11.633895, 47.313380, 546.0],
          [11.633801, 47.313204, 544.75],
          [11.633751, 47.313156, 544.75],
          [11.633434, 47.312943, 544.75],
          [11.633225, 47.312739, 545.0],
          [11.633173, 47.312706, 545.0],
          [11.633104, 47.312691, 545.25],
          [11.633037, 47.312694, 545.75],
          [11.632979, 47.312712, 546.5],
          [11.632633, 47.312938, 547.0],
          [11.632570, 47.312948, 547.0],
          [11.632518, 47.312943, 547.25],
          [11.632441, 47.312908, 547.5],
          [11.632956, 47.312529, 547.0],
          [11.633773, 47.311906, 546.5],
          [11.633886, 47.311796, 546.25],
          [11.633956, 47.311701, 546.5],
          [11.634017, 47.311566, 547.5],
          [11.634032, 47.311487, 547.75],
          [11.634034, 47.311408, 548.0],
          [11.634021, 47.310977, 550.0],
          [11.634035, 47.310901, 549.25],
          [11.634094, 47.310754, 547.5],
          [11.633992, 47.310689, 548.0],
          [11.633137, 47.310268, 547.5],
          [11.633101, 47.310248, 547.5],
          [11.633055, 47.310222, 547.5],
          [11.632768, 47.310052, 547.5],
          [11.632638, 47.309988, 546.75],
          [11.632309, 47.309837, 547.75],
          [11.631357, 47.309470, 546.75],
          [11.630405, 47.309143, 546.25],
          [11.629203, 47.308799, 547.75],
          [11.629114, 47.308766, 547.75],
          [11.629126, 47.308695, 547.0],
          [11.629234, 47.308484, 546.0],
          [11.629403, 47.308211, 546.25],
          [11.630179, 47.306886, 545.5],
          [11.630310, 47.306668, 545.75],
          [11.630391, 47.306556, 546.0],
          [11.630569, 47.306364, 546.75],
          [11.631413, 47.305692, 547.0],
          [11.631502, 47.305612, 547.0],
          [11.631680, 47.305423, 547.0],
          [11.631764, 47.305310, 547.0],
          [11.631842, 47.305175, 547.0],
          [11.632202, 47.304495, 547.75],
          [11.632279, 47.304332, 548.0],
          [11.630715, 47.303800, 546.0],
          [11.628584, 47.303044, 547.75],
          [11.628847, 47.302738, 547.0],
          [11.628767, 47.302668, 547.0],
          [11.628639, 47.302730, 547.5],
          [11.628298, 47.302876, 546.5],
          [11.627799, 47.302980, 546.75],
          [11.627471, 47.303056, 547.0],
          [11.627139, 47.303134, 546.75],
          [11.626937, 47.303182, 546.25],
          [11.626916, 47.303185, 546.25],
          [11.626748, 47.303207, 546.0],
          [11.626621, 47.303240, 545.75],
          [11.626249, 47.303203, 545.5],
          [11.626029, 47.303160, 546.0],
          [11.623937, 47.302655, 546.0],
          [11.621392, 47.302040, 546.75],
          [11.617842, 47.301179, 546.75],
          [11.617768, 47.301299, 547.0],
          [11.616587, 47.303394, 547.0],
          [11.616546, 47.303453, 547.0],
          [11.616465, 47.303487, 547.0],
          [11.616405, 47.303500, 547.0],
          [11.616340, 47.303493, 547.0],
          [11.610146, 47.301261, 547.0],
          [11.609388, 47.300994, 547.25],
          [11.608505, 47.300671, 547.5],
          [11.608266, 47.300552, 548.0],
          [11.607828, 47.300308, 548.0],
          [11.606705, 47.299664, 547.75],
          [11.605191, 47.298805, 548.0],
          [11.604835, 47.298596, 548.0],
          [11.604470, 47.298428, 548.0],
          [11.604415, 47.298410, 548.0],
          [11.604314, 47.298390, 548.0],
          [11.603952, 47.298346, 548.0],
          [11.603842, 47.298331, 548.0],
          [11.603756, 47.298361, 548.0],
          [11.603713, 47.298395, 548.0],
          [11.603590, 47.298722, 548.0],
          [11.603491, 47.298932, 548.0],
          [11.603242, 47.299390, 548.75],
          [11.603137, 47.299462, 549.25],
          [11.603022, 47.299498, 549.75],
          [11.602950, 47.299507, 550.0],
          [11.602858, 47.299500, 549.75],
          [11.601579, 47.299235, 550.25],
          [11.600316, 47.299068, 551.25],
          [11.599341, 47.298987, 551.75],
          [11.598356, 47.298944, 549.75],
          [11.597309, 47.298970, 551.0],
          [11.595940, 47.299084, 551.25],
          [11.595458, 47.299149, 550.0],
          [11.594115, 47.299370, 551.5],
          [11.594097, 47.299321, 551.25],
          [11.594081, 47.299272, 551.0],
          [11.594281, 47.299230, 551.0],
          [11.594367, 47.299132, 550.0],
          [11.594352, 47.299029, 550.0],
          [11.594245, 47.298520, 550.0],
          [11.594141, 47.297982, 550.0],
          [11.593061, 47.298069, 550.0],
          [11.592690, 47.298058, 549.75],
          [11.591901, 47.298007, 550.0],
          [11.591402, 47.297940, 551.0],
          [11.591225, 47.297868, 551.25],
          [11.591092, 47.297773, 552.0],
          [11.590977, 47.297847, 551.75],
          [11.590889, 47.297831, 551.75],
          [11.590505, 47.297791, 551.0],
          [11.590480, 47.297788, 551.0],
          [11.590232, 47.297753, 551.0],
          [11.589646, 47.297674, 551.25],
          [11.589403, 47.297640, 551.0],
          [11.589364, 47.297636, 551.0],
          [11.588622, 47.297529, 551.0],
          [11.588560, 47.297520, 551.0],
          [11.588524, 47.297654, 551.0],
          [11.588507, 47.297712, 551.0],
          [11.588463, 47.297830, 551.0],
          [11.588424, 47.297917, 551.0],
          [11.588399, 47.297973, 551.0],
          [11.588369, 47.298035, 551.0],
          [11.588217, 47.298016, 551.0],
          [11.588005, 47.297988, 551.0],
          [11.587789, 47.297973, 550.5],
          [11.587221, 47.297936, 550.0],
          [11.587106, 47.297927, 550.0],
          [11.587030, 47.297922, 550.0],
          [11.586727, 47.297898, 550.0],
          [11.586405, 47.297879, 550.0],
          [11.586384, 47.297878, 550.0],
          [11.586333, 47.297874, 550.0],
          [11.586281, 47.297871, 550.0],
          [11.585558, 47.297828, 550.75],
          [11.585087, 47.297759, 551.25],
          [11.584929, 47.297728, 551.5],
          [11.584690, 47.297682, 550.5],
          [11.584084, 47.297521, 550.75],
          [11.584041, 47.297510, 550.75],
          [11.582501, 47.297113, 550.75],
          [11.582649, 47.296859, 550.25],
          [11.582786, 47.296622, 550.0],
          [11.582815, 47.296524, 550.5],
          [11.582688, 47.296500, 550.5],
          [11.581429, 47.296373, 550.0],
          [11.581077, 47.296336, 551.0],
          [11.580701, 47.296301, 551.0],
          [11.580320, 47.296264, 551.0],
          [11.580031, 47.296236, 551.0],
          [11.579933, 47.296213, 551.0],
          [11.578982, 47.295872, 551.0],
          [11.577316, 47.295263, 551.0],
          [11.575350, 47.294702, 551.0],
          [11.573280, 47.294099, 551.5],
          [11.569780, 47.293101, 552.0],
          [11.569685, 47.293064, 552.0],
          [11.565402, 47.290922, 553.0],
          [11.565314, 47.290896, 553.0],
          [11.565292, 47.290868, 553.0],
          [11.565241, 47.290830, 553.0],
          [11.565207, 47.290794, 553.0],
          [11.565178, 47.290743, 553.0],
          [11.565117, 47.290541, 553.0],
          [11.565106, 47.290496, 553.0],
          [11.564977, 47.290516, 553.0],
          [11.564881, 47.290519, 553.0],
          [11.564688, 47.290508, 553.0],
          [11.564477, 47.290464, 553.25],
          [11.564363, 47.290423, 553.25],
          [11.564265, 47.290377, 553.5],
          [11.564177, 47.290319, 553.75],
          [11.564099, 47.290254, 553.75],
          [11.564026, 47.290189, 553.5],
          [11.563939, 47.290059, 553.75],
          [11.563764, 47.289735, 554.75],
          [11.563680, 47.289633, 555.0],
          [11.563540, 47.289512, 554.75],
          [11.563427, 47.289432, 555.0],
          [11.563007, 47.289198, 555.5],
          [11.562802, 47.289159, 555.0],
          [11.562649, 47.289149, 554.75],
          [11.562473, 47.289152, 554.75],
          [11.562346, 47.289147, 554.75],
          [11.562120, 47.289096, 554.75],
          [11.561988, 47.289055, 554.75],
          [11.561768, 47.288954, 555.0],
          [11.561348, 47.288721, 554.0],
          [11.561011, 47.288923, 554.5],
          [11.560870, 47.289001, 554.75],
          [11.560728, 47.289062, 556.0],
          [11.560369, 47.289222, 556.0],
          [11.560304, 47.289267, 554.75],
          [11.560278, 47.289241, 554.75],
          [11.560231, 47.289193, 554.75],
          [11.559454, 47.288338, 555.0],
          [11.558544, 47.287385, 554.25],
          [11.557771, 47.286673, 554.75],
          [11.557442, 47.286383, 554.0],
          [11.556960, 47.285973, 554.0],
          [11.556394, 47.285520, 554.25],
          [11.555972, 47.285194, 553.75],
          [11.555537, 47.284870, 554.25],
          [11.554629, 47.284236, 554.25],
          [11.554381, 47.284071, 554.0],
          [11.553604, 47.283589, 554.75],
          [11.553138, 47.283328, 554.5],
          [11.552656, 47.283078, 554.75],
          [11.552258, 47.282889, 554.0],
          [11.551852, 47.282706, 554.5],
          [11.551294, 47.282478, 555.0],
          [11.550755, 47.282281, 554.75],
          [11.550203, 47.282091, 554.0],
          [11.549842, 47.281977, 555.25],
          [11.549441, 47.281863, 554.75],
          [11.549031, 47.281755, 554.5],
          [11.548639, 47.281662, 555.0],
          [11.548245, 47.281572, 554.25],
          [11.547584, 47.281435, 555.0],
          [11.547513, 47.281422, 555.25],
          [11.547340, 47.281391, 555.75],
          [11.546746, 47.281308, 553.75],
          [11.546146, 47.281237, 554.0],
          [11.545340, 47.281158, 555.25],
          [11.544005, 47.281043, 555.0],
          [11.543241, 47.280998, 554.0],
          [11.543075, 47.281004, 554.0],
          [11.542805, 47.280977, 553.75],
          [11.542004, 47.280831, 556.0],
          [11.541850, 47.280809, 555.5],
          [11.541653, 47.280792, 555.0],
          [11.541506, 47.280772, 554.75],
          [11.540837, 47.280628, 554.75],
          [11.540676, 47.280584, 555.5],
          [11.540610, 47.280546, 556.0],
          [11.540588, 47.280518, 556.0],
          [11.540584, 47.280483, 556.0],
          [11.540789, 47.279850, 557.5],
          [11.540716, 47.279818, 557.5],
          [11.540513, 47.279762, 557.25],
          [11.540217, 47.279692, 556.25],
          [11.539366, 47.279526, 557.5],
          [11.538926, 47.279430, 556.25],
          [11.537601, 47.279164, 556.25],
          [11.536416, 47.278898, 558.0],
          [11.535651, 47.278746, 559.5],
          [11.535565, 47.278737, 559.5],
          [11.535520, 47.278740, 559.25],
          [11.535448, 47.278760, 558.75],
          [11.535412, 47.278781, 558.25],
          [11.535318, 47.278814, 557.25],
          [11.535287, 47.278820, 557.0],
          [11.535217, 47.278815, 556.5],
          [11.534548, 47.278636, 557.5],
          [11.533862, 47.278465, 557.0],
          [11.533180, 47.278306, 557.25],
          [11.532487, 47.278160, 558.25],
          [11.531228, 47.277924, 557.25],
          [11.529959, 47.277711, 557.5],
          [11.529023, 47.277580, 558.5],
          [11.528520, 47.277516, 558.5],
          [11.528279, 47.277492, 558.5],
          [11.528176, 47.277483, 558.0],
          [11.527990, 47.277488, 557.25],
          [11.527940, 47.277498, 557.25],
          [11.527812, 47.277540, 557.25],
          [11.527723, 47.277559, 557.0],
          [11.526786, 47.277509, 556.75],
          [11.525698, 47.277323, 558.25],
          [11.523512, 47.276813, 560.0],
          [11.522245, 47.276494, 560.5],
          [11.521112, 47.276394, 557.75],
          [11.520747, 47.276345, 558.25],
          [11.520243, 47.276297, 559.75],
          [11.518919, 47.276200, 558.75],
          [11.518349, 47.276184, 558.25],
          [11.517620, 47.276114, 558.75],
          [11.515987, 47.276054, 560.75],
          [11.513578, 47.276159, 560.75],
          [11.510074, 47.276476, 557.5],
          [11.509390, 47.276471, 557.75],
          [11.509178, 47.276445, 558.75],
          [11.509096, 47.276434, 559.0],
          [11.508764, 47.276339, 560.5],
          [11.508719, 47.276342, 560.5],
          [11.508701, 47.276378, 560.0],
          [11.508454, 47.277203, 559.25],
          [11.508429, 47.277262, 560.0],
          [11.508328, 47.277510, 560.75],
          [11.508197, 47.277770, 560.75],
          [11.508117, 47.277760, 560.75],
          [11.507600, 47.277708, 561.0],
          [11.506255, 47.277524, 561.0],
          [11.505805, 47.277451, 561.0],
          [11.505742, 47.277306, 561.25],
          [11.505397, 47.277096, 561.25],
          [11.505274, 47.277070, 561.25],
          [11.505176, 47.277010, 561.0],
          [11.505098, 47.276982, 561.0],
          [11.504894, 47.276926, 561.0],
          [11.504666, 47.276889, 561.0],
          [11.504479, 47.276814, 561.0],
          [11.504222, 47.276705, 561.0],
          [11.503812, 47.276544, 561.0],
          [11.503180, 47.276323, 560.75],
          [11.502771, 47.276194, 560.0],
          [11.502628, 47.276143, 560.5],
          [11.502569, 47.276114, 560.75],
          [11.502503, 47.276060, 560.75],
          [11.502423, 47.275972, 561.0],
          [11.502155, 47.275641, 560.75],
          [11.502117, 47.275593, 560.5],
          [11.502059, 47.275546, 560.25],
          [11.502020, 47.275522, 560.25],
          [11.501949, 47.275491, 560.0],
          [11.500887, 47.275170, 560.5],
          [11.500778, 47.275135, 560.5],
          [11.500706, 47.275108, 560.5],
          [11.500602, 47.275063, 560.75],
          [11.500506, 47.275004, 560.75],
          [11.500438, 47.274946, 561.0],
          [11.500268, 47.274699, 560.75],
          [11.500218, 47.274645, 560.5],
          [11.500147, 47.274600, 560.75],
          [11.500103, 47.274580, 560.75],
          [11.500036, 47.274560, 561.0],
          [11.499829, 47.274508, 561.0],
          [11.499581, 47.274457, 560.75],
          [11.499337, 47.274397, 560.75],
          [11.499293, 47.274341, 560.5],
          [11.497900, 47.273991, 561.5],
          [11.497910, 47.273929, 561.75],
          [11.497915, 47.273870, 561.75],
          [11.497880, 47.273806, 561.5],
          [11.497681, 47.273686, 561.5],
          [11.497584, 47.273478, 560.75],
          [11.497482, 47.273413, 561.0],
          [11.496663, 47.273174, 559.0],
          [11.496035, 47.273102, 560.5],
          [11.495181, 47.273086, 562.0],
          [11.494157, 47.273008, 560.25],
          [11.491980, 47.273134, 561.25],
          [11.491252, 47.273241, 561.25],
          [11.490369, 47.273304, 561.25],
          [11.489578, 47.273382, 562.0],
          [11.489254, 47.273437, 562.0],
          [11.487786, 47.273484, 560.5],
          [11.487294, 47.273550, 561.25],
          [11.485608, 47.273519, 561.25],
          [11.484981, 47.273509, 561.0],
          [11.484901, 47.273549, 561.5],
          [11.484892, 47.273621, 562.5],
          [11.484765, 47.273738, 561.5],
          [11.482255, 47.273399, 562.0],
          [11.481592, 47.273296, 561.25],
          [11.481118, 47.273211, 558.5],
          [11.480294, 47.273044, 561.75],
          [11.479208, 47.272834, 561.75],
          [11.477926, 47.272540, 561.5],
          [11.476912, 47.272321, 560.5],
          [11.476144, 47.272173, 562.25],
          [11.475818, 47.272115, 561.25],
          [11.475083, 47.272007, 562.5],
          [11.474743, 47.271900, 562.25],
          [11.473171, 47.271636, 563.5],
          [11.472754, 47.271569, 561.5],
          [11.472540, 47.271527, 560.75],
          [11.472459, 47.271498, 560.5],
          [11.470632, 47.271169, 561.0],
          [11.467848, 47.270674, 561.25],
          [11.467177, 47.270604, 563.0],
          [11.466771, 47.270573, 563.5],
          [11.466655, 47.270549, 563.75],
          [11.466508, 47.270437, 562.5],
          [11.466439, 47.270404, 562.25],
          [11.464241, 47.269988, 563.5],
          [11.461326, 47.269455, 563.25],
          [11.459211, 47.269142, 563.5],
          [11.458591, 47.269022, 562.25],
          [11.455897, 47.268451, 562.5],
          [11.455158, 47.268305, 564.0],
          [11.455018, 47.268298, 564.25],
          [11.454771, 47.268187, 562.75],
          [11.453586, 47.267983, 563.75],
          [11.453051, 47.267919, 563.5],
          [11.452580, 47.267843, 564.5],
          [11.452130, 47.267754, 565.5],
          [11.451690, 47.267723, 564.25],
          [11.451333, 47.267714, 564.0],
          [11.450860, 47.267719, 564.0],
          [11.450363, 47.267745, 565.0],
          [11.450117, 47.267779, 565.75],
          [11.450059, 47.267786, 565.75],
          [11.449775, 47.267835, 564.5],
          [11.449398, 47.267903, 563.25],
          [11.449078, 47.267976, 564.0],
          [11.448602, 47.268099, 564.75],
          [11.447712, 47.268359, 565.75],
          [11.447697, 47.268450, 565.75],
          [11.447609, 47.268496, 566.0],
          [11.447566, 47.268515, 566.0],
          [11.447494, 47.268547, 566.5],
          [11.447337, 47.268591, 566.5],
          [11.447235, 47.268637, 566.75],
          [11.446581, 47.268830, 566.0],
          [11.446055, 47.269009, 566.75],
          [11.445453, 47.269389, 566.75],
          [11.445287, 47.269448, 566.75],
          [11.445136, 47.269490, 567.0],
          [11.444960, 47.269515, 567.0],
          [11.444216, 47.269565, 566.75],
          [11.444077, 47.269588, 566.5],
          [11.443296, 47.269862, 566.5],
          [11.443131, 47.269920, 566.25],
          [11.442271, 47.270220, 566.0],
          [11.441470, 47.270543, 566.75],
          [11.441329, 47.270548, 566.75],
          [11.441232, 47.270561, 566.75],
          [11.440824, 47.270693, 565.25],
          [11.440391, 47.270851, 567.0],
          [11.440269, 47.270900, 566.75],
          [11.440127, 47.270916, 565.25],
          [11.440002, 47.270954, 564.75],
          [11.439919, 47.271009, 565.0],
          [11.439789, 47.271123, 566.25],
          [11.439635, 47.271239, 565.75],
          [11.439540, 47.271377, 566.75],
          [11.439490, 47.271473, 567.0],
          [11.439423, 47.271568, 566.75],
          [11.439284, 47.271668, 567.0],
          [11.439063, 47.271763, 567.5],
          [11.438923, 47.271799, 567.5],
          [11.438791, 47.272008, 568.0],
          [11.438188, 47.272228, 567.75],
          [11.436139, 47.272989, 567.75],
          [11.435829, 47.273033, 567.75],
          [11.435476, 47.273061, 568.0],
          [11.435275, 47.273116, 568.0],
          [11.434987, 47.273195, 567.75],
          [11.434543, 47.273356, 567.75],
          [11.434344, 47.273415, 567.0],
          [11.434265, 47.273441, 566.75],
          [11.433607, 47.273682, 568.25],
          [11.432907, 47.273994, 567.0],
          [11.432598, 47.274117, 567.0],
          [11.432204, 47.274268, 567.75],
          [11.432038, 47.274318, 567.0],
          [11.431913, 47.274354, 567.25],
          [11.430984, 47.274682, 567.25],
          [11.430824, 47.274748, 568.0],
          [11.430571, 47.274841, 567.75],
          [11.430333, 47.274951, 567.5],
          [11.429288, 47.275323, 568.0],
          [11.428700, 47.275507, 568.0],
          [11.427882, 47.275763, 567.5],
          [11.426333, 47.276351, 567.75],
          [11.425587, 47.276633, 568.25],
          [11.425089, 47.276830, 567.0],
          [11.422770, 47.277683, 567.25],
          [11.421967, 47.277924, 567.0],
          [11.421362, 47.278076, 568.5],
          [11.420488, 47.278262, 568.5],
          [11.420430, 47.278275, 568.75],
          [11.419880, 47.278391, 568.0],
          [11.419814, 47.278405, 567.75],
          [11.416790, 47.279061, 568.0],
          [11.415983, 47.279220, 569.25],
          [11.415889, 47.279184, 568.5],
          [11.414076, 47.279564, 568.0],
          [11.410383, 47.280343, 568.5],
          [11.408925, 47.280650, 567.75],
          [11.408803, 47.280715, 568.75],
          [11.408695, 47.280772, 569.75],
          [11.408496, 47.280822, 570.75],
          [11.408372, 47.280832, 570.75],
          [11.407930, 47.280949, 570.5],
          [11.407860, 47.280977, 570.5],
          [11.407729, 47.281021, 570.5],
          [11.407538, 47.281075, 570.75],
          [11.407001, 47.281188, 571.25],
          [11.406796, 47.281202, 571.5],
          [11.406649, 47.281201, 572.0],
          [11.406493, 47.281193, 572.0],
          [11.406344, 47.281175, 572.25],
          [11.406108, 47.281121, 573.0],
          [11.405927, 47.281073, 573.25],
          [11.405875, 47.281025, 572.75],
          [11.405795, 47.280974, 572.5],
          [11.405548, 47.280915, 572.5],
          [11.405433, 47.280880, 573.0],
          [11.405396, 47.280853, 573.0],
          [11.405331, 47.280796, 572.5],
          [11.405292, 47.280743, 571.5],
          [11.404701, 47.279886, 569.0],
          [11.404337, 47.279414, 572.75],
          [11.404326, 47.279418, 572.75],
          [11.404288, 47.279431, 572.75],
          [11.404234, 47.279450, 573.0],
          [11.404199, 47.279468, 573.0],
          [11.404159, 47.279489, 572.75],
          [11.404116, 47.279518, 572.5],
          [11.404101, 47.279528, 572.5],
          [11.404077, 47.279544, 572.25],
          [11.404025, 47.279613, 571.75],
          [11.403945, 47.279715, 570.5],
          [11.402705, 47.279326, 569.0],
          [11.402085, 47.279089, 569.75],
          [11.401404, 47.278783, 570.0],
          [11.401347, 47.278758, 570.0],
          [11.401282, 47.278664, 571.5],
          [11.401200, 47.278604, 572.25],
          [11.400919, 47.278488, 570.25],
          [11.400675, 47.278371, 571.75],
          [11.400464, 47.278215, 571.75],
          [11.400358, 47.278050, 572.5],
          [11.400224, 47.277958, 572.25],
          [11.400186, 47.277938, 572.0],
          [11.400003, 47.277882, 571.25],
          [11.399899, 47.277847, 571.25],
          [11.399838, 47.277811, 571.5],
          [11.399272, 47.277377, 571.0],
          [11.399202, 47.277326, 571.0],
          [11.399122, 47.277286, 570.75],
          [11.399069, 47.277245, 570.75],
          [11.398499, 47.276682, 571.5],
          [11.398459, 47.276608, 571.5],
          [11.398416, 47.276550, 571.75],
          [11.398148, 47.276323, 571.25],
          [11.397893, 47.276080, 571.5],
          [11.397834, 47.276014, 571.75],
          [11.397785, 47.275962, 572.0],
          [11.397745, 47.275890, 572.0],
          [11.397705, 47.275790, 572.25],
          [11.397644, 47.275717, 572.0],
          [11.397579, 47.275660, 572.0],
          [11.397547, 47.275592, 572.5],
          [11.397532, 47.275534, 573.0],
          [11.397430, 47.275394, 572.25],
          [11.397409, 47.275350, 572.25],
          [11.397237, 47.275045, 572.75],
          [11.397194, 47.274999, 572.5],
          [11.396975, 47.274763, 572.5],
          [11.396683, 47.274411, 571.25],
          [11.396297, 47.273956, 571.75],
          [11.396112, 47.273722, 571.75],
          [11.396078, 47.273652, 572.0],
          [11.395704, 47.273090, 572.5],
          [11.395693, 47.273075, 572.75],
          [11.395662, 47.273033, 573.0],
          [11.395612, 47.272848, 572.75],
          [11.395600, 47.272790, 573.0],
          [11.395609, 47.272691, 573.25],
          [11.395612, 47.272585, 573.5],
          [11.395604, 47.272523, 573.75],
          [11.395449, 47.271566, 573.75],
          [11.395430, 47.271532, 573.75],
          [11.395385, 47.271493, 573.75],
          [11.395340, 47.271465, 573.75],
          [11.395283, 47.271451, 573.75],
          [11.395226, 47.271440, 573.75],
          [11.394996, 47.271373, 573.75],
          [11.394805, 47.271365, 574.0],
          [11.394653, 47.271339, 573.75],
          [11.394331, 47.271181, 573.25],
          [11.394082, 47.271107, 572.25],
          [11.394025, 47.271074, 571.75],
          [11.393942, 47.270994, 571.5],
          [11.393126, 47.270096, 572.0],
          [11.393108, 47.270074, 572.25],
          [11.393153, 47.270057, 572.75],
          [11.393172, 47.270013, 573.25],
          [11.393095, 47.269931, 573.0],
          [11.392861, 47.269687, 572.5],
          [11.392469, 47.269260, 573.25],
          [11.392537, 47.269238, 573.75],
          [11.392552, 47.269234, 573.75],
          [11.392583, 47.269250, 573.75],
          [11.392791, 47.269187, 573.75]
        ]
      }
    }
  ]
}
