{
  "type": "FeatureCollection",
  "features": [
    {
      "type": "Feature",
      "properties": {
        "creator": "BRouter-1.7.10",
        "name": "brouter_trekking_0",
        "track-length": "49302",
        "filtered ascend": "1151",
        "plain-ascend": "43",
        "total-time": "16680",
        "total-energy": "1614819",
        "cost": "132632",
        "messages": [
          ["Longitude", "Latitude", "Elevation", "Distance", "CostPerKm", "ElevCost", "TurnCost", "NodeCost", "InitialCost", "WayTags", "NodeTags", "Time", "Energy"],
          ["11354990", "46498100", "266", "24", "3050", "0", "0", "0", "0", "highway=pedestrian surface=sett smoothness=good", "", "4", "403"],
          ["11354378", "46497905", "265", "57", "2250", "0", "122", "0", "0", "highway=pedestrian surface=sett bicycle=yes smoothness=good", "highway=crossing crossing=uncontrolled kerb=lowered", "13", "1311"],
          ["11353585", "46497760", "265", "63", "1000", "0", "0", "0", "0", "reversedirection=yes highway=residential surface=sett bicycle=yes smoothness=intermediate cycleway:both=no route_bicycle_lcn=yes", "nodeaccessgranted=yes highway=crossing crossing=marked kerb=lowered", "23", "2304"],
          ["11353394", "46497763", "265", "15", "1000", "0", "0", "0", "0", "highway=residential surface=sett bicycle=yes smoothness=good route_bicycle_lcn=yes", "", "25", "2557"],
          ["11353390", "46497712", "265", "6", "1000", "0", "0", "0", "0", "reversedirection=yes highway=pedestrian surface=sett bicycle=yes smoothness=intermediate route_bicycle_lcn=yes", "nodeaccessgranted=yes highway=crossing crossing=marked kerb=flush", "26", "2659"],
          ["11353393", "46497436", "264", "31", "1000", "0", "0", "0", "0", "reversedirection=yes highway=pedestrian surface=sett bicycle=yes smoothness=intermediate route_bicycle_lcn=yes", "nodeaccessgranted=yes highway=crossing crossing=marked", "30", "3080"],
          ["11353450", "46495889", "262", "174", "1000", "0", "0", "0", "0", "reversedirection=yes highway=pedestrian surface=sett bicycle=yes route_bicycle_lcn=yes", "nodeaccessgranted=yes barrier=bollard bicycle=yes", "51", "5146"],
          ["11353202", "46495546", "262", "42", "1000", "0", "0", "0", "0", "reversedirection=yes highway=pedestrian surface=sett bicycle=yes route_bicycle_lcn=yes", "", "57", "5797"],
          ["11353974", "46495270", "263", "70", "1000", "0", "0", "0", "0", "reversedirection=yes highway=pedestrian surface=paving_stones bicycle=yes route_bicycle_lcn=yes", "", "70", "7027"],
          ["11353937", "46495202", "263", "8", "1000", "0", "0", "20", "0", "reversedirection=yes highway=cycleway surface=asphalt bicycle=designated route_bicycle_lcn=yes", "nodeaccessgranted=yes highway=crossing estimated_crossing_class=0 crossing=traffic_signals", "71", "7166"],
          ["11353887", "46495117", "263", "10", "1000", "0", "0", "20", "0", "reversedirection=yes highway=cycleway surface=asphalt bicycle=designated route_bicycle_lcn=yes", "nodeaccessgranted=yes highway=crossing estimated_crossing_class=0 crossing=traffic_signals bicycle=yes", "73", "7340"],
          ["11353841", "46495042", "263", "9", "1000", "0", "0", "0", "0", "reversedirection=yes highway=cycleway surface=asphalt bicycle=designated route_bicycle_lcn=yes", "", "74", "7496"],
          ["11353865", "46494638", "263", "47", "1000", "0", "0", "0", "0", "reversedirection=yes highway=cycleway surface=asphalt foot=designated bicycle=designated route_bicycle_lcn=yes", "", "84", "8472"],
          ["11353858", "46494613", "263", "3", "1000", "0", "0", "0", "0", "reversedirection=yes highway=cycleway surface=asphalt bicycle=designated route_bicycle_lcn=yes", "", "85", "8526"],
          ["11353014", "46494592", "262", "66", "1050", "0", "98", "0", "0", "highway=cycleway", "", "94", "9403"],
          ["11352131", "46494431", "263", "70", "1000", "0", "0", "0", "0", "reversedirection=yes highway=cycleway surface=asphalt foot=no bicycle=designated oneway=no route_bicycle_icn=yes route_bicycle_rcn=yes route_bicycle_lcn=yes", "nodeaccessgranted=yes highway=crossing", "106", "10663"],
          ["11351199", "46494247", "263", "75", "1000", "0", "0", "0", "0", "reversedirection=yes highway=cycleway surface=asphalt foot=no bicycle=designated oneway=no route_bicycle_icn=yes route_bicycle_rcn=yes route_bicycle_lcn=yes", "nodeaccessgranted=yes highway=crossing bicycle=no foot=designated", "118", "11819"],
          ["11349065", "46493833", "263", "171", "1000", "0", "0", "0", "0", "reversedirection=yes highway=cycleway surface=asphalt foot=no bicycle=designated oneway=no route_bicycle_icn=yes route_bicycle_rcn=yes route_bicycle_lcn=yes", "nodeaccessgranted=yes highway=crossing", "150", "15026"],
          ["11348994", "46493819", "261", "6", "1000", "0", "0", "0", "0", "reversedirection=yes highway=cycleway surface=asphalt foot=no bicycle=designated oneway=no route_bicycle_icn=yes route_bicycle_rcn=yes route_bicycle_lcn=yes", "", "151", "15106"],
          ["11347606", "46493836", "263", "107", "1000", "0", "0", "0", "0", "reversedirection=yes highway=cycleway surface=asphalt foot=no bicycle=designated route_bicycle_icn=yes route_bicycle_rcn=yes route_bicycle_lcn=yes", "nodeaccessgranted=yes highway=crossing crossing=uncontrolled", "171", "17179"],
          ["11345717", "46493270", "259", "163", "1000", "0", "0", "0", "0", "reversedirection=yes highway=cycleway surface=asphalt foot=designated bicycle=designated route_bicycle_lcn=yes", "nodeaccessgranted=yes highway=crossing crossing=uncontrolled bicycle=yes", "192", "19228"],
          ["11345136", "46492586", "258", "89", "1000", "0", "0", "0", "0", "reversedirection=yes highway=cycleway surface=asphalt foot=designated bicycle=designated route_bicycle_lcn=yes", "nodeaccessgranted=yes highway=crossing foot=yes", "202", "20260"],
          ["11344884", "46492287", "258", "38", "1000", "0", "0", "0", "0", "reversedirection=yes highway=cycleway surface=asphalt foot=designated bicycle=designated route_bicycle_lcn=yes", "nodeaccessgranted=yes highway=crossing foot=yes", "207", "20750"],
          ["11344533", "46491878", "258", "53", "1000", "0", "0", "0", "0", "reversedirection=yes highway=cycleway surface=asphalt foot=designated bicycle=designated route_bicycle_lcn=yes", "nodeaccessgranted=yes highway=crossing", "214", "21479"],
          ["11343389", "46490620", "258", "166", "1000", "0", "0", "0", "0", "reversedirection=yes highway=cycleway surface=asphalt foot=designated bicycle=designated route_bicycle_lcn=yes", "nodeaccessgranted=yes highway=milestone", "241", "24151"],
          ["11342773", "46490129", "258", "77", "1000", "0", "0", "0", "0", "reversedirection=yes highway=cycleway surface=asphalt foot=designated bicycle=designated route_bicycle_lcn=yes", "nodeaccessgranted=yes highway=crossing crossing=zebra", "255", "25559"],
          ["11342494", "46489922", "257", "31", "1000", "0", "0", "0", "0", "reversedirection=yes highway=cycleway surface=asphalt foot=designated bicycle=designated route_bicycle_lcn=yes", "", "259", "25956"],
          ["11342228", "46489857", "257", "21", "1000", "0", "0", "0", "0", "reversedirection=yes highway=cycleway surface=asphalt foot=designated bicycle=designated route_bicycle_icn=yes route_bicycle_rcn=yes route_bicycle_lcn=yes", "", "262", "26222"],
          ["11341822", "46489793", "258", "32", "1000", "0", "0", "0", "0", "reversedirection=yes highway=cycleway surface=asphalt foot=no bicycle=designated oneway=no route_bicycle_icn=yes route_bicycle_rcn=yes route_bicycle_lcn=yes", "nodeaccessgranted=yes highway=crossing crossing=uncontrolled", "267", "26736"],
          ["11341659", "46489780", "258", "13", "1000", "0", "0", "0", "0", "reversedirection=yes highway=cycleway surface=asphalt foot=yes route_bicycle_icn=yes route_bicycle_rcn=yes route_bicycle_lcn=yes", "", "269", "26955"],
          ["11334343", "46488043", "254", "594", "1000", "0", "0", "0", "0", "reversedirection=yes highway=cycleway surface=asphalt route_bicycle_icn=yes route_bicycle_rcn=yes route_bicycle_lcn=yes", "nodeaccessgranted=yes highway=crossing crossing=uncontrolled", "354", "35445"],
          ["11332994", "46487645", "251", "114", "1000", "0", "0", "0", "0", "reversedirection=yes highway=cycleway surface=asphalt route_bicycle_icn=yes route_bicycle_rcn=yes route_bicycle_lcn=yes", "", "370", "37086"],
          ["11332023", "46487268", "253", "85", "1000", "0", "0", "0", "0", "reversedirection=yes highway=cycleway surface=asphalt foot=yes route_bicycle_icn=yes route_bicycle_rcn=yes route_bicycle_lcn=yes", "nodeaccessgranted=yes highway=milestone", "383", "38350"],
          ["11331928", "46487255", "253", "7", "1000", "0", "0", "0", "0", "reversedirection=yes highway=cycleway surface=asphalt foot=yes route_bicycle_icn=yes route_bicycle_rcn=yes route_bicycle_lcn=yes", "nodeaccessgranted=yes highway=crossing crossing=uncontrolled", "384", "38490"],
          ["11330661", "46486818", "251", "110", "1000", "0", "0", "0", "0", "reversedirection=yes highway=cycleway surface=asphalt route_bicycle_icn=yes route_bicycle_rcn=yes route_bicycle_lcn=yes", "nodeaccessgranted=yes highway=crossing crossing=uncontrolled", "401", "40180"],
          ["11328043", "46485793", "249", "238", "1000", "0", "0", "0", "0", "reversedirection=yes highway=cycleway surface=asphalt route_bicycle_icn=yes route_bicycle_rcn=yes route_bicycle_lcn=yes", "nodeaccessgranted=yes highway=crossing crossing=uncontrolled", "435", "43555"],
          ["11323017", "46482492", "250", "535", "1000", "0", "0", "0", "0", "reversedirection=yes highway=cycleway surface=asphalt route_bicycle_icn=yes route_bicycle_rcn=yes route_bicycle_lcn=yes", "", "523", "52311"],
          ["11322472", "46482366", "251", "44", "1000", "0", "0", "0", "0", "reversedirection=yes highway=cycleway surface=asphalt foot=yes route_bicycle_icn=yes route_bicycle_rcn=yes route_bicycle_lcn=yes", "", "532", "53285"],
          ["11322299", "46482257", "250", "18", "1000", "0", "0", "0", "0", "reversedirection=yes highway=cycleway surface=asphalt foot=yes smoothness=good route_bicycle_icn=yes route_bicycle_rcn=yes route_bicycle_lcn=yes", "", "535", "53563"],
          ["11322024", "46481856", "249", "50", "1000", "0", "0", "0", "0", "reversedirection=yes highway=cycleway surface=asphalt route_bicycle_icn=yes route_bicycle_rcn=yes route_bicycle_lcn=yes", "", "542", "54282"],
          ["11322052", "46481835", "249", "3", "1000", "0", "0", "0", "0", "reversedirection=yes highway=cycleway surface=asphalt smoothness=excellent cycleway=crossing route_bicycle_icn=yes route_bicycle_rcn=yes route_bicycle_lcn=yes", "nodeaccessgranted=yes highway=crossing crossing=uncontrolled bicycle=yes", "543", "54324"],
          ["11322081", "46481815", "249", "3", "1000", "0", "0", "0", "0", "reversedirection=yes highway=cycleway surface=asphalt smoothness=excellent cycleway=crossing route_bicycle_icn=yes route_bicycle_rcn=yes route_bicycle_lcn=yes", "", "543", "54363"],
          ["11322100", "46481802", "248", "2", "1000", "0", "0", "0", "0", "reversedirection=yes highway=cycleway surface=asphalt smoothness=excellent route_bicycle_icn=yes route_bicycle_rcn=yes route_bicycle_lcn=yes", "", "543", "54389"],
          ["11318229", "46479408", "247", "400", "1000", "0", "0", "0", "0", "reversedirection=yes highway=path surface=paved foot=designated bicycle=designated route_bicycle_icn=yes route_bicycle_rcn=yes route_bicycle_lcn=yes", "", "603", "60402"],
          ["11312898", "46475808", "244", "574", "1000", "0", "0", "0", "0", "reversedirection=yes highway=cycleway surface=asphalt route_bicycle_icn=yes route_bicycle_rcn=yes route_bicycle_lcn=yes", "nodeaccessgranted=yes highway=milestone", "689", "68959"],
          ["11310492", "46473542", "244", "313", "1000", "0", "0", "0", "0", "reversedirection=yes highway=cycleway surface=asphalt route_bicycle_icn=yes route_bicycle_rcn=yes route_bicycle_lcn=yes", "", "739", "73950"],
          ["11309449", "46473596", "244", "82", "1000", "0", "0", "0", "0", "reversedirection=yes highway=cycleway surface=asphalt foot=yes route_bicycle_ncn=yes route_bicycle_rcn=yes route_bicycle_lcn=yes", "", "751", "75130"],
          ["11309451", "46473667", "244", "8", "1000", "0", "0", "0", "0", "reversedirection=yes highway=cycleway surface=asphalt foot=designated bicycle=designated route_bicycle_ncn=yes route_bicycle_rcn=yes route_bicycle_lcn=yes", "nodeaccessgranted=yes highway=give_way direction=forward", "752", "75299"],
          ["11304597", "46483102", "243", "1174", "1000", "0", "0", "0", "0", "reversedirection=yes highway=cycleway surface=asphalt foot=designated bicycle=designated route_bicycle_ncn=yes route_bicycle_rcn=yes route_bicycle_lcn=yes", "", "951", "95194"],
          ["11304520", "46483075", "242", "7", "1000", "0", "0", "0", "0", "reversedirection=yes highway=path surface=asphalt foot=designated bicycle=designated route_bicycle_ncn=yes route_bicycle_rcn=yes route_bicycle_lcn=yes", "", "952", "95306"],
          ["11303694", "46482674", "240", "78", "1000", "0", "0", "0", "0", "reversedirection=yes highway=path surface=wood foot=designated bicycle=designated route_bicycle_ncn=yes route_bicycle_rcn=yes route_bicycle_lcn=yes", "", "962", "96256"],
          ["11303399", "46482551", "243", "26", "1000", "0", "0", "0", "0", "highway=cycleway surface=asphalt foot=designated bicycle=designated route_bicycle_ncn=yes route_bicycle_rcn=yes route_bicycle_lcn=yes", "", "968", "96818"],
          ["11299950", "46483897", "242", "314", "1000", "0", "0", "0", "0", "reversedirection=yes highway=service surface=asphalt foot=yes bicycle=yes route_bicycle_ncn=yes route_bicycle_lcn=yes", "", "1022", "102218"],
          ["11299575", "46483997", "240", "31", "1000", "0", "0", "0", "0", "reversedirection=yes highway=cycleway surface=asphalt route_bicycle_ncn=yes route_bicycle_lcn=yes", "", "1025", "102592"],
          ["11299651", "46484895", "243", "124", "1000", "0", "0", "0", "0", "reversedirection=yes highway=cycleway surface=asphalt foot=yes route_bicycle_ncn=yes route_bicycle_lcn=yes", "nodeaccessgranted=yes highway=stop direction=backward", "1050", "105090"],
          ["11299609", "46484942", "243", "8", "1000", "0", "0", "0", "0", "reversedirection=yes highway=cycleway surface=asphalt foot=yes route_bicycle_ncn=yes route_bicycle_lcn=yes", "nodeaccessgranted=yes estimated_crossing_class=2", "1052", "105279"],
          ["11299490", "46484951", "243", "9", "1000", "0", "0", "0", "0", "reversedirection=yes highway=cycleway surface=asphalt foot=yes route_bicycle_ncn=yes route_bicycle_lcn=yes", "nodeaccessgranted=yes highway=stop direction=forward", "1054", "105485"],
          ["11299083", "46484947", "242", "32", "1000", "0", "0", "0", "0", "reversedirection=yes highway=cycleway surface=asphalt foot=yes route_bicycle_ncn=yes route_bicycle_lcn=yes", "nodeaccessgranted=yes barrier=gate access=no bicycle=yes foot=yes", "1060", "106062"],
          ["11264623", "46508627", "245", "3987", "1000", "0", "0", "0", "0", "reversedirection=yes highway=cycleway surface=asphalt foot=yes route_bicycle_ncn=yes route_bicycle_lcn=yes", "", "1746", "174708"],
          ["11264585", "46508694", "244", "8", "1000", "0", "0", "0", "0", "reversedirection=yes highway=cycleway surface=wood foot=yes route_bicycle_ncn=yes route_bicycle_lcn=yes", "", "1748", "174827"],
          ["11261172", "46511570", "245", "421", "1000", "0", "0", "0", "0", "reversedirection=yes highway=cycleway surface=asphalt foot=yes route_bicycle_ncn=yes route_bicycle_lcn=yes", "nodeaccessgranted=yes barrier=gate bicycle=yes foot=yes", "1820", "182064"],
          ["11260605", "46511836", "244", "53", "1000", "0", "0", "0", "0", "reversedirection=yes highway=cycleway surface=asphalt foot=yes route_bicycle_ncn=yes route_bicycle_lcn=yes", "nodeaccessgranted=yes barrier=gate bicycle=yes foot=yes motor_vehicle=no horse=no", "1830", "183056"],
          ["11246251", "46522141", "245", "1628", "1000", "0", "0", "0", "0", "reversedirection=yes highway=cycleway surface=asphalt foot=yes route_bicycle_ncn=yes route_bicycle_lcn=yes", "", "2109", "210989"],
          ["11241931", "46529392", "247", "873", "1000", "0", "0", "0", "0", "reversedirection=yes highway=cycleway surface=asphalt foot=yes bicycle=designated route_bicycle_ncn=yes route_bicycle_lcn=yes", "", "2262", "226243"],
          ["11241939", "46529435", "247", "5", "1050", "0", "30", "0", "0", "reversedirection=yes highway=path surface=asphalt foot=designated bicycle=designated", "highway=give_way direction=forward", "2263", "226339"],
          ["11241409", "46530573", "250", "136", "1050", "0", "24", "0", "0", "reversedirection=yes highway=path surface=asphalt foot=designated bicycle=designated", "highway=stop direction=backward", "2294", "229453"],
          ["11241370", "46530593", "250", "4", "1050", "0", "36", "0", "0", "reversedirection=yes highway=path surface=asphalt foot=designated bicycle=designated", "", "2295", "229561"],
          ["11241771", "46531260", "249", "80", "1350", "0", "80", "0", "0", "highway=unclassified surface=asphalt", "railway=level_crossing", "2309", "230984"],
          ["11241835", "46531328", "249", "9", "1350", "0", "2", "0", "0", "highway=unclassified surface=asphalt", "", "2311", "231152"],
          ["11242261", "46535310", "249", "460", "1150", "0", "78", "0", "0", "highway=residential oneway=no", "", "2393", "239389"],
          ["11242907", "46535597", "252", "59", "1150", "0", "60", "0", "0", "highway=residential surface=asphalt oneway=yes", "highway=stop direction=forward", "2407", "240751"],
          ["11242960", "46535610", "252", "4", "1150", "0", "1", "0", "0", "highway=residential surface=asphalt oneway=yes", "estimated_crossing_class=2", "2408", "240853"],
          ["11242161", "46536488", "251", "118", "1650", "0", "102", "0", "0", "highway=secondary surface=asphalt oneway=no", "estimated_crossing_class=2", "2434", "243423"],
          ["11241504", "46536892", "249", "68", "1650", "0", "3", "0", "0", "highway=secondary surface=asphalt oneway=no", "estimated_crossing_class=2", "2442", "244237"],
          ["11241153", "46537239", "248", "47", "1650", "0", "0", "0", "0", "highway=secondary surface=asphalt oneway=no", "highway=crossing crossing=uncontrolled", "2447", "244792"],
          ["11241025", "46537359", "248", "17", "1650", "0", "0", "0", "0", "highway=secondary surface=asphalt oneway=no", "estimated_crossing_class=2", "2449", "245011"],
          ["11240215", "46538272", "247", "120", "1650", "0", "3", "0", "0", "highway=secondary surface=asphalt oneway=no", "estimated_crossing_class=2", "2465", "246613"],
          ["11239866", "46539054", "248", "91", "1650", "0", "0", "0", "0", "highway=secondary surface=asphalt oneway=no", "estimated_crossing_class=2", "2480", "248106"],
          ["11239464", "46540060", "248", "116", "1650", "0", "0", "0", "0", "highway=secondary surface=asphalt oneway=no", "estimated_crossing_class=2", "2500", "250059"],
          ["11239028", "46542117", "248", "232", "1650", "0", "0", "0", "0", "highway=secondary surface=asphalt oneway=no", "estimated_crossing_class=2", "2537", "253763"],
          ["11238485", "46543415", "248", "150", "1650", "0", "1", "0", "0", "highway=secondary surface=asphalt oneway=no", "highway=crossing crossing=uncontrolled", "2563", "256348"],
          ["11238589", "46544192", "249", "86", "1650", "0", "2", "0", "0", "highway=secondary surface=asphalt oneway=no", "estimated_crossing_class=2", "2579", "257955"],
          ["11238583", "46544517", "250", "36", "1650", "0", "1", "0", "0", "highway=secondary surface=asphalt oneway=no", "estimated_crossing_class=2", "2587", "258806"],
          ["11238572", "46544574", "250", "6", "1650", "0", "0", "0", "0", "highway=secondary surface=asphalt oneway=no", "estimated_crossing_class=2", "2589", "258939"],
          ["11238935", "46546730", "268", "250", "1150", "0", "106", "0", "0", "highway=residential", "", "2724", "272463"],
          ["11238412", "46550889", "436", "1066", "1150", "0", "397", "0", "0", "highway=residential surface=asphalt", "", "4197", "419780"],
          ["11236610", "46552370", "457", "221", "1350", "0", "64", "0", "0", "reversedirection=yes highway=unclassified surface=asphalt", "", "4466", "446678"],
          ["11234284", "46559859", "515", "1582", "1350", "1929", "503", "0", "0", "reversedirection=yes highway=unclassified", "", "5544", "551807"],
          ["11232439", "46561017", "559", "379", "1350", "0", "235", "0", "0", "reversedirection=yes highway=unclassified surface=asphalt", "", "5785", "575904"],
          ["11234463", "46562775", "692", "603", "5050", "0", "281", "0", "0", "reversedirection=yes highway=track foot=permissive", "", "6957", "693073"],
          ["11239639", "46565354", "812", "599", "1550", "0", "370", "0", "0", "reversedirection=yes highway=track tracktype=grade3 foot=permissive bicycle=yes", "", "8078", "805176"],
          ["11239393", "46565849", "834", "118", "5050", "0", "153", "0", "0", "reversedirection=yes highway=track", "", "8284", "825811"],
          ["11239001", "46565819", "839", "31", "5050", "0", "15", "0", "0", "reversedirection=yes highway=track foot=permissive", "", "8336", "830986"],
          ["11239909", "46567477", "886", "363", "1350", "0", "253", "0", "0", "reversedirection=yes highway=service", "", "8837", "881081"],
          ["11237281", "46570132", "1025", "822", "1350", "0", "444", "0", "0", "highway=unclassified", "", "10104", "1007742"],
          ["11236952", "46571736", "1055", "195", "1350", "0", "31", "0", "0", "highway=unclassified surface=asphalt", "crossing=unmarked", "10382", "1035584"],
          ["11236584", "46572662", "1085", "169", "1350", "0", "35", "0", "0", "highway=unclassified surface=asphalt", "crossing=unmarked", "10667", "1064079"],
          ["11236411", "46574485", "1123", "325", "1350", "0", "29", "0", "0", "highway=unclassified surface=asphalt", "", "11056", "1102980"],
          ["11237649", "46575581", "1160", "330", "1150", "0", "128", "0", "0", "highway=residential surface=asphalt", "", "11414", "1138721"],
          ["11238121", "46575749", "1161", "41", "1150", "0", "16", "0", "0", "highway=residential surface=asphalt oneway=no", "", "11453", "1142704"],
          ["11238523", "46576679", "1177", "133", "1150", "0", "99", "0", "0", "reversedirection=yes highway=residential surface=asphalt", "estimated_crossing_class=2", "11586", "1155961"],
          ["11238630", "46576873", "1180", "24", "1650", "0", "92", "0", "0", "highway=secondary surface=asphalt", "estimated_crossing_class=2", "11611", "1158470"],
          ["11239048", "46577242", "1187", "52", "1650", "0", "1", "0", "0", "highway=secondary surface=asphalt", "estimated_crossing_class=2", "11676", "1164963"],
          ["11242338", "46581041", "1239", "536", "1650", "0", "12", "0", "0", "highway=secondary surface=asphalt", "estimated_crossing_class=2", "12196", "1216926"],
          ["11243478", "46582552", "1245", "193", "1650", "0", "4", "0", "0", "highway=secondary surface=asphalt", "estimated_crossing_class=2", "12326", "1229981"],
          ["11243537", "46585468", "1260", "333", "1650", "0", "8", "0", "0", "highway=secondary surface=asphalt", "estimated_crossing_class=2", "12495", "1246889"],
          ["11244103", "46590020", "1281", "525", "1650", "0", "13", "0", "0", "highway=secondary surface=asphalt", "estimated_crossing_class=2", "12687", "1266107"],
          ["11244184", "46590047", "1281", "7", "1450", "0", "106", "0", "0", "highway=tertiary surface=asphalt", "", "12693", "1266676"],
          ["11250204", "46590474", "1290", "512", "1350", "0", "69", "0", "0", "highway=service", "", "12916", "1288940"],
          ["11244184", "46590047", "1281", "512", "1350", "17", "65", "0", "0", "reversedirection=yes highway=service", "", "13001", "1297446"],
          ["11244103", "46590020", "1281", "7", "1450", "0", "4", "0", "0", "reversedirection=yes highway=tertiary surface=asphalt", "estimated_crossing_class=2", "13002", "1297503"],
          ["11243537", "46585468", "1260", "525", "1650", "1043", "119", "0", "0", "reversedirection=yes highway=secondary surface=asphalt", "estimated_crossing_class=2", "13048", "1300008"],
          ["11243478", "46582552", "1245", "333", "1650", "329", "7", "0", "0", "reversedirection=yes highway=secondary surface=asphalt", "estimated_crossing_class=2", "13082", "1302278"],
          ["11242338", "46581041", "1239", "193", "1650", "156", "5", "0", "0", "reversedirection=yes highway=secondary surface=asphalt", "estimated_crossing_class=2", "13101", "1304136"],
          ["11239048", "46577242", "1187", "536", "1650", "2641", "12", "0", "0", "reversedirection=yes highway=secondary surface=asphalt", "estimated_crossing_class=2", "13144", "1304136"],
          ["11238630", "46576873", "1180", "52", "1650", "388", "1", "0", "0", "reversedirection=yes highway=secondary surface=asphalt", "estimated_crossing_class=2", "13148", "1304136"],
          ["11238523", "46576679", "1177", "24", "1650", "157", "5", "0", "0", "reversedirection=yes highway=secondary surface=asphalt", "estimated_crossing_class=2", "13150", "1304136"],
          ["11238121", "46575749", "1161", "133", "1150", "791", "122", "0", "0", "highway=residential surface=asphalt", "", "13160", "1304136"],
          ["11237649", "46575581", "1160", "41", "1150", "51", "72", "0", "0", "reversedirection=yes highway=residential surface=asphalt oneway=no", "", "13164", "1304136"],
          ["11236411", "46574485", "1123", "330", "1150", "1894", "136", "0", "0", "reversedirection=yes highway=residential surface=asphalt", "", "13190", "1304136"],
          ["11236584", "46572662", "1085", "325", "1350", "1967", "29", "0", "0", "reversedirection=yes highway=unclassified surface=asphalt", "crossing=unmarked", "13216", "1304136"],
          ["11236952", "46571736", "1055", "169", "1350", "1685", "35", "0", "0", "reversedirection=yes highway=unclassified surface=asphalt", "crossing=unmarked", "13230", "1304136"],
          ["11237281", "46570132", "1025", "195", "1350", "1575", "19", "0", "0", "reversedirection=yes highway=unclassified surface=asphalt", "", "13245", "1304136"],
          ["11239909", "46567477", "886", "822", "1350", "7571", "428", "0", "0", "reversedirection=yes highway=unclassified", "", "13311", "1304136"],
          ["11239001", "46565819", "839", "363", "1350", "2498", "131", "0", "0", "highway=service", "", "13340", "1304136"],
          ["11239393", "46565849", "834", "31", "5050", "270", "162", "0", "0", "highway=track foot=permissive", "", "13342", "1304136"],
          ["11239639", "46565354", "812", "118", "5050", "1236", "156", "0", "0", "highway=track", "", "13352", "1304136"],
          ["11234463", "46562775", "692", "599", "1550", "6646", "344", "0", "0", "highway=track tracktype=grade3 foot=permissive bicycle=yes", "", "13400", "1304136"],
          ["11232439", "46561017", "559", "603", "5050", "7391", "150", "0", "0", "highway=track foot=permissive", "", "13448", "1304136"],
          ["11232176", "46560313", "534", "204", "1350", "1329", "341", "0", "0", "highway=unclassified surface=asphalt", "", "13464", "1304136"],
          ["11231512", "46560916", "526", "89", "1350", "409", "205", "0", "0", "reversedirection=yes highway=service surface=asphalt", "", "13471", "1304136"],
          ["11226990", "46564051", "301", "872", "5050", "12678", "1279", "0", "0", "reversedirection=yes highway=path", "", "13541", "1304136"],
          ["11227249", "46562817", "275", "139", "5050", "1431", "13", "0", "0", "reversedirection=yes highway=track surface=ground tracktype=grade4", "", "13552", "1304136"],
          ["11226888", "46562762", "270", "34", "5050", "237", "181", "0", "0", "reversedirection=yes highway=path", "", "13555", "1304136"],
          ["11224656", "46563049", "258", "181", "1150", "538", "86", "0", "0", "reversedirection=yes highway=residential", "highway=crossing crossing=uncontrolled", "13570", "1304136"],
          ["11224337", "46563188", "259", "29", "1150", "0", "3", "0", "0", "highway=residential surface=asphalt smoothness=good oneway=yes", "", "13572", "1304140"],
          ["11224252", "46563145", "258", "8", "1150", "0", "50", "0", "0", "highway=residential oneway=yes", "highway=crossing crossing=uncontrolled", "13573", "1304158"],
          ["11224141", "46563110", "258", "9", "1150", "3", "1", "0", "0", "highway=residential oneway=yes", "estimated_crossing_class=2", "13573", "1304159"],
          ["11224238", "46562861", "258", "29", "1650", "0", "77", "0", "0", "reversedirection=yes highway=secondary surface=asphalt", "estimated_crossing_class=3", "13576", "1304355"],
          ["11223951", "46561569", "259", "146", "1650", "0", "3", "0", "0", "reversedirection=yes highway=secondary surface=asphalt", "highway=crossing estimated_crossing_class=0 crossing=uncontrolled", "13594", "1306161"],
          ["11223928", "46561481", "259", "10", "1650", "0", "0", "0", "0", "reversedirection=yes highway=secondary surface=asphalt", "estimated_crossing_class=3", "13595", "1306310"],
          ["11223588", "46560155", "260", "150", "1650", "0", "0", "0", "0", "reversedirection=yes highway=secondary surface=asphalt", "estimated_crossing_class=3", "13614", "1308216"],
          ["11223581", "46560133", "260", "3", "1650", "0", "0", "0", "0", "reversedirection=yes highway=secondary surface=asphalt", "highway=crossing crossing=uncontrolled", "13615", "1308260"],
          ["11223270", "46559282", "260", "98", "1650", "0", "0", "0", "0", "reversedirection=yes highway=secondary surface=asphalt", "estimated_crossing_class=3", "13631", "1309857"],
          ["11223229", "46559232", "260", "6", "1650", "0", "1", "0", "0", "reversedirection=yes highway=secondary surface=asphalt", "estimated_crossing_class=3", "13632", "1309955"],
          ["11223172", "46559133", "260", "12", "1650", "0", "1", "0", "0", "reversedirection=yes highway=secondary surface=asphalt", "highway=crossing crossing=uncontrolled", "13633", "1310140"],
          ["11222894", "46558735", "258", "49", "1650", "0", "0", "0", "0", "reversedirection=yes highway=secondary surface=asphalt", "estimated_crossing_class=3", "13639", "1310725"],
          ["11222702", "46558441", "258", "36", "1650", "0", "0", "0", "0", "reversedirection=yes highway=secondary surface=asphalt", "estimated_crossing_class=3", "13643", "1311144"],
          ["11222498", "46557954", "256", "57", "1650", "0", "2", "0", "0", "reversedirection=yes highway=secondary surface=asphalt", "estimated_crossing_class=4", "13650", "1311760"],
          ["11222099", "46557775", "255", "37", "1650", "0", "46", "0", "0", "highway=secondary surface=asphalt", "estimated_crossing_class=4", "13654", "1312165"],
          ["11220606", "46556618", "252", "173", "1650", "0", "7", "0", "0", "highway=secondary surface=asphalt", "estimated_crossing_class=4", "13678", "1314596"],
          ["11219984", "46556066", "251", "78", "1650", "0", "1", "0", "0", "highway=secondary surface=asphalt", "highway=crossing crossing=uncontrolled", "13689", "1315656"],
          ["11219876", "46556034", "252", "9", "1650", "0", "6", "0", "0", "highway=secondary surface=asphalt", "estimated_crossing_class=4", "13690", "1315790"],
          ["11218827", "46555688", "252", "89", "1650", "0", "0", "0", "0", "highway=secondary surface=asphalt", "railway=level_crossing", "13703", "1317117"],
          ["11218670", "46555633", "252", "14", "1650", "0", "0", "0", "0", "highway=secondary surface=asphalt", "estimated_crossing_class=3", "13705", "1317348"],
          ["11218529", "46555773", "251", "19", "1000", "0", "0", "0", "0", "reversedirection=yes highway=unclassified surface=asphalt route_bicycle_ncn=yes route_bicycle_lcn=yes", "", "13708", "1317637"],
          ["11188904", "46586125", "256", "4302", "1000", "0", "0", "0", "0", "reversedirection=yes highway=cycleway surface=asphalt foot=designated bicycle=designated smoothness=good route_bicycle_ncn=yes route_bicycle_lcn=yes", "", "14453", "1392087"],
          ["11188863", "46586236", "257", "13", "1000", "0", "0", "0", "0", "reversedirection=yes highway=cycleway surface=asphalt foot=designated bicycle=designated smoothness=excellent route_bicycle_ncn=yes route_bicycle_lcn=yes", "", "14455", "1392286"],
          ["11184684", "46619830", "266", "3882", "1000", "0", "0", "0", "0", "reversedirection=yes highway=cycleway surface=asphalt foot=designated bicycle=designated smoothness=good route_bicycle_ncn=yes route_bicycle_lcn=yes", "", "15153", "1462076"],
          ["11178952", "46629993", "269", "1216", "1000", "0", "0", "0", "0", "reversedirection=yes highway=cycleway surface=asphalt foot=designated bicycle=designated route_bicycle_ncn=yes route_bicycle_lcn=yes", "", "15379", "1484735"],
          ["11177287", "46631484", "271", "213", "1000", "0", "0", "0", "0", "reversedirection=yes highway=cycleway surface=asphalt foot=designated bicycle=designated smoothness=good route_bicycle_ncn=yes route_bicycle_lcn=yes", "", "15420", "1488777"],
          ["11174344", "46633426", "272", "312", "1000", "0", "0", "0", "0", "reversedirection=yes highway=cycleway surface=asphalt foot=designated bicycle=designated smoothness=excellent route_bicycle_ncn=yes route_bicycle_lcn=yes", "", "15485", "1495346"],
          ["11174205", "46633535", "272", "16", "1000", "0", "0", "0", "0", "reversedirection=yes highway=cycleway surface=asphalt foot=designated bicycle=designated route_bicycle_ncn=yes route_bicycle_lcn=yes", "", "15488", "1495566"],
          ["11176780", "46647760", "284", "1714", "1000", "0", "0", "0", "0", "reversedirection=yes highway=cycleway surface=asphalt foot=designated bicycle=designated smoothness=excellent route_bicycle_ncn=yes route_bicycle_lcn=yes", "", "15819", "1528763"],
          ["11176918", "46648863", "285", "146", "1000", "0", "0", "0", "0", "highway=cycleway surface=asphalt foot=designated bicycle=designated route_bicycle_ncn=yes route_bicycle_lcn=yes", "nodeaccessgranted=yes highway=crossing crossing=uncontrolled", "15852", "1531991"],
          ["11175713", "46650397", "285", "195", "1000", "0", "0", "0", "0", "highway=cycleway surface=asphalt foot=designated bicycle=designated route_bicycle_ncn=yes route_bicycle_lcn=yes", "nodeaccessgranted=yes highway=stop direction=forward", "15887", "1535512"],
          ["11175600", "46650503", "286", "15", "1000", "0", "0", "0", "0", "highway=cycleway surface=asphalt foot=designated bicycle=designated route_bicycle_ncn=yes route_bicycle_lcn=yes", "nodeaccessgranted=yes highway=stop direction=backward", "15890", "1535804"],
          ["11170146", "46655105", "290", "716", "1000", "0", "0", "0", "0", "highway=cycleway surface=asphalt foot=designated bicycle=designated route_bicycle_ncn=yes route_bicycle_lcn=yes", "", "16048", "1551596"],
          ["11169768", "46654490", "288", "75", "1000", "0", "0", "0", "0", "reversedirection=yes highway=residential surface=asphalt route_bicycle_ncn=yes route_bicycle_lcn=yes", "", "16058", "1552644"],
          ["11169073", "46654771", "288", "62", "1000", "0", "0", "0", "0", "reversedirection=yes highway=cycleway surface=asphalt foot=designated bicycle=designated route_bicycle_ncn=yes route_bicycle_lcn=yes", "", "16067", "1553523"],
          ["11168452", "46653754", "286", "122", "1000", "0", "0", "0", "0", "highway=service surface=asphalt route_bicycle_ncn=yes route_bicycle_lcn=yes", "", "16083", "1555146"],
          ["11166802", "46654320", "286", "141", "1000", "0", "0", "0", "0", "reversedirection=yes highway=residential surface=asphalt lcn=yes route_bicycle_ncn=yes route_bicycle_lcn=yes", "nodeaccessgranted=yes traffic_calming=bump", "16105", "1557306"],
          ["11164991", "46654932", "286", "154", "1000", "0", "0", "0", "0", "reversedirection=yes highway=residential surface=asphalt lcn=yes route_bicycle_ncn=yes route_bicycle_lcn=yes", "", "16131", "1559884"],
          ["11162948", "46656848", "288", "311", "1000", "0", "0", "0", "0", "reversedirection=yes highway=path surface=asphalt foot=designated bicycle=designated route_bicycle_ncn=yes route_bicycle_lcn=yes", "nodeaccessgranted=yes highway=crossing crossing=uncontrolled", "16193", "1566080"],
          ["11160128", "46658113", "289", "281", "1000", "0", "0", "0", "0", "reversedirection=yes highway=path surface=asphalt foot=designated bicycle=designated route_bicycle_ncn=yes route_bicycle_lcn=yes", "nodeaccessgranted=yes crossing=unknown", "16242", "1571055"],
          ["11160935", "46659992", "293", "219", "1000", "0", "0", "0", "0", "reversedirection=yes highway=residential surface=asphalt oneway=yes lcn=yes oneway:bicycle=no route_bicycle_ncn=yes route_bicycle_lcn=yes", "", "16298", "1576663"],
          ["11160986", "46660079", "294", "10", "1000", "0", "0", "0", "0", "reversedirection=yes highway=residential surface=asphalt lcn=yes route_bicycle_ncn=yes route_bicycle_lcn=yes", "", "16302", "1576979"],
          ["11160828", "46660134", "293", "14", "1000", "0", "0", "0", "0", "highway=residential surface=asphalt lcn=yes route_bicycle_ncn=yes route_bicycle_lcn=yes", "nodeaccessgranted=yes barrier=bollard", "16305", "1577323"],
          ["11159892", "46661634", "296", "191", "1000", "0", "0", "0", "0", "highway=residential surface=asphalt lcn=yes route_bicycle_ncn=yes route_bicycle_lcn=yes", "", "16350", "1581834"],
          ["11159636", "46661670", "296", "24", "1000", "0", "0", "0", "0", "highway=cycleway surface=asphalt foot=designated bicycle=designated smoothness=intermediate route_bicycle_ncn=yes route_bicycle_lcn=yes", "nodeaccessgranted=yes highway=crossing estimated_crossing_class=0 crossing=uncontrolled bicycle=yes wheelchair=yes", "16355", "1582361"],
          ["11159612", "46661733", "296", "7", "1000", "0", "0", "0", "0", "reversedirection=yes highway=cycleway surface=asphalt foot=designated bicycle=designated cycleway=crossing lcn=yes route_bicycle_ncn=yes route_bicycle_lcn=yes", "nodeaccessgranted=yes highway=crossing estimated_crossing_class=0 crossing=uncontrolled bicycle=yes wheelchair=yes", "16357", "1582516"],
          ["11159597", "46661774", "296", "5", "1000", "0", "0", "0", "0", "reversedirection=yes highway=cycleway surface=asphalt foot=designated bicycle=designated cycleway=crossing lcn=yes route_bicycle_ncn=yes route_bicycle_lcn=yes", "", "16358", "1582625"],
          ["11159807", "46661878", "296", "20", "1000", "0", "0", "0", "0", "reversedirection=yes highway=cycleway surface=asphalt route_bicycle_lcn=yes", "", "16362", "1583049"],
          ["11159429", "46662215", "296", "47", "1000", "0", "0", "0", "0", "highway=residential surface=asphalt route_bicycle_lcn=yes", "", "16371", "1583970"],
          ["11158933", "46662450", "295", "54", "1000", "0", "0", "0", "0", "highway=service surface=asphalt bicycle=designated route_bicycle_lcn=yes", "", "16380", "1584856"],
          ["11158961", "46664163", "300", "212", "1000", "0", "0", "0", "0", "highway=cycleway surface=asphalt bicycle=designated smoothness=intermediate route_bicycle_lcn=yes", "", "16433", "1590105"],
          ["11158114", "46665076", "300", "121", "1000", "0", "0", "0", "0", "highway=residential surface=asphalt access=customers foot=yes bicycle=yes cycleway:both=no route_bicycle_lcn=yes", "", "16459", "1592742"],
          ["11157815", "46665132", "300", "25", "1000", "0", "0", "0", "0", "highway=cycleway surface=asphalt route_bicycle_lcn=yes", "nodeaccessgranted=yes highway=crossing crossing=uncontrolled", "16464", "1593262"],
          ["11156740", "46664755", "300", "92", "1000", "0", "0", "0", "0", "highway=cycleway surface=asphalt route_bicycle_lcn=yes", "", "16480", "1594856"],
          ["11156725", "46664779", "300", "3", "1000", "0", "0", "0", "0", "highway=cycleway surface=asphalt foot=no bicycle=designated oneway=no route_bicycle_lcn=yes", "nodeaccessgranted=yes highway=crossing crossing=uncontrolled", "16481", "1594909"],
          ["11156711", "46664805", "300", "3", "1000", "0", "0", "0", "0", "highway=cycleway surface=asphalt foot=no bicycle=designated oneway=no route_bicycle_lcn=yes", "nodeaccessgranted=yes highway=crossing crossing=uncontrolled", "16481", "1594966"],
          ["11156752", "46665532", "301", "83", "1000", "0", "0", "0", "0", "highway=cycleway surface=asphalt foot=no bicycle=designated oneway=no route_bicycle_lcn=yes", "nodeaccessgranted=yes highway=crossing crossing=uncontrolled", "16499", "1596699"],
          ["11156651", "46666147", "303", "69", "1000", "0", "0", "0", "0", "highway=cycleway surface=asphalt foot=no bicycle=designated oneway=no route_bicycle_lcn=yes", "nodeaccessgranted=yes highway=crossing crossing=uncontrolled", "16517", "1598545"],
          ["11156564", "46666660", "303", "57", "1000", "0", "0", "0", "0", "highway=cycleway surface=asphalt foot=no bicycle=designated oneway=no route_bicycle_lcn=yes", "nodeaccessgranted=yes highway=crossing crossing=uncontrolled", "16531", "1599978"],
          ["11156519", "46666760", "303", "12", "1000", "0", "0", "0", "0", "highway=cycleway surface=asphalt foot=no bicycle=designated oneway=no route_bicycle_lcn=yes", "", "16534", "1600246"],
          ["11156513", "46666824", "303", "7", "1000", "0", "0", "0", "0", "highway=cycleway surface=asphalt foot=no bicycle=designated cycleway=crossing oneway=no route_bicycle_lcn=yes", "nodeaccessgranted=yes crossing=traffic_signals bicycle=yes kerb=flush", "16536", "1600408"],
          ["11156511", "46666885", "303", "7", "1000", "0", "0", "0", "0", "highway=cycleway surface=asphalt foot=no bicycle=designated cycleway=crossing oneway=no route_bicycle_lcn=yes", "", "16537", "1600568"],
          ["11156457", "46666954", "304", "9", "1000", "0", "0", "0", "0", "highway=cycleway surface=asphalt foot=no bicycle=designated oneway=no route_bicycle_lcn=yes", "nodeaccessgranted=yes highway=crossing", "16539", "1600771"],
          ["11156452", "46667009", "304", "6", "1000", "0", "0", "0", "0", "highway=cycleway surface=asphalt foot=no bicycle=designated oneway=no route_bicycle_lcn=yes", "nodeaccessgranted=yes highway=crossing crossing=uncontrolled", "16541", "1600910"],
          ["11156257", "46668405", "306", "156", "1000", "0", "0", "0", "0", "highway=cycleway surface=asphalt foot=no bicycle=designated route_bicycle_lcn=yes", "nodeaccessgranted=yes highway=crossing", "16567", "1603578"],
          ["11156230", "46668613", "307", "23", "1000", "0", "0", "0", "0", "highway=cycleway surface=asphalt foot=no bicycle=designated route_bicycle_lcn=yes", "nodeaccessgranted=yes highway=crossing", "16572", "1604077"],
          ["11156154", "46669146", "307", "60", "1000", "0", "0", "0", "0", "highway=cycleway surface=asphalt foot=no bicycle=designated route_bicycle_lcn=yes", "nodeaccessgranted=yes highway=crossing crossing=uncontrolled bicycle=designated kerb=flush", "16586", "1605401"],
          ["11156148", "46669173", "307", "3", "1000", "0", "0", "0", "0", "highway=cycleway surface=asphalt foot=no bicycle=designated route_bicycle_lcn=yes", "nodeaccessgranted=yes highway=crossing crossing=uncontrolled bicycle=designated", "16586", "1605459"],
          ["11156147", "46669192", "307", "2", "1000", "0", "0", "0", "0", "highway=cycleway surface=asphalt foot=designated bicycle=designated route_bicycle_lcn=yes", "nodeaccessgranted=yes barrier=bollard bicycle=yes foot=yes", "16587", "1605497"],
          ["11156109", "46669506", "307", "35", "1000", "0", "0", "0", "0", "highway=cycleway surface=asphalt foot=designated bicycle=designated route_bicycle_lcn=yes", "", "16593", "1606114"],
          ["11156143", "46670033", "307", "59", "1000", "0", "0", "0", "0", "highway=residential surface=asphalt smoothness=good cycleway:right=lane cycleway:left=no route_bicycle_lcn=yes", "", "16603", "1607139"],
          ["11156194", "46670030", "307", "4", "1000", "0", "0", "0", "0", "reversedirection=yes highway=residential surface=asphalt smoothness=excellent oneway=yes oneway:bicycle=no cycleway:right=no cycleway:left=lane route_bicycle_lcn=yes cycleway:left:oneway=-1", "nodeaccessgranted=yes highway=crossing crossing=marked kerb=flush", "16604", "1607208"],
          ["11156258", "46670026", "307", "5", "1000", "0", "0", "0", "0", "reversedirection=yes highway=residential surface=asphalt smoothness=excellent oneway=yes oneway:bicycle=no cycleway:right=no cycleway:left=lane route_bicycle_lcn=yes cycleway:left:oneway=-1", "nodeaccessgranted=yes highway=stop direction=forward", "16605", "1607293"],
          ["11156475", "46670011", "307", "17", "1000", "0", "0", "0", "0", "reversedirection=yes highway=residential surface=asphalt smoothness=excellent oneway=yes oneway:bicycle=no cycleway:right=no cycleway:left=lane route_bicycle_lcn=yes cycleway:left:oneway=-1", "nodeaccessgranted=yes highway=crossing crossing=uncontrolled kerb=flush", "16608", "1607603"],
          ["11158047", "46670130", "308", "122", "1000", "0", "0", "0", "0", "reversedirection=yes highway=residential surface=asphalt smoothness=excellent oneway=yes oneway:bicycle=no cycleway:right=no cycleway:left=lane route_bicycle_lcn=yes cycleway:left:oneway=-1", "", "16633", "1610164"],
          ["11158473", "46670256", "309", "35", "1000", "0", "0", "0", "0", "highway=residential surface=sett smoothness=intermediate oneway=no cycleway:right=lane route_bicycle_lcn=yes", "", "16641", "1610918"],
          ["11159268", "46670464", "310", "65", "1000", "0", "0", "0", "0", "reversedirection=yes highway=pedestrian surface=sett bicycle=yes smoothness=intermediate oneway=yes oneway:bicycle=no cycleway:left=lane route_bicycle_lcn=yes", "nodeaccessgranted=yes estimated_crossing_class=4", "16657", "1612524"],
          ["11159255", "46670534", "310", "8", "1000", "0", "0", "0", "0", "highway=secondary surface=sett smoothness=intermediate cycleway=no route_bicycle_lcn=yes", "nodeaccessgranted=yes highway=crossing crossing=uncontrolled kerb=lowered", "16659", "1612693"],
          ["11159271", "46670662", "310", "14", "1000", "0", "0", "0", "0", "highway=secondary surface=sett smoothness=intermediate cycleway=no route_bicycle_lcn=yes", "nodeaccessgranted=yes highway=give_way direction=forward", "16661", "1612981"],
          ["11159280", "46670699", "310", "4", "1000", "0", "0", "0", "0", "highway=secondary surface=sett smoothness=intermediate cycleway=no route_bicycle_lcn=yes", "", "16662", "1613062"],
          ["11159330", "46670733", "310", "6", "1650", "0", "0", "0", "0", "highway=secondary surface=sett smoothness=intermediate junction=roundabout cycleway:right=no", "", "16663", "1613182"],
          ["11159320", "46670749", "310", "2", "1000", "0", "0", "0", "0", "highway=secondary surface=sett smoothness=intermediate junction=roundabout cycleway:right=no route_bicycle_lcn=yes", "", "16664", "1613222"],
          ["11159440", "46670819", "310", "12", "1650", "0", "63", "0", "0", "highway=secondary surface=sett smoothness=intermediate oneway=yes oneway:bicycle=no cycleway:right=no", "highway=give_way direction=backward", "16666", "1613458"],
          ["11159463", "46670926", "309", "12", "1650", "0", "18", "0", "0", "highway=secondary surface=sett smoothness=intermediate oneway=yes oneway:bicycle=no cycleway:right=no", "highway=crossing estimated_crossing_class=0 crossing=uncontrolled", "16668", "1613668"],
          ["11159443", "46671293", "308", "41", "1650", "0", "0", "0", "0", "highway=secondary surface=asphalt smoothness=good cycleway:both=no oneway=yes oneway:bicycle=no", "", "16680", "1614819"]
        ],
        "times": [0,0.336,4.032,9.072,13.118,17.427,21.352,23.043,25.578,26.591,30.8,33.239,33.959,39.417,47.786,49.21,51.463,52.958,55.616,57.969,59.481,62.523,70.269,71.14,71.661,73.397,74.954,76.163,77.269,78.529,81.787,84.722,85.262,85.622,89.819,93.452,94.025,98.671,106.62,114.211,118.186,123.911,132.525,144.671,147.148,150.245,151.041,151.294,170.793,171.771,176.002,178.893,183.708,186.532,189.176,192.262,192.983,198.695,202.572,207.481,212.395,214.763,217.002,219.74,231.765,235.464,241.486,245.676,251.88,252.999,255.076,255.561,257.141,259.532,259.903,262.187,265.475,266.486,267.328,268.002,269.517,270.623,274.51,303.29,317.484,324.05,329.578,334.826,338.785,353.774,354.41,360.356,366.926,370.816,376.981,382.408,383.459,384.858,386.149,387.35,390.803,392.573,395.787,397.052,400.041,400.467,401.751,402.469,403.498,408.408,418.971,420.729,422.753,424.48,426.501,430.469,434.068,435.503,438.723,453.453,458.023,463.716,467.085,484.285,498.383,504.411,509.118,521.662,523.05,524.936,530.757,532.781,535.567,536.12,537.238,538.138,542.33,542.748,543.167,543.566,543.818,559.671,569.167,590.806,595.129,603.941,609.558,612.12,615.557,617.998,624.439,631.183,654.856,659.391,667.925,675.772,685.721,688.391,689.499,697.898,704.479,716.361,727.573,730.026,732.074,733.749,735.44,736.76,739.407,740.292,745.066,749.82,751.204,752.893,758.176,760.586,766.639,770.442,776.505,785.116,791.417,805.644,809.472,813.469,820.193,828.033,831.991,842.326,845.17,848.378,852.32,859.122,876.52,889.664,897.761,904.743,911.918,920.895,925.182,927.591,932.445,936.677,950.164,951.816,952.935,962.432,965.015,968.059,971.616,972.449,1017.492,1022.05,1025.792,1026.032,1027.473,1034.596,1035.681,1048.287,1050.772,1051.484,1052.653,1054.713,1058.698,1060.489,1061.914,1063.241,1065.287,1067.971,1070.895,1074.924,1109.433,1133.75,1145.793,1157.713,1192.627,1198.509,1204.396,1208.958,1215.212,1220.126,1226.455,1235.033,1240.006,1245.992,1249.385,1254.736,1272.233,1279.577,1285.203,1296.215,1304.549,1311.531,1319.138,1323.93,1328.661,1343.26,1377.926,1381.859,1417.504,1421.031,1429.634,1433.263,1442.213,1449.097,1458.301,1466.589,1474.891,1480.757,1486.824,1492.889,1503.376,1507.777,1512.488,1518.42,1525.337,1531.283,1536.232,1539.575,1546.475,1549.674,1552.635,1555.766,1564.382,1569.852,1575.455,1579.43,1586.524,1606.924,1646.391,1673.678,1696.666,1712.936,1715.774,1720.692,1725.426,1746.916,1748.106,1753.376,1756.656,1761.918,1766.335,1770.944,1776.494,1782.94,1786.521,1790.617,1793.695,1801.908,1806.829,1812.653,1820.467,1826.458,1830.379,1853.439,1893.967,1915.067,1922.022,1932.486,1935.382,1940.968,1949.353,1952.654,1980.875,1985.764,1994.945,2010.104,2036.468,2042.3,2044.914,2047.784,2068.438,2074.329,2077.99,2084.798,2090.44,2092.551,2097.816,2100.105,2101.184,2109.701,2113.994,2116.332,2126.384,2133.63,2135.088,2136.408,2138.136,2161.377,2259.91,2261.167,2262.24,2263.193,2280.99,2286.998,2290.377,2293.778,2294.326,2295.407,2298.394,2301.796,2304.826,2306.537,2309.641,2310.546,2311.319,2312.216,2313.109,2316.094,2317.586,2318.187,2325.643,2329.247,2331.714,2334.175,2336.413,2339.722,2342.286,2344.296,2346.753,2350.143,2365.841,2370.312,2381.37,2383.38,2386.705,2392.531,2393.678,2399.964,2407.303,2408.319,2411.513,2420.837,2424.124,2427.737,2431.217,2434.01,2436.761,2439.927,2442.153,2447.697,2449.887,2461.02,2465.914,2476.381,2480.841,2488.558,2500.371,2502.869,2513.342,2536.429,2537.409,2545.193,2559.8,2563.259,2566.81,2569.006,2579.323,2587.837,2589.165,2591.151,2598.183,2603.212,2642.889,2664.447,2687.265,2724.394,2764.419,2798.256,2915.942,2948.7,2972.134,2975.938,2979.953,2994.352,3009.914,3027.061,3045.285,3048.987,3052.002,3063.033,3112.542,3145.458,3179.659,3256.998,3325.296,3381.277,3414.049,3450.381,3467.534,3484.006,3525.841,3573.681,3602.239,3634.987,3653.508,3688.218,3757.937,3816.213,3863.671,3873.163,3879.394,3884.867,3891.004,3895.914,3900.751,3934.233,3946.439,4049.922,4117.566,4126.003,4158.661,4176.362,4191.55,4197.563,4233.529,4293.034,4340.4,4452.733,4457.787,4461.096,4463.986,4466.542,4470.62,4473.843,4478.092,4484.571,4492.32,4507.932,4529.937,4553.535,4558.482,4561.693,4564.546,4566.711,4570.21,4573.744,4578.134,4584.55,4593.467,4668.096,4719,4830.634,4848.112,4895.978,4926.102,4937.991,4957.966,4972.617,5001.715,5029.227,5041.131,5049.254,5057.129,5063.959,5077.229,5085.333,5099.834,5105.782,5111.485,5126.133,5160.031,5167.095,5180.147,5187.613,5195.915,5225.02,5262.36,5273.427,5282.259,5286.611,5290.98,5300.814,5306.154,5319.513,5330.838,5336.338,5370.348,5379.77,5385.306,5387.577,5389.726,5392.42,5395.451,5398.767,5406.889,5410.492,5414.376,5417.386,5421.351,5424.627,5428.595,5431.754,5437.773,5440.245,5442.297,5444.829,5448.878,5454.717,5461.129,5467.584,5473.254,5480.22,5484.333,5488.055,5492.169,5498.771,5500.303,5505.394,5507.879,5509.996,5511.194,5512.529,5513.203,5513.843,5514.508,5518.908,5520.149,5521.554,5523.074,5523.829,5524.069,5524.389,5525.269,5526.789,5527.829,5529.829,5531.749,5532.949,5534.309,5534.869,5535.429,5544.949,5545.384,5545.767,5547.388,5548.629,5549.688,5562.446,5576.521,5580.053,5583.436,5596.03,5609.126,5616.444,5618.807,5621.774,5623.19,5624.571,5626.545,5643.146,5649.244,5653.225,5658.159,5660.105,5661.183,5662.457,5663.882,5666.233,5667.896,5669.574,5680.051,5690.292,5694.327,5704.864,5718.649,5729.178,5775.336,5785.9,5797.707,5806.093,5825.648,5847.028,5862.52,5885.335,5905.288,5993.289,6034.975,6043.832,6082.554,6104.487,6144.042,6161.558,6190.027,6272.684,6320.004,6341.919,6360.469,6418.672,6434.486,6471.803,6479.614,6487.651,6497.922,6531.596,6547.956,6569.455,6685.189,6764.067,6795.183,6843.178,6895.585,6911.012,6939.567,6947.453,6957.594,6961.067,6966.351,7013.12,7061.105,7076.51,7096.498,7183.205,7284.688,7300.421,7309.459,7487.574,7496.775,7504.379,7523.233,7582.533,7631.396,7668.69,7698.455,7719.674,7760.503,7792.196,7812.265,7863.562,7877.209,7904.228,7926.438,7961.405,7970.36,7988.095,7993.291,7998.668,8044.955,8053.483,8060.541,8078.626,8089.494,8100.267,8112.759,8125.872,8144.081,8163.581,8177.062,8188.438,8203.309,8212.69,8218.5,8228.145,8239.128,8255.68,8270.059,8284.979,8295.143,8327.221,8336.727,8357.991,8391.896,8432.257,8461.981,8491.241,8509.539,8560.082,8589.571,8609.626,8621.367,8637.824,8650.728,8675.508,8690.051,8695.673,8703.164,8707.818,8712.604,8718.95,8741.657,8750.614,8755.392,8761.336,8782.531,8791.456,8800.268,8811.359,8837.681,8842.064,8848.075,8855.445,8867.906,8915.048,8924.746,8931.821,8975.055,8985.701,8995.283,9008.238,9035.099,9042.544,9050.615,9060.968,9088.48,9104.73,9198.433,9230.146,9247.682,9335.995,9341.683,9346.267,9351.05,9371.38,9401.869,9466.161,9477.689,9487.689,9496.27,9505.151,9519.52,9534.081,9546.719,9559.499,9571.779,9583.608,9602.371,9616.238,9654.088,9723.686,9731.268,9737.917,9744.909,9752.228,9758.359,9788.204,9830.028,9844.563,9877.581,9886.59,9893.827,9911.622,9937.337,9949.662,9955.155,9960.82,9970.556,9980.16,10016.291,10042.799,10061.865,10078.699,10097.288,10104.288,10111.184,10122.078,10134.163,10147.716,10166.423,10200.051,10276.002,10291.535,10327.908,10373.01,10382.704,10395.982,10408.068,10417.069,10425.964,10472.788,10482.341,10490.437,10498.697,10506.9,10515.371,10523.773,10574.405,10667.655,10699.82,10717.054,10752.405,10788.981,10840.181,10881.739,10923.912,10937.783,10950.877,10964.736,10977.539,10988.56,10996.066,11005.497,11019.875,11041.579,11056.665,11108.926,11137.697,11143.935,11164,11174.434,11181.64,11190.826,11219.524,11239.339,11245.305,11252.463,11259.628,11271.154,11286.359,11310.906,11318.175,11323.169,11329.116,11334.439,11340.599,11346.98,11363.405,11382.229,11406.392,11414.063,11422.76,11434.923,11446.088,11453.9,11476.502,11483.866,11497.059,11514.363,11535.774,11539.868,11549.88,11561.547,11576.274,11586.472,11593.675,11599.88,11611.562,11653.504,11676.486,11724.598,11734.181,11740.841,11749.001,11777.08,11790.081,11800.304,11812.375,11828.449,11847.104,11865.878,11885.39,11898.278,11907.963,11913.673,11919.844,11944.354,11955.55,11965.954,11978.34,11991.311,12003.327,12049.276,12064.562,12088.393,12123.254,12196.116,12206.054,12275.212,12284.252,12290.973,12301.624,12307.033,12314.31,12319.568,12323.581,12326.662,12383.066,12389.903,12403.726,12415.913,12437.354,12453.576,12463.44,12484.147,12495.719,12504.913,12510.958,12515.849,12522.584,12527.68,12532.943,12538.266,12548.255,12552.452,12559.136,12561.002,12567.16,12574.543,12606.677,12620.656,12630.025,12635.927,12642.51,12653.74,12676.091,12682.718,12687.878,12693.562,12705.374,12716.167,12734.55,12764.544,12786.8,12824.261,12852.959,12863.882,12868.478,12872.04,12883.245,12886.182,12892.775,12894.067,12894.992,12898.051,12899.392,12902.108,12904.157,12906.113,12911.559,12916.188,12919.493,12922.797,12924.312,12926.25,12929.299,12930.808,12935.116,12935.756,12936.919,12948.459,12952.911,12963.65,12966.312,12969.359,12977.291,12982.692,12990.096,12994.273,12997.34,12999.454,13000.651,13001.691,13002.253,13002.732,13003.453,13005.772,13007.293,13008.413,13009.453,13011.053,13013.053,13017.613,13019.533,13021.373,13022.013,13024.013,13025.563,13028.979,13031.06,13032.457,13033.879,13036.199,13039.547,13043.703,13048.869,13053.581,13058.741,13061.215,13064.432,13067.924,13069.879,13072.038,13073.559,13082.679,13083.533,13084.71,13086.045,13087.645,13088.819,13090.896,13092.161,13093.752,13100.364,13101.254,13105.895,13108.294,13110.055,13111.334,13114.935,13115.975,13117.095,13118.135,13119.015,13119.975,13121.975,13122.614,13123.254,13124.374,13125.895,13127.975,13129.734,13131.414,13132.935,13134.055,13135.015,13136.214,13138.614,13139.334,13139.895,13140.694,13144.135,13145.734,13148.294,13149.175,13149.654,13150.214,13151.015,13152.055,13152.854,13153.574,13153.895,13155.494,13156.935,13158.135,13158.854,13160.854,13161.574,13162.534,13163.494,13164.135,13164.694,13166.374,13167.734,13169.015,13169.574,13170.135,13170.614,13171.175,13171.654,13172.294,13174.055,13175.254,13176.135,13176.694,13177.254,13177.734,13179.254,13181.414,13182.135,13182.694,13183.494,13184.935,13185.414,13187.414,13190.534,13191.574,13193.175,13194.454,13195.414,13196.215,13197.334,13198.454,13199.654,13200.774,13201.895,13204.774,13207.254,13209.895,13211.895,13213.734,13214.694,13216.534,13220.774,13223.015,13223.414,13223.814,13224.214,13224.614,13225.015,13225.494,13227.734,13228.214,13228.694,13229.334,13230.055,13230.614,13233.095,13235.175,13236.135,13240.135,13241.975,13243.095,13243.895,13244.614,13245.254,13245.654,13246.055,13247.095,13247.975,13248.935,13250.294,13251.975,13252.374,13252.774,13253.015,13253.254,13253.814,13255.095,13256.055,13256.454,13256.935,13258.534,13259.254,13261.174,13262.534,13262.854,13263.254,13263.654,13264.055,13264.534,13268.214,13270.534,13271.494,13272.774,13273.574,13274.374,13275.174,13275.975,13276.854,13277.654,13278.134,13278.614,13279.174,13279.814,13282.774,13284.214,13285.174,13285.414,13285.654,13285.975,13290.134,13291.015,13292.534,13296.294,13297.094,13298.374,13298.854,13299.254,13299.654,13301.094,13301.814,13302.374,13303.015,13305.414,13305.895,13306.534,13309.414,13310.214,13310.694,13311.094,13311.414,13313.254,13313.975,13314.534,13315.094,13316.374,13316.774,13317.094,13317.654,13318.854,13319.174,13319.414,13319.654,13320.055,13320.374,13321.254,13322.774,13323.654,13324.774,13325.574,13326.854,13328.694,13331.574,13332.614,13334.134,13335.734,13337.734,13339.414,13340.454,13340.935,13342.454,13342.935,13343.654,13344.374,13345.174,13345.654,13346.055,13346.294,13346.694,13347.334,13347.814,13348.374,13349.174,13349.975,13350.614,13351.254,13351.814,13352.374,13353.254,13353.574,13353.975,13356.055,13356.294,13356.534,13357.334,13357.734,13359.254,13360.214,13361.334,13361.895,13363.895,13364.854,13366.294,13368.374,13369.494,13371.094,13373.094,13375.494,13378.294,13379.254,13379.654,13380.134,13386.454,13386.854,13387.574,13391.494,13394.694,13395.494,13396.134,13398.054,13399.895,13400.134,13400.294,13400.774,13401.174,13402.534,13403.254,13405.494,13407.414,13408.614,13411.334,13415.094,13415.895,13416.534,13417.814,13418.214,13418.534,13418.854,13420.374,13421.174,13423.814,13424.614,13425.574,13427.334,13430.214,13431.334,13432.054,13433.574,13434.534,13436.134,13436.534,13438.294,13441.654,13442.694,13443.975,13444.854,13446.055,13447.174,13447.734,13448.534,13449.254,13452.214,13452.935,13453.975,13455.094,13455.654,13457.094,13458.374,13458.534,13458.694,13458.934,13459.094,13459.254,13459.414,13459.734,13460.614,13461.174,13461.974,13464.134,13464.534,13464.854,13465.174,13465.494,13466.614,13467.334,13467.974,13468.934,13470.294,13471.254,13471.574,13471.814,13471.974,13472.854,13474.934,13476.374,13476.854,13477.094,13477.654,13479.574,13481.414,13482.534,13482.774,13484.694,13485.974,13487.254,13487.654,13488.214,13489.574,13489.895,13490.534,13490.854,13491.494,13492.134,13492.854,13494.294,13494.854,13495.574,13496.134,13496.694,13497.895,13498.774,13499.174,13499.574,13501.975,13503.254,13504.374,13505.014,13505.494,13505.734,13506.294,13507.174,13507.814,13510.134,13511.014,13511.895,13512.534,13513.174,13514.374,13515.975,13517.014,13518.214,13519.654,13519.975,13520.294,13520.694,13520.935,13521.334,13522.134,13522.935,13523.814,13524.294,13525.094,13525.494,13525.895,13526.374,13527.895,13528.534,13529.895,13530.454,13531.895,13533.975,13534.854,13535.734,13536.374,13536.774,13537.334,13537.734,13538.055,13538.534,13539.015,13540.214,13540.854,13541.734,13544.055,13547.975,13551.095,13551.654,13552.854,13553.895,13554.454,13554.935,13555.254,13555.574,13556.294,13557.414,13559.414,13560.614,13561.895,13563.174,13564.374,13570.055,13571.095,13572.374,13572.774,13573.015,13573.734,13575.334,13576.085,13577.956,13579.103,13594.146,13595.63,13614.677,13615.121,13624.103,13626.873,13631.092,13632.071,13633.916,13639.765,13643.953,13647.292,13650.118,13652.594,13654.164,13660.711,13666.856,13672.884,13678.473,13687.84,13689.075,13690.405,13701.298,13702.685,13703.676,13705.992,13707.549,13708.877,13717.046,13719.646,13722.161,13725.094,13728.069,13731.119,13733.353,13735.602,13738.108,13740.628,13742.27,13745.397,13756.332,13766.64,13775.187,13777.69,13780.174,13783.919,13798.375,13799.72,13801.568,13816.349,13819.533,13824.388,13828.13,13830.952,13834.942,13851.831,13898.764,13940.338,13958.578,13963.922,13968.131,13974.18,13981.982,13990.66,14055.229,14112.129,14121.993,14129.315,14134.804,14141.873,14146.835,14156.501,14162.496,14174.182,14175.299,14176.42,14183.477,14185.51,14189.078,14238.832,14242.688,14250.767,14320.42,14332.269,14338.674,14349.794,14355.574,14361.603,14368.269,14375.703,14385.786,14394.863,14401.18,14445.826,14449.746,14453.322,14455.315,14473.883,14483.468,14495.075,14501.675,14520.512,14557.929,14574.05,14582.688,14592.287,14607.395,14622.615,14634.353,14646.645,14664.416,14674.406,14682.72,14687.83,14721.977,14733.584,14764.636,14771.82,14781.297,14821.447,14826.182,14832.639,14860.963,14873.913,14906.227,14914.755,14927.85,14931.133,14935.066,14944.639,14961.323,14970.799,14975.37,14980.106,14984.483,14990.674,14993.738,14997.946,15001.092,15004.54,15015.079,15021.197,15032.483,15039.21,15047.484,15053.058,15057.109,15071.728,15076.955,15084.984,15122.457,15128.436,15134.241,15139.345,15153.154,15157.04,15162.531,15166.072,15172.376,15179.622,15184.125,15212.166,15269.013,15356.87,15367.735,15370.979,15374.777,15379.729,15387.832,15394.771,15399.849,15402.97,15415.125,15420.143,15427.258,15428.562,15432.125,15448.332,15450.785,15457.048,15481.879,15485.822,15488.026,15493.943,15497.424,15503.512,15511.932,15520.772,15521.926,15522.422,15523.247,15524.9,15526.722,15528.547,15530.42,15531.305,15532.569,15537.66,15557.352,15559.377,15563.166,15574.487,15578.41,15580.71,15586.646,15587.711,15589.671,15590.653,15592.397,15613.113,15619.596,15623.504,15628.185,15634.564,15648.018,15655.268,15661.218,15666.814,15679.855,15684.662,15690.23,15730.285,15735.753,15740.883,15745.334,15746.988,15748.833,15750.41,15751.738,15758.082,15817.405,15819.953,15820.855,15821.396,15822.115,15823.367,15824.322,15824.892,15825.702,15834.062,15836.432,15838.014,15839.66,15841.406,15843.107,15846.362,15848.163,15852.228,15855.179,15858.252,15864.754,15869.193,15876.577,15887.438,15889.1,15890.361,15899.284,15901.35,15903.436,15904.648,15907.412,15913.419,15931.184,15942.573,15945.736,15946.996,15948.963,15954.188,15966.721,15981.574,15998.474,15999.658,16008.092,16014.824,16025.281,16030.316,16039.974,16041.434,16048.25,16049.945,16053.104,16058.188,16058.723,16067.511,16080.811,16083.734,16094.706,16105.325,16117.152,16122.435,16131.105,16132.439,16147.49,16149.489,16150.977,16153.049,16155.041,16156.61,16159.043,16163.133,16170.547,16173.153,16176.525,16179.425,16184.691,16193.061,16199.549,16200.388,16201.138,16201.74,16204.635,16206.113,16206.937,16207.76,16208.465,16224.705,16242.809,16246.028,16252.177,16255.913,16257.994,16260.863,16263.809,16269.318,16274.713,16277.999,16298.871,16302.032,16305.475,16328.658,16330.646,16332.722,16334.52,16336.815,16339.463,16341.392,16350.568,16354.482,16355.838,16357.391,16358.481,16361.465,16362.714,16364.818,16371.93,16376.832,16377.582,16378.034,16380.782,16381.561,16382.912,16426.109,16430.578,16433.266,16440.705,16450.689,16454.533,16459.625,16461.465,16462.76,16464.037,16464.822,16465.99,16470.039,16473.213,16480.768,16481.301,16481.869,16483.188,16493.805,16496.031,16499.191,16501.875,16517.65,16531.979,16534.652,16536.277,16537.869,16539.428,16539.898,16541.295,16567.973,16572.963,16585.43,16586.199,16586.775,16587.156,16592.977,16593.326,16594.26,16603.578,16604.264,16605.119,16608.213,16614.273,16621.629,16625.578,16628.85,16633.822,16641.359,16650.219,16654.395,16657.422,16659.107,16660.352,16661.988,16662.797,16663.398,16663.998,16664.395,16666.754,16667.84,16668.854,16680.367]
      },
      "geometry": {
        "type": "LineString",
        "coordinates": [
          [11.354960, 46.498310, 266.0],
          [11.354963, 46.498293, 266.0],
          [11.354990, 46.498100, 266.0],
          [11.354602, 46.498087, 266.0],
          [11.354378, 46.497905, 265.5],
          [11.354021, 46.497849, 265.5],
          [11.353711, 46.497777, 265.5],
          [11.353585, 46.497760, 265.75],
          [11.353394, 46.497763, 265.75],
          [11.353390, 46.497712, 265.75],
          [11.353393, 46.497436, 264.75],
          [11.353449, 46.497263, 264.0],
          [11.353456, 46.497206, 263.75],
          [11.353503, 46.496774, 263.0],
          [11.353554, 46.496117, 262.0],
          [11.353528, 46.496023, 262.0],
          [11.353450, 46.495889, 262.25],
          [11.353365, 46.495804, 262.0],
          [11.353253, 46.495670, 262.5],
          [11.353202, 46.495546, 262.75],
          [11.353240, 46.495468, 262.75],
          [11.353429, 46.495386, 263.0],
          [11.353974, 46.495270, 263.0],
          [11.353949, 46.495225, 263.0],
          [11.353937, 46.495202, 263.0],
          [11.353887, 46.495117, 263.0],
          [11.353841, 46.495042, 263.0],
          [11.353888, 46.494989, 263.0],
          [11.353910, 46.494936, 263.25],
          [11.353921, 46.494883, 263.75],
          [11.353906, 46.494770, 264.5],
          [11.353865, 46.494638, 263.75],
          [11.353858, 46.494613, 263.5],
          [11.353836, 46.494615, 263.5],
          [11.353392, 46.494633, 261.75],
          [11.353061, 46.494616, 262.0],
          [11.353014, 46.494592, 262.0],
          [11.352625, 46.494541, 262.25],
          [11.352131, 46.494431, 263.25],
          [11.351443, 46.494300, 261.75],
          [11.351199, 46.494247, 263.0],
          [11.350588, 46.494116, 260.5],
          [11.349997, 46.493974, 262.0],
          [11.349407, 46.493868, 263.75],
          [11.349283, 46.493850, 264.0],
          [11.349065, 46.493833, 263.0],
          [11.348994, 46.493819, 261.75],
          [11.348969, 46.493818, 261.5],
          [11.347674, 46.493834, 263.5],
          [11.347606, 46.493836, 263.75],
          [11.347241, 46.493825, 262.75],
          [11.346960, 46.493792, 262.0],
          [11.346497, 46.493670, 261.5],
          [11.346237, 46.493556, 260.75],
          [11.345987, 46.493428, 260.0],
          [11.345717, 46.493270, 259.75],
          [11.345667, 46.493228, 259.75],
          [11.345353, 46.492839, 259.0],
          [11.345136, 46.492586, 258.5],
          [11.344884, 46.492287, 258.5],
          [11.344635, 46.492002, 258.25],
          [11.344533, 46.491878, 258.5],
          [11.344466, 46.491764, 258.75],
          [11.344371, 46.491630, 258.75],
          [11.343872, 46.491025, 258.5],
          [11.343691, 46.490856, 258.5],
          [11.343389, 46.490620, 258.75],
          [11.343131, 46.490466, 258.5],
          [11.342830, 46.490300, 259.5],
          [11.342838, 46.490250, 259.25],
          [11.342797, 46.490150, 259.0],
          [11.342773, 46.490129, 258.75],
          [11.342684, 46.490050, 258.25],
          [11.342494, 46.489922, 257.25],
          [11.342455, 46.489912, 257.25],
          [11.342228, 46.489857, 257.25],
          [11.341969, 46.489796, 258.0],
          [11.341890, 46.489787, 258.25],
          [11.341822, 46.489793, 258.25],
          [11.341768, 46.489804, 258.25],
          [11.341659, 46.489780, 258.25],
          [11.341574, 46.489760, 258.0],
          [11.341282, 46.489701, 258.25],
          [11.338669, 46.489105, 256.25],
          [11.337322, 46.488701, 254.5],
          [11.336882, 46.488581, 255.5],
          [11.336318, 46.488441, 253.5],
          [11.335914, 46.488373, 254.5],
          [11.335611, 46.488309, 254.5],
          [11.334399, 46.488049, 254.0],
          [11.334343, 46.488043, 254.0],
          [11.333754, 46.487929, 252.75],
          [11.333387, 46.487800, 254.5],
          [11.332994, 46.487645, 251.75],
          [11.332511, 46.487445, 252.5],
          [11.332099, 46.487289, 252.5],
          [11.332023, 46.487268, 253.0],
          [11.331928, 46.487255, 253.5],
          [11.331834, 46.487248, 253.25],
          [11.331740, 46.487232, 253.0],
          [11.331458, 46.487142, 252.25],
          [11.331313, 46.487112, 252.25],
          [11.331088, 46.487038, 252.75],
          [11.331014, 46.486997, 253.0],
          [11.330785, 46.486917, 252.25],
          [11.330748, 46.486899, 252.0],
          [11.330661, 46.486818, 251.0],
          [11.330598, 46.486780, 251.0],
          [11.330509, 46.486747, 251.25],
          [11.330006, 46.486581, 250.25],
          [11.329225, 46.486307, 251.25],
          [11.329068, 46.486254, 250.5],
          [11.328904, 46.486224, 251.0],
          [11.328757, 46.486234, 251.0],
          [11.328615, 46.486197, 251.25],
          [11.328358, 46.486066, 251.0],
          [11.328083, 46.485888, 249.75],
          [11.328043, 46.485793, 249.75],
          [11.327897, 46.485650, 250.75],
          [11.326973, 46.485082, 250.25],
          [11.326694, 46.484896, 250.0],
          [11.326436, 46.484726, 251.25],
          [11.326231, 46.484566, 249.75],
          [11.325131, 46.483789, 249.25],
          [11.324316, 46.483226, 249.25],
          [11.323955, 46.483008, 249.25],
          [11.323696, 46.482850, 249.5],
          [11.323093, 46.482518, 250.5],
          [11.323017, 46.482492, 250.5],
          [11.322877, 46.482457, 250.0],
          [11.322556, 46.482406, 251.25],
          [11.322472, 46.482366, 251.75],
          [11.322299, 46.482257, 250.0],
          [11.322261, 46.482230, 249.5],
          [11.322207, 46.482170, 249.5],
          [11.322170, 46.482124, 249.75],
          [11.322026, 46.481886, 249.5],
          [11.322024, 46.481856, 249.25],
          [11.322052, 46.481835, 249.25],
          [11.322081, 46.481815, 249.0],
          [11.322100, 46.481802, 248.75],
          [11.320961, 46.481061, 248.25],
          [11.320319, 46.480645, 247.75],
          [11.319168, 46.479935, 248.75],
          [11.318863, 46.479759, 247.75],
          [11.318229, 46.479408, 247.5],
          [11.317828, 46.479189, 247.25],
          [11.317596, 46.479074, 246.0],
          [11.317337, 46.478935, 246.5],
          [11.317146, 46.478820, 246.0],
          [11.316707, 46.478476, 245.5],
          [11.316356, 46.478250, 246.75],
          [11.314992, 46.477408, 246.5],
          [11.314744, 46.477242, 246.5],
          [11.314099, 46.476808, 244.75],
          [11.313682, 46.476486, 245.5],
          [11.313113, 46.475968, 244.5],
          [11.312960, 46.475857, 244.75],
          [11.312898, 46.475808, 244.75],
          [11.312500, 46.475483, 245.25],
          [11.312138, 46.475194, 244.75],
          [11.311512, 46.474649, 244.5],
          [11.310970, 46.474078, 244.0],
          [11.310851, 46.473981, 244.5],
          [11.310777, 46.473898, 244.75],
          [11.310697, 46.473811, 244.0],
          [11.310636, 46.473726, 244.0],
          [11.310603, 46.473659, 244.25],
          [11.310492, 46.473542, 244.25],
          [11.310424, 46.473538, 244.5],
          [11.309882, 46.473558, 242.25],
          [11.309511, 46.473560, 243.5],
          [11.309449, 46.473596, 244.75],
          [11.309451, 46.473667, 244.5],
          [11.309461, 46.473963, 243.5],
          [11.309454, 46.474085, 243.75],
          [11.309361, 46.474575, 241.25],
          [11.309280, 46.474867, 240.75],
          [11.309187, 46.475136, 242.75],
          [11.308991, 46.475635, 241.75],
          [11.308876, 46.475874, 243.25],
          [11.308512, 46.476747, 241.25],
          [11.308430, 46.476965, 241.25],
          [11.308379, 46.477138, 242.25],
          [11.308338, 46.477414, 242.75],
          [11.308337, 46.477761, 242.75],
          [11.308361, 46.477955, 242.5],
          [11.308494, 46.478564, 241.75],
          [11.308499, 46.478714, 242.0],
          [11.308484, 46.478879, 242.25],
          [11.308435, 46.479067, 242.5],
          [11.308332, 46.479340, 243.25],
          [11.307849, 46.480279, 242.0],
          [11.307511, 46.480890, 242.5],
          [11.307260, 46.481299, 242.25],
          [11.306994, 46.481634, 242.25],
          [11.306698, 46.481965, 242.25],
          [11.306223, 46.482412, 241.5],
          [11.306006, 46.482575, 242.0],
          [11.305874, 46.482670, 241.75],
          [11.305599, 46.482792, 242.5],
          [11.305215, 46.482917, 240.75],
          [11.304699, 46.483060, 244.5],
          [11.304597, 46.483102, 243.0],
          [11.304520, 46.483075, 242.5],
          [11.303694, 46.482674, 240.75],
          [11.303539, 46.482603, 242.0],
          [11.303399, 46.482551, 243.25],
          [11.303407, 46.482716, 242.5],
          [11.303375, 46.482748, 242.75],
          [11.300235, 46.483806, 242.0],
          [11.299950, 46.483897, 242.5],
          [11.299575, 46.483997, 240.5],
          [11.299554, 46.484009, 240.25],
          [11.299460, 46.484115, 239.25],
          [11.299174, 46.484227, 243.5],
          [11.299217, 46.484287, 241.5],
          [11.299591, 46.484810, 242.5],
          [11.299651, 46.484895, 243.25],
          [11.299669, 46.484920, 243.5],
          [11.299609, 46.484942, 243.5],
          [11.299490, 46.484951, 243.5],
          [11.299208, 46.484931, 242.75],
          [11.299083, 46.484947, 242.75],
          [11.298989, 46.484969, 242.75],
          [11.298904, 46.485001, 243.0],
          [11.298760, 46.485078, 242.0],
          [11.298560, 46.485160, 242.0],
          [11.298368, 46.485211, 242.75],
          [11.298105, 46.485271, 243.0],
          [11.295688, 46.486086, 242.5],
          [11.293887, 46.486708, 242.0],
          [11.293292, 46.486945, 243.5],
          [11.292478, 46.487236, 242.75],
          [11.290059, 46.488060, 242.75],
          [11.289591, 46.488240, 242.0],
          [11.289214, 46.488416, 242.5],
          [11.288977, 46.488561, 243.0],
          [11.288655, 46.488796, 242.75],
          [11.288390, 46.489018, 242.25],
          [11.288106, 46.489302, 242.5],
          [11.287807, 46.489657, 243.0],
          [11.287640, 46.489907, 242.5],
          [11.287504, 46.490147, 243.5],
          [11.287417, 46.490338, 242.5],
          [11.287297, 46.490635, 242.5],
          [11.287042, 46.491509, 243.0],
          [11.286916, 46.491839, 243.5],
          [11.286752, 46.492165, 242.5],
          [11.286437, 46.492669, 243.25],
          [11.286169, 46.493024, 243.5],
          [11.285888, 46.493319, 243.5],
          [11.285548, 46.493609, 243.75],
          [11.285236, 46.493840, 242.5],
          [11.284943, 46.494032, 242.75],
          [11.284150, 46.494503, 243.5],
          [11.281954, 46.495759, 242.75],
          [11.281752, 46.495882, 243.25],
          [11.279981, 46.496916, 244.25],
          [11.279723, 46.497055, 243.25],
          [11.279135, 46.497342, 243.5],
          [11.278869, 46.497459, 243.25],
          [11.278179, 46.497712, 243.0],
          [11.277656, 46.497875, 243.0],
          [11.277099, 46.498028, 244.0],
          [11.276446, 46.498158, 243.25],
          [11.275792, 46.498259, 243.25],
          [11.275431, 46.498297, 244.25],
          [11.275080, 46.498326, 244.75],
          [11.274704, 46.498346, 244.75],
          [11.274003, 46.498366, 244.75],
          [11.273609, 46.498389, 243.75],
          [11.273148, 46.498453, 243.0],
          [11.272699, 46.498534, 243.75],
          [11.272162, 46.498679, 243.5],
          [11.271731, 46.498822, 243.5],
          [11.271429, 46.498950, 244.0],
          [11.271209, 46.499060, 243.5],
          [11.270708, 46.499271, 243.25],
          [11.270529, 46.499375, 243.75],
          [11.270351, 46.499494, 243.25],
          [11.270163, 46.499631, 243.0],
          [11.269819, 46.499955, 244.0],
          [11.269616, 46.500160, 244.25],
          [11.269424, 46.500376, 244.5],
          [11.269290, 46.500555, 244.25],
          [11.269052, 46.500943, 243.5],
          [11.268483, 46.501933, 244.0],
          [11.267428, 46.503781, 244.5],
          [11.266726, 46.505038, 245.0],
          [11.266136, 46.506073, 245.5],
          [11.265667, 46.506894, 245.25],
          [11.265592, 46.507006, 246.0],
          [11.265366, 46.507305, 244.25],
          [11.265214, 46.507556, 244.75],
          [11.264623, 46.508627, 245.0],
          [11.264585, 46.508694, 244.5],
          [11.264435, 46.508954, 245.0],
          [11.264315, 46.509142, 244.25],
          [11.264146, 46.509390, 245.0],
          [11.263978, 46.509601, 244.75],
          [11.263790, 46.509814, 244.75],
          [11.263587, 46.510028, 245.5],
          [11.263324, 46.510269, 245.5],
          [11.263139, 46.510421, 245.0],
          [11.262917, 46.510591, 245.0],
          [11.262725, 46.510728, 244.5],
          [11.262280, 46.511012, 245.25],
          [11.261929, 46.511207, 244.25],
          [11.261658, 46.511344, 246.0],
          [11.261172, 46.511570, 245.25],
          [11.260897, 46.511672, 246.75],
          [11.260605, 46.511836, 244.5],
          [11.259015, 46.512567, 244.75],
          [11.256356, 46.513777, 244.75],
          [11.255075, 46.514336, 245.25],
          [11.254635, 46.514521, 245.25],
          [11.253970, 46.514818, 245.25],
          [11.253794, 46.514908, 245.25],
          [11.253478, 46.515087, 245.5],
          [11.253095, 46.515393, 245.75],
          [11.252972, 46.515511, 246.25],
          [11.252022, 46.516533, 247.0],
          [11.251829, 46.516718, 247.25],
          [11.251396, 46.517077, 247.0],
          [11.250581, 46.517631, 247.0],
          [11.249078, 46.518644, 246.75],
          [11.248739, 46.518900, 246.25],
          [11.248587, 46.519031, 245.75],
          [11.248445, 46.519163, 246.25],
          [11.247475, 46.520129, 246.0],
          [11.247263, 46.520399, 246.25],
          [11.247157, 46.520567, 246.5],
          [11.246997, 46.520890, 246.5],
          [11.246929, 46.521107, 247.5],
          [11.246886, 46.521208, 246.75],
          [11.246729, 46.521472, 246.5],
          [11.246636, 46.521575, 246.75],
          [11.246585, 46.521629, 246.25],
          [11.246251, 46.522141, 245.5],
          [11.246119, 46.522358, 246.0],
          [11.246045, 46.522481, 245.75],
          [11.245796, 46.522904, 246.75],
          [11.245635, 46.523233, 246.75],
          [11.245628, 46.523295, 247.25],
          [11.245618, 46.523353, 247.5],
          [11.245590, 46.523419, 247.5],
          [11.244895, 46.524540, 246.75],
          [11.242026, 46.529292, 247.25],
          [11.241982, 46.529352, 247.5],
          [11.241931, 46.529392, 247.5],
          [11.241939, 46.529435, 247.75],
          [11.241492, 46.530171, 248.25],
          [11.241394, 46.530346, 250.0],
          [11.241370, 46.530451, 250.25],
          [11.241409, 46.530551, 250.5],
          [11.241409, 46.530573, 250.5],
          [11.241370, 46.530593, 250.5],
          [11.241483, 46.530726, 249.0],
          [11.241598, 46.530908, 248.5],
          [11.241661, 46.531041, 249.25],
          [11.241697, 46.531113, 249.75],
          [11.241771, 46.531260, 249.25],
          [11.241801, 46.531299, 249.25],
          [11.241835, 46.531328, 249.5],
          [11.241804, 46.531370, 249.25],
          [11.241790, 46.531418, 249.25],
          [11.241811, 46.531589, 248.75],
          [11.241841, 46.531673, 248.5],
          [11.241854, 46.531711, 248.5],
          [11.242070, 46.532093, 248.75],
          [11.242162, 46.532284, 248.75],
          [11.242214, 46.532413, 248.75],
          [11.242222, 46.532538, 249.0],
          [11.242210, 46.532642, 249.25],
          [11.242154, 46.532801, 249.25],
          [11.242039, 46.532943, 248.25],
          [11.241968, 46.533045, 248.5],
          [11.241908, 46.533156, 249.25],
          [11.241869, 46.533294, 249.75],
          [11.241913, 46.533877, 250.75],
          [11.241993, 46.534086, 250.25],
          [11.242276, 46.534667, 249.75],
          [11.242336, 46.534780, 249.5],
          [11.242357, 46.534955, 249.75],
          [11.242289, 46.535247, 250.0],
          [11.242261, 46.535310, 249.75],
          [11.242602, 46.535481, 250.5],
          [11.242907, 46.535597, 252.0],
          [11.242960, 46.535610, 252.0],
          [11.242889, 46.535716, 252.0],
          [11.242726, 46.536049, 252.25],
          [11.242629, 46.536181, 252.0],
          [11.242491, 46.536301, 252.25],
          [11.242324, 46.536404, 252.25],
          [11.242161, 46.536488, 251.75],
          [11.241943, 46.536591, 250.75],
          [11.241660, 46.536744, 249.5],
          [11.241504, 46.536892, 249.0],
          [11.241153, 46.537239, 248.75],
          [11.241025, 46.537359, 248.75],
          [11.240392, 46.537951, 248.5],
          [11.240215, 46.538272, 247.75],
          [11.239960, 46.538821, 248.5],
          [11.239866, 46.539054, 248.5],
          [11.239711, 46.539438, 248.75],
          [11.239464, 46.540060, 248.5],
          [11.239403, 46.540205, 248.0],
          [11.239245, 46.540753, 248.5],
          [11.239044, 46.542067, 248.0],
          [11.239028, 46.542117, 248.0],
          [11.238936, 46.542474, 248.75],
          [11.238554, 46.543222, 248.25],
          [11.238485, 46.543415, 248.0],
          [11.238471, 46.543605, 248.25],
          [11.238488, 46.543725, 248.25],
          [11.238589, 46.544192, 249.0],
          [11.238583, 46.544517, 250.0],
          [11.238572, 46.544574, 250.0],
          [11.238676, 46.544594, 250.5],
          [11.238812, 46.544761, 252.0],
          [11.238904, 46.544962, 253.75],
          [11.239047, 46.545546, 260.75],
          [11.239066, 46.545873, 263.5],
          [11.239042, 46.546184, 266.25],
          [11.238935, 46.546730, 268.75],
          [11.238658, 46.547084, 275.75],
          [11.238476, 46.547388, 279.75],
          [11.238175, 46.548110, 294.0],
          [11.238025, 46.548373, 297.25],
          [11.237828, 46.548555, 298.75],
          [11.237840, 46.548593, 300.25],
          [11.237884, 46.548605, 301.25],
          [11.238058, 46.548555, 302.5],
          [11.238211, 46.548490, 305.0],
          [11.238359, 46.548387, 306.25],
          [11.238523, 46.548252, 306.25],
          [11.238569, 46.548250, 307.5],
          [11.238612, 46.548259, 308.75],
          [11.238629, 46.548337, 312.0],
          [11.238504, 46.548616, 319.0],
          [11.238363, 46.548797, 322.0],
          [11.238186, 46.548973, 325.5],
          [11.237774, 46.549329, 332.75],
          [11.237534, 46.549682, 341.25],
          [11.237376, 46.550003, 346.5],
          [11.237177, 46.550186, 349.25],
          [11.237000, 46.550421, 352.25],
          [11.237023, 46.550536, 355.75],
          [11.237113, 46.550596, 361.25],
          [11.237373, 46.550558, 369.5],
          [11.237606, 46.550464, 376.5],
          [11.237718, 46.550341, 375.0],
          [11.237913, 46.550213, 375.75],
          [11.238014, 46.550095, 374.75],
          [11.238272, 46.549940, 378.75],
          [11.238744, 46.549733, 387.75],
          [11.239156, 46.549497, 392.25],
          [11.239478, 46.549286, 397.5],
          [11.239548, 46.549231, 398.0],
          [11.239602, 46.549215, 399.5],
          [11.239653, 46.549217, 401.5],
          [11.239683, 46.549241, 404.0],
          [11.239687, 46.549271, 405.75],
          [11.239669, 46.549296, 406.0],
          [11.239460, 46.549470, 405.0],
          [11.239400, 46.549548, 406.0],
          [11.239054, 46.550067, 417.25],
          [11.238840, 46.550415, 426.0],
          [11.238799, 46.550465, 427.5],
          [11.238561, 46.550649, 427.5],
          [11.238462, 46.550768, 429.75],
          [11.238408, 46.550856, 433.75],
          [11.238412, 46.550889, 436.25],
          [11.238222, 46.551045, 439.25],
          [11.237958, 46.551329, 444.5],
          [11.237562, 46.551536, 446.5],
          [11.236680, 46.552219, 454.0],
          [11.236611, 46.552276, 453.75],
          [11.236588, 46.552314, 454.5],
          [11.236583, 46.552346, 455.5],
          [11.236610, 46.552370, 457.25],
          [11.236667, 46.552376, 459.5],
          [11.236708, 46.552366, 460.5],
          [11.236750, 46.552340, 460.75],
          [11.236799, 46.552289, 459.75],
          [11.236887, 46.552225, 458.75],
          [11.237067, 46.552121, 461.0],
          [11.237326, 46.551993, 463.5],
          [11.237647, 46.551797, 463.5],
          [11.237724, 46.551760, 464.75],
          [11.237779, 46.551753, 466.25],
          [11.237821, 46.551760, 468.25],
          [11.237842, 46.551776, 470.0],
          [11.237845, 46.551803, 471.25],
          [11.237831, 46.551829, 471.75],
          [11.237795, 46.551854, 471.25],
          [11.237713, 46.551890, 469.75],
          [11.237627, 46.551955, 470.25],
          [11.237182, 46.552390, 479.25],
          [11.236908, 46.552679, 486.5],
          [11.236301, 46.553242, 496.75],
          [11.236149, 46.553340, 499.0],
          [11.235643, 46.553517, 502.5],
          [11.235390, 46.553674, 507.25],
          [11.235272, 46.553735, 508.5],
          [11.235071, 46.553808, 511.25],
          [11.234926, 46.553868, 512.5],
          [11.234664, 46.554009, 515.25],
          [11.234408, 46.554130, 518.0],
          [11.234290, 46.554197, 518.25],
          [11.234213, 46.554257, 518.25],
          [11.234146, 46.554326, 518.75],
          [11.234098, 46.554390, 519.25],
          [11.234040, 46.554524, 520.0],
          [11.234016, 46.554622, 520.0],
          [11.234007, 46.554802, 521.0],
          [11.233993, 46.554882, 521.25],
          [11.233976, 46.554959, 521.5],
          [11.233915, 46.555146, 523.25],
          [11.233824, 46.555478, 528.0],
          [11.233780, 46.555552, 528.75],
          [11.233672, 46.555660, 530.75],
          [11.233632, 46.555727, 532.5],
          [11.233613, 46.555796, 534.5],
          [11.233577, 46.556010, 538.5],
          [11.233483, 46.556294, 541.5],
          [11.233478, 46.556383, 543.25],
          [11.233481, 46.556458, 544.25],
          [11.233491, 46.556496, 544.75],
          [11.233514, 46.556531, 545.25],
          [11.233597, 46.556592, 546.0],
          [11.233627, 46.556635, 546.5],
          [11.233642, 46.556744, 548.0],
          [11.233707, 46.556823, 549.5],
          [11.233692, 46.556866, 550.0],
          [11.233458, 46.557129, 551.0],
          [11.233395, 46.557221, 551.5],
          [11.233374, 46.557280, 551.5],
          [11.233375, 46.557310, 551.5],
          [11.233393, 46.557335, 551.25],
          [11.233435, 46.557351, 551.0],
          [11.233492, 46.557363, 550.5],
          [11.233581, 46.557373, 549.25],
          [11.233815, 46.557391, 549.5],
          [11.233915, 46.557414, 550.0],
          [11.233992, 46.557456, 550.75],
          [11.234045, 46.557501, 551.25],
          [11.234091, 46.557570, 551.5],
          [11.234119, 46.557630, 551.5],
          [11.234140, 46.557711, 551.5],
          [11.234131, 46.557797, 550.25],
          [11.234086, 46.557993, 550.0],
          [11.234096, 46.558063, 550.75],
          [11.234133, 46.558137, 549.75],
          [11.234213, 46.558208, 550.25],
          [11.234321, 46.558269, 552.0],
          [11.234437, 46.558311, 555.0],
          [11.234564, 46.558336, 556.25],
          [11.234678, 46.558339, 557.75],
          [11.234787, 46.558330, 558.25],
          [11.234921, 46.558296, 558.0],
          [11.235008, 46.558281, 558.0],
          [11.235089, 46.558283, 558.75],
          [11.235178, 46.558295, 558.75],
          [11.235515, 46.558402, 554.75],
          [11.235625, 46.558422, 553.75],
          [11.235837, 46.558438, 553.25],
          [11.235910, 46.558471, 554.0],
          [11.235955, 46.558527, 553.5],
          [11.235962, 46.558591, 551.5],
          [11.235927, 46.558684, 547.0],
          [11.235914, 46.558758, 544.5],
          [11.235935, 46.558827, 543.5],
          [11.235995, 46.558881, 543.75],
          [11.236641, 46.559103, 540.25],
          [11.236792, 46.559141, 542.0],
          [11.236904, 46.559266, 540.5],
          [11.236957, 46.559432, 538.0],
          [11.236960, 46.559509, 538.75],
          [11.236924, 46.559528, 537.5],
          [11.236872, 46.559514, 535.25],
          [11.236848, 46.559419, 533.0],
          [11.236733, 46.559264, 534.0],
          [11.236587, 46.559207, 531.75],
          [11.236272, 46.559163, 526.5],
          [11.235971, 46.559092, 526.0],
          [11.235781, 46.559065, 524.25],
          [11.235559, 46.559064, 516.5],
          [11.235478, 46.559087, 513.5],
          [11.235411, 46.559126, 511.0],
          [11.234284, 46.559859, 515.5],
          [11.234230, 46.559871, 517.25],
          [11.234186, 46.559874, 518.0],
          [11.233985, 46.559862, 517.0],
          [11.233865, 46.559871, 518.0],
          [11.233768, 46.559901, 520.75],
          [11.233412, 46.560032, 528.75],
          [11.233214, 46.560158, 533.0],
          [11.233156, 46.560186, 534.25],
          [11.233091, 46.560195, 534.25],
          [11.232826, 46.560183, 534.5],
          [11.232517, 46.560207, 534.75],
          [11.232332, 46.560244, 535.0],
          [11.232277, 46.560261, 535.25],
          [11.232215, 46.560288, 535.75],
          [11.232176, 46.560313, 534.25],
          [11.232165, 46.560350, 534.25],
          [11.232167, 46.560392, 535.0],
          [11.232135, 46.560635, 538.5],
          [11.232108, 46.560722, 539.5],
          [11.232071, 46.560775, 539.5],
          [11.231987, 46.560857, 538.5],
          [11.231972, 46.560890, 539.25],
          [11.231974, 46.560912, 540.0],
          [11.231994, 46.560927, 541.25],
          [11.232015, 46.560932, 542.25],
          [11.232051, 46.560928, 543.25],
          [11.232076, 46.560923, 544.0],
          [11.232092, 46.560911, 544.25],
          [11.232156, 46.560772, 542.75],
          [11.232261, 46.560626, 542.75],
          [11.232325, 46.560578, 543.5],
          [11.232481, 46.560513, 546.25],
          [11.232635, 46.560550, 551.0],
          [11.232637, 46.560629, 553.5],
          [11.232452, 46.560936, 557.5],
          [11.232439, 46.561017, 559.5],
          [11.232534, 46.560957, 560.75],
          [11.232619, 46.560924, 562.0],
          [11.232799, 46.560896, 565.75],
          [11.232989, 46.560885, 568.25],
          [11.233128, 46.560892, 570.0],
          [11.233333, 46.560918, 572.25],
          [11.233496, 46.560963, 575.75],
          [11.234028, 46.561041, 588.25],
          [11.234316, 46.561021, 592.75],
          [11.234380, 46.561025, 594.0],
          [11.234623, 46.561083, 598.5],
          [11.234772, 46.561101, 600.5],
          [11.235010, 46.561146, 606.75],
          [11.235122, 46.561151, 608.25],
          [11.235297, 46.561195, 611.75],
          [11.235688, 46.561372, 621.0],
          [11.235935, 46.561470, 626.25],
          [11.236083, 46.561493, 626.25],
          [11.236200, 46.561528, 628.75],
          [11.236626, 46.561520, 632.0],
          [11.236747, 46.561547, 633.75],
          [11.236914, 46.561669, 641.0],
          [11.236924, 46.561708, 643.25],
          [11.236899, 46.561737, 644.75],
          [11.236842, 46.561766, 646.25],
          [11.236657, 46.561831, 649.25],
          [11.236578, 46.561872, 651.25],
          [11.236466, 46.561926, 654.5],
          [11.235922, 46.562123, 666.0],
          [11.235501, 46.562213, 674.75],
          [11.235319, 46.562263, 677.75],
          [11.235071, 46.562389, 681.25],
          [11.234792, 46.562547, 685.25],
          [11.234719, 46.562613, 687.0],
          [11.234539, 46.562697, 689.0],
          [11.234486, 46.562726, 689.75],
          [11.234463, 46.562775, 692.0],
          [11.234477, 46.562794, 693.25],
          [11.234508, 46.562802, 694.0],
          [11.234804, 46.562840, 700.0],
          [11.235120, 46.562836, 704.75],
          [11.235227, 46.562851, 707.25],
          [11.235342, 46.562887, 710.0],
          [11.235783, 46.563079, 718.0],
          [11.236379, 46.563245, 727.25],
          [11.236468, 46.563300, 729.5],
          [11.236489, 46.563344, 731.5],
          [11.236653, 46.564050, 748.0],
          [11.236684, 46.564101, 748.75],
          [11.236726, 46.564135, 749.5],
          [11.236853, 46.564191, 751.5],
          [11.237272, 46.564326, 757.25],
          [11.237645, 46.564409, 762.25],
          [11.237969, 46.564436, 765.25],
          [11.238217, 46.564485, 768.75],
          [11.238375, 46.564542, 771.75],
          [11.238694, 46.564633, 775.75],
          [11.238889, 46.564721, 781.75],
          [11.239003, 46.564798, 783.5],
          [11.239152, 46.564998, 791.75],
          [11.239232, 46.565028, 794.0],
          [11.239405, 46.565052, 796.0],
          [11.239547, 46.565095, 797.75],
          [11.239756, 46.565185, 800.75],
          [11.239795, 46.565222, 802.5],
          [11.239895, 46.565273, 803.75],
          [11.239904, 46.565299, 804.5],
          [11.239868, 46.565307, 805.75],
          [11.239541, 46.565259, 808.5],
          [11.239487, 46.565280, 810.5],
          [11.239506, 46.565318, 812.0],
          [11.239639, 46.565354, 812.0],
          [11.239716, 46.565381, 812.5],
          [11.239759, 46.565437, 813.5],
          [11.239794, 46.565509, 815.0],
          [11.239799, 46.565577, 817.25],
          [11.239775, 46.565669, 821.0],
          [11.239738, 46.565752, 824.5],
          [11.239738, 46.565815, 826.0],
          [11.239774, 46.565864, 827.0],
          [11.239844, 46.565919, 828.0],
          [11.239861, 46.565959, 829.5],
          [11.239845, 46.565988, 831.0],
          [11.239780, 46.565982, 831.75],
          [11.239713, 46.565949, 831.75],
          [11.239614, 46.565887, 831.25],
          [11.239509, 46.565853, 832.25],
          [11.239393, 46.565849, 834.5],
          [11.239318, 46.565860, 836.25],
          [11.239073, 46.565818, 838.5],
          [11.239001, 46.565819, 839.5],
          [11.239114, 46.565902, 841.75],
          [11.239283, 46.566045, 844.5],
          [11.239468, 46.566226, 848.5],
          [11.239661, 46.566347, 850.75],
          [11.239838, 46.566470, 854.5],
          [11.239980, 46.566532, 855.5],
          [11.240399, 46.566674, 859.25],
          [11.240660, 46.566774, 862.0],
          [11.240829, 46.566864, 864.25],
          [11.240922, 46.566924, 865.0],
          [11.241025, 46.567030, 866.5],
          [11.241071, 46.567121, 868.0],
          [11.241116, 46.567291, 871.5],
          [11.241124, 46.567389, 873.75],
          [11.241108, 46.567423, 875.75],
          [11.241071, 46.567456, 877.5],
          [11.241032, 46.567468, 878.75],
          [11.240989, 46.567465, 879.75],
          [11.240939, 46.567444, 880.25],
          [11.240814, 46.567336, 881.0],
          [11.240739, 46.567294, 880.0],
          [11.240683, 46.567283, 879.75],
          [11.240623, 46.567304, 880.25],
          [11.240476, 46.567408, 883.25],
          [11.240405, 46.567448, 884.25],
          [11.240322, 46.567475, 885.0],
          [11.240211, 46.567487, 885.75],
          [11.239909, 46.567477, 886.75],
          [11.239876, 46.567499, 887.75],
          [11.239824, 46.567532, 889.5],
          [11.239742, 46.567546, 890.5],
          [11.239614, 46.567517, 891.75],
          [11.239251, 46.567312, 895.75],
          [11.239142, 46.567303, 897.5],
          [11.239078, 46.567334, 898.0],
          [11.239049, 46.567599, 903.75],
          [11.239006, 46.567667, 905.25],
          [11.238947, 46.567716, 906.75],
          [11.238853, 46.567760, 908.75],
          [11.238625, 46.567770, 911.5],
          [11.238568, 46.567798, 913.25],
          [11.238551, 46.567839, 915.5],
          [11.238571, 46.567889, 917.75],
          [11.238735, 46.567975, 919.75],
          [11.238829, 46.568037, 921.0],
          [11.239233, 46.568349, 931.5],
          [11.239439, 46.568441, 934.25],
          [11.239542, 46.568505, 936.0],
          [11.239978, 46.568864, 943.25],
          [11.239980, 46.568896, 944.75],
          [11.239951, 46.568913, 946.5],
          [11.239910, 46.568919, 947.75],
          [11.239755, 46.568904, 950.25],
          [11.239534, 46.568853, 953.0],
          [11.239125, 46.568671, 958.75],
          [11.239022, 46.568645, 959.25],
          [11.238933, 46.568632, 960.25],
          [11.238854, 46.568635, 961.25],
          [11.238784, 46.568658, 962.75],
          [11.238649, 46.568661, 963.5],
          [11.238512, 46.568683, 963.75],
          [11.238391, 46.568720, 964.5],
          [11.238280, 46.568764, 966.0],
          [11.238153, 46.568784, 966.75],
          [11.238030, 46.568799, 967.5],
          [11.237820, 46.568803, 969.0],
          [11.237665, 46.568829, 970.5],
          [11.237323, 46.568941, 975.0],
          [11.236798, 46.569132, 983.25],
          [11.236746, 46.569175, 984.25],
          [11.236724, 46.569217, 985.75],
          [11.236721, 46.569261, 987.25],
          [11.236735, 46.569301, 988.75],
          [11.236775, 46.569328, 990.25],
          [11.236979, 46.569381, 994.75],
          [11.237285, 46.569443, 998.5],
          [11.237392, 46.569480, 1000.0],
          [11.237606, 46.569579, 1003.0],
          [11.237674, 46.569606, 1003.5],
          [11.237734, 46.569622, 1003.75],
          [11.237885, 46.569638, 1005.5],
          [11.238090, 46.569639, 1009.25],
          [11.238164, 46.569679, 1013.0],
          [11.238179, 46.569708, 1014.75],
          [11.238180, 46.569736, 1016.0],
          [11.238168, 46.569776, 1017.5],
          [11.238133, 46.569812, 1018.25],
          [11.237925, 46.569930, 1018.5],
          [11.237774, 46.570046, 1020.0],
          [11.237646, 46.570100, 1022.75],
          [11.237504, 46.570117, 1024.0],
          [11.237334, 46.570107, 1024.75],
          [11.237281, 46.570132, 1025.75],
          [11.237210, 46.570135, 1026.25],
          [11.237119, 46.570162, 1027.0],
          [11.237036, 46.570222, 1028.0],
          [11.236963, 46.570297, 1029.5],
          [11.236887, 46.570408, 1031.0],
          [11.236819, 46.570606, 1035.25],
          [11.236810, 46.571054, 1042.0],
          [11.236824, 46.571165, 1044.0],
          [11.236889, 46.571394, 1048.0],
          [11.236925, 46.571673, 1053.0],
          [11.236952, 46.571736, 1055.0],
          [11.236995, 46.571809, 1057.25],
          [11.237061, 46.571867, 1059.0],
          [11.237117, 46.571905, 1060.0],
          [11.237180, 46.571933, 1060.75],
          [11.237511, 46.572044, 1066.0],
          [11.237559, 46.572083, 1068.0],
          [11.237581, 46.572125, 1069.25],
          [11.237592, 46.572172, 1070.5],
          [11.237581, 46.572218, 1071.25],
          [11.237545, 46.572257, 1072.75],
          [11.237487, 46.572286, 1073.5],
          [11.237170, 46.572407, 1078.25],
          [11.236584, 46.572662, 1085.75],
          [11.236337, 46.572785, 1088.0],
          [11.236219, 46.572859, 1091.0],
          [11.236037, 46.573019, 1095.0],
          [11.235860, 46.573206, 1098.0],
          [11.235600, 46.573448, 1103.75],
          [11.235395, 46.573690, 1106.25],
          [11.235242, 46.573992, 1108.75],
          [11.235203, 46.574115, 1109.5],
          [11.235198, 46.574239, 1110.25],
          [11.235250, 46.574368, 1111.5],
          [11.235357, 46.574470, 1112.75],
          [11.235495, 46.574549, 1112.5],
          [11.235615, 46.574571, 1113.0],
          [11.235772, 46.574563, 1114.25],
          [11.235983, 46.574535, 1116.75],
          [11.236246, 46.574516, 1120.75],
          [11.236411, 46.574485, 1123.5],
          [11.236884, 46.574358, 1129.25],
          [11.237166, 46.574249, 1131.25],
          [11.237238, 46.574228, 1131.75],
          [11.237468, 46.574211, 1134.0],
          [11.237597, 46.574218, 1134.75],
          [11.237685, 46.574246, 1135.5],
          [11.237768, 46.574303, 1136.25],
          [11.237949, 46.574512, 1138.75],
          [11.238066, 46.574660, 1141.0],
          [11.238092, 46.574712, 1141.75],
          [11.238093, 46.574775, 1142.75],
          [11.238070, 46.574838, 1143.5],
          [11.237989, 46.574917, 1144.75],
          [11.237800, 46.574955, 1145.75],
          [11.237514, 46.574953, 1149.0],
          [11.237416, 46.574930, 1148.25],
          [11.237340, 46.574927, 1148.0],
          [11.237259, 46.574955, 1148.75],
          [11.237211, 46.575000, 1149.75],
          [11.237211, 46.575064, 1150.25],
          [11.237244, 46.575122, 1151.25],
          [11.237400, 46.575218, 1153.75],
          [11.237531, 46.575343, 1156.5],
          [11.237599, 46.575526, 1159.25],
          [11.237649, 46.575581, 1160.25],
          [11.237739, 46.575621, 1161.0],
          [11.237884, 46.575649, 1161.25],
          [11.238027, 46.575695, 1161.5],
          [11.238121, 46.575749, 1161.75],
          [11.237992, 46.575960, 1163.75],
          [11.237984, 46.576039, 1164.25],
          [11.237990, 46.576176, 1166.0],
          [11.237947, 46.576333, 1168.5],
          [11.238014, 46.576511, 1171.75],
          [11.238030, 46.576548, 1172.5],
          [11.238102, 46.576617, 1174.25],
          [11.238215, 46.576666, 1176.0],
          [11.238387, 46.576679, 1177.0],
          [11.238523, 46.576679, 1177.0],
          [11.238526, 46.576739, 1178.0],
          [11.238550, 46.576788, 1178.75],
          [11.238630, 46.576873, 1180.0],
          [11.238872, 46.577111, 1185.75],
          [11.239048, 46.577242, 1187.25],
          [11.239428, 46.577526, 1190.75],
          [11.239532, 46.577579, 1191.75],
          [11.239610, 46.577609, 1192.5],
          [11.239718, 46.577638, 1192.75],
          [11.240100, 46.577703, 1195.0],
          [11.240287, 46.577752, 1196.25],
          [11.240426, 46.577797, 1197.25],
          [11.240575, 46.577863, 1198.5],
          [11.240769, 46.577970, 1199.75],
          [11.240968, 46.578099, 1202.0],
          [11.241162, 46.578239, 1203.5],
          [11.241372, 46.578417, 1204.25],
          [11.241518, 46.578553, 1205.0],
          [11.241590, 46.578671, 1206.25],
          [11.241612, 46.578745, 1207.25],
          [11.241616, 46.578816, 1208.5],
          [11.241547, 46.579035, 1212.5],
          [11.241528, 46.579146, 1213.75],
          [11.241532, 46.579249, 1215.0],
          [11.241548, 46.579366, 1216.25],
          [11.241589, 46.579485, 1217.25],
          [11.241646, 46.579595, 1218.5],
          [11.241940, 46.579944, 1222.75],
          [11.242021, 46.580078, 1225.0],
          [11.242098, 46.580265, 1228.5],
          [11.242190, 46.580526, 1232.5],
          [11.242338, 46.581041, 1239.5],
          [11.242368, 46.581124, 1240.5],
          [11.242669, 46.581790, 1243.75],
          [11.242744, 46.581916, 1244.0],
          [11.242829, 46.582011, 1244.25],
          [11.242994, 46.582155, 1244.75],
          [11.243100, 46.582228, 1245.0],
          [11.243246, 46.582314, 1245.5],
          [11.243347, 46.582392, 1245.5],
          [11.243427, 46.582476, 1245.0],
          [11.243478, 46.582552, 1245.0],
          [11.243854, 46.583546, 1250.0],
          [11.243899, 46.583710, 1250.75],
          [11.243901, 46.583952, 1253.5],
          [11.243892, 46.584139, 1255.5],
          [11.243782, 46.584386, 1259.0],
          [11.243708, 46.584610, 1259.5],
          [11.243683, 46.584777, 1259.5],
          [11.243667, 46.585165, 1260.5],
          [11.243537, 46.585468, 1260.0],
          [11.243345, 46.585883, 1258.5],
          [11.243252, 46.586169, 1258.5],
          [11.243191, 46.586431, 1258.25],
          [11.243168, 46.586634, 1257.5],
          [11.243171, 46.586784, 1258.0],
          [11.243187, 46.586937, 1258.5],
          [11.243227, 46.587166, 1260.25],
          [11.243329, 46.587526, 1261.25],
          [11.243390, 46.587688, 1261.25],
          [11.243493, 46.587905, 1262.25],
          [11.243545, 46.587969, 1262.0],
          [11.243633, 46.588163, 1262.75],
          [11.243708, 46.588370, 1263.75],
          [11.243972, 46.588852, 1268.75],
          [11.244114, 46.589056, 1270.75],
          [11.244213, 46.589219, 1270.75],
          [11.244244, 46.589337, 1271.25],
          [11.244258, 46.589466, 1272.0],
          [11.244235, 46.589640, 1274.25],
          [11.244173, 46.589901, 1278.0],
          [11.244147, 46.589979, 1279.0],
          [11.244103, 46.590020, 1281.0],
          [11.244184, 46.590047, 1281.0],
          [11.244304, 46.590127, 1283.0],
          [11.244458, 46.590181, 1283.25],
          [11.244760, 46.590217, 1284.0],
          [11.245223, 46.590215, 1287.25],
          [11.245637, 46.590140, 1288.0],
          [11.246309, 46.590004, 1291.25],
          [11.246846, 46.589998, 1294.5],
          [11.247167, 46.590002, 1293.25],
          [11.247309, 46.590036, 1293.25],
          [11.247419, 46.590077, 1293.25],
          [11.247738, 46.590318, 1293.25],
          [11.247875, 46.590394, 1292.5],
          [11.248263, 46.590558, 1289.0],
          [11.248361, 46.590569, 1288.5],
          [11.248428, 46.590560, 1289.0],
          [11.248727, 46.590373, 1285.75],
          [11.248861, 46.590317, 1286.0],
          [11.249159, 46.590251, 1285.75],
          [11.249377, 46.590231, 1285.75],
          [11.249556, 46.590241, 1286.25],
          [11.249888, 46.590379, 1290.25],
          [11.250204, 46.590474, 1290.25],
          [11.249888, 46.590379, 1290.25],
          [11.249556, 46.590241, 1286.25],
          [11.249377, 46.590231, 1285.75],
          [11.249159, 46.590251, 1285.75],
          [11.248861, 46.590317, 1286.0],
          [11.248727, 46.590373, 1285.75],
          [11.248428, 46.590560, 1289.0],
          [11.248361, 46.590569, 1288.5],
          [11.248263, 46.590558, 1289.0],
          [11.247875, 46.590394, 1292.5],
          [11.247738, 46.590318, 1293.25],
          [11.247419, 46.590077, 1293.25],
          [11.247309, 46.590036, 1293.25],
          [11.247167, 46.590002, 1293.25],
          [11.246846, 46.589998, 1294.5],
          [11.246309, 46.590004, 1291.25],
          [11.245637, 46.590140, 1288.0],
          [11.245223, 46.590215, 1287.25],
          [11.244760, 46.590217, 1284.0],
          [11.244458, 46.590181, 1283.25],
          [11.244304, 46.590127, 1283.0],
          [11.244184, 46.590047, 1281.0],
          [11.244103, 46.590020, 1281.0],
          [11.244147, 46.589979, 1279.0],
          [11.244173, 46.589901, 1278.0],
          [11.244235, 46.589640, 1274.25],
          [11.244258, 46.589466, 1272.0],
          [11.244244, 46.589337, 1271.25],
          [11.244213, 46.589219, 1270.75],
          [11.244114, 46.589056, 1270.75],
          [11.243972, 46.588852, 1268.75],
          [11.243708, 46.588370, 1263.75],
          [11.243633, 46.588163, 1262.75],
          [11.243545, 46.587969, 1262.0],
          [11.243493, 46.587905, 1262.25],
          [11.243390, 46.587688, 1261.25],
          [11.243329, 46.587526, 1261.25],
          [11.243227, 46.587166, 1260.25],
          [11.243187, 46.586937, 1258.5],
          [11.243171, 46.586784, 1258.0],
          [11.243168, 46.586634, 1257.5],
          [11.243191, 46.586431, 1258.25],
          [11.243252, 46.586169, 1258.5],
          [11.243345, 46.585883, 1258.5],
          [11.243537, 46.585468, 1260.0],
          [11.243667, 46.585165, 1260.5],
          [11.243683, 46.584777, 1259.5],
          [11.243708, 46.584610, 1259.5],
          [11.243782, 46.584386, 1259.0],
          [11.243892, 46.584139, 1255.5],
          [11.243901, 46.583952, 1253.5],
          [11.243899, 46.583710, 1250.75],
          [11.243854, 46.583546, 1250.0],
          [11.243478, 46.582552, 1245.0],
          [11.243427, 46.582476, 1245.0],
          [11.243347, 46.582392, 1245.5],
          [11.243246, 46.582314, 1245.5],
          [11.243100, 46.582228, 1245.0],
          [11.242994, 46.582155, 1244.75],
          [11.242829, 46.582011, 1244.25],
          [11.242744, 46.581916, 1244.0],
          [11.242669, 46.581790, 1243.75],
          [11.242368, 46.581124, 1240.5],
          [11.242338, 46.581041, 1239.5],
          [11.242190, 46.580526, 1232.5],
          [11.242098, 46.580265, 1228.5],
          [11.242021, 46.580078, 1225.0],
          [11.241940, 46.579944, 1222.75],
          [11.241646, 46.579595, 1218.5],
          [11.241589, 46.579485, 1217.25],
          [11.241548, 46.579366, 1216.25],
          [11.241532, 46.579249, 1215.0],
          [11.241528, 46.579146, 1213.75],
          [11.241547, 46.579035, 1212.5],
          [11.241616, 46.578816, 1208.5],
          [11.241612, 46.578745, 1207.25],
          [11.241590, 46.578671, 1206.25],
          [11.241518, 46.578553, 1205.0],
          [11.241372, 46.578417, 1204.25],
          [11.241162, 46.578239, 1203.5],
          [11.240968, 46.578099, 1202.0],
          [11.240769, 46.577970, 1199.75],
          [11.240575, 46.577863, 1198.5],
          [11.240426, 46.577797, 1197.25],
          [11.240287, 46.577752, 1196.25],
          [11.240100, 46.577703, 1195.0],
          [11.239718, 46.577638, 1192.75],
          [11.239610, 46.577609, 1192.5],
          [11.239532, 46.577579, 1191.75],
          [11.239428, 46.577526, 1190.75],
          [11.239048, 46.577242, 1187.25],
          [11.238872, 46.577111, 1185.75],
          [11.238630, 46.576873, 1180.0],
          [11.238550, 46.576788, 1178.75],
          [11.238526, 46.576739, 1178.0],
          [11.238523, 46.576679, 1177.0],
          [11.238387, 46.576679, 1177.0],
          [11.238215, 46.576666, 1176.0],
          [11.238102, 46.576617, 1174.25],
          [11.238030, 46.576548, 1172.5],
          [11.238014, 46.576511, 1171.75],
          [11.237947, 46.576333, 1168.5],
          [11.237990, 46.576176, 1166.0],
          [11.237984, 46.576039, 1164.25],
          [11.237992, 46.575960, 1163.75],
          [11.238121, 46.575749, 1161.75],
          [11.238027, 46.575695, 1161.5],
          [11.237884, 46.575649, 1161.25],
          [11.237739, 46.575621, 1161.0],
          [11.237649, 46.575581, 1160.25],
          [11.237599, 46.575526, 1159.25],
          [11.237531, 46.575343, 1156.5],
          [11.237400, 46.575218, 1153.75],
          [11.237244, 46.575122, 1151.25],
          [11.237211, 46.575064, 1150.25],
          [11.237211, 46.575000, 1149.75],
          [11.237259, 46.574955, 1148.75],
          [11.237340, 46.574927, 1148.0],
          [11.237416, 46.574930, 1148.25],
          [11.237514, 46.574953, 1149.0],
          [11.237800, 46.574955, 1145.75],
          [11.237989, 46.574917, 1144.75],
          [11.238070, 46.574838, 1143.5],
          [11.238093, 46.574775, 1142.75],
          [11.238092, 46.574712, 1141.75],
          [11.238066, 46.574660, 1141.0],
          [11.237949, 46.574512, 1138.75],
          [11.237768, 46.574303, 1136.25],
          [11.237685, 46.574246, 1135.5],
          [11.237597, 46.574218, 1134.75],
          [11.237468, 46.574211, 1134.0],
          [11.237238, 46.574228, 1131.75],
          [11.237166, 46.574249, 1131.25],
          [11.236884, 46.574358, 1129.25],
          [11.236411, 46.574485, 1123.5],
          [11.236246, 46.574516, 1120.75],
          [11.235983, 46.574535, 1116.75],
          [11.235772, 46.574563, 1114.25],
          [11.235615, 46.574571, 1113.0],
          [11.235495, 46.574549, 1112.5],
          [11.235357, 46.574470, 1112.75],
          [11.235250, 46.574368, 1111.5],
          [11.235198, 46.574239, 1110.25],
          [11.235203, 46.574115, 1109.5],
          [11.235242, 46.573992, 1108.75],
          [11.235395, 46.573690, 1106.25],
          [11.235600, 46.573448, 1103.75],
          [11.235860, 46.573206, 1098.0],
          [11.236037, 46.573019, 1095.0],
          [11.236219, 46.572859, 1091.0],
          [11.236337, 46.572785, 1088.0],
          [11.236584, 46.572662, 1085.75],
          [11.237170, 46.572407, 1078.25],
          [11.237487, 46.572286, 1073.5],
          [11.237545, 46.572257, 1072.75],
          [11.237581, 46.572218, 1071.25],
          [11.237592, 46.572172, 1070.5],
          [11.237581, 46.572125, 1069.25],
          [11.237559, 46.572083, 1068.0],
          [11.237511, 46.572044, 1066.0],
          [11.237180, 46.571933, 1060.75],
          [11.237117, 46.571905, 1060.0],
          [11.237061, 46.571867, 1059.0],
          [11.236995, 46.571809, 1057.25],
          [11.236952, 46.571736, 1055.0],
          [11.236925, 46.571673, 1053.0],
          [11.236889, 46.571394, 1048.0],
          [11.236824, 46.571165, 1044.0],
          [11.236810, 46.571054, 1042.0],
          [11.236819, 46.570606, 1035.25],
          [11.236887, 46.570408, 1031.0],
          [11.236963, 46.570297, 1029.5],
          [11.237036, 46.570222, 1028.0],
          [11.237119, 46.570162, 1027.0],
          [11.237210, 46.570135, 1026.25],
          [11.237281, 46.570132, 1025.75],
          [11.237334, 46.570107, 1024.75],
          [11.237504, 46.570117, 1024.0],
          [11.237646, 46.570100, 1022.75],
          [11.237774, 46.570046, 1020.0],
          [11.237925, 46.569930, 1018.5],
          [11.238133, 46.569812, 1018.25],
          [11.238168, 46.569776, 1017.5],
          [11.238180, 46.569736, 1016.0],
          [11.238179, 46.569708, 1014.75],
          [11.238164, 46.569679, 1013.0],
          [11.238090, 46.569639, 1009.25],
          [11.237885, 46.569638, 1005.5],
          [11.237734, 46.569622, 1003.75],
          [11.237674, 46.569606, 1003.5],
          [11.237606, 46.569579, 1003.0],
          [11.237392, 46.569480, 1000.0],
          [11.237285, 46.569443, 998.5],
          [11.236979, 46.569381, 994.75],
          [11.236775, 46.569328, 990.25],
          [11.236735, 46.569301, 988.75],
          [11.236721, 46.569261, 987.25],
          [11.236724, 46.569217, 985.75],
          [11.236746, 46.569175, 984.25],
          [11.236798, 46.569132, 983.25],
          [11.237323, 46.568941, 975.0],
          [11.237665, 46.568829, 970.5],
          [11.237820, 46.568803, 969.0],
          [11.238030, 46.568799, 967.5],
          [11.238153, 46.568784, 966.75],
          [11.238280, 46.568764, 966.0],
          [11.238391, 46.568720, 964.5],
          [11.238512, 46.568683, 963.75],
          [11.238649, 46.568661, 963.5],
          [11.238784, 46.568658, 962.75],
          [11.238854, 46.568635, 961.25],
          [11.238933, 46.568632, 960.25],
          [11.239022, 46.568645, 959.25],
          [11.239125, 46.568671, 958.75],
          [11.239534, 46.568853, 953.0],
          [11.239755, 46.568904, 950.25],
          [11.239910, 46.568919, 947.75],
          [11.239951, 46.568913, 946.5],
          [11.239980, 46.568896, 944.75],
          [11.239978, 46.568864, 943.25],
          [11.239542, 46.568505, 936.0],
          [11.239439, 46.568441, 934.25],
          [11.239233, 46.568349, 931.5],
          [11.238829, 46.568037, 921.0],
          [11.238735, 46.567975, 919.75],
          [11.238571, 46.567889, 917.75],
          [11.238551, 46.567839, 915.5],
          [11.238568, 46.567798, 913.25],
          [11.238625, 46.567770, 911.5],
          [11.238853, 46.567760, 908.75],
          [11.238947, 46.567716, 906.75],
          [11.239006, 46.567667, 905.25],
          [11.239049, 46.567599, 903.75],
          [11.239078, 46.567334, 898.0],
          [11.239142, 46.567303, 897.5],
          [11.239251, 46.567312, 895.75],
          [11.239614, 46.567517, 891.75],
          [11.239742, 46.567546, 890.5],
          [11.239824, 46.567532, 889.5],
          [11.239876, 46.567499, 887.75],
          [11.239909, 46.567477, 886.75],
          [11.240211, 46.567487, 885.75],
          [11.240322, 46.567475, 885.0],
          [11.240405, 46.567448, 884.25],
          [11.240476, 46.567408, 883.25],
          [11.240623, 46.567304, 880.25],
          [11.240683, 46.567283, 879.75],
          [11.240739, 46.567294, 880.0],
          [11.240814, 46.567336, 881.0],
          [11.240939, 46.567444, 880.25],
          [11.240989, 46.567465, 879.75],
          [11.241032, 46.567468, 878.75],
          [11.241071, 46.567456, 877.5],
          [11.241108, 46.567423, 875.75],
          [11.241124, 46.567389, 873.75],
          [11.241116, 46.567291, 871.5],
          [11.241071, 46.567121, 868.0],
          [11.241025, 46.567030, 866.5],
          [11.240922, 46.566924, 865.0],
          [11.240829, 46.566864, 864.25],
          [11.240660, 46.566774, 862.0],
          [11.240399, 46.566674, 859.25],
          [11.239980, 46.566532, 855.5],
          [11.239838, 46.566470, 854.5],
          [11.239661, 46.566347, 850.75],
          [11.239468, 46.566226, 848.5],
          [11.239283, 46.566045, 844.5],
          [11.239114, 46.565902, 841.75],
          [11.239001, 46.565819, 839.5],
          [11.239073, 46.565818, 838.5],
          [11.239318, 46.565860, 836.25],
          [11.239393, 46.565849, 834.5],
          [11.239509, 46.565853, 832.25],
          [11.239614, 46.565887, 831.25],
          [11.239713, 46.565949, 831.75],
          [11.239780, 46.565982, 831.75],
          [11.239845, 46.565988, 831.0],
          [11.239861, 46.565959, 829.5],
          [11.239844, 46.565919, 828.0],
          [11.239774, 46.565864, 827.0],
          [11.239738, 46.565815, 826.0],
          [11.239738, 46.565752, 824.5],
          [11.239775, 46.565669, 821.0],
          [11.239799, 46.565577, 817.25],
          [11.239794, 46.565509, 815.0],
          [11.239759, 46.565437, 813.5],
          [11.239716, 46.565381, 812.5],
          [11.239639, 46.565354, 812.0],
          [11.239506, 46.565318, 812.0],
          [11.239487, 46.565280, 810.5],
          [11.239541, 46.565259, 808.5],
          [11.239868, 46.565307, 805.75],
          [11.239904, 46.565299, 804.5],
          [11.239895, 46.565273, 803.75],
          [11.239795, 46.565222, 802.5],
          [11.239756, 46.565185, 800.75],
          [11.239547, 46.565095, 797.75],
          [11.239405, 46.565052, 796.0],
          [11.239232, 46.565028, 794.0],
          [11.239152, 46.564998, 791.75],
          [11.239003, 46.564798, 783.5],
          [11.238889, 46.564721, 781.75],
          [11.238694, 46.564633, 775.75],
          [11.238375, 46.564542, 771.75],
          [11.238217, 46.564485, 768.75],
          [11.237969, 46.564436, 765.25],
          [11.237645, 46.564409, 762.25],
          [11.237272, 46.564326, 757.25],
          [11.236853, 46.564191, 751.5],
          [11.236726, 46.564135, 749.5],
          [11.236684, 46.564101, 748.75],
          [11.236653, 46.564050, 748.0],
          [11.236489, 46.563344, 731.5],
          [11.236468, 46.563300, 729.5],
          [11.236379, 46.563245, 727.25],
          [11.235783, 46.563079, 718.0],
          [11.235342, 46.562887, 710.0],
          [11.235227, 46.562851, 707.25],
          [11.235120, 46.562836, 704.75],
          [11.234804, 46.562840, 700.0],
          [11.234508, 46.562802, 694.0],
          [11.234477, 46.562794, 693.25],
          [11.234463, 46.562775, 692.0],
          [11.234486, 46.562726, 689.75],
          [11.234539, 46.562697, 689.0],
          [11.234719, 46.562613, 687.0],
          [11.234792, 46.562547, 685.25],
          [11.235071, 46.562389, 681.25],
          [11.235319, 46.562263, 677.75],
          [11.235501, 46.562213, 674.75],
          [11.235922, 46.562123, 666.0],
          [11.236466, 46.561926, 654.5],
          [11.236578, 46.561872, 651.25],
          [11.236657, 46.561831, 649.25],
          [11.236842, 46.561766, 646.25],
          [11.236899, 46.561737, 644.75],
          [11.236924, 46.561708, 643.25],
          [11.236914, 46.561669, 641.0],
          [11.236747, 46.561547, 633.75],
          [11.236626, 46.561520, 632.0],
          [11.236200, 46.561528, 628.75],
          [11.236083, 46.561493, 626.25],
          [11.235935, 46.561470, 626.25],
          [11.235688, 46.561372, 621.0],
          [11.235297, 46.561195, 611.75],
          [11.235122, 46.561151, 608.25],
          [11.235010, 46.561146, 606.75],
          [11.234772, 46.561101, 600.5],
          [11.234623, 46.561083, 598.5],
          [11.234380, 46.561025, 594.0],
          [11.234316, 46.561021, 592.75],
          [11.234028, 46.561041, 588.25],
          [11.233496, 46.560963, 575.75],
          [11.233333, 46.560918, 572.25],
          [11.233128, 46.560892, 570.0],
          [11.232989, 46.560885, 568.25],
          [11.232799, 46.560896, 565.75],
          [11.232619, 46.560924, 562.0],
          [11.232534, 46.560957, 560.75],
          [11.232439, 46.561017, 559.5],
          [11.232452, 46.560936, 557.5],
          [11.232637, 46.560629, 553.5],
          [11.232635, 46.560550, 551.0],
          [11.232481, 46.560513, 546.25],
          [11.232325, 46.560578, 543.5],
          [11.232261, 46.560626, 542.75],
          [11.232156, 46.560772, 542.75],
          [11.232092, 46.560911, 544.25],
          [11.232076, 46.560923, 544.0],
          [11.232051, 46.560928, 543.25],
          [11.232015, 46.560932, 542.25],
          [11.231994, 46.560927, 541.25],
          [11.231974, 46.560912, 540.0],
          [11.231972, 46.560890, 539.25],
          [11.231987, 46.560857, 538.5],
          [11.232071, 46.560775, 539.5],
          [11.232108, 46.560722, 539.5],
          [11.232135, 46.560635, 538.5],
          [11.232167, 46.560392, 535.0],
          [11.232165, 46.560350, 534.25],
          [11.232176, 46.560313, 534.25],
          [11.232129, 46.560333, 532.5],
          [11.232098, 46.560363, 531.5],
          [11.232073, 46.560485, 532.75],
          [11.232042, 46.560560, 532.75],
          [11.231989, 46.560619, 532.25],
          [11.231878, 46.560697, 530.0],
          [11.231709, 46.560799, 526.5],
          [11.231615, 46.560886, 527.25],
          [11.231578, 46.560911, 527.75],
          [11.231538, 46.560922, 527.0],
          [11.231512, 46.560916, 526.0],
          [11.231394, 46.560973, 525.5],
          [11.231074, 46.561052, 518.0],
          [11.230871, 46.561128, 515.0],
          [11.230810, 46.561165, 513.5],
          [11.230770, 46.561153, 510.75],
          [11.230818, 46.561101, 511.25],
          [11.231022, 46.560941, 509.0],
          [11.231092, 46.560737, 501.75],
          [11.231103, 46.560610, 497.0],
          [11.231062, 46.560610, 495.25],
          [11.230839, 46.560766, 491.0],
          [11.230673, 46.560849, 487.5],
          [11.230510, 46.560941, 484.75],
          [11.230474, 46.560905, 480.75],
          [11.230481, 46.560842, 478.0],
          [11.230547, 46.560693, 477.0],
          [11.230532, 46.560659, 475.25],
          [11.230565, 46.560595, 474.5],
          [11.230535, 46.560570, 472.5],
          [11.230452, 46.560611, 470.25],
          [11.230404, 46.560671, 469.5],
          [11.230319, 46.560723, 466.25],
          [11.230175, 46.560852, 461.0],
          [11.230124, 46.560903, 458.75],
          [11.230091, 46.560981, 457.0],
          [11.230037, 46.561033, 452.25],
          [11.230036, 46.561100, 451.75],
          [11.229993, 46.561236, 450.0],
          [11.229951, 46.561328, 448.5],
          [11.229913, 46.561363, 446.25],
          [11.229862, 46.561391, 443.0],
          [11.229763, 46.561656, 437.0],
          [11.229668, 46.561786, 427.25],
          [11.229639, 46.561911, 423.5],
          [11.229603, 46.561975, 418.75],
          [11.229637, 46.562019, 419.5],
          [11.229679, 46.562026, 422.5],
          [11.229730, 46.562080, 424.25],
          [11.229728, 46.562179, 419.5],
          [11.229679, 46.562240, 414.75],
          [11.229443, 46.562449, 405.75],
          [11.229435, 46.562551, 405.0],
          [11.229462, 46.562651, 404.0],
          [11.229452, 46.562723, 400.0],
          [11.229468, 46.562796, 399.75],
          [11.229444, 46.562928, 395.25],
          [11.229394, 46.563101, 388.25],
          [11.229411, 46.563219, 387.75],
          [11.229375, 46.563354, 383.25],
          [11.229298, 46.563504, 379.75],
          [11.229247, 46.563522, 377.0],
          [11.229210, 46.563502, 374.5],
          [11.229193, 46.563459, 372.75],
          [11.229152, 46.563456, 370.25],
          [11.229106, 46.563492, 368.75],
          [11.229043, 46.563575, 367.25],
          [11.228968, 46.563648, 365.75],
          [11.228918, 46.563737, 366.0],
          [11.228863, 46.563776, 364.25],
          [11.228753, 46.563831, 360.25],
          [11.228691, 46.563827, 357.0],
          [11.228636, 46.563804, 353.5],
          [11.228553, 46.563807, 349.75],
          [11.228405, 46.563949, 347.5],
          [11.228315, 46.563988, 344.0],
          [11.228171, 46.564103, 339.25],
          [11.228162, 46.564163, 340.25],
          [11.227996, 46.564275, 333.25],
          [11.227793, 46.564461, 327.0],
          [11.227680, 46.564521, 325.5],
          [11.227533, 46.564510, 321.75],
          [11.227427, 46.564493, 319.5],
          [11.227400, 46.564453, 317.75],
          [11.227391, 46.564392, 315.75],
          [11.227400, 46.564350, 314.5],
          [11.227390, 46.564312, 313.25],
          [11.227343, 46.564268, 311.25],
          [11.227271, 46.564257, 310.0],
          [11.227098, 46.564197, 306.5],
          [11.227027, 46.564142, 304.0],
          [11.226990, 46.564051, 301.0],
          [11.227076, 46.563798, 295.0],
          [11.227097, 46.563359, 286.0],
          [11.227149, 46.563010, 277.5],
          [11.227169, 46.562945, 276.5],
          [11.227249, 46.562817, 275.0],
          [11.227088, 46.562851, 273.75],
          [11.226994, 46.562853, 273.0],
          [11.226921, 46.562824, 271.75],
          [11.226898, 46.562794, 271.0],
          [11.226888, 46.562762, 270.5],
          [11.226766, 46.562771, 270.25],
          [11.226590, 46.562768, 269.25],
          [11.226280, 46.562713, 266.0],
          [11.226087, 46.562688, 264.25],
          [11.225877, 46.562682, 263.0],
          [11.225672, 46.562718, 262.25],
          [11.225487, 46.562766, 261.25],
          [11.224656, 46.563049, 258.75],
          [11.224523, 46.563121, 259.25],
          [11.224337, 46.563188, 259.0],
          [11.224286, 46.563162, 258.75],
          [11.224252, 46.563145, 258.5],
          [11.224141, 46.563110, 258.0],
          [11.224216, 46.562936, 258.0],
          [11.224238, 46.562861, 258.0],
          [11.224235, 46.562675, 258.0],
          [11.224208, 46.562568, 258.0],
          [11.223951, 46.561569, 259.0],
          [11.223928, 46.561481, 259.0],
          [11.223588, 46.560155, 260.25],
          [11.223581, 46.560133, 260.25],
          [11.223445, 46.559639, 260.5],
          [11.223383, 46.559501, 260.75],
          [11.223270, 46.559282, 260.5],
          [11.223229, 46.559232, 260.5],
          [11.223172, 46.559133, 260.25],
          [11.222894, 46.558735, 258.75],
          [11.222702, 46.558441, 258.0],
          [11.222551, 46.558183, 257.0],
          [11.222498, 46.557954, 256.5],
          [11.222233, 46.557872, 256.25],
          [11.222099, 46.557775, 255.5],
          [11.221835, 46.557455, 254.25],
          [11.221314, 46.557154, 252.5],
          [11.220962, 46.556896, 253.25],
          [11.220606, 46.556618, 252.5],
          [11.220070, 46.556125, 252.0],
          [11.219984, 46.556066, 251.75],
          [11.219876, 46.556034, 252.0],
          [11.219008, 46.555749, 251.75],
          [11.218903, 46.555713, 251.75],
          [11.218827, 46.555688, 252.0],
          [11.218670, 46.555633, 252.0],
          [11.218609, 46.555710, 251.75],
          [11.218529, 46.555773, 251.5],
          [11.218116, 46.556134, 251.75],
          [11.217987, 46.556267, 251.25],
          [11.217889, 46.556400, 251.25],
          [11.217757, 46.556632, 252.25],
          [11.217666, 46.556881, 251.5],
          [11.217615, 46.557130, 251.25],
          [11.217596, 46.557297, 251.25],
          [11.217592, 46.557467, 251.0],
          [11.217616, 46.557654, 250.75],
          [11.217651, 46.557823, 251.0],
          [11.217686, 46.557927, 251.0],
          [11.217782, 46.558106, 251.25],
          [11.218105, 46.558638, 251.75],
          [11.218449, 46.559226, 251.0],
          [11.218619, 46.559561, 252.5],
          [11.218658, 46.559673, 252.25],
          [11.218682, 46.559794, 252.0],
          [11.218695, 46.560011, 251.5],
          [11.218716, 46.560784, 251.75],
          [11.218709, 46.560854, 251.75],
          [11.218684, 46.560950, 251.75],
          [11.218339, 46.561665, 252.0],
          [11.218220, 46.561849, 251.25],
          [11.218047, 46.562086, 251.75],
          [11.217920, 46.562253, 252.0],
          [11.217816, 46.562371, 252.25],
          [11.217651, 46.562543, 252.0],
          [11.216850, 46.563290, 251.75],
          [11.214966, 46.565009, 253.25],
          [11.212888, 46.566945, 252.25],
          [11.212146, 46.567540, 253.5],
          [11.211880, 46.567733, 253.25],
          [11.211597, 46.567913, 252.25],
          [11.211171, 46.568168, 252.0],
          [11.210695, 46.568436, 252.5],
          [11.210283, 46.568645, 253.75],
          [11.206655, 46.570268, 254.75],
          [11.202683, 46.572035, 253.75],
          [11.202026, 46.572363, 253.5],
          [11.201566, 46.572619, 253.5],
          [11.201341, 46.572757, 255.0],
          [11.200949, 46.573012, 254.0],
          [11.200677, 46.573198, 254.0],
          [11.200225, 46.573529, 254.5],
          [11.199928, 46.573766, 254.25],
          [11.199436, 46.574204, 254.75],
          [11.199361, 46.574247, 254.25],
          [11.199290, 46.574291, 254.25],
          [11.198981, 46.574573, 254.75],
          [11.198926, 46.574656, 255.25],
          [11.198786, 46.574788, 255.25],
          [11.196588, 46.576739, 255.5],
          [11.196415, 46.576878, 256.0],
          [11.196097, 46.577180, 256.25],
          [11.192879, 46.580036, 256.25],
          [11.192350, 46.580518, 256.5],
          [11.192069, 46.580785, 256.5],
          [11.191601, 46.581275, 256.5],
          [11.191365, 46.581550, 256.25],
          [11.191144, 46.581822, 256.5],
          [11.190918, 46.582139, 256.5],
          [11.190639, 46.582552, 255.75],
          [11.190373, 46.582990, 256.75],
          [11.190141, 46.583441, 256.5],
          [11.190008, 46.583723, 257.0],
          [11.189116, 46.585615, 258.25],
          [11.189011, 46.585852, 257.25],
          [11.188904, 46.586125, 256.0],
          [11.188863, 46.586236, 257.0],
          [11.188575, 46.587009, 258.5],
          [11.188386, 46.587591, 257.25],
          [11.188230, 46.588133, 258.25],
          [11.188135, 46.588514, 257.5],
          [11.187940, 46.589476, 258.0],
          [11.187678, 46.591099, 259.5],
          [11.187565, 46.591996, 259.0],
          [11.187539, 46.592419, 259.5],
          [11.187536, 46.592963, 259.0],
          [11.187518, 46.593647, 260.0],
          [11.187457, 46.594369, 260.25],
          [11.187380, 46.595048, 259.5],
          [11.187280, 46.595791, 259.0],
          [11.187165, 46.596468, 261.0],
          [11.187031, 46.597020, 260.0],
          [11.186938, 46.597356, 261.25],
          [11.186844, 46.597638, 260.25],
          [11.186206, 46.599448, 260.25],
          [11.185999, 46.600024, 260.5],
          [11.185557, 46.601358, 261.75],
          [11.185427, 46.601774, 261.0],
          [11.185261, 46.602220, 261.75],
          [11.184583, 46.604258, 261.75],
          [11.184470, 46.604502, 261.75],
          [11.184331, 46.604771, 262.5],
          [11.183506, 46.606059, 262.5],
          [11.183074, 46.606706, 262.25],
          [11.182104, 46.608205, 262.75],
          [11.181831, 46.608612, 262.75],
          [11.181461, 46.609186, 263.25],
          [11.181390, 46.609310, 264.0],
          [11.181311, 46.609478, 263.75],
          [11.181205, 46.609929, 263.75],
          [11.181112, 46.610418, 266.25],
          [11.181168, 46.610914, 264.75],
          [11.181217, 46.611182, 264.25],
          [11.181297, 46.611467, 264.0],
          [11.181379, 46.611672, 264.75],
          [11.181562, 46.612040, 263.75],
          [11.181705, 46.612246, 262.75],
          [11.181885, 46.612478, 263.25],
          [11.182035, 46.612636, 263.25],
          [11.182192, 46.612777, 263.75],
          [11.182778, 46.613275, 263.0],
          [11.183043, 46.613529, 263.5],
          [11.183451, 46.613981, 264.0],
          [11.183674, 46.614274, 264.0],
          [11.183949, 46.614704, 263.5],
          [11.184071, 46.614929, 264.5],
          [11.184146, 46.615085, 265.0],
          [11.184418, 46.615705, 265.0],
          [11.184521, 46.616011, 264.0],
          [11.184608, 46.616402, 264.75],
          [11.184809, 46.618508, 264.0],
          [11.184824, 46.618800, 264.5],
          [11.184812, 46.619090, 264.5],
          [11.184787, 46.619336, 264.75],
          [11.184684, 46.619830, 266.25],
          [11.184645, 46.620010, 265.75],
          [11.184583, 46.620287, 265.5],
          [11.184534, 46.620455, 265.75],
          [11.184450, 46.620687, 266.75],
          [11.184311, 46.621000, 266.5],
          [11.184213, 46.621187, 266.75],
          [11.183544, 46.622364, 267.25],
          [11.182079, 46.624894, 268.25],
          [11.179738, 46.628959, 269.5],
          [11.179441, 46.629405, 270.25],
          [11.179312, 46.629582, 269.25],
          [11.179180, 46.629743, 270.0],
          [11.178952, 46.629993, 269.25],
          [11.178559, 46.630380, 269.25],
          [11.178223, 46.630666, 269.5],
          [11.178004, 46.630835, 270.25],
          [11.177852, 46.630948, 270.0],
          [11.177311, 46.631309, 270.75],
          [11.177287, 46.631484, 271.75],
          [11.176988, 46.631674, 271.75],
          [11.176948, 46.631717, 271.75],
          [11.176789, 46.631837, 271.5],
          [11.176156, 46.632249, 272.75],
          [11.176003, 46.632324, 272.0],
          [11.175699, 46.632519, 272.5],
          [11.174602, 46.633244, 273.5],
          [11.174344, 46.633426, 272.25],
          [11.174205, 46.633535, 272.0],
          [11.173895, 46.633794, 272.5],
          [11.173746, 46.633930, 273.0],
          [11.173530, 46.634158, 273.5],
          [11.173244, 46.634503, 273.5],
          [11.172951, 46.634945, 273.0],
          [11.172926, 46.635006, 273.0],
          [11.172932, 46.635031, 273.0],
          [11.172964, 46.635068, 273.0],
          [11.173064, 46.635128, 273.0],
          [11.173144, 46.635211, 273.0],
          [11.173205, 46.635304, 273.0],
          [11.173218, 46.635413, 272.75],
          [11.173205, 46.635468, 272.5],
          [11.173169, 46.635549, 272.25],
          [11.173000, 46.635774, 273.25],
          [11.172507, 46.636633, 273.75],
          [11.172462, 46.636733, 273.5],
          [11.172329, 46.636971, 272.5],
          [11.172105, 46.637524, 273.5],
          [11.172054, 46.637736, 273.25],
          [11.172042, 46.637865, 273.25],
          [11.172037, 46.638225, 272.75],
          [11.172046, 46.638288, 272.75],
          [11.172111, 46.638384, 273.0],
          [11.172121, 46.638438, 273.0],
          [11.172108, 46.638544, 272.5],
          [11.172085, 46.639618, 273.25],
          [11.172098, 46.639958, 273.25],
          [11.172113, 46.640161, 273.25],
          [11.172145, 46.640392, 273.5],
          [11.172201, 46.640673, 274.0],
          [11.172383, 46.641349, 273.75],
          [11.172484, 46.641638, 274.75],
          [11.172595, 46.641910, 274.5],
          [11.172694, 46.642125, 275.25],
          [11.172982, 46.642639, 275.5],
          [11.173101, 46.642828, 275.75],
          [11.173273, 46.643051, 275.75],
          [11.174529, 46.644747, 276.25],
          [11.174719, 46.644966, 276.75],
          [11.174912, 46.645139, 277.25],
          [11.175037, 46.645278, 278.0],
          [11.175045, 46.645343, 278.0],
          [11.175037, 46.645418, 278.0],
          [11.175044, 46.645477, 278.0],
          [11.175067, 46.645524, 278.0],
          [11.175230, 46.645766, 278.0],
          [11.176701, 46.647656, 284.0],
          [11.176780, 46.647760, 284.25],
          [11.176717, 46.647755, 284.25],
          [11.176679, 46.647758, 284.25],
          [11.176629, 46.647774, 284.25],
          [11.176570, 46.647819, 284.25],
          [11.176556, 46.647861, 284.25],
          [11.176566, 46.647891, 284.25],
          [11.176594, 46.647926, 284.5],
          [11.176873, 46.648204, 285.0],
          [11.176952, 46.648270, 285.5],
          [11.176979, 46.648317, 286.0],
          [11.176982, 46.648370, 286.25],
          [11.176963, 46.648433, 286.0],
          [11.176956, 46.648500, 286.0],
          [11.176989, 46.648616, 286.25],
          [11.176980, 46.648692, 286.0],
          [11.176918, 46.648863, 285.75],
          [11.176868, 46.649004, 285.5],
          [11.176792, 46.649160, 285.25],
          [11.176616, 46.649440, 285.75],
          [11.176481, 46.649632, 285.75],
          [11.176203, 46.649948, 285.75],
          [11.175713, 46.650397, 285.75],
          [11.175644, 46.650462, 286.0],
          [11.175600, 46.650503, 286.5],
          [11.175283, 46.650815, 286.75],
          [11.175222, 46.650900, 286.5],
          [11.175167, 46.651005, 286.25],
          [11.175151, 46.651066, 286.25],
          [11.175114, 46.651204, 286.25],
          [11.175063, 46.651500, 286.5],
          [11.175014, 46.652175, 288.0],
          [11.174976, 46.652581, 289.0],
          [11.174945, 46.652693, 289.25],
          [11.174910, 46.652732, 289.5],
          [11.174854, 46.652798, 289.5],
          [11.174655, 46.652932, 289.75],
          [11.174055, 46.653228, 289.75],
          [11.173034, 46.653535, 289.25],
          [11.172290, 46.653759, 288.5],
          [11.172229, 46.653782, 288.5],
          [11.171802, 46.653950, 288.5],
          [11.171474, 46.654121, 288.75],
          [11.171047, 46.654391, 289.5],
          [11.170835, 46.654559, 289.25],
          [11.170511, 46.654846, 290.25],
          [11.170453, 46.654890, 290.0],
          [11.170146, 46.655105, 290.0],
          [11.170134, 46.655018, 289.5],
          [11.170024, 46.654848, 289.0],
          [11.169810, 46.654516, 288.0],
          [11.169768, 46.654490, 288.0],
          [11.169073, 46.654771, 288.0],
          [11.168564, 46.653939, 287.0],
          [11.168452, 46.653754, 286.5],
          [11.167563, 46.654064, 286.5],
          [11.166802, 46.654320, 286.75],
          [11.166004, 46.654589, 287.0],
          [11.165662, 46.654705, 287.25],
          [11.164991, 46.654932, 286.5],
          [11.164929, 46.654992, 286.75],
          [11.163836, 46.655373, 286.5],
          [11.163702, 46.655443, 286.25],
          [11.163616, 46.655504, 286.5],
          [11.163552, 46.655593, 287.0],
          [11.163519, 46.655679, 287.25],
          [11.163515, 46.655754, 287.25],
          [11.163541, 46.655851, 287.75],
          [11.163635, 46.655999, 288.0],
          [11.163748, 46.656252, 288.75],
          [11.163755, 46.656355, 288.75],
          [11.163725, 46.656466, 289.25],
          [11.163675, 46.656559, 289.5],
          [11.163465, 46.656659, 289.75],
          [11.162948, 46.656848, 288.75],
          [11.162354, 46.657023, 287.25],
          [11.162286, 46.657058, 287.25],
          [11.162249, 46.657099, 287.5],
          [11.162239, 46.657136, 287.5],
          [11.162320, 46.657300, 287.5],
          [11.162324, 46.657377, 287.75],
          [11.162300, 46.657421, 287.75],
          [11.162254, 46.657455, 287.75],
          [11.162215, 46.657473, 288.0],
          [11.161294, 46.657756, 289.0],
          [11.160128, 46.658113, 289.0],
          [11.160172, 46.658253, 289.5],
          [11.160218, 46.658507, 290.0],
          [11.160257, 46.658667, 290.0],
          [11.160286, 46.658750, 290.5],
          [11.160379, 46.658834, 290.75],
          [11.160434, 46.658932, 291.0],
          [11.160502, 46.659114, 291.5],
          [11.160549, 46.659300, 291.75],
          [11.160598, 46.659405, 292.25],
          [11.160935, 46.659992, 293.5],
          [11.160986, 46.660079, 294.5],
          [11.160828, 46.660134, 293.75],
          [11.160665, 46.660993, 297.5],
          [11.160636, 46.661071, 297.75],
          [11.160573, 46.661141, 298.0],
          [11.160495, 46.661182, 298.0],
          [11.160352, 46.661234, 297.5],
          [11.160195, 46.661318, 297.25],
          [11.160105, 46.661400, 297.25],
          [11.159892, 46.661634, 296.5],
          [11.159660, 46.661620, 295.75],
          [11.159636, 46.661670, 296.0],
          [11.159612, 46.661733, 296.0],
          [11.159597, 46.661774, 296.0],
          [11.159758, 46.661838, 296.0],
          [11.159807, 46.661878, 296.0],
          [11.159707, 46.661952, 295.75],
          [11.159429, 46.662215, 296.0],
          [11.159181, 46.662434, 295.25],
          [11.159150, 46.662478, 295.0],
          [11.159117, 46.662491, 295.0],
          [11.158933, 46.662450, 295.75],
          [11.158881, 46.662454, 296.0],
          [11.158835, 46.662504, 296.0],
          [11.158653, 46.664053, 298.5],
          [11.158885, 46.664088, 299.5],
          [11.158961, 46.664163, 300.0],
          [11.158757, 46.664416, 299.75],
          [11.158382, 46.664724, 300.0],
          [11.158252, 46.664878, 299.75],
          [11.158114, 46.665076, 300.25],
          [11.158015, 46.665125, 300.25],
          [11.157947, 46.665144, 300.5],
          [11.157869, 46.665141, 300.5],
          [11.157815, 46.665132, 300.25],
          [11.157749, 46.665096, 300.25],
          [11.157477, 46.664981, 299.75],
          [11.157250, 46.664896, 299.5],
          [11.156740, 46.664755, 300.0],
          [11.156725, 46.664779, 300.0],
          [11.156711, 46.664805, 300.25],
          [11.156683, 46.664861, 300.25],
          [11.156757, 46.665297, 301.0],
          [11.156765, 46.665392, 301.0],
          [11.156752, 46.665532, 301.0],
          [11.156730, 46.665644, 301.25],
          [11.156651, 46.666147, 303.0],
          [11.156564, 46.666660, 303.5],
          [11.156519, 46.666760, 303.5],
          [11.156513, 46.666824, 303.75],
          [11.156511, 46.666885, 303.75],
          [11.156462, 46.666933, 303.75],
          [11.156457, 46.666954, 304.0],
          [11.156452, 46.667009, 304.0],
          [11.156257, 46.668405, 306.0],
          [11.156230, 46.668613, 307.0],
          [11.156166, 46.669113, 307.5],
          [11.156154, 46.669146, 307.25],
          [11.156148, 46.669173, 307.0],
          [11.156147, 46.669192, 307.0],
          [11.156121, 46.669486, 307.0],
          [11.156109, 46.669506, 307.0],
          [11.156087, 46.669545, 307.25],
          [11.156143, 46.670033, 307.0],
          [11.156194, 46.670030, 307.0],
          [11.156258, 46.670026, 307.0],
          [11.156475, 46.670011, 307.25],
          [11.156869, 46.670002, 307.75],
          [11.157314, 46.670019, 308.25],
          [11.157539, 46.670042, 308.75],
          [11.157764, 46.670074, 308.0],
          [11.158047, 46.670130, 308.75],
          [11.158473, 46.670256, 309.0],
          [11.158895, 46.670372, 310.0],
          [11.159103, 46.670428, 310.25],
          [11.159268, 46.670464, 310.25],
          [11.159255, 46.670534, 310.0],
          [11.159253, 46.670587, 310.0],
          [11.159271, 46.670662, 310.0],
          [11.159280, 46.670699, 310.0],
          [11.159317, 46.670707, 310.0],
          [11.159330, 46.670733, 310.0],
          [11.159320, 46.670749, 310.0],
          [11.159440, 46.670819, 310.0],
          [11.159464, 46.670873, 309.75],
          [11.159463, 46.670926, 309.5],
          [11.159443, 46.671293, 308.75]
        ]
      }
    }
  ]
}
