{
  "type": "FeatureCollection",
  "features": [
    {
      "type": "Feature",
      "properties": {
        "creator": "BRouter-1.7.10",
        "name": "brouter_trekking_0",
        "track-length": "305826",
        "filtered ascend": "1706",
        "plain-ascend": "-248",
        "total-time": "58278",
        "total-energy": "5747934",
        "cost": "359345",
        "messages": [
          ["Longitude", "Latitude", "Elevation", "Distance", "CostPerKm", "ElevCost", "TurnCost", "NodeCost", "InitialCost", "WayTags", "NodeTags", "Time", "Energy"],
          ["11575554", "48137418", "516", "3", "5050", "0", "0", "0", "0", "highway=footway surface=paving_stones", "", "0", "50"],
          ["11576391", "48137235", "515", "65", "3050", "0", "88", "0", "0", "highway=pedestrian surface=paving_stones smoothness=good", "", "10", "1046"],
          ["11576235", "48137058", "515", "23", "7050", "0", "105", "0", "0", "highway=pedestrian surface=paving_stones bicycle=no smoothness=good vehicle=no", "", "13", "1372"],
          ["11576801", "48136836", "514", "50", "7050", "0", "114", "0", "0", "highway=pedestrian surface=paving_stones bicycle=no smoothness=good", "", "20", "2095"],
          ["11577196", "48136594", "513", "40", "2250", "0", "0", "0", "0", "highway=pedestrian surface=asphalt bicycle=yes smoothness=good", "", "25", "2546"],
          ["11577601", "48136384", "512", "38", "1000", "0", "0", "0", "0", "highway=residential surface=asphalt foot=use_sidepath bicycle=yes smoothness=excellent cycleway=no route_bicycle_rcn=yes route_bicycle_lcn=yes", "nodeaccessgranted=yes wheelchair=yes", "29", "2994"],
          ["11579076", "48136060", "512", "116", "1000", "0", "0", "0", "0", "highway=residential surface=asphalt foot=use_sidepath bicycle=yes smoothness=excellent cycleway=no route_bicycle_rcn=yes route_bicycle_lcn=yes", "nodeaccessgranted=yes highway=crossing crossing=unmarked", "44", "4457"],
          ["11581291", "48135405", "512", "179", "1000", "0", "0", "0", "0", "highway=residential surface=asphalt foot=use_sidepath bicycle=yes smoothness=excellent cycleway=no route_bicycle_rcn=yes route_bicycle_lcn=yes", "nodeaccessgranted=yes highway=crossing crossing=unmarked", "72", "7240"],
          ["11581352", "48135384", "512", "5", "1000", "0", "0", "0", "0", "highway=residential surface=asphalt foot=use_sidepath bicycle=yes smoothness=excellent cycleway=no route_bicycle_rcn=yes route_bicycle_lcn=yes", "", "73", "7322"],
          ["11581484", "48135052", "512", "38", "1000", "0", "0", "0", "0", "highway=residential surface=asphalt foot=use_sidepath bicycle=yes smoothness=excellent cycleway:both=no oneway=yes route_bicycle_rcn=yes route_bicycle_lcn=yes", "nodeaccessgranted=yes highway=crossing crossing=unmarked kerb=lowered", "80", "8016"],
          ["11581491", "48134847", "513", "24", "1000", "0", "0", "0", "0", "highway=path surface=paved foot=designated bicycle=designated oneway=yes route_bicycle_rcn=yes route_bicycle_lcn=yes", "", "85", "8535"],
          ["11581597", "48134807", "513", "9", "1000", "0", "0", "20", "0", "highway=path surface=asphalt foot=designated bicycle=designated smoothness=good oneway=yes route_bicycle_rcn=yes route_bicycle_lcn=yes", "nodeaccessgranted=yes highway=crossing estimated_crossing_class=0 crossing=traffic_signals bicycle=yes", "87", "8737"],
          ["11581784", "48134722", "514", "17", "1000", "0", "0", "20", "0", "highway=path surface=asphalt foot=designated bicycle=designated smoothness=good oneway=yes route_bicycle_rcn=yes route_bicycle_lcn=yes", "nodeaccessgranted=yes highway=crossing estimated_crossing_class=0 crossing=traffic_signals bicycle=yes", "91", "9154"],
          ["11581871", "48134680", "514", "8", "1000", "0", "0", "0", "0", "highway=path surface=asphalt foot=designated bicycle=designated smoothness=good oneway=yes route_bicycle_rcn=yes route_bicycle_lcn=yes", "", "93", "9342"],
          ["11582617", "48133947", "514", "101", "1000", "0", "0", "0", "0", "highway=cycleway surface=asphalt bicycle=designated smoothness=excellent oneway=yes route_bicycle_rcn=yes route_bicycle_lcn=yes", "", "114", "11422"],
          ["11582684", "48133867", "514", "10", "1000", "0", "0", "0", "0", "highway=path surface=asphalt foot=designated bicycle=designated smoothness=excellent oneway=yes route_bicycle_rcn=yes route_bicycle_lcn=yes", "nodeaccessgranted=yes railway=unknown", "116", "11609"],
          ["11582694", "48133855", "514", "2", "1000", "0", "0", "20", "0", "highway=path surface=asphalt foot=designated bicycle=designated smoothness=excellent oneway=yes route_bicycle_rcn=yes route_bicycle_lcn=yes", "nodeaccessgranted=yes highway=traffic_signals crossing=traffic_signals", "116", "11646"],
          ["11582704", "48133843", "514", "2", "1000", "0", "0", "0", "0", "highway=path surface=asphalt foot=designated bicycle=designated smoothness=excellent oneway=yes route_bicycle_rcn=yes route_bicycle_lcn=yes", "nodeaccessgranted=yes wheelchair=yes railway=unknown", "116", "11684"],
          ["11582729", "48133816", "514", "4", "1000", "0", "0", "0", "0", "highway=path surface=asphalt foot=designated bicycle=designated smoothness=excellent oneway=yes route_bicycle_rcn=yes route_bicycle_lcn=yes", "nodeaccessgranted=yes crossing=traffic_signals railway=unknown", "117", "11758"],
          ["11583271", "48133048", "514", "94", "1000", "0", "0", "20", "0", "highway=path surface=asphalt foot=designated bicycle=designated smoothness=excellent oneway=yes route_bicycle_rcn=yes route_bicycle_lcn=yes", "nodeaccessgranted=yes highway=traffic_signals", "134", "13438"],
          ["11583437", "48132997", "514", "14", "1000", "0", "0", "0", "0", "highway=cycleway surface=asphalt smoothness=excellent oneway=yes route_bicycle_rcn=yes route_bicycle_lcn=yes", "nodeaccessgranted=yes estimated_crossing_class=0", "136", "13682"],
          ["11583903", "48132740", "514", "45", "1000", "0", "0", "0", "0", "highway=secondary surface=asphalt foot=use_sidepath smoothness=excellent oneway=yes cycleway:right=no cycleway:left=no route_bicycle_rcn=yes route_bicycle_lcn=yes", "", "144", "14458"],
          ["11584653", "48132366", "515", "70", "1000", "0", "0", "20", "0", "highway=secondary surface=asphalt foot=use_sidepath smoothness=excellent oneway=yes cycleway:right=yes cycleway:left=no route_bicycle_rcn=yes route_bicycle_lcn=yes", "nodeaccessgranted=yes highway=traffic_signals traffic_signals=signal", "159", "15917"],
          ["11584707", "48132342", "515", "5", "1000", "0", "0", "20", "0", "highway=secondary surface=asphalt foot=use_sidepath smoothness=excellent oneway=yes cycleway:right=yes cycleway:left=no route_bicycle_rcn=yes route_bicycle_lcn=yes", "nodeaccessgranted=yes highway=crossing estimated_crossing_class=0 crossing=traffic_signals bicycle=yes", "160", "16014"],
          ["11584850", "48132287", "515", "12", "1000", "0", "0", "0", "0", "highway=secondary surface=asphalt foot=use_sidepath smoothness=excellent oneway=yes cycleway:right=yes cycleway:left=no route_bicycle_rcn=yes route_bicycle_lcn=yes", "nodeaccessgranted=yes estimated_crossing_class=0", "162", "16260"],
          ["11584961", "48132216", "515", "11", "1000", "0", "0", "0", "0", "highway=cycleway surface=asphalt smoothness=excellent oneway=yes route_bicycle_rcn=yes route_bicycle_lcn=yes", "", "165", "16512"],
          ["11586507", "48131640", "513", "133", "1000", "0", "0", "0", "0", "highway=path surface=paved foot=designated bicycle=designated route_bicycle_rcn=yes route_bicycle_lcn=yes", "", "189", "18993"],
          ["11587381", "48131466", "511", "68", "1000", "0", "0", "0", "0", "highway=path surface=paved foot=designated bicycle=designated oneway=yes route_bicycle_rcn=yes route_bicycle_lcn=yes", "", "199", "19927"],
          ["11587614", "48131430", "513", "18", "1000", "0", "0", "0", "0", "highway=path surface=paved foot=designated bicycle=designated cycleway=unknown oneway=yes route_bicycle_rcn=yes route_bicycle_lcn=yes", "", "201", "20165"],
          ["11587809", "48131425", "515", "15", "1000", "0", "0", "20", "0", "highway=path surface=paved foot=designated bicycle=designated smoothness=excellent cycleway=unknown oneway=yes route_bicycle_ncn=yes route_bicycle_rcn=yes route_bicycle_lcn=yes", "nodeaccessgranted=yes highway=crossing crossing=traffic_signals", "204", "20461"],
          ["11589423", "48131578", "519", "121", "1000", "0", "0", "0", "0", "highway=path surface=paved foot=designated bicycle=designated smoothness=excellent cycleway=unknown oneway=yes route_bicycle_ncn=yes route_bicycle_rcn=yes route_bicycle_lcn=yes", "", "235", "23529"],
          ["11589535", "48131557", "520", "8", "1050", "0", "9", "0", "0", "highway=cycleway surface=asphalt bicycle=designated smoothness=good cycleway=unknown oneway=yes", "highway=crossing", "236", "23696"],
          ["11589594", "48131549", "520", "4", "1050", "0", "30", "0", "0", "highway=cycleway surface=asphalt bicycle=designated smoothness=good cycleway=unknown oneway=yes", "estimated_crossing_class=4", "237", "23779"],
          ["11589972", "48131258", "522", "43", "1000", "0", "0", "20", "0", "highway=secondary surface=asphalt foot=use_sidepath smoothness=excellent oneway=yes cycleway:right=lane cycleway:left=no route_bicycle_lcn=yes", "nodeaccessgranted=yes highway=traffic_signals", "251", "25169"],
          ["11590097", "48131160", "522", "14", "1000", "0", "0", "0", "0", "highway=secondary surface=asphalt foot=use_sidepath smoothness=excellent oneway=yes cycleway:right=lane cycleway:left=no route_bicycle_lcn=yes", "nodeaccessgranted=yes estimated_crossing_class=0", "256", "25606"],
          ["11590215", "48131073", "523", "13", "1000", "0", "0", "20", "0", "highway=secondary surface=asphalt foot=use_sidepath smoothness=excellent oneway=yes cycleway:right=lane cycleway:left=no route_bicycle_lcn=yes", "nodeaccessgranted=yes highway=crossing estimated_crossing_class=0 crossing=traffic_signals kerb=lowered", "260", "26006"],
          ["11592381", "48129540", "528", "235", "1000", "0", "0", "0", "0", "highway=secondary surface=asphalt foot=use_sidepath smoothness=excellent oneway=yes cycleway:right=lane cycleway:left=no route_bicycle_lcn=yes", "nodeaccessgranted=yes estimated_crossing_class=4", "341", "34111"],
          ["11593145", "48129033", "528", "80", "1000", "0", "0", "0", "0", "highway=secondary surface=asphalt foot=use_sidepath smoothness=excellent oneway=yes cycleway:right=lane cycleway:left=no route_bicycle_lcn=yes", "nodeaccessgranted=yes estimated_crossing_class=4", "356", "35697"],
          ["11593685", "48128574", "528", "66", "1000", "0", "0", "0", "0", "highway=cycleway surface=asphalt foot=no bicycle=designated oneway=yes route_bicycle_lcn=yes", "", "368", "36896"],
          ["11593826", "48128477", "528", "15", "1000", "0", "0", "20", "0", "highway=path surface=asphalt foot=designated bicycle=designated oneway=yes route_bicycle_lcn=yes", "nodeaccessgranted=yes highway=crossing estimated_crossing_class=0 crossing=traffic_signals railway=unknown", "371", "37161"],
          ["11593862", "48128459", "528", "3", "1000", "0", "0", "20", "0", "highway=path surface=asphalt foot=designated bicycle=designated oneway=yes route_bicycle_lcn=yes", "nodeaccessgranted=yes highway=crossing estimated_crossing_class=0 crossing=traffic_signals railway=unknown", "372", "37214"],
          ["11593927", "48128427", "527", "6", "1000", "0", "0", "0", "0", "highway=path surface=asphalt foot=designated bicycle=designated oneway=yes route_bicycle_lcn=yes", "", "374", "37427"],
          ["11594330", "48128215", "528", "38", "1000", "0", "0", "0", "0", "highway=cycleway surface=asphalt bicycle=designated smoothness=excellent oneway=yes route_bicycle_lcn=yes", "", "386", "38679"],
          ["11594352", "48128203", "528", "2", "1000", "0", "0", "0", "0", "highway=cycleway surface=asphalt bicycle=designated smoothness=excellent cycleway=crossing oneway=yes route_bicycle_lcn=yes", "nodeaccessgranted=yes highway=crossing crossing=marked", "387", "38738"],
          ["11594328", "48128140", "528", "7", "1000", "0", "0", "0", "0", "highway=tertiary surface=asphalt foot=use_sidepath smoothness=intermediate cycleway:both=no oneway=yes route_bicycle_lcn=yes", "", "389", "38939"],
          ["11594239", "48128100", "528", "8", "1000", "0", "0", "0", "0", "highway=cycleway surface=asphalt oneway=yes route_bicycle_lcn=yes", "", "391", "39160"],
          ["11594953", "48126664", "529", "168", "1000", "0", "0", "0", "0", "highway=path surface=asphalt foot=designated bicycle=designated smoothness=intermediate cycleway=unknown oneway=yes route_bicycle_lcn=yes", "nodeaccessgranted=yes highway=crossing crossing=marked", "431", "43126"],
          ["11594959", "48126587", "529", "9", "1000", "0", "0", "0", "0", "highway=path surface=asphalt foot=designated bicycle=designated smoothness=intermediate cycleway=unknown oneway=yes route_bicycle_lcn=yes", "", "433", "43308"],
          ["11595133", "48126199", "529", "45", "1000", "0", "0", "0", "0", "highway=cycleway surface=asphalt smoothness=intermediate cycleway=unknown oneway=yes route_bicycle_lcn=yes", "nodeaccessgranted=yes highway=crossing crossing=unmarked", "441", "44177"],
          ["11595180", "48126133", "529", "8", "1000", "0", "0", "0", "0", "highway=cycleway surface=asphalt smoothness=intermediate cycleway=unknown oneway=yes route_bicycle_lcn=yes", "", "443", "44327"],
          ["11596876", "48123840", "529", "285", "1000", "0", "0", "20", "0", "highway=path surface=asphalt foot=designated bicycle=designated smoothness=intermediate cycleway=unknown oneway=yes route_bicycle_lcn=yes", "nodeaccessgranted=yes highway=crossing crossing=traffic_signals", "492", "49278"],
          ["11597900", "48122824", "526", "136", "1000", "0", "0", "0", "0", "highway=path surface=asphalt foot=designated bicycle=designated smoothness=excellent cycleway=unknown oneway=no route_bicycle_lcn=yes", "nodeaccessgranted=yes highway=crossing crossing=unmarked", "510", "51042"],
          ["11598068", "48122615", "527", "26", "1000", "0", "0", "0", "0", "highway=path surface=asphalt foot=designated bicycle=designated smoothness=good cycleway=unknown oneway=yes route_bicycle_lcn=yes", "", "514", "51506"],
          ["11599920", "48119610", "531", "363", "1000", "0", "0", "0", "0", "highway=path surface=asphalt foot=designated bicycle=designated smoothness=intermediate cycleway=unknown oneway=yes route_bicycle_lcn=yes", "", "593", "59379"],
          ["11599972", "48119504", "531", "12", "1000", "0", "0", "20", "0", "highway=path surface=asphalt foot=designated bicycle=designated smoothness=good cycleway=unknown oneway=yes route_bicycle_lcn=yes", "nodeaccessgranted=yes highway=crossing crossing=traffic_signals wheelchair=yes", "595", "59589"],
          ["11600026", "48119409", "531", "11", "1000", "0", "0", "0", "0", "highway=path surface=asphalt foot=designated bicycle=designated smoothness=good cycleway=unknown oneway=yes route_bicycle_lcn=yes", "", "597", "59781"],
          ["11601425", "48116757", "533", "313", "1000", "0", "0", "0", "0", "highway=path surface=asphalt foot=designated bicycle=designated smoothness=intermediate cycleway=unknown oneway=yes route_bicycle_lcn=yes", "nodeaccessgranted=yes highway=crossing", "657", "65778"],
          ["11601901", "48115807", "533", "112", "1000", "0", "0", "0", "0", "highway=path surface=asphalt foot=designated bicycle=designated smoothness=intermediate cycleway=unknown oneway=yes route_bicycle_lcn=yes", "", "678", "67878"],
          ["11601893", "48115781", "533", "3", "1000", "0", "0", "0", "0", "highway=path foot=designated bicycle=designated smoothness=good oneway=yes route_bicycle_lcn=yes", "", "679", "67932"],
          ["11601920", "48115716", "533", "8", "1000", "0", "0", "20", "0", "highway=path surface=asphalt foot=designated bicycle=designated smoothness=good cycleway=unknown oneway=yes route_bicycle_lcn=yes", "nodeaccessgranted=yes highway=crossing estimated_crossing_class=0 crossing=traffic_signals bicycle=yes wheelchair=yes", "680", "68074"],
          ["11601961", "48115616", "533", "11", "1000", "0", "0", "20", "0", "highway=path surface=asphalt foot=designated bicycle=designated smoothness=good cycleway=unknown oneway=yes route_bicycle_lcn=yes", "nodeaccessgranted=yes highway=crossing estimated_crossing_class=0 crossing=traffic_signals bicycle=yes wheelchair=yes", "682", "68268"],
          ["11602049", "48115505", "533", "15", "1000", "0", "0", "0", "0", "highway=path surface=asphalt foot=designated bicycle=designated smoothness=good cycleway=unknown oneway=yes route_bicycle_lcn=yes", "", "685", "68531"],
          ["11602211", "48115583", "533", "15", "1000", "0", "0", "20", "0", "highway=path surface=asphalt foot=designated bicycle=designated smoothness=good oneway=yes route_bicycle_lcn=yes", "nodeaccessgranted=yes highway=crossing crossing=traffic_signals bicycle=yes wheelchair=yes", "687", "68793"],
          ["11602397", "48115665", "533", "17", "1000", "0", "0", "0", "0", "highway=path surface=asphalt foot=designated bicycle=designated smoothness=good oneway=yes route_bicycle_lcn=yes", "", "690", "69088"],
          ["11602413", "48115448", "533", "24", "1000", "0", "0", "0", "0", "reversedirection=yes highway=path surface=paved foot=designated bicycle=designated smoothness=good cycleway=unknown oneway=no route_bicycle_lcn=yes", "nodeaccessgranted=yes highway=crossing crossing=unmarked", "695", "69528"],
          ["11604767", "48115303", "534", "176", "1000", "0", "0", "0", "0", "highway=residential surface=asphalt bicycle=designated smoothness=good cycleway:both=no oneway=yes oneway:bicycle=no route_bicycle_lcn=yes bicycle_road=yes", "", "731", "73196"],
          ["11612455", "48115364", "536", "575", "1000", "0", "0", "0", "0", "reversedirection=yes highway=residential surface=asphalt bicycle=designated smoothness=good route_bicycle_lcn=yes bicycle_road=yes", "", "838", "83874"],
          ["11612835", "48115366", "537", "28", "1000", "0", "0", "20", "0", "reversedirection=yes highway=residential surface=asphalt foot=use_sidepath bicycle=designated smoothness=good cycleway:right=unknown cycleway:left=no route_bicycle_lcn=yes bicycle_road=yes", "nodeaccessgranted=yes highway=traffic_signals", "844", "84425"],
          ["11612966", "48115374", "537", "10", "1000", "0", "0", "20", "0", "reversedirection=yes highway=residential surface=asphalt foot=use_sidepath bicycle=designated smoothness=good cycleway:right=unknown cycleway:left=no route_bicycle_lcn=yes bicycle_road=yes", "nodeaccessgranted=yes highway=crossing crossing=traffic_signals kerb=lowered", "846", "84616"],
          ["11612997", "48115282", "537", "10", "1050", "0", "78", "0", "0", "highway=path surface=asphalt foot=no bicycle=designated smoothness=good cycleway=unknown", "", "847", "84805"],
          ["11613060", "48114968", "537", "36", "1050", "0", "5", "0", "0", "highway=cycleway surface=asphalt smoothness=excellent cycleway=unknown oneway=yes", "", "854", "85469"],
          ["11613089", "48114709", "537", "29", "1050", "0", "1", "0", "0", "highway=path surface=asphalt foot=designated bicycle=designated smoothness=excellent cycleway=unknown oneway=yes", "", "859", "85983"],
          ["11613238", "48114132", "536", "66", "1050", "0", "14", "0", "0", "highway=cycleway surface=asphalt smoothness=excellent cycleway=unknown oneway=yes", "", "871", "87132"],
          ["11613306", "48113840", "536", "33", "1050", "0", "1", "0", "0", "highway=path surface=asphalt foot=designated bicycle=designated smoothness=excellent cycleway=unknown oneway=yes", "highway=crossing crossing=unmarked", "876", "87623"],
          ["11613627", "48112776", "536", "121", "1050", "0", "0", "0", "0", "highway=path surface=asphalt foot=designated bicycle=designated smoothness=excellent cycleway=unknown oneway=yes", "highway=crossing crossing=unmarked", "894", "89499"],
          ["11614213", "48111517", "536", "147", "1050", "0", "17", "20", "0", "highway=path surface=asphalt foot=designated bicycle=designated smoothness=excellent cycleway=unknown oneway=yes", "highway=crossing estimated_crossing_class=0 crossing=traffic_signals bicycle=yes", "918", "91869"],
          ["11614330", "48111375", "535", "18", "1050", "0", "0", "20", "0", "highway=path surface=asphalt foot=designated bicycle=designated smoothness=excellent cycleway=unknown oneway=yes", "highway=crossing estimated_crossing_class=0 crossing=traffic_signals bicycle=yes", "921", "92147"],
          ["11614374", "48111321", "535", "7", "1050", "0", "0", "0", "0", "highway=path surface=asphalt foot=designated bicycle=designated smoothness=excellent cycleway=unknown oneway=yes", "", "922", "92256"],
          ["11614431", "48111359", "535", "6", "1050", "0", "115", "0", "0", "highway=path surface=paving_stones foot=designated bicycle=designated smoothness=intermediate cycleway=unknown oneway=yes", "barrier=kerb kerb=lowered", "923", "92350"],
          ["11614494", "48111403", "535", "7", "1050", "0", "0", "20", "0", "highway=path surface=paving_stones foot=designated bicycle=designated smoothness=intermediate cycleway=crossing oneway=yes", "highway=crossing crossing=traffic_signals bicycle=yes kerb=lowered", "924", "92460"],
          ["11615145", "48111888", "535", "73", "1050", "0", "0", "20", "0", "highway=path surface=paving_stones foot=designated bicycle=designated smoothness=intermediate cycleway=unknown oneway=yes", "highway=crossing crossing=traffic_signals bicycle=yes", "934", "93496"],
          ["11615218", "48111949", "535", "9", "1050", "0", "0", "20", "0", "highway=path surface=paving_stones foot=designated bicycle=designated smoothness=intermediate cycleway=unknown oneway=yes", "highway=crossing crossing=traffic_signals bicycle=yes", "936", "93629"],
          ["11615555", "48112182", "535", "37", "1050", "0", "16", "20", "0", "highway=path surface=paving_stones foot=designated bicycle=designated smoothness=intermediate cycleway=unknown oneway=yes", "highway=crossing crossing=traffic_signals bicycle=yes", "941", "94191"],
          ["11616320", "48112861", "534", "98", "1050", "0", "45", "0", "0", "highway=path surface=paving_stones foot=designated bicycle=designated smoothness=intermediate cycleway=unknown oneway=yes", "", "955", "95559"],
          ["11618627", "48108894", "535", "486", "1050", "0", "24", "0", "0", "highway=path surface=asphalt foot=designated bicycle=designated smoothness=good cycleway=unknown oneway=yes", "highway=crossing crossing=unmarked", "1038", "103863"],
          ["11619488", "48107538", "535", "163", "1050", "0", "0", "0", "0", "highway=path surface=asphalt foot=designated bicycle=designated smoothness=good cycleway=unknown oneway=yes", "highway=crossing crossing=unmarked", "1070", "107070"],
          ["11620918", "48106403", "536", "166", "1050", "0", "0", "0", "0", "highway=path surface=asphalt foot=designated bicycle=designated smoothness=good cycleway=unknown oneway=yes", "highway=crossing crossing=unmarked", "1101", "110127"],
          ["11624174", "48104060", "538", "358", "1050", "0", "0", "0", "0", "highway=path surface=asphalt foot=designated bicycle=designated smoothness=good cycleway=unknown oneway=yes", "barrier=kerb kerb=lowered", "1167", "116786"],
          ["11624228", "48104021", "538", "6", "1050", "0", "0", "20", "0", "highway=path surface=asphalt foot=designated bicycle=designated smoothness=good cycleway=crossing oneway=yes", "highway=crossing crossing=traffic_signals wheelchair=yes", "1168", "116901"],
          ["11624287", "48103974", "538", "7", "1050", "0", "0", "0", "0", "highway=path surface=asphalt foot=designated bicycle=designated smoothness=good cycleway=crossing oneway=yes", "", "1170", "117035"],
          ["11624771", "48103584", "538", "57", "1050", "0", "0", "0", "0", "highway=path surface=asphalt foot=designated bicycle=designated smoothness=good oneway=yes", "highway=crossing", "1180", "118088"],
          ["11625443", "48103036", "538", "79", "1050", "0", "0", "0", "0", "highway=path surface=asphalt foot=designated bicycle=designated smoothness=good oneway=yes", "", "1194", "119480"],
          ["11625639", "48102893", "538", "22", "1000", "0", "0", "0", "0", "highway=path surface=asphalt foot=designated bicycle=designated smoothness=good oneway=yes route_bicycle_rcn=yes", "", "1198", "119885"],
          ["11625755", "48102804", "538", "13", "1050", "0", "0", "0", "0", "highway=path surface=asphalt foot=designated bicycle=designated smoothness=good oneway=no", "barrier=kerb kerb=lowered", "1201", "120120"],
          ["11625807", "48102765", "538", "6", "1050", "0", "0", "20", "0", "highway=path surface=asphalt foot=designated bicycle=designated smoothness=good oneway=no", "highway=crossing estimated_crossing_class=0 crossing=traffic_signals", "1202", "120222"],
          ["11625931", "48102685", "538", "13", "1050", "0", "0", "0", "0", "highway=path surface=asphalt foot=designated bicycle=designated smoothness=good oneway=no", "barrier=kerb kerb=lowered", "1204", "120440"],
          ["11625982", "48102652", "538", "5", "1050", "0", "0", "0", "0", "highway=path surface=paved foot=designated bicycle=designated oneway=no", "", "1205", "120524"],
          ["11628349", "48101304", "538", "233", "1050", "0", "0", "0", "0", "highway=path surface=asphalt foot=designated bicycle=designated smoothness=good oneway=yes", "highway=crossing crossing=unmarked kerb=lowered", "1244", "124463"],
          ["11630341", "48099867", "539", "259", "1050", "0", "21", "0", "0", "highway=path surface=asphalt foot=designated bicycle=designated smoothness=good oneway=yes", "highway=crossing crossing=unmarked kerb=lowered", "1290", "129027"],
          ["11630881", "48099730", "539", "43", "1050", "0", "10", "0", "0", "highway=path surface=asphalt foot=designated bicycle=designated smoothness=good oneway=yes", "", "1298", "129844"],
          ["11630940", "48099718", "539", "5", "1000", "0", "0", "0", "0", "highway=path surface=asphalt foot=designated bicycle=designated smoothness=good route_bicycle_ncn=yes route_bicycle_rcn=yes route_bicycle_lcn=yes", "", "1299", "129936"],
          ["11630988", "48099708", "539", "4", "1000", "0", "0", "20", "0", "highway=path surface=asphalt foot=designated bicycle=designated smoothness=good cycleway=crossing route_bicycle_ncn=yes route_bicycle_rcn=yes route_bicycle_lcn=yes", "nodeaccessgranted=yes highway=crossing crossing=traffic_signals kerb=lowered", "1299", "130010"],
          ["11631002", "48099633", "539", "8", "1000", "0", "0", "20", "0", "highway=residential surface=asphalt smoothness=good cycleway:both=separate route_bicycle_ncn=yes route_bicycle_rcn=yes route_bicycle_lcn=yes", "nodeaccessgranted=yes highway=traffic_signals traffic_signals:direction=backward", "1301", "130157"],
          ["11631059", "48099389", "539", "27", "1000", "0", "0", "0", "0", "highway=residential surface=asphalt smoothness=good cycleway:both=separate route_bicycle_ncn=yes route_bicycle_rcn=yes route_bicycle_lcn=yes", "", "1306", "130644"],
          ["11631786", "48096994", "539", "272", "1000", "0", "0", "0", "0", "highway=residential surface=asphalt foot=use_sidepath smoothness=good cycleway:both=separate route_bicycle_ncn=yes route_bicycle_rcn=yes route_bicycle_lcn=yes", "nodeaccessgranted=yes highway=crossing crossing=unmarked kerb=lowered", "1354", "135459"],
          ["11632289", "48095984", "540", "118", "1000", "0", "0", "0", "0", "highway=residential surface=asphalt foot=use_sidepath smoothness=good cycleway:both=separate route_bicycle_ncn=yes route_bicycle_rcn=yes route_bicycle_lcn=yes", "nodeaccessgranted=yes highway=crossing crossing=unmarked kerb=flush", "1376", "137692"],
          ["11632827", "48095193", "540", "97", "1000", "0", "0", "0", "0", "highway=residential surface=asphalt foot=use_sidepath smoothness=good cycleway:both=separate route_bicycle_ncn=yes route_bicycle_rcn=yes route_bicycle_lcn=yes", "", "1394", "139425"],
          ["11632932", "48095195", "540", "8", "1000", "0", "0", "0", "0", "highway=residential surface=asphalt smoothness=good route_bicycle_ncn=yes route_bicycle_rcn=yes route_bicycle_lcn=yes", "nodeaccessgranted=yes highway=crossing crossing=unmarked kerb=lowered", "1395", "139579"],
          ["11632997", "48095194", "540", "5", "1000", "0", "0", "0", "0", "highway=residential surface=asphalt smoothness=good route_bicycle_ncn=yes route_bicycle_rcn=yes route_bicycle_lcn=yes", "nodeaccessgranted=yes highway=give_way", "1396", "139681"],
          ["11635740", "48094782", "541", "211", "1000", "0", "0", "0", "0", "highway=residential surface=asphalt smoothness=good route_bicycle_ncn=yes route_bicycle_rcn=yes route_bicycle_lcn=yes", "nodeaccessgranted=yes highway=crossing crossing=unmarked kerb=lowered", "1436", "143633"],
          ["11635857", "48094762", "541", "9", "1000", "0", "0", "0", "0", "highway=residential surface=asphalt smoothness=good route_bicycle_ncn=yes route_bicycle_rcn=yes route_bicycle_lcn=yes", "", "1437", "143789"],
          ["11637061", "48094504", "541", "94", "1000", "0", "0", "0", "0", "reversedirection=yes highway=residential surface=asphalt smoothness=good route_bicycle_ncn=yes route_bicycle_rcn=yes route_bicycle_lcn=yes", "nodeaccessgranted=yes highway=crossing crossing=unmarked", "1453", "145397"],
          ["11637648", "48094318", "541", "50", "1000", "0", "0", "0", "0", "reversedirection=yes highway=residential surface=asphalt smoothness=good route_bicycle_ncn=yes route_bicycle_rcn=yes route_bicycle_lcn=yes", "", "1462", "146244"],
          ["11638359", "48094215", "542", "57", "1000", "0", "0", "0", "0", "reversedirection=yes highway=path surface=asphalt foot=designated bicycle=designated smoothness=excellent route_bicycle_ncn=yes route_bicycle_rcn=yes route_bicycle_lcn=yes", "", "1473", "147395"],
          ["11638822", "48091378", "542", "387", "1000", "0", "0", "0", "0", "highway=path surface=asphalt foot=designated bicycle=designated smoothness=good route_bicycle_ncn=yes route_bicycle_rcn=yes route_bicycle_lcn=yes", "", "1541", "154181"],
          ["11638696", "48091114", "542", "31", "1000", "0", "0", "0", "0", "highway=path surface=paving_stones foot=designated bicycle=designated smoothness=good route_bicycle_ncn=yes route_bicycle_rcn=yes route_bicycle_lcn=yes", "", "1547", "154726"],
          ["11638646", "48090529", "542", "65", "1000", "0", "0", "0", "0", "highway=path surface=sett foot=designated bicycle=designated smoothness=good route_bicycle_ncn=yes route_bicycle_rcn=yes route_bicycle_lcn=yes", "", "1558", "155850"],
          ["11638493", "48090228", "543", "35", "1000", "0", "0", "0", "0", "highway=path surface=paving_stones foot=designated bicycle=designated smoothness=good route_bicycle_ncn=yes route_bicycle_rcn=yes route_bicycle_lcn=yes", "nodeaccessgranted=yes barrier=cycle_barrier access=yes foot=yes", "1565", "156592"],
          ["11638422", "48090088", "543", "16", "1000", "0", "0", "0", "0", "highway=path surface=paving_stones foot=designated bicycle=designated smoothness=good route_bicycle_ncn=yes route_bicycle_rcn=yes route_bicycle_lcn=yes", "nodeaccessgranted=yes highway=crossing crossing=uncontrolled", "1569", "156921"],
          ["11639982", "48089722", "543", "123", "1000", "0", "0", "0", "0", "highway=residential surface=asphalt smoothness=good cycleway:both=separate oneway=no route_bicycle_ncn=yes route_bicycle_rcn=yes route_bicycle_lcn=yes", "nodeaccessgranted=yes highway=give_way direction=forward", "1592", "159221"],
          ["11640049", "48089706", "543", "5", "1000", "0", "0", "0", "0", "highway=residential surface=asphalt smoothness=good cycleway:both=separate oneway=no route_bicycle_ncn=yes route_bicycle_rcn=yes route_bicycle_lcn=yes", "nodeaccessgranted=yes highway=crossing crossing=unmarked", "1592", "159309"],
          ["11640261", "48089656", "543", "17", "1000", "0", "0", "0", "0", "highway=residential surface=asphalt smoothness=good cycleway:both=separate oneway=no route_bicycle_ncn=yes route_bicycle_rcn=yes route_bicycle_lcn=yes", "", "1595", "159608"],
          ["11640223", "48089547", "543", "12", "1000", "0", "0", "0", "0", "reversedirection=yes highway=unclassified surface=asphalt foot=use_sidepath smoothness=good cycleway:both=separate route_bicycle_ncn=yes route_bicycle_rcn=yes route_bicycle_lcn=yes", "nodeaccessgranted=yes highway=crossing crossing=unmarked", "1598", "159818"],
          ["11640693", "48088469", "543", "127", "1000", "0", "0", "0", "0", "reversedirection=yes highway=unclassified surface=asphalt foot=use_sidepath smoothness=good cycleway:both=separate route_bicycle_ncn=yes route_bicycle_rcn=yes route_bicycle_lcn=yes", "nodeaccessgranted=yes highway=crossing crossing=uncontrolled bicycle=yes", "1620", "162035"],
          ["11640836", "48088273", "543", "24", "1000", "0", "0", "0", "0", "reversedirection=yes highway=unclassified surface=asphalt foot=use_sidepath smoothness=good cycleway:both=separate route_bicycle_ncn=yes route_bicycle_rcn=yes route_bicycle_lcn=yes", "nodeaccessgranted=yes highway=crossing crossing=uncontrolled bicycle=yes", "1624", "162435"],
          ["11641420", "48087473", "544", "99", "1000", "0", "0", "0", "0", "reversedirection=yes highway=unclassified surface=asphalt foot=use_sidepath smoothness=good route_bicycle_ncn=yes route_bicycle_rcn=yes route_bicycle_lcn=yes", "nodeaccessgranted=yes highway=crossing crossing=unmarked kerb=lowered", "1643", "164409"],
          ["11641543", "48087304", "544", "21", "1000", "0", "0", "0", "0", "reversedirection=yes highway=unclassified surface=asphalt foot=use_sidepath smoothness=good route_bicycle_ncn=yes route_bicycle_rcn=yes route_bicycle_lcn=yes", "nodeaccessgranted=yes highway=crossing", "1647", "164795"],
          ["11643169", "48086315", "544", "174", "1000", "0", "0", "0", "0", "reversedirection=yes highway=unclassified surface=asphalt foot=use_sidepath smoothness=good route_bicycle_ncn=yes route_bicycle_rcn=yes route_bicycle_lcn=yes", "nodeaccessgranted=yes highway=crossing crossing=unmarked", "1678", "167843"],
          ["11643525", "48086256", "544", "27", "1000", "0", "0", "0", "0", "reversedirection=yes highway=unclassified surface=asphalt foot=use_sidepath smoothness=good route_bicycle_ncn=yes route_bicycle_rcn=yes route_bicycle_lcn=yes", "nodeaccessgranted=yes highway=crossing crossing=uncontrolled", "1682", "168300"],
          ["11644056", "48086252", "544", "40", "1000", "0", "0", "0", "0", "reversedirection=yes highway=unclassified surface=asphalt foot=use_sidepath smoothness=good route_bicycle_ncn=yes route_bicycle_rcn=yes route_bicycle_lcn=yes", "", "1689", "168975"],
          ["11645031", "48086260", "544", "74", "1000", "0", "0", "0", "0", "highway=unclassified surface=asphalt foot=use_sidepath smoothness=good cycleway:both=separate oneway=yes oneway:bicycle=no route_bicycle_ncn=yes route_bicycle_rcn=yes route_bicycle_lcn=yes", "", "1702", "170222"],
          ["11645310", "48086296", "544", "21", "1000", "0", "0", "20", "0", "reversedirection=yes highway=unclassified surface=asphalt foot=use_sidepath smoothness=good cycleway:both=separate route_bicycle_ncn=yes route_bicycle_rcn=yes route_bicycle_lcn=yes", "nodeaccessgranted=yes highway=traffic_signals traffic_signals:direction=backward", "1705", "170575"],
          ["11645425", "48086347", "544", "10", "1000", "0", "0", "20", "0", "reversedirection=yes highway=unclassified surface=asphalt foot=use_sidepath smoothness=good cycleway:both=separate route_bicycle_ncn=yes route_bicycle_rcn=yes route_bicycle_lcn=yes", "nodeaccessgranted=yes highway=crossing crossing=traffic_signals bicycle=yes kerb=lowered", "1707", "170743"],
          ["11645568", "48086285", "544", "15", "1000", "0", "0", "0", "0", "reversedirection=yes highway=path surface=asphalt foot=designated bicycle=designated smoothness=good oneway=no route_bicycle_ncn=yes route_bicycle_rcn=yes route_bicycle_lcn=yes", "", "1709", "170996"],
          ["11648675", "48083557", "546", "382", "1000", "0", "0", "0", "0", "reversedirection=yes highway=path surface=asphalt foot=designated bicycle=designated smoothness=intermediate oneway=no route_bicycle_ncn=yes route_bicycle_rcn=yes route_bicycle_lcn=yes", "", "1781", "178155"],
          ["11649827", "48081385", "547", "258", "1000", "0", "0", "0", "0", "reversedirection=yes highway=path surface=asphalt foot=designated bicycle=designated smoothness=good oneway=no route_bicycle_ncn=yes route_bicycle_rcn=yes", "nodeaccessgranted=yes barrier=kerb kerb=flush", "1828", "182882"],
          ["11649875", "48081238", "547", "17", "1000", "0", "0", "20", "0", "reversedirection=yes highway=path surface=asphalt foot=designated bicycle=designated smoothness=good cycleway=crossing oneway=no route_bicycle_ncn=yes route_bicycle_rcn=yes", "nodeaccessgranted=yes highway=crossing crossing=traffic_signals bicycle=yes kerb=flush", "1832", "183226"],
          ["11649938", "48081122", "546", "14", "1000", "0", "0", "0", "0", "reversedirection=yes highway=path surface=asphalt foot=designated bicycle=designated smoothness=good cycleway=crossing oneway=no route_bicycle_ncn=yes route_bicycle_rcn=yes", "nodeaccessgranted=yes barrier=kerb kerb=flush", "1834", "183484"],
          ["11651062", "48079057", "547", "245", "1000", "0", "0", "0", "0", "reversedirection=yes highway=path surface=asphalt foot=designated bicycle=designated smoothness=good oneway=no route_bicycle_ncn=yes route_bicycle_rcn=yes", "", "1880", "188092"],
          ["11651465", "48078063", "546", "114", "1000", "0", "0", "0", "0", "reversedirection=yes highway=path surface=asphalt foot=designated bicycle=designated smoothness=excellent cycleway=unknown oneway:bicycle=no route_bicycle_ncn=yes route_bicycle_rcn=yes", "", "1898", "189843"],
          ["11651490", "48077918", "546", "17", "1000", "0", "0", "20", "0", "highway=path surface=asphalt foot=designated bicycle=designated smoothness=good cycleway=crossing oneway:bicycle=no route_bicycle_ncn=yes route_bicycle_rcn=yes", "nodeaccessgranted=yes highway=crossing crossing=traffic_signals bicycle=yes kerb=lowered", "1900", "190081"],
          ["11651533", "48077822", "545", "11", "1000", "0", "0", "0", "0", "highway=path surface=asphalt foot=designated bicycle=designated smoothness=good cycleway=crossing oneway:bicycle=no route_bicycle_ncn=yes route_bicycle_rcn=yes", "", "1901", "190215"],
          ["11651575", "48077758", "545", "8", "1000", "0", "0", "0", "0", "highway=path surface=asphalt foot=designated bicycle=designated smoothness=good oneway=no route_bicycle_ncn=yes route_bicycle_rcn=yes", "", "1902", "190310"],
          ["11651518", "48077740", "545", "5", "1000", "0", "0", "0", "0", "reversedirection=yes highway=path surface=asphalt foot=designated bicycle=designated smoothness=good oneway=no route_bicycle_lcn=yes", "nodeaccessgranted=yes barrier=bollard", "1903", "190374"],
          ["11652267", "48076454", "550", "172", "1000", "0", "0", "0", "0", "reversedirection=yes highway=path surface=asphalt foot=designated bicycle=designated smoothness=good oneway=no route_bicycle_lcn=yes", "", "1944", "194421"],
          ["11652425", "48076258", "549", "25", "1000", "0", "0", "0", "0", "reversedirection=yes highway=cycleway surface=asphalt foot=yes bicycle=yes smoothness=good route_bicycle_lcn=yes", "", "1949", "194993"],
          ["11653039", "48075427", "549", "107", "1000", "0", "0", "0", "0", "reversedirection=yes highway=path surface=asphalt foot=designated bicycle=designated smoothness=good oneway=no route_bicycle_lcn=yes", "nodeaccessgranted=yes barrier=bollard", "1971", "197175"],
          ["11653091", "48075356", "549", "9", "1000", "0", "0", "0", "0", "reversedirection=yes highway=path surface=asphalt foot=designated bicycle=designated smoothness=good oneway=no route_bicycle_lcn=yes", "", "1972", "197315"],
          ["11653111", "48075331", "549", "3", "1000", "0", "0", "0", "0", "reversedirection=yes highway=path surface=asphalt foot=designated bicycle=designated smoothness=good cycleway=crossing oneway=no route_bicycle_lcn=yes", "nodeaccessgranted=yes barrier=kerb kerb=lowered", "1973", "197360"],
          ["11653144", "48075303", "549", "4", "1000", "0", "0", "0", "0", "reversedirection=yes highway=path surface=asphalt foot=designated bicycle=designated smoothness=good cycleway=crossing oneway=no route_bicycle_lcn=yes", "nodeaccessgranted=yes highway=crossing crossing=uncontrolled bicycle=designated kerb=lowered", "1974", "197419"],
          ["11653194", "48075268", "549", "5", "1000", "0", "0", "0", "0", "reversedirection=yes highway=path surface=asphalt foot=designated bicycle=designated smoothness=good cycleway=crossing oneway=no route_bicycle_lcn=yes", "nodeaccessgranted=yes barrier=kerb kerb=lowered", "1974", "197493"],
          ["11653293", "48075179", "549", "13", "1000", "0", "0", "0", "0", "highway=path surface=asphalt foot=designated bicycle=designated smoothness=excellent cycleway=unknown oneway=no route_bicycle_lcn=yes", "", "1976", "197688"],
          ["11653173", "48075133", "549", "10", "1050", "0", "92", "0", "0", "highway=footway surface=paving_stones bicycle=yes cycleway=crossing oneway:bicycle=no", "highway=crossing estimated_crossing_class=3 crossing=uncontrolled kerb=lowered", "1978", "197840"],
          ["11653071", "48075095", "549", "9", "1050", "0", "0", "0", "0", "highway=footway surface=paving_stones bicycle=yes cycleway=crossing oneway:bicycle=no", "", "1979", "197978"],
          ["11653597", "48074174", "549", "109", "1050", "0", "98", "0", "0", "highway=path surface=asphalt foot=designated bicycle=designated smoothness=excellent cycleway=unknown oneway=yes", "", "1998", "199875"],
          ["11653641", "48074118", "550", "7", "1050", "0", "1", "0", "0", "highway=path surface=asphalt foot=designated bicycle=designated smoothness=excellent cycleway=crossing oneway=yes", "highway=crossing crossing=uncontrolled bicycle=yes kerb=lowered", "1999", "200011"],
          ["11653678", "48074069", "550", "6", "1050", "0", "0", "0", "0", "highway=path surface=asphalt foot=designated bicycle=designated smoothness=excellent cycleway=crossing oneway=yes", "barrier=kerb kerb=lowered", "2001", "200127"],
          ["11654681", "48072856", "550", "154", "1050", "0", "0", "0", "0", "highway=path surface=asphalt foot=designated bicycle=designated smoothness=excellent cycleway=unknown oneway=yes", "barrier=kerb kerb=lowered", "2030", "203105"],
          ["11654716", "48072814", "550", "5", "1050", "0", "0", "0", "0", "highway=path surface=asphalt foot=designated bicycle=designated smoothness=excellent cycleway=crossing oneway=yes", "highway=crossing crossing=unmarked bicycle=yes", "2031", "203200"],
          ["11654742", "48072782", "550", "4", "1050", "0", "0", "0", "0", "highway=path surface=asphalt foot=designated bicycle=designated smoothness=excellent cycleway=crossing oneway=yes", "barrier=kerb kerb=lowered", "2032", "203275"],
          ["11655775", "48071512", "551", "161", "1050", "0", "0", "0", "0", "highway=path surface=asphalt foot=designated bicycle=designated smoothness=excellent cycleway=unknown oneway=yes", "", "2063", "206404"],
          ["11657274", "48069577", "553", "243", "1000", "0", "0", "0", "0", "highway=path surface=asphalt foot=designated bicycle=designated smoothness=excellent cycleway=unknown oneway=yes route_bicycle_ncn=yes route_bicycle_rcn=yes", "nodeaccessgranted=yes barrier=kerb kerb=lowered", "2111", "211207"],
          ["11657307", "48069538", "553", "5", "1000", "0", "0", "0", "0", "highway=path surface=asphalt foot=designated bicycle=designated smoothness=excellent cycleway=crossing oneway=yes route_bicycle_ncn=yes route_bicycle_rcn=yes", "nodeaccessgranted=yes highway=crossing crossing=uncontrolled bicycle=yes", "2112", "211300"],
          ["11657335", "48069505", "553", "4", "1000", "0", "0", "0", "0", "highway=path surface=asphalt foot=designated bicycle=designated smoothness=excellent cycleway=crossing oneway=yes route_bicycle_ncn=yes route_bicycle_rcn=yes", "nodeaccessgranted=yes barrier=kerb kerb=lowered", "2113", "211375"],
          ["11657919", "48068808", "553", "88", "1000", "0", "0", "0", "0", "highway=path surface=asphalt foot=designated bicycle=designated smoothness=excellent cycleway=unknown oneway=yes route_bicycle_ncn=yes route_bicycle_rcn=yes", "nodeaccessgranted=yes barrier=kerb kerb=lowered", "2129", "213003"],
          ["11657948", "48068774", "553", "4", "1000", "0", "0", "0", "0", "highway=path surface=asphalt foot=designated bicycle=designated smoothness=excellent cycleway=crossing oneway=yes route_bicycle_ncn=yes route_bicycle_rcn=yes", "nodeaccessgranted=yes highway=crossing crossing=uncontrolled bicycle=yes", "2130", "213076"],
          ["11657979", "48068738", "553", "5", "1000", "0", "0", "0", "0", "highway=path surface=asphalt foot=designated bicycle=designated smoothness=excellent cycleway=crossing oneway=yes route_bicycle_ncn=yes route_bicycle_rcn=yes", "nodeaccessgranted=yes barrier=kerb kerb=lowered", "2131", "213174"],
          ["11658547", "48068090", "554", "83", "1000", "0", "0", "0", "0", "highway=path surface=asphalt foot=designated bicycle=designated smoothness=excellent cycleway=unknown oneway=yes route_bicycle_ncn=yes route_bicycle_rcn=yes", "nodeaccessgranted=yes barrier=kerb kerb=lowered", "2147", "214814"],
          ["11658577", "48068041", "554", "6", "1000", "0", "0", "0", "0", "highway=path surface=asphalt foot=designated bicycle=designated smoothness=excellent cycleway=crossing oneway=yes route_bicycle_ncn=yes route_bicycle_rcn=yes", "nodeaccessgranted=yes highway=crossing crossing=uncontrolled bicycle=yes kerb=lowered", "2149", "214930"],
          ["11658598", "48068001", "554", "5", "1000", "0", "0", "0", "0", "highway=path surface=asphalt foot=designated bicycle=designated smoothness=excellent cycleway=crossing oneway=yes route_bicycle_ncn=yes route_bicycle_rcn=yes", "nodeaccessgranted=yes barrier=kerb kerb=lowered", "2150", "215027"],
          ["11659487", "48066850", "554", "144", "1000", "0", "0", "0", "0", "highway=path surface=paved foot=designated bicycle=designated cycleway=unknown oneway=yes route_bicycle_ncn=yes route_bicycle_rcn=yes", "nodeaccessgranted=yes barrier=kerb kerb=lowered", "2177", "217795"],
          ["11659520", "48066807", "554", "5", "1000", "0", "0", "0", "0", "highway=path surface=asphalt foot=designated bicycle=designated smoothness=excellent cycleway=crossing oneway=yes route_bicycle_ncn=yes route_bicycle_rcn=yes", "nodeaccessgranted=yes highway=crossing crossing=unmarked bicycle=yes", "2178", "217886"],
          ["11659558", "48066756", "554", "6", "1000", "0", "0", "0", "0", "highway=path surface=asphalt foot=designated bicycle=designated smoothness=excellent cycleway=crossing oneway=yes route_bicycle_ncn=yes route_bicycle_rcn=yes", "nodeaccessgranted=yes barrier=kerb kerb=lowered", "2179", "217994"],
          ["11660632", "48065331", "555", "177", "1000", "0", "0", "0", "0", "highway=path surface=asphalt foot=designated bicycle=designated smoothness=excellent cycleway=unknown oneway=yes route_bicycle_ncn=yes route_bicycle_rcn=yes", "", "2212", "221274"],
          ["11660614", "48065221", "555", "14", "1000", "0", "0", "0", "0", "highway=path surface=asphalt foot=designated bicycle=designated smoothness=excellent oneway=yes route_bicycle_ncn=yes route_bicycle_rcn=yes", "", "2214", "221517"],
          ["11660632", "48065196", "555", "3", "1000", "0", "0", "0", "0", "highway=path surface=asphalt foot=designated bicycle=designated smoothness=excellent cycleway=crossing oneway=no route_bicycle_ncn=yes route_bicycle_rcn=yes", "nodeaccessgranted=yes barrier=kerb kerb=lowered", "2215", "221569"],
          ["11660679", "48065131", "555", "8", "1000", "0", "0", "20", "0", "highway=path surface=asphalt foot=designated bicycle=designated smoothness=excellent cycleway=crossing oneway=no route_bicycle_ncn=yes route_bicycle_rcn=yes", "nodeaccessgranted=yes highway=crossing estimated_crossing_class=0 crossing=traffic_signals bicycle=yes kerb=lowered", "2216", "221708"],
          ["11660732", "48065057", "555", "9", "1000", "0", "0", "0", "0", "highway=path surface=asphalt foot=designated bicycle=designated smoothness=excellent cycleway=crossing oneway=no route_bicycle_ncn=yes route_bicycle_rcn=yes", "nodeaccessgranted=yes barrier=kerb kerb=lowered", "2218", "221863"],
          ["11660749", "48065032", "555", "3", "1000", "0", "0", "0", "0", "highway=path surface=asphalt foot=designated bicycle=designated smoothness=excellent cycleway=crossing oneway=no route_bicycle_ncn=yes route_bicycle_rcn=yes", "", "2218", "221915"],
          ["11660860", "48065005", "555", "10", "1000", "0", "0", "0", "0", "highway=path surface=asphalt foot=designated bicycle=designated smoothness=excellent oneway=yes route_bicycle_ncn=yes route_bicycle_rcn=yes", "", "2220", "222086"],
          ["11661387", "48064307", "555", "86", "1000", "0", "0", "20", "0", "highway=path surface=asphalt foot=designated bicycle=designated smoothness=excellent cycleway=unknown oneway=yes route_bicycle_ncn=yes route_bicycle_rcn=yes", "nodeaccessgranted=yes highway=crossing crossing=traffic_signals kerb=flush", "2236", "223644"],
          ["11662334", "48063066", "555", "154", "1000", "0", "0", "0", "0", "highway=path surface=asphalt foot=designated bicycle=designated smoothness=excellent cycleway=unknown oneway=yes route_bicycle_ncn=yes route_bicycle_rcn=yes", "nodeaccessgranted=yes barrier=kerb kerb=lowered", "2265", "226527"],
          ["11662366", "48063025", "556", "5", "1000", "0", "0", "0", "0", "highway=path surface=asphalt foot=designated bicycle=designated smoothness=excellent cycleway=crossing oneway=yes route_bicycle_ncn=yes route_bicycle_rcn=yes", "nodeaccessgranted=yes highway=crossing crossing=uncontrolled kerb=lowered", "2265", "226617"],
          ["11662382", "48062986", "556", "4", "1000", "0", "0", "0", "0", "highway=path surface=asphalt foot=designated bicycle=designated smoothness=excellent cycleway=crossing oneway=yes route_bicycle_ncn=yes route_bicycle_rcn=yes", "nodeaccessgranted=yes barrier=kerb kerb=lowered", "2266", "226689"],
          ["11663579", "48061362", "557", "202", "1000", "0", "0", "0", "0", "highway=path surface=asphalt foot=designated bicycle=designated smoothness=excellent cycleway=unknown oneway=yes route_bicycle_ncn=yes route_bicycle_rcn=yes", "", "2307", "230820"],
          ["11663588", "48061324", "557", "4", "1000", "0", "0", "0", "0", "highway=path surface=asphalt foot=designated bicycle=designated smoothness=excellent route_bicycle_ncn=yes route_bicycle_rcn=yes route_bicycle_lcn=yes", "", "2308", "230898"],
          ["11663614", "48061286", "558", "5", "1000", "0", "0", "0", "0", "highway=path surface=asphalt foot=designated bicycle=designated smoothness=excellent cycleway=crossing route_bicycle_ncn=yes route_bicycle_rcn=yes route_bicycle_lcn=yes", "nodeaccessgranted=yes highway=crossing crossing=uncontrolled bicycle=yes kerb=lowered", "2309", "231003"],
          ["11663649", "48061237", "558", "6", "1000", "0", "0", "0", "0", "highway=path surface=asphalt foot=designated bicycle=designated smoothness=excellent cycleway=crossing oneway=yes route_bicycle_ncn=yes route_bicycle_rcn=yes", "", "2311", "231127"],
          ["11664169", "48060563", "558", "86", "1000", "0", "0", "0", "0", "highway=path surface=asphalt foot=designated bicycle=designated smoothness=excellent cycleway=unknown oneway=yes route_bicycle_ncn=yes route_bicycle_rcn=yes", "", "2327", "232780"],
          ["11664412", "48060162", "558", "48", "1000", "0", "0", "0", "0", "highway=path surface=asphalt bicycle=designated smoothness=excellent cycleway=unknown oneway=yes route_bicycle_ncn=yes route_bicycle_rcn=yes", "", "2336", "233676"],
          ["11664843", "48059569", "559", "75", "1000", "0", "0", "0", "0", "highway=path surface=asphalt foot=designated bicycle=designated smoothness=excellent cycleway=unknown oneway=yes route_bicycle_ncn=yes route_bicycle_rcn=yes", "", "2352", "235248"],
          ["11664930", "48059456", "559", "14", "1000", "0", "0", "20", "0", "highway=path surface=asphalt foot=designated bicycle=designated smoothness=excellent cycleway=crossing oneway=yes route_bicycle_ncn=yes route_bicycle_rcn=yes", "nodeaccessgranted=yes highway=crossing crossing=traffic_signals bicycle=yes kerb=lowered", "2354", "235517"],
          ["11664988", "48059378", "559", "10", "1000", "0", "0", "0", "0", "highway=path surface=asphalt foot=designated bicycle=designated smoothness=excellent cycleway=crossing oneway=yes route_bicycle_ncn=yes route_bicycle_rcn=yes", "nodeaccessgranted=yes barrier=kerb kerb=lowered", "2356", "235707"],
          ["11667106", "48056389", "561", "367", "1000", "0", "0", "0", "0", "highway=path surface=asphalt foot=designated bicycle=designated smoothness=excellent cycleway=unknown oneway=yes route_bicycle_ncn=yes route_bicycle_rcn=yes", "nodeaccessgranted=yes barrier=kerb kerb=lowered", "2428", "242868"],
          ["11667128", "48056350", "561", "5", "1000", "0", "0", "0", "0", "highway=path surface=asphalt foot=designated bicycle=designated smoothness=excellent cycleway=crossing oneway=yes route_bicycle_ncn=yes route_bicycle_rcn=yes", "nodeaccessgranted=yes highway=crossing crossing=uncontrolled bicycle=yes kerb=lowered", "2429", "242963"],
          ["11667159", "48056310", "561", "5", "1000", "0", "0", "0", "0", "highway=path surface=asphalt foot=designated bicycle=designated smoothness=excellent cycleway=crossing oneway=yes route_bicycle_ncn=yes route_bicycle_rcn=yes", "nodeaccessgranted=yes barrier=kerb kerb=lowered", "2430", "243058"],
          ["11668175", "48054808", "562", "184", "1000", "0", "0", "0", "0", "highway=path surface=asphalt foot=designated bicycle=designated smoothness=excellent cycleway=unknown oneway=yes route_bicycle_ncn=yes route_bicycle_rcn=yes", "", "2466", "246658"],
          ["11668176", "48054746", "562", "7", "1000", "0", "0", "0", "0", "highway=path surface=paved foot=designated bicycle=designated smoothness=excellent cycleway=unknown oneway=yes route_bicycle_ncn=yes route_bicycle_rcn=yes", "", "2467", "246790"],
          ["11668242", "48054646", "562", "12", "1000", "0", "0", "20", "0", "highway=path surface=asphalt foot=designated bicycle=designated smoothness=excellent cycleway=crossing oneway=yes route_bicycle_ncn=yes route_bicycle_rcn=yes", "nodeaccessgranted=yes highway=crossing crossing=traffic_signals bicycle=yes kerb=lowered", "2469", "247014"],
          ["11668296", "48054569", "562", "9", "1000", "0", "0", "0", "0", "highway=path surface=asphalt foot=designated bicycle=designated smoothness=excellent cycleway=crossing oneway=yes route_bicycle_ncn=yes route_bicycle_rcn=yes", "", "2471", "247180"],
          ["11669655", "48052440", "563", "259", "1000", "0", "0", "0", "0", "highway=path surface=paved foot=designated bicycle=designated smoothness=excellent cycleway=unknown oneway=yes route_bicycle_ncn=yes route_bicycle_rcn=yes", "", "2523", "252353"],
          ["11669827", "48052155", "564", "34", "1000", "0", "0", "0", "0", "highway=path surface=asphalt foot=designated bicycle=designated smoothness=excellent cycleway=unknown oneway=yes route_bicycle_ncn=yes route_bicycle_rcn=yes", "nodeaccessgranted=yes barrier=kerb kerb=lowered", "2530", "253031"],
          ["11669842", "48052131", "564", "3", "1000", "0", "0", "0", "0", "highway=path surface=asphalt foot=designated bicycle=designated smoothness=excellent cycleway=crossing oneway=yes route_bicycle_ncn=yes route_bicycle_rcn=yes", "nodeaccessgranted=yes highway=crossing crossing=uncontrolled kerb=lowered", "2530", "253089"],
          ["11669862", "48052098", "564", "4", "1000", "0", "0", "0", "0", "highway=path surface=asphalt foot=designated bicycle=designated smoothness=excellent cycleway=crossing oneway=yes route_bicycle_ncn=yes route_bicycle_rcn=yes", "nodeaccessgranted=yes barrier=kerb kerb=lowered", "2531", "253166"],
          ["11670589", "48050838", "564", "159", "1000", "0", "0", "0", "0", "highway=path surface=asphalt foot=designated bicycle=designated smoothness=good cycleway=unknown oneway=yes route_bicycle_ncn=yes route_bicycle_rcn=yes", "", "2562", "256267"],
          ["11670933", "48050253", "565", "70", "1000", "0", "0", "0", "0", "highway=path surface=asphalt foot=designated bicycle=designated smoothness=good cycleway=unknown oneway=no route_bicycle_ncn=yes route_bicycle_rcn=yes", "nodeaccessgranted=yes barrier=kerb kerb=flush", "2575", "257601"],
          ["11670992", "48050145", "565", "13", "1000", "0", "0", "0", "0", "highway=path surface=asphalt foot=designated bicycle=designated smoothness=excellent cycleway=crossing oneway=no route_bicycle_ncn=yes route_bicycle_rcn=yes", "nodeaccessgranted=yes barrier=kerb kerb=flush", "2578", "257837"],
          ["11672878", "48045541", "567", "538", "1000", "0", "0", "0", "0", "highway=path surface=asphalt foot=designated bicycle=designated smoothness=excellent cycleway=unknown oneway=no route_bicycle_ncn=yes route_bicycle_rcn=yes", "", "2679", "268020"],
          ["11672922", "48045529", "567", "4", "1000", "0", "0", "0", "0", "reversedirection=yes highway=path surface=asphalt foot=designated bicycle=designated smoothness=good oneway=no route_bicycle_ncn=yes route_bicycle_rcn=yes", "nodeaccessgranted=yes barrier=kerb kerb=flush", "2680", "268096"],
          ["11672961", "48045518", "567", "3", "1000", "0", "0", "0", "0", "reversedirection=yes highway=path surface=asphalt foot=designated bicycle=designated smoothness=good cycleway=crossing oneway=no route_bicycle_ncn=yes route_bicycle_rcn=yes", "nodeaccessgranted=yes highway=crossing estimated_crossing_class=4 crossing=uncontrolled kerb=flush", "2681", "268154"],
          ["11673003", "48045512", "567", "3", "1000", "0", "0", "0", "0", "reversedirection=yes highway=path surface=asphalt foot=designated bicycle=designated smoothness=good cycleway=crossing oneway=no route_bicycle_ncn=yes route_bicycle_rcn=yes", "nodeaccessgranted=yes barrier=kerb kerb=flush", "2681", "268215"],
          ["11673119", "48045521", "568", "9", "1000", "0", "0", "0", "0", "reversedirection=yes highway=path surface=asphalt foot=designated bicycle=designated smoothness=good oneway=no route_bicycle_ncn=yes route_bicycle_rcn=yes", "", "2683", "268409"],
          ["11673131", "48045491", "568", "3", "1000", "0", "0", "0", "0", "highway=path surface=asphalt foot=designated bicycle=designated smoothness=good oneway=no route_bicycle_ncn=yes route_bicycle_rcn=yes", "", "2684", "268473"],
          ["11673154", "48045438", "568", "6", "1000", "0", "0", "20", "0", "highway=path surface=asphalt foot=designated bicycle=designated smoothness=good cycleway=crossing oneway=no route_bicycle_ncn=yes route_bicycle_rcn=yes", "nodeaccessgranted=yes highway=crossing estimated_crossing_class=0 crossing=traffic_signals kerb=lowered", "2685", "268599"],
          ["11673190", "48045356", "568", "10", "1000", "0", "0", "20", "0", "highway=path surface=asphalt foot=designated bicycle=designated smoothness=good cycleway=crossing oneway=no route_bicycle_ncn=yes route_bicycle_rcn=yes", "nodeaccessgranted=yes highway=crossing estimated_crossing_class=0 crossing=traffic_signals kerb=lowered", "2687", "268806"],
          ["11673202", "48045328", "568", "3", "1000", "0", "0", "0", "0", "highway=path surface=asphalt foot=designated bicycle=designated smoothness=good cycleway=crossing oneway=no route_bicycle_ncn=yes route_bicycle_rcn=yes", "", "2688", "268867"],
          ["11673204", "48045291", "568", "4", "1000", "0", "0", "0", "0", "highway=path surface=asphalt foot=designated bicycle=designated smoothness=good oneway=no route_bicycle_ncn=yes route_bicycle_rcn=yes", "nodeaccessgranted=yes barrier=kerb kerb=lowered", "2689", "268946"],
          ["11673197", "48045266", "567", "3", "1000", "0", "0", "0", "0", "highway=path surface=asphalt foot=designated bicycle=designated smoothness=good cycleway=crossing oneway=no route_bicycle_ncn=yes route_bicycle_rcn=yes", "nodeaccessgranted=yes highway=crossing estimated_crossing_class=4 crossing=uncontrolled", "2689", "269002"],
          ["11673183", "48045237", "567", "3", "1000", "0", "0", "0", "0", "highway=path surface=asphalt foot=designated bicycle=designated smoothness=good cycleway=crossing oneway=no route_bicycle_ncn=yes route_bicycle_rcn=yes", "nodeaccessgranted=yes barrier=kerb kerb=flush", "2690", "269058"],
          ["11674254", "48043988", "568", "162", "1000", "0", "0", "0", "0", "highway=path surface=asphalt foot=designated bicycle=designated smoothness=excellent oneway=no route_bicycle_ncn=yes route_bicycle_rcn=yes", "", "2722", "272226"],
          ["11674412", "48043804", "568", "24", "1000", "0", "0", "0", "0", "highway=service surface=asphalt foot=designated bicycle=designated smoothness=excellent route_bicycle_ncn=yes route_bicycle_rcn=yes", "nodeaccessgranted=yes highway=give_way direction=forward", "2726", "272656"],
          ["11674416", "48043723", "568", "9", "1000", "0", "0", "0", "0", "highway=service surface=asphalt foot=designated bicycle=designated smoothness=excellent route_bicycle_ncn=yes route_bicycle_rcn=yes", "", "2727", "272805"],
          ["11674579", "48043677", "568", "13", "1000", "0", "0", "0", "0", "highway=residential surface=asphalt smoothness=good cycleway:both=no route_bicycle_ncn=yes route_bicycle_rcn=yes", "", "2730", "273029"],
          ["11676422", "48042159", "569", "218", "1000", "0", "0", "0", "0", "highway=residential surface=asphalt smoothness=good route_bicycle_ncn=yes route_bicycle_rcn=yes", "nodeaccessgranted=yes traffic_calming=chicane", "2772", "277266"],
          ["11676654", "48041967", "569", "27", "1000", "0", "0", "0", "0", "highway=residential surface=asphalt smoothness=good route_bicycle_ncn=yes route_bicycle_rcn=yes", "nodeaccessgranted=yes traffic_calming=chicane", "2777", "277753"],
          ["11677827", "48041014", "570", "137", "1000", "0", "0", "0", "0", "highway=residential surface=asphalt smoothness=good route_bicycle_ncn=yes route_bicycle_rcn=yes", "", "2803", "280349"],
          ["11680218", "48039438", "566", "252", "1000", "0", "0", "0", "0", "reversedirection=yes highway=path surface=asphalt foot=designated bicycle=designated smoothness=good route_bicycle_ncn=yes route_bicycle_rcn=yes", "", "2834", "283480"],
          ["11682516", "48037356", "572", "291", "1000", "0", "0", "0", "0", "highway=path surface=asphalt foot=designated bicycle=designated smoothness=good route_bicycle_ncn=yes route_bicycle_rcn=yes", "", "2899", "290005"],
          ["11686395", "48034525", "576", "429", "1000", "0", "0", "0", "0", "highway=residential surface=asphalt smoothness=good route_bicycle_ncn=yes route_bicycle_rcn=yes", "nodeaccessgranted=yes direction=backward", "3003", "300393"],
          ["11686467", "48034458", "576", "9", "1000", "0", "0", "0", "0", "highway=residential surface=asphalt smoothness=good route_bicycle_ncn=yes route_bicycle_rcn=yes", "nodeaccessgranted=yes highway=give_way direction=forward", "3005", "300582"],
          ["11686704", "48034285", "575", "26", "1000", "0", "0", "0", "0", "highway=residential surface=asphalt smoothness=good route_bicycle_ncn=yes route_bicycle_rcn=yes", "nodeaccessgranted=yes highway=give_way direction=backward", "3010", "301047"],
          ["11686720", "48034275", "575", "2", "1000", "0", "0", "0", "0", "highway=residential surface=asphalt smoothness=good route_bicycle_ncn=yes route_bicycle_rcn=yes", "nodeaccessgranted=yes direction=forward", "3010", "301083"],
          ["11687432", "48033825", "576", "74", "1000", "0", "0", "0", "0", "highway=residential surface=asphalt smoothness=good route_bicycle_ncn=yes route_bicycle_rcn=yes", "nodeaccessgranted=yes traffic_calming=chicane", "3025", "302614"],
          ["11691051", "48031109", "577", "407", "1000", "0", "0", "0", "0", "highway=residential surface=asphalt smoothness=good route_bicycle_ncn=yes route_bicycle_rcn=yes", "nodeaccessgranted=yes highway=turning_circle", "3102", "310317"],
          ["11695483", "48026926", "578", "577", "1000", "0", "0", "0", "0", "reversedirection=yes highway=path surface=asphalt foot=designated bicycle=designated smoothness=excellent oneway=no route_bicycle_ncn=yes route_bicycle_rcn=yes", "", "3206", "320723"],
          ["11700740", "48023584", "581", "574", "1000", "0", "0", "0", "0", "highway=path surface=asphalt foot=designated bicycle=designated smoothness=excellent oneway=no route_bicycle_ncn=yes route_bicycle_rcn=yes", "", "3315", "331600"],
          ["11703410", "48021577", "583", "301", "1000", "0", "0", "0", "0", "highway=path surface=asphalt foot=designated bicycle=designated smoothness=excellent cycleway=unknown route_bicycle_ncn=yes route_bicycle_rcn=yes", "nodeaccessgranted=yes highway=crossing crossing=uncontrolled kerb=lowered", "3373", "337391"],
          ["11706161", "48020862", "584", "225", "1000", "0", "0", "0", "0", "highway=path surface=asphalt foot=designated bicycle=designated smoothness=excellent cycleway=unknown route_bicycle_ncn=yes route_bicycle_rcn=yes", "", "3416", "341667"],
          ["11707194", "48020670", "584", "80", "1000", "0", "0", "20", "0", "highway=tertiary surface=asphalt smoothness=good cycleway:both=lane route_bicycle_ncn=yes route_bicycle_rcn=yes", "nodeaccessgranted=yes highway=crossing crossing=traffic_signals traffic_signals=signal kerb=lowered", "3430", "343051"],
          ["11707202", "48020669", "584", "1", "1000", "0", "0", "20", "0", "highway=tertiary surface=asphalt smoothness=good cycleway:both=lane route_bicycle_ncn=yes route_bicycle_rcn=yes", "nodeaccessgranted=yes highway=traffic_signals traffic_signals:direction=both traffic_signals=signal", "3430", "343069"],
          ["11710857", "48019412", "585", "306", "1000", "0", "0", "20", "0", "highway=tertiary surface=asphalt smoothness=good cycleway:both=lane route_bicycle_ncn=yes route_bicycle_rcn=yes", "nodeaccessgranted=yes highway=traffic_signals traffic_signals:direction=both traffic_signals=signal", "3485", "348617"],
          ["11710867", "48019410", "585", "1", "1000", "0", "0", "20", "0", "highway=tertiary surface=asphalt smoothness=good cycleway:both=lane route_bicycle_ncn=yes route_bicycle_rcn=yes", "nodeaccessgranted=yes highway=crossing crossing=traffic_signals traffic_signals=signal kerb=lowered", "3486", "348635"],
          ["11711197", "48019379", "585", "25", "1000", "0", "0", "0", "0", "highway=tertiary surface=asphalt smoothness=good cycleway:both=lane route_bicycle_ncn=yes route_bicycle_rcn=yes", "", "3490", "349082"],
          ["11711422", "48019366", "585", "17", "1000", "0", "0", "0", "0", "highway=tertiary surface=asphalt smoothness=good cycleway:right=lane cycleway:left=no route_bicycle_ncn=yes route_bicycle_rcn=yes", "", "3493", "349382"],
          ["11711569", "48019354", "585", "11", "1000", "0", "0", "0", "0", "highway=tertiary surface=asphalt smoothness=excellent cycleway:both=no route_bicycle_ncn=yes route_bicycle_rcn=yes", "nodeaccessgranted=yes highway=crossing crossing=unmarked", "3495", "349575"],
          ["11711711", "48019334", "585", "10", "1000", "0", "0", "0", "0", "highway=tertiary surface=asphalt smoothness=excellent cycleway:both=no route_bicycle_ncn=yes route_bicycle_rcn=yes", "nodeaccessgranted=yes highway=give_way direction=forward", "3497", "349749"],
          ["11711746", "48019328", "585", "3", "1000", "0", "0", "0", "0", "highway=tertiary surface=asphalt smoothness=excellent cycleway:both=no route_bicycle_ncn=yes route_bicycle_rcn=yes", "", "3497", "349801"],
          ["11711864", "48019261", "585", "14", "1000", "0", "0", "0", "0", "highway=tertiary surface=asphalt smoothness=excellent cycleway:both=no junction=roundabout route_bicycle_ncn=yes route_bicycle_rcn=yes", "", "3500", "350044"],
          ["11711881", "48019241", "585", "3", "1000", "0", "0", "0", "0", "highway=tertiary surface=asphalt smoothness=excellent cycleway:both=no route_bicycle_ncn=yes route_bicycle_rcn=yes", "nodeaccessgranted=yes highway=give_way direction=backward", "3500", "350096"],
          ["11711963", "48019146", "585", "12", "1000", "0", "0", "0", "0", "highway=tertiary surface=asphalt smoothness=excellent cycleway:both=no route_bicycle_ncn=yes route_bicycle_rcn=yes", "nodeaccessgranted=yes highway=crossing crossing=unmarked kerb=lowered", "3502", "350304"],
          ["11712194", "48018256", "586", "100", "1000", "0", "0", "0", "0", "highway=tertiary surface=asphalt smoothness=good cycleway:both=no route_bicycle_ncn=yes route_bicycle_rcn=yes", "nodeaccessgranted=yes highway=crossing crossing=unmarked kerb=flush", "3521", "352190"],
          ["11712653", "48016727", "586", "175", "1000", "0", "0", "20", "0", "highway=tertiary surface=asphalt smoothness=good cycleway:both=no route_bicycle_ncn=yes route_bicycle_rcn=yes", "nodeaccessgranted=yes highway=crossing crossing=traffic_signals kerb=lowered", "3553", "355431"],
          ["11712660", "48016715", "586", "1", "1000", "0", "0", "20", "0", "highway=tertiary surface=asphalt smoothness=good cycleway:both=no route_bicycle_ncn=yes route_bicycle_rcn=yes", "nodeaccessgranted=yes highway=traffic_signals traffic_signals:direction=both traffic_signals=signal", "3554", "355449"],
          ["11712778", "48016537", "587", "22", "1000", "0", "0", "0", "0", "highway=tertiary surface=asphalt smoothness=good cycleway:both=no route_bicycle_ncn=yes route_bicycle_rcn=yes", "", "3558", "355933"],
          ["11712828", "48016453", "587", "10", "1000", "0", "0", "0", "0", "highway=tertiary surface=asphalt smoothness=good cycleway:both=no route_bicycle_ncn=yes route_bicycle_rcn=yes route_bicycle_lcn=yes", "", "3561", "356144"],
          ["11712905", "48016315", "587", "16", "1000", "0", "0", "20", "0", "highway=tertiary surface=asphalt smoothness=good cycleway:both=no route_bicycle_ncn=yes route_bicycle_rcn=yes", "nodeaccessgranted=yes highway=traffic_signals traffic_signals:direction=backward", "3564", "356473"],
          ["11715155", "48013659", "589", "359", "1000", "0", "0", "0", "0", "highway=tertiary surface=asphalt smoothness=good cycleway:both=no route_bicycle_ncn=yes route_bicycle_rcn=yes", "nodeaccessgranted=yes highway=crossing crossing=uncontrolled kerb=lowered", "3635", "363633"],
          ["11716870", "48012718", "590", "165", "1000", "0", "0", "0", "0", "highway=tertiary surface=asphalt smoothness=good cycleway:both=no route_bicycle_ncn=yes route_bicycle_rcn=yes", "", "3668", "366899"],
          ["11717420", "48012506", "590", "50", "1000", "0", "0", "0", "0", "reversedirection=yes highway=path surface=asphalt foot=designated bicycle=designated smoothness=excellent cycleway=unknown route_bicycle_ncn=yes route_bicycle_rcn=yes", "nodeaccessgranted=yes highway=crossing crossing=uncontrolled", "3677", "367835"],
          ["11725399", "48004984", "594", "1042", "1000", "0", "0", "0", "0", "reversedirection=yes highway=path surface=asphalt foot=designated bicycle=designated smoothness=excellent cycleway=unknown route_bicycle_ncn=yes route_bicycle_rcn=yes", "nodeaccessgranted=yes highway=give_way direction=backward", "3875", "387537"],
          ["11725467", "48004911", "594", "10", "1000", "0", "0", "0", "0", "reversedirection=yes highway=path surface=asphalt foot=designated bicycle=designated smoothness=excellent cycleway=unknown route_bicycle_ncn=yes route_bicycle_rcn=yes", "nodeaccessgranted=yes highway=give_way direction=forward", "3876", "387710"],
          ["11729507", "48000969", "596", "532", "1000", "0", "0", "0", "0", "reversedirection=yes highway=path surface=asphalt foot=designated bicycle=designated smoothness=excellent cycleway=unknown route_bicycle_ncn=yes route_bicycle_rcn=yes", "", "3976", "397665"],
          ["11733543", "47996089", "598", "678", "1000", "0", "0", "0", "0", "reversedirection=yes highway=path surface=asphalt foot=designated bicycle=designated smoothness=excellent route_bicycle_ncn=yes route_bicycle_rcn=yes", "nodeaccessgranted=yes estimated_crossing_class=2", "4101", "410224"],
          ["11733813", "47995674", "599", "50", "1000", "0", "0", "0", "0", "highway=secondary surface=asphalt foot=use_sidepath smoothness=good cycleway:both=no route_bicycle_ncn=yes route_bicycle_rcn=yes", "nodeaccessgranted=yes estimated_crossing_class=2", "4111", "411219"],
          ["11733939", "47995408", "598", "31", "1000", "0", "0", "0", "0", "highway=secondary surface=asphalt foot=use_sidepath smoothness=good cycleway:both=no route_bicycle_ncn=yes route_bicycle_rcn=yes", "nodeaccessgranted=yes estimated_crossing_class=2", "4117", "411767"],
          ["11734053", "47995105", "599", "35", "1000", "0", "0", "0", "0", "highway=secondary surface=asphalt foot=use_sidepath smoothness=good cycleway:both=no route_bicycle_ncn=yes route_bicycle_rcn=yes", "nodeaccessgranted=yes estimated_crossing_class=2", "4123", "412414"],
          ["11734264", "47995147", "599", "17", "1000", "0", "0", "0", "0", "reversedirection=yes highway=residential surface=asphalt smoothness=good cycleway:both=no route_bicycle_ncn=yes route_bicycle_rcn=yes", "nodeaccessgranted=yes highway=give_way direction=forward", "4126", "412721"],
          ["11735397", "47995371", "599", "88", "1000", "0", "0", "0", "0", "reversedirection=yes highway=residential surface=asphalt smoothness=good cycleway:both=no route_bicycle_ncn=yes route_bicycle_rcn=yes", "", "4144", "414498"],
          ["11736944", "47993038", "600", "285", "1000", "0", "0", "0", "0", "reversedirection=yes highway=residential surface=asphalt smoothness=good oneway=no route_bicycle_ncn=yes route_bicycle_rcn=yes", "", "4197", "419790"],
          ["11736833", "47992787", "600", "29", "1000", "0", "0", "0", "0", "highway=residential surface=asphalt smoothness=good oneway=yes route_bicycle_ncn=yes route_bicycle_rcn=yes", "", "4202", "420327"],
          ["11737139", "47992802", "601", "23", "1000", "0", "0", "0", "0", "highway=residential surface=asphalt smoothness=good cycleway:both=no route_bicycle_ncn=yes route_bicycle_rcn=yes", "", "4207", "420769"],
          ["11737353", "47992811", "600", "16", "1000", "0", "0", "0", "0", "reversedirection=yes highway=residential surface=asphalt smoothness=good cycleway:both=no route_bicycle_ncn=yes route_bicycle_rcn=yes", "nodeaccessgranted=yes railway=level_crossing", "4210", "421051"],
          ["11737529", "47992819", "600", "13", "1000", "0", "0", "0", "0", "reversedirection=yes highway=residential surface=asphalt smoothness=good cycleway:both=no route_bicycle_ncn=yes route_bicycle_rcn=yes", "", "4212", "421279"],
          ["11737548", "47992776", "601", "5", "1000", "0", "0", "0", "0", "reversedirection=yes highway=residential surface=asphalt smoothness=good cycleway:both=no oneway=no route_bicycle_ncn=yes route_bicycle_rcn=yes", "nodeaccessgranted=yes highway=give_way direction=forward traffic_sign:direction=forward", "4213", "421372"],
          ["11738281", "47991935", "601", "109", "1000", "0", "0", "0", "0", "reversedirection=yes highway=residential surface=asphalt smoothness=good cycleway:both=no oneway=no route_bicycle_ncn=yes route_bicycle_rcn=yes", "", "4232", "423306"],
          ["11739400", "47991124", "601", "128", "1000", "0", "0", "0", "0", "reversedirection=yes highway=residential surface=asphalt smoothness=excellent cycleway:both=no oneway=no route_bicycle_ncn=yes route_bicycle_rcn=yes", "", "4254", "425495"],
          ["11739548", "47991117", "601", "11", "1000", "0", "0", "0", "0", "reversedirection=yes highway=residential surface=asphalt smoothness=good cycleway:both=no oneway=no route_bicycle_ncn=yes route_bicycle_rcn=yes", "", "4256", "425683"],
          ["11744634", "47989960", "601", "406", "1000", "0", "0", "0", "0", "reversedirection=yes highway=track surface=asphalt tracktype=grade1 smoothness=good route_bicycle_ncn=yes route_bicycle_rcn=yes", "", "4325", "432544"],
          ["11767091", "47976594", "599", "2268", "1000", "0", "0", "0", "0", "reversedirection=yes highway=track surface=pebblestone tracktype=grade2 smoothness=bad route_bicycle_ncn=yes route_bicycle_rcn=yes", "", "4718", "471870"],
          ["11767510", "47972232", "600", "485", "1000", "0", "0", "0", "0", "reversedirection=yes highway=unclassified surface=asphalt smoothness=good cycleway:both=no route_bicycle_ncn=yes route_bicycle_rcn=yes", "nodeaccessgranted=yes highway=give_way direction=backward", "4791", "479152"],
          ["11767511", "47972216", "601", "2", "1000", "0", "0", "0", "0", "reversedirection=yes highway=unclassified surface=asphalt smoothness=good cycleway:both=no route_bicycle_ncn=yes route_bicycle_rcn=yes", "", "4791", "479192"],
          ["11767832", "47972161", "600", "32", "1000", "0", "0", "0", "0", "highway=path surface=asphalt foot=yes bicycle=yes smoothness=good route_bicycle_ncn=yes route_bicycle_rcn=yes", "nodeaccessgranted=yes highway=crossing estimated_crossing_class=2 crossing=uncontrolled bicycle=yes", "4797", "479779"],
          ["11767850", "47972076", "600", "10", "1000", "0", "0", "0", "0", "highway=path surface=asphalt foot=yes bicycle=yes smoothness=good route_bicycle_ncn=yes route_bicycle_rcn=yes", "", "4799", "479959"],
          ["11765782", "47971929", "602", "156", "1000", "0", "0", "0", "0", "reversedirection=yes highway=path surface=asphalt foot=designated bicycle=designated smoothness=excellent oneway=no route_bicycle_ncn=yes route_bicycle_rcn=yes", "", "4829", "483011"],
          ["11765812", "47971898", "602", "4", "1000", "0", "0", "0", "0", "highway=residential surface=asphalt smoothness=good cycleway:both=no route_bicycle_ncn=yes route_bicycle_rcn=yes", "nodeaccessgranted=yes highway=give_way direction=backward", "4830", "483092"],
          ["11776965", "47968259", "610", "1057", "1000", "0", "0", "0", "0", "highway=residential surface=asphalt smoothness=good cycleway:both=no route_bicycle_ncn=yes route_bicycle_rcn=yes", "nodeaccessgranted=yes highway=give_way direction=forward", "5032", "503251"],
          ["11777050", "47968265", "610", "6", "1000", "0", "0", "0", "0", "highway=residential surface=asphalt smoothness=good cycleway:both=no route_bicycle_ncn=yes route_bicycle_rcn=yes", "nodeaccessgranted=yes estimated_crossing_class=3", "5033", "503390"],
          ["11777149", "47967466", "610", "89", "1000", "0", "0", "0", "0", "highway=secondary surface=asphalt smoothness=good cycleway:both=no route_bicycle_ncn=yes route_bicycle_rcn=yes route_bicycle_lcn=yes", "nodeaccessgranted=yes estimated_crossing_class=3", "5051", "505234"],
          ["11777193", "47967197", "610", "30", "1000", "0", "0", "0", "0", "highway=secondary surface=asphalt smoothness=good cycleway:both=no route_bicycle_ncn=yes route_bicycle_rcn=yes route_bicycle_lcn=yes", "nodeaccessgranted=yes estimated_crossing_class=3", "5058", "505910"],
          ["11777236", "47966917", "610", "31", "1000", "0", "0", "0", "0", "highway=secondary surface=asphalt smoothness=good cycleway:right=no cycleway:left=track route_bicycle_rcn=yes route_bicycle_lcn=yes", "nodeaccessgranted=yes estimated_crossing_class=3", "5065", "506556"],
          ["11776996", "47962342", "611", "521", "1000", "0", "0", "0", "0", "highway=cycleway surface=asphalt foot=yes smoothness=good route_bicycle_rcn=yes route_bicycle_lcn=yes", "", "5173", "517439"],
          ["11777098", "47961762", "610", "65", "1000", "0", "0", "0", "0", "reversedirection=yes highway=path surface=asphalt foot=yes bicycle=yes smoothness=excellent route_bicycle_rcn=yes", "", "5183", "518423"],
          ["11777424", "47961566", "610", "33", "1000", "0", "0", "0", "0", "reversedirection=yes highway=path surface=asphalt foot=designated bicycle=designated smoothness=excellent route_bicycle_rcn=yes route_bicycle_lcn=yes", "", "5189", "518986"],
          ["11778061", "47961314", "611", "56", "1050", "0", "3", "0", "0", "reversedirection=yes highway=path surface=asphalt foot=designated bicycle=designated smoothness=excellent", "estimated_crossing_class=2", "5199", "519984"],
          ["11778291", "47961282", "611", "18", "1000", "0", "0", "0", "0", "highway=secondary surface=asphalt smoothness=good cycleway:both=no route_bicycle_rcn=yes", "nodeaccessgranted=yes estimated_crossing_class=1", "5202", "520306"],
          ["11778509", "47961267", "611", "16", "1000", "0", "0", "20", "0", "highway=secondary surface=asphalt smoothness=good cycleway:both=no route_bicycle_rcn=yes", "nodeaccessgranted=yes highway=traffic_signals traffic_signals:direction=forward", "5205", "520628"],
          ["11778545", "47961265", "611", "3", "1000", "0", "0", "20", "0", "highway=secondary surface=asphalt smoothness=good cycleway:both=no route_bicycle_rcn=yes", "nodeaccessgranted=yes highway=crossing crossing=traffic_signals kerb=lowered", "5206", "520692"],
          ["11778578", "47961263", "611", "2", "1000", "0", "0", "20", "0", "highway=secondary surface=asphalt smoothness=good cycleway:both=no route_bicycle_rcn=yes", "nodeaccessgranted=yes highway=traffic_signals traffic_signals:direction=backward", "5206", "520734"],
          ["11778615", "47961261", "612", "3", "1000", "0", "0", "0", "0", "highway=secondary surface=asphalt smoothness=good cycleway:both=no route_bicycle_rcn=yes", "nodeaccessgranted=yes estimated_crossing_class=1", "5207", "520801"],
          ["11778727", "47961254", "612", "8", "1000", "0", "0", "0", "0", "highway=secondary surface=asphalt smoothness=good cycleway:both=no route_bicycle_rcn=yes", "nodeaccessgranted=yes estimated_crossing_class=1", "5209", "520979"],
          ["11779408", "47961214", "612", "51", "1000", "0", "0", "0", "0", "highway=secondary surface=asphalt smoothness=good cycleway:both=no route_bicycle_rcn=yes", "nodeaccessgranted=yes estimated_crossing_class=2", "5221", "522222"],
          ["11779563", "47961205", "613", "12", "1000", "0", "0", "0", "0", "highway=secondary surface=asphalt smoothness=good cycleway:both=no route_bicycle_rcn=yes", "nodeaccessgranted=yes estimated_crossing_class=2", "5224", "522504"],
          ["11779857", "47961194", "613", "22", "1000", "0", "0", "0", "0", "highway=secondary surface=asphalt smoothness=good cycleway:both=no route_bicycle_rcn=yes", "nodeaccessgranted=yes estimated_crossing_class=2", "5229", "523026"],
          ["11780241", "47961199", "614", "28", "1000", "0", "0", "0", "0", "highway=secondary surface=asphalt smoothness=good cycleway:both=no route_bicycle_rcn=yes", "nodeaccessgranted=yes estimated_crossing_class=2", "5237", "523765"],
          ["11780426", "47961216", "614", "14", "1000", "0", "0", "0", "0", "highway=secondary surface=asphalt smoothness=good cycleway:both=no route_bicycle_rcn=yes", "nodeaccessgranted=yes estimated_crossing_class=2", "5241", "524149"],
          ["11780726", "47961247", "615", "23", "1000", "0", "0", "0", "0", "highway=secondary surface=asphalt smoothness=good cycleway:both=no route_bicycle_rcn=yes", "nodeaccessgranted=yes estimated_crossing_class=2", "5247", "524845"],
          ["11781146", "47961263", "617", "31", "1650", "0", "0", "0", "0", "highway=secondary surface=asphalt smoothness=good cycleway:both=no", "estimated_crossing_class=2", "5255", "525612"],
          ["11782123", "47961016", "619", "78", "1650", "0", "2", "0", "0", "highway=secondary surface=asphalt smoothness=good cycleway:both=no", "estimated_crossing_class=2", "5272", "527302"],
          ["11782490", "47960869", "619", "32", "1650", "0", "1", "0", "0", "highway=secondary surface=asphalt smoothness=good cycleway:both=no", "estimated_crossing_class=2", "5280", "528106"],
          ["11782699", "47960702", "620", "24", "1650", "0", "2", "0", "0", "highway=secondary surface=asphalt smoothness=good cycleway:both=no", "estimated_crossing_class=2", "5287", "528799"],
          ["11782764", "47960639", "620", "9", "1650", "0", "0", "0", "0", "highway=secondary surface=asphalt smoothness=good cycleway:both=no", "estimated_crossing_class=2", "5290", "529079"],
          ["11782986", "47960395", "621", "32", "1650", "0", "0", "0", "0", "highway=secondary surface=asphalt smoothness=good cycleway:both=no", "estimated_crossing_class=2", "5300", "530093"],
          ["11783074", "47960286", "621", "14", "1650", "0", "0", "0", "0", "highway=secondary surface=asphalt smoothness=good cycleway:both=no", "estimated_crossing_class=2", "5304", "530529"],
          ["11783194", "47960111", "622", "21", "1650", "0", "0", "0", "0", "highway=secondary surface=asphalt smoothness=good cycleway:both=no", "estimated_crossing_class=2", "5311", "531233"],
          ["11783337", "47959843", "622", "32", "1650", "0", "0", "0", "0", "highway=secondary surface=asphalt smoothness=good cycleway:both=no", "direction=backward", "5321", "532237"],
          ["11783386", "47959741", "622", "12", "1650", "0", "0", "0", "0", "highway=secondary surface=asphalt smoothness=good cycleway:both=no", "", "5325", "532562"],
          ["11783460", "47959587", "623", "18", "1150", "0", "0", "0", "0", "highway=secondary surface=asphalt smoothness=good cycleway:right=no cycleway:left=lane", "estimated_crossing_class=2", "5330", "533079"],
          ["11783524", "47959582", "622", "5", "1050", "0", "52", "0", "0", "highway=track surface=asphalt tracktype=grade1 foot=yes bicycle=yes smoothness=excellent", "", "5331", "533198"],
          ["11786405", "47952347", "634", "842", "1050", "0", "54", "0", "0", "reversedirection=yes highway=path surface=asphalt foot=designated bicycle=designated smoothness=excellent", "", "5533", "553454"],
          ["11788343", "47951377", "639", "182", "1050", "0", "10", "0", "0", "reversedirection=yes highway=footway surface=asphalt bicycle=yes smoothness=excellent", "highway=crossing crossing=marked kerb=lowered", "5596", "559739"],
          ["11788465", "47951304", "639", "12", "1050", "0", "1", "0", "0", "reversedirection=yes highway=footway surface=asphalt bicycle=yes smoothness=excellent", "highway=platform wheelchair=yes", "5600", "560086"],
          ["11789179", "47950794", "639", "77", "1050", "0", "0", "0", "0", "reversedirection=yes highway=footway surface=asphalt bicycle=yes smoothness=excellent", "highway=crossing crossing=marked kerb=lowered", "5619", "562053"],
          ["11792558", "47947466", "641", "496", "1050", "0", "139", "0", "0", "reversedirection=yes highway=footway surface=asphalt bicycle=yes smoothness=excellent", "highway=crossing crossing=unmarked kerb=lowered", "5736", "573749"],
          ["11793794", "47947139", "642", "101", "1150", "0", "78", "0", "0", "reversedirection=yes highway=residential surface=asphalt smoothness=good cycleway:right=no cycleway:left=track", "", "5756", "575754"],
          ["11793822", "47947104", "642", "4", "1000", "0", "0", "0", "0", "highway=residential surface=asphalt smoothness=excellent cycleway:both=no route_bicycle_ncn=yes route_bicycle_rcn=yes", "nodeaccessgranted=yes highway=give_way direction=backward", "5757", "575834"],
          ["11795386", "47946409", "644", "142", "1000", "0", "0", "0", "0", "highway=residential surface=asphalt smoothness=excellent cycleway:both=no route_bicycle_ncn=yes route_bicycle_rcn=yes", "", "5790", "579103"],
          ["11796292", "47945787", "646", "97", "1000", "0", "0", "0", "0", "highway=residential surface=asphalt smoothness=good cycleway:both=no route_bicycle_ncn=yes route_bicycle_rcn=yes", "", "5814", "581560"],
          ["11796696", "47945546", "646", "40", "1000", "0", "0", "0", "0", "highway=residential surface=asphalt smoothness=good cycleway:both=no oneway=no route_bicycle_ncn=yes route_bicycle_rcn=yes", "", "5824", "582480"],
          ["11796854", "47945465", "646", "15", "1000", "0", "0", "0", "0", "highway=residential surface=asphalt smoothness=good cycleway:both=no route_bicycle_ncn=yes route_bicycle_rcn=yes", "nodeaccessgranted=yes highway=give_way direction=forward", "5828", "582868"],
          ["11796990", "47945396", "647", "13", "1000", "0", "0", "0", "0", "highway=residential surface=asphalt smoothness=good cycleway:both=no route_bicycle_ncn=yes route_bicycle_rcn=yes", "", "5831", "583206"],
          ["11797071", "47945353", "647", "8", "1000", "0", "0", "0", "0", "highway=track surface=compacted tracktype=grade2 smoothness=intermediate route_bicycle_ncn=yes route_bicycle_rcn=yes route_bicycle_lcn=yes", "nodeaccessgranted=yes highway=give_way direction=backward", "5833", "583406"],
          ["11797505", "47945121", "647", "41", "1000", "0", "0", "0", "0", "highway=track surface=compacted tracktype=grade2 smoothness=intermediate route_bicycle_ncn=yes route_bicycle_rcn=yes route_bicycle_lcn=yes", "", "5842", "584348"],
          ["11802361", "47943245", "650", "421", "1000", "0", "0", "0", "0", "highway=track surface=gravel tracktype=grade3 smoothness=bad route_bicycle_ncn=yes route_bicycle_rcn=yes route_bicycle_lcn=yes", "", "5939", "593980"],
          ["11802710", "47943189", "650", "27", "1000", "0", "0", "0", "0", "highway=track surface=gravel tracktype=grade2 smoothness=bad route_bicycle_ncn=yes route_bicycle_rcn=yes route_bicycle_lcn=yes", "nodeaccessgranted=yes highway=give_way direction=forward", "5943", "594428"],
          ["11802831", "47943182", "650", "9", "1000", "0", "0", "0", "0", "highway=track surface=gravel tracktype=grade2 smoothness=bad route_bicycle_ncn=yes route_bicycle_rcn=yes route_bicycle_lcn=yes", "", "5945", "594569"],
          ["11803880", "47942710", "647", "129", "1000", "0", "0", "0", "0", "highway=residential surface=asphalt smoothness=excellent cycleway:both=no route_bicycle_ncn=yes route_bicycle_rcn=yes route_bicycle_lcn=yes", "nodeaccessgranted=yes highway=give_way direction=forward", "5960", "596135"],
          ["11803889", "47942594", "647", "13", "1000", "0", "0", "0", "0", "highway=residential surface=asphalt smoothness=excellent cycleway:both=no route_bicycle_ncn=yes route_bicycle_rcn=yes route_bicycle_lcn=yes", "", "5962", "596288"],
          ["11805332", "47942384", "647", "110", "1000", "0", "0", "0", "0", "highway=tertiary surface=asphalt smoothness=good cycleway:both=no route_bicycle_ncn=yes route_bicycle_rcn=yes route_bicycle_lcn=yes", "", "5976", "597701"],
          ["11805321", "47942344", "646", "5", "1000", "0", "0", "0", "0", "highway=track surface=asphalt tracktype=grade1 smoothness=good route_bicycle_ncn=yes route_bicycle_rcn=yes", "nodeaccessgranted=yes highway=give_way direction=backward", "5977", "597777"],
          ["11805533", "47942134", "644", "29", "1000", "0", "0", "0", "0", "highway=track surface=asphalt tracktype=grade1 smoothness=good route_bicycle_ncn=yes route_bicycle_rcn=yes", "", "5980", "598100"],
          ["11807037", "47938560", "650", "419", "1000", "0", "0", "0", "0", "highway=track surface=asphalt tracktype=grade1 smoothness=intermediate route_bicycle_ncn=yes route_bicycle_rcn=yes", "", "6076", "607729"],
          ["11807563", "47937653", "648", "109", "1000", "0", "0", "0", "0", "highway=track surface=asphalt tracktype=grade1 smoothness=excellent route_bicycle_ncn=yes route_bicycle_rcn=yes", "", "6092", "609307"],
          ["11811175", "47930845", "648", "820", "1000", "0", "0", "0", "0", "highway=track surface=asphalt tracktype=grade1 smoothness=intermediate route_bicycle_ncn=yes route_bicycle_rcn=yes", "", "6216", "621601"],
          ["11811428", "47930799", "649", "20", "1000", "0", "0", "0", "0", "highway=unclassified surface=asphalt smoothness=good cycleway:both=no route_bicycle_ncn=yes route_bicycle_rcn=yes", "", "6227", "622728"],
          ["11813615", "47923331", "633", "877", "1000", "0", "0", "0", "0", "highway=track surface=asphalt tracktype=grade1 smoothness=intermediate route_bicycle_ncn=yes route_bicycle_rcn=yes", "", "6377", "637731"],
          ["11813698", "47922681", "633", "79", "1000", "0", "0", "0", "0", "reversedirection=yes highway=path surface=asphalt foot=designated bicycle=designated smoothness=good route_bicycle_ncn=yes route_bicycle_rcn=yes", "", "6387", "638723"],
          ["11813393", "47921786", "634", "102", "1000", "0", "0", "0", "0", "reversedirection=yes highway=path surface=asphalt foot=designated bicycle=designated smoothness=excellent route_bicycle_ncn=yes route_bicycle_rcn=yes", "", "6400", "640026"],
          ["11813304", "47921747", "634", "8", "1000", "0", "0", "0", "0", "reversedirection=yes highway=tertiary surface=asphalt smoothness=good cycleway:both=no route_bicycle_ncn=yes route_bicycle_rcn=yes", "", "6401", "640136"],
          ["11813318", "47921642", "634", "12", "1000", "0", "0", "0", "0", "reversedirection=yes highway=unclassified surface=asphalt smoothness=good cycleway:both=no route_bicycle_ncn=yes route_bicycle_rcn=yes", "nodeaccessgranted=yes highway=give_way direction=forward", "6403", "640315"],
          ["11813447", "47920748", "642", "100", "1000", "0", "0", "0", "0", "reversedirection=yes highway=unclassified surface=asphalt smoothness=good cycleway:both=no route_bicycle_ncn=yes route_bicycle_rcn=yes", "", "6428", "642793"],
          ["11813969", "47920153", "646", "77", "1000", "0", "0", "0", "0", "reversedirection=yes highway=residential surface=asphalt smoothness=good cycleway:both=no route_bicycle_ncn=yes route_bicycle_rcn=yes", "nodeaccessgranted=yes highway=bus_stop", "6465", "646486"],
          ["11812637", "47918789", "639", "196", "1000", "0", "0", "0", "0", "highway=residential surface=asphalt smoothness=excellent cycleway:both=no route_bicycle_ncn=yes route_bicycle_rcn=yes", "", "6508", "650786"],
          ["11814574", "47913584", "624", "677", "1000", "0", "0", "0", "0", "highway=residential surface=asphalt smoothness=good cycleway:both=no route_bicycle_ncn=yes route_bicycle_rcn=yes", "", "6591", "659064"],
          ["11816563", "47913079", "615", "159", "1000", "336", "0", "0", "0", "highway=unclassified surface=asphalt smoothness=good cycleway:both=no route_bicycle_ncn=yes route_bicycle_rcn=yes", "", "6604", "659737"],
          ["11818347", "47912323", "610", "163", "1000", "155", "0", "0", "0", "highway=residential surface=asphalt smoothness=good cycleway:both=no route_bicycle_ncn=yes route_bicycle_rcn=yes", "", "6618", "660738"],
          ["11820998", "47912348", "606", "207", "1000", "79", "0", "0", "0", "highway=residential surface=asphalt smoothness=good cycleway:both=no route_bicycle_ncn=yes route_bicycle_rcn=yes route_bicycle_lcn=yes", "", "6641", "663082"],
          ["11825032", "47912485", "605", "301", "1000", "0", "0", "0", "0", "highway=unclassified surface=asphalt smoothness=good cycleway:both=no route_bicycle_ncn=yes route_bicycle_rcn=yes route_bicycle_lcn=yes", "", "6680", "666964"],
          ["11832091", "47907592", "575", "782", "1000", "836", "0", "0", "0", "highway=track surface=asphalt tracktype=grade1 smoothness=good route_bicycle_ncn=yes route_bicycle_rcn=yes route_bicycle_lcn=yes", "", "6762", "674348"],
          ["11832289", "47906251", "557", "165", "1000", "927", "0", "0", "0", "highway=residential surface=asphalt smoothness=good cycleway:both=no route_bicycle_ncn=yes route_bicycle_rcn=yes route_bicycle_lcn=yes", "", "6775", "674348"],
          ["11834494", "47904787", "554", "233", "1000", "65", "0", "0", "0", "highway=residential surface=asphalt smoothness=good route_bicycle_ncn=yes route_bicycle_rcn=yes route_bicycle_lcn=yes", "nodeaccessgranted=yes highway=give_way direction=forward", "6796", "675423"],
          ["11834596", "47904725", "554", "10", "1000", "0", "0", "0", "0", "highway=residential surface=asphalt smoothness=good route_bicycle_ncn=yes route_bicycle_rcn=yes route_bicycle_lcn=yes", "", "6797", "675540"],
          ["11834682", "47904664", "553", "9", "1000", "0", "0", "0", "0", "highway=unclassified surface=asphalt smoothness=good route_bicycle_ncn=yes route_bicycle_rcn=yes", "nodeaccessgranted=yes highway=give_way direction=backward", "6798", "675644"],
          ["11837802", "47902472", "551", "337", "1000", "0", "0", "0", "0", "highway=unclassified surface=asphalt smoothness=good route_bicycle_ncn=yes route_bicycle_rcn=yes", "", "6842", "680051"],
          ["11838357", "47902092", "551", "59", "1000", "0", "0", "0", "0", "highway=track surface=compacted tracktype=grade2 route_bicycle_ncn=yes route_bicycle_rcn=yes", "", "6851", "680928"],
          ["11836937", "47900789", "552", "180", "1000", "0", "0", "0", "0", "highway=track surface=asphalt tracktype=grade1 smoothness=good route_bicycle_ncn=yes route_bicycle_rcn=yes", "", "6877", "683565"],
          ["11852404", "47895449", "542", "1304", "1000", "0", "0", "0", "0", "reversedirection=yes highway=track surface=asphalt tracktype=grade1 smoothness=excellent route_bicycle_ncn=yes route_bicycle_rcn=yes", "", "7068", "702707"],
          ["11852611", "47895404", "543", "16", "1050", "0", "0", "0", "0", "highway=footway surface=asphalt foot=designated bicycle=yes smoothness=good oneway:bicycle=no", "barrier=bollard", "7071", "702966"],
          ["11853133", "47895017", "536", "69", "1050", "0", "21", "0", "0", "highway=footway surface=asphalt foot=designated bicycle=yes smoothness=good oneway:bicycle=no", "", "7078", "703586"],
          ["11853302", "47894959", "536", "14", "1050", "0", "60", "0", "0", "reversedirection=yes highway=path surface=asphalt smoothness=good", "barrier=kerb kerb=flush", "7079", "703641"],
          ["11853363", "47894952", "536", "5", "1050", "0", "0", "0", "0", "reversedirection=yes highway=path surface=asphalt smoothness=good", "highway=crossing crossing=unmarked bicycle=yes surface=asphalt", "7079", "703682"],
          ["11853405", "47894832", "536", "14", "1000", "0", "0", "0", "0", "reversedirection=yes highway=tertiary surface=asphalt smoothness=excellent route_bicycle_ncn=yes route_bicycle_rcn=yes", "", "7080", "703800"],
          ["11854312", "47893493", "534", "169", "1000", "0", "0", "0", "0", "reversedirection=yes highway=tertiary surface=asphalt smoothness=good route_bicycle_ncn=yes route_bicycle_rcn=yes", "nodeaccessgranted=yes highway=crossing crossing=uncontrolled kerb=lowered", "7098", "705564"],
          ["11854698", "47893340", "534", "34", "1000", "0", "0", "0", "0", "reversedirection=yes highway=tertiary surface=asphalt smoothness=good route_bicycle_ncn=yes route_bicycle_rcn=yes", "", "7102", "705957"],
          ["11855546", "47892659", "534", "102", "1000", "0", "0", "0", "0", "reversedirection=yes highway=tertiary surface=asphalt route_bicycle_ncn=yes route_bicycle_rcn=yes", "", "7115", "707318"],
          ["11859961", "47892064", "531", "357", "1000", "0", "0", "0", "0", "highway=residential surface=asphalt smoothness=good route_bicycle_ncn=yes route_bicycle_rcn=yes", "nodeaccessgranted=yes traffic_sign:direction=unknown", "7162", "711994"],
          ["11866427", "47891436", "530", "490", "1000", "0", "0", "0", "0", "highway=unclassified surface=asphalt smoothness=good route_bicycle_ncn=yes route_bicycle_rcn=yes", "", "7233", "719075"],
          ["11898912", "47879248", "516", "2939", "1000", "0", "0", "0", "0", "highway=service surface=asphalt smoothness=good route_bicycle_ncn=yes route_bicycle_rcn=yes", "", "7675", "763276"],
          ["11911512", "47881087", "512", "1045", "1000", "0", "0", "0", "0", "highway=residential surface=asphalt smoothness=good cycleway:both=no route_bicycle_ncn=yes route_bicycle_rcn=yes", "nodeaccessgranted=yes highway=give_way direction=forward", "7832", "779024"],
          ["11911653", "47881038", "512", "12", "1000", "0", "0", "0", "0", "highway=residential surface=asphalt smoothness=good cycleway:both=no route_bicycle_ncn=yes route_bicycle_rcn=yes", "", "7834", "779215"],
          ["11911419", "47880809", "512", "31", "1000", "0", "0", "0", "0", "highway=tertiary surface=asphalt smoothness=good cycleway:both=no route_bicycle_ncn=yes route_bicycle_rcn=yes route_bicycle_lcn=yes", "", "7839", "779698"],
          ["11911314", "47880678", "511", "17", "1000", "0", "0", "0", "0", "highway=tertiary surface=asphalt smoothness=good cycleway:both=lane route_bicycle_ncn=yes route_bicycle_rcn=yes route_bicycle_lcn=yes", "", "7842", "779946"],
          ["11911289", "47880648", "511", "4", "1000", "0", "0", "0", "0", "highway=tertiary surface=asphalt cycleway:both=lane route_bicycle_ncn=yes route_bicycle_rcn=yes route_bicycle_lcn=yes", "", "7842", "780001"],
          ["11911382", "47880614", "511", "8", "1000", "0", "0", "0", "0", "reversedirection=yes highway=residential surface=asphalt smoothness=good route_bicycle_ncn=yes route_bicycle_rcn=yes route_bicycle_lcn=yes", "nodeaccessgranted=yes highway=give_way direction=forward", "7843", "780128"],
          ["11911970", "47880478", "508", "46", "1000", "0", "0", "0", "0", "reversedirection=yes highway=residential surface=asphalt smoothness=good route_bicycle_ncn=yes route_bicycle_rcn=yes route_bicycle_lcn=yes", "", "7851", "780878"],
          ["11970611", "47866405", "489", "4974", "1000", "0", "0", "0", "0", "reversedirection=yes highway=path surface=fine_gravel smoothness=intermediate route_bicycle_ncn=yes route_bicycle_rcn=yes route_bicycle_lcn=yes", "nodeaccessgranted=yes highway=give_way traffic_sign:direction=unknown", "8603", "856121"],
          ["11970690", "47866433", "489", "7", "1000", "0", "0", "0", "0", "reversedirection=yes highway=path surface=asphalt smoothness=good route_bicycle_ncn=yes route_bicycle_rcn=yes route_bicycle_lcn=yes", "nodeaccessgranted=yes highway=crossing crossing=unmarked bicycle=yes kerb=lowered surface=asphalt", "8605", "856251"],
          ["11970533", "47865782", "490", "73", "1000", "0", "0", "0", "0", "reversedirection=yes highway=unclassified surface=asphalt route_bicycle_ncn=yes route_bicycle_rcn=yes route_bicycle_lcn=yes", "", "8620", "857843"],
          ["11970640", "47865792", "490", "8", "1000", "0", "0", "0", "0", "highway=path surface=fine_gravel smoothness=intermediate route_bicycle_ncn=yes route_bicycle_rcn=yes route_bicycle_lcn=yes", "nodeaccessgranted=yes highway=give_way direction=backward", "8622", "857984"],
          ["11988894", "47860206", "481", "1654", "1000", "0", "0", "0", "0", "highway=path surface=fine_gravel smoothness=intermediate route_bicycle_ncn=yes route_bicycle_rcn=yes route_bicycle_lcn=yes", "", "8867", "882448"],
          ["11988998", "47860137", "481", "11", "1000", "0", "0", "0", "0", "highway=path surface=asphalt smoothness=good route_bicycle_ncn=yes route_bicycle_rcn=yes route_bicycle_lcn=yes", "", "8868", "882636"],
          ["11988864", "47860029", "482", "16", "1000", "0", "0", "0", "0", "highway=path surface=asphalt foot=designated bicycle=designated smoothness=good oneway:bicycle=no route_bicycle_ncn=yes route_bicycle_rcn=yes route_bicycle_lcn=yes", "", "8872", "883015"],
          ["11993868", "47857913", "479", "445", "1000", "0", "0", "0", "0", "highway=path surface=fine_gravel smoothness=intermediate route_bicycle_ncn=yes route_bicycle_rcn=yes route_bicycle_lcn=yes", "", "8938", "889627"],
          ["11993992", "47857833", "479", "12", "1000", "0", "0", "0", "0", "highway=path surface=asphalt smoothness=good route_bicycle_ncn=yes route_bicycle_rcn=yes route_bicycle_lcn=yes", "nodeaccessgranted=yes highway=give_way direction=forward", "8940", "889836"],
          ["11993998", "47857807", "479", "3", "1000", "0", "0", "0", "0", "highway=path surface=asphalt smoothness=good route_bicycle_ncn=yes route_bicycle_rcn=yes route_bicycle_lcn=yes", "nodeaccessgranted=yes barrier=kerb kerb=lowered", "8941", "889890"],
          ["11994033", "47857786", "479", "4", "1000", "0", "0", "0", "0", "highway=path surface=asphalt smoothness=good route_bicycle_ncn=yes route_bicycle_rcn=yes route_bicycle_lcn=yes", "nodeaccessgranted=yes highway=crossing crossing=unmarked kerb=lowered surface=asphalt", "8942", "889968"],
          ["11994068", "47857764", "480", "4", "1000", "0", "0", "0", "0", "highway=path surface=asphalt smoothness=good route_bicycle_ncn=yes route_bicycle_rcn=yes route_bicycle_lcn=yes", "nodeaccessgranted=yes barrier=kerb kerb=lowered", "8943", "890051"],
          ["11994116", "47857737", "480", "5", "1000", "0", "0", "0", "0", "highway=path surface=asphalt smoothness=good route_bicycle_ncn=yes route_bicycle_rcn=yes route_bicycle_lcn=yes", "nodeaccessgranted=yes highway=give_way direction=backward", "8944", "890153"],
          ["11994212", "47857743", "479", "7", "1000", "0", "0", "0", "0", "highway=path surface=asphalt smoothness=good route_bicycle_ncn=yes route_bicycle_rcn=yes route_bicycle_lcn=yes", "nodeaccessgranted=yes barrier=bollard", "8945", "890286"],
          ["11994464", "47857659", "478", "21", "1000", "0", "0", "0", "0", "highway=path surface=asphalt smoothness=good route_bicycle_ncn=yes route_bicycle_rcn=yes route_bicycle_lcn=yes", "", "8948", "890607"],
          ["12016978", "47853111", "472", "1852", "1000", "0", "0", "0", "0", "highway=path surface=fine_gravel smoothness=intermediate route_bicycle_ncn=yes route_bicycle_rcn=yes route_bicycle_lcn=yes", "", "9232", "918972"],
          ["12017883", "47852514", "471", "98", "1000", "0", "0", "0", "0", "highway=path surface=asphalt smoothness=good route_bicycle_ncn=yes route_bicycle_rcn=yes route_bicycle_lcn=yes", "", "9248", "920597"],
          ["12020752", "47849564", "470", "393", "1000", "0", "0", "0", "0", "highway=path surface=fine_gravel smoothness=intermediate route_bicycle_ncn=yes route_bicycle_rcn=yes route_bicycle_lcn=yes", "", "9309", "926660"],
          ["12042619", "47845752", "465", "1736", "1000", "0", "0", "0", "0", "highway=path surface=fine_gravel foot=designated bicycle=designated smoothness=intermediate route_bicycle_ncn=yes route_bicycle_rcn=yes route_bicycle_lcn=yes", "", "9580", "953762"],
          ["12042681", "47845736", "465", "5", "1000", "0", "0", "0", "0", "highway=path surface=wood foot=designated bicycle=designated smoothness=good route_bicycle_ncn=yes route_bicycle_rcn=yes route_bicycle_lcn=yes", "", "9580", "953844"],
          ["12045809", "47846522", "464", "252", "1000", "0", "0", "0", "0", "highway=path surface=fine_gravel foot=designated bicycle=designated route_bicycle_ncn=yes route_bicycle_rcn=yes route_bicycle_lcn=yes", "", "9621", "957869"],
          ["12053673", "47848904", "462", "648", "1000", "0", "0", "0", "0", "reversedirection=yes highway=path surface=fine_gravel foot=designated bicycle=designated smoothness=intermediate route_bicycle_ncn=yes route_bicycle_rcn=yes route_bicycle_lcn=yes", "", "9722", "967999"],
          ["12054155", "47848990", "460", "37", "1000", "0", "0", "0", "0", "reversedirection=yes highway=path surface=paving_stones foot=designated bicycle=designated route_bicycle_ncn=yes route_bicycle_rcn=yes route_bicycle_lcn=yes", "", "9727", "968502"],
          ["12056192", "47849199", "461", "155", "1000", "0", "0", "0", "0", "reversedirection=yes highway=path surface=fine_gravel foot=designated bicycle=designated smoothness=intermediate route_bicycle_ncn=yes route_bicycle_rcn=yes route_bicycle_lcn=yes", "nodeaccessgranted=yes barrier=bollard", "9751", "970910"],
          ["12056502", "47849165", "461", "24", "1000", "0", "0", "0", "0", "reversedirection=yes highway=path surface=fine_gravel foot=designated bicycle=designated smoothness=intermediate route_bicycle_ncn=yes route_bicycle_rcn=yes route_bicycle_lcn=yes", "", "9755", "971285"],
          ["12059432", "47848849", "461", "222", "1000", "0", "0", "20", "0", "highway=residential surface=asphalt smoothness=good cycleway:both=no oneway=no route_bicycle_ncn=yes route_bicycle_rcn=yes route_bicycle_lcn=yes", "nodeaccessgranted=yes highway=traffic_signals", "9790", "974791"],
          ["12060487", "47848727", "458", "80", "1000", "0", "0", "0", "0", "highway=residential surface=asphalt smoothness=excellent cycleway:both=no route_bicycle_ncn=yes route_bicycle_rcn=yes route_bicycle_lcn=yes", "", "9800", "975793"],
          ["12063018", "47848378", "459", "194", "1000", "0", "0", "0", "0", "highway=residential surface=asphalt smoothness=excellent route_bicycle_ncn=yes route_bicycle_rcn=yes route_bicycle_lcn=yes", "nodeaccessgranted=yes highway=crossing crossing=unmarked kerb=lowered", "9831", "978916"],
          ["12066790", "47847912", "457", "287", "1000", "0", "0", "20", "0", "highway=residential surface=asphalt smoothness=excellent route_bicycle_ncn=yes route_bicycle_rcn=yes route_bicycle_lcn=yes", "nodeaccessgranted=yes highway=traffic_signals", "9876", "983453"],
          ["12070846", "47847484", "457", "307", "1000", "0", "0", "0", "0", "highway=residential surface=asphalt smoothness=excellent route_bicycle_rcn=yes", "", "9928", "988616"],
          ["12079118", "47846851", "455", "623", "1000", "0", "0", "0", "0", "reversedirection=yes highway=service surface=asphalt smoothness=excellent oneway=no route_bicycle_rcn=yes", "nodeaccessgranted=yes barrier=bollard bicycle=yes foot=yes", "10029", "998713"],
          ["12079851", "47846773", "456", "56", "1000", "0", "0", "0", "0", "reversedirection=yes highway=service surface=asphalt smoothness=excellent oneway=no route_bicycle_rcn=yes", "", "10038", "999584"],
          ["12080870", "47846325", "455", "100", "1350", "0", "42", "0", "0", "reversedirection=yes highway=service surface=asphalt", "", "10054", "1001210"],
          ["12082745", "47843306", "455", "373", "1150", "0", "46", "0", "0", "reversedirection=yes highway=residential surface=asphalt", "", "10113", "1007134"],
          ["12082720", "47842832", "455", "54", "1150", "0", "44", "0", "0", "highway=residential surface=asphalt cycleway:both=no", "estimated_crossing_class=4", "10122", "1008040"],
          ["12082734", "47842771", "455", "7", "1150", "0", "1", "0", "0", "highway=residential surface=asphalt", "", "10123", "1008157"],
          ["12082919", "47842749", "455", "14", "1050", "0", "61", "0", "0", "highway=path surface=asphalt foot=designated bicycle=designated oneway=yes", "barrier=kerb kerb=lowered", "10126", "1008392"],
          ["12086835", "47841112", "454", "363", "1050", "0", "8", "0", "0", "highway=path surface=asphalt foot=designated bicycle=designated oneway=yes", "", "10183", "1014122"],
          ["12087321", "47839855", "454", "145", "1050", "0", "0", "0", "0", "highway=path surface=asphalt foot=designated bicycle=designated", "highway=crossing crossing=uncontrolled kerb=flush", "10207", "1016537"],
          ["12089012", "47836160", "454", "430", "1050", "0", "0", "0", "0", "highway=path surface=asphalt foot=designated bicycle=yes smoothness=good", "highway=crossing crossing=unmarked bicycle=yes kerb=flush", "10282", "1023984"],
          ["12089478", "47835520", "455", "81", "1050", "0", "23", "0", "0", "highway=path surface=asphalt foot=designated bicycle=yes smoothness=good", "estimated_crossing_class=4", "10298", "1025628"],
          ["12089695", "47835156", "454", "44", "1150", "0", "24", "0", "0", "reversedirection=yes highway=secondary surface=asphalt smoothness=good cycleway:right=no cycleway:left=track", "", "10305", "1026289"],
          ["12089994", "47834699", "457", "56", "1150", "0", "0", "0", "0", "reversedirection=yes highway=secondary surface=asphalt smoothness=excellent cycleway:right=no cycleway:left=track", "estimated_crossing_class=2", "10320", "1027779"],
          ["12090537", "47834007", "459", "87", "1150", "0", "0", "0", "0", "reversedirection=yes highway=secondary surface=asphalt smoothness=excellent cycleway:right=no cycleway:left=track", "estimated_crossing_class=2", "10337", "1029533"],
          ["12091086", "47832948", "463", "126", "1150", "0", "3", "0", "0", "reversedirection=yes highway=secondary surface=asphalt smoothness=excellent cycleway:right=no cycleway:left=track", "estimated_crossing_class=2", "10373", "1033139"],
          ["12091098", "47832885", "463", "7", "1150", "0", "0", "0", "0", "reversedirection=yes highway=secondary surface=asphalt smoothness=excellent cycleway:right=no cycleway:left=track", "estimated_crossing_class=2", "10375", "1033327"],
          ["12091259", "47831991", "466", "101", "1150", "0", "0", "0", "0", "reversedirection=yes highway=secondary surface=asphalt smoothness=good cycleway:right=no cycleway:left=track", "estimated_crossing_class=2", "10408", "1036666"],
          ["12091191", "47831301", "466", "77", "1150", "0", "0", "0", "0", "reversedirection=yes highway=secondary surface=asphalt smoothness=good cycleway:right=no cycleway:left=track", "estimated_crossing_class=2", "10426", "1038437"],
          ["12091109", "47830892", "466", "46", "1150", "0", "0", "0", "0", "reversedirection=yes highway=secondary surface=asphalt smoothness=good cycleway:right=no cycleway:left=track", "estimated_crossing_class=2", "10435", "1039349"],
          ["12090911", "47830423", "465", "54", "1150", "0", "0", "0", "0", "reversedirection=yes highway=secondary surface=asphalt smoothness=good cycleway:right=no cycleway:left=track", "estimated_crossing_class=2", "10451", "1040965"],
          ["12090845", "47830282", "465", "16", "1150", "0", "0", "0", "0", "reversedirection=yes highway=secondary surface=asphalt smoothness=good cycleway:right=no cycleway:left=track", "estimated_crossing_class=2", "10456", "1041423"],
          ["12090809", "47830193", "465", "10", "1150", "0", "0", "0", "0", "reversedirection=yes highway=secondary surface=asphalt smoothness=good cycleway:right=no cycleway:left=track", "estimated_crossing_class=2", "10459", "1041691"],
          ["12090672", "47829924", "465", "32", "1150", "0", "0", "0", "0", "reversedirection=yes highway=secondary surface=asphalt smoothness=good cycleway:right=no cycleway:left=track", "estimated_crossing_class=2", "10466", "1042392"],
          ["12090561", "47829688", "465", "28", "1150", "0", "0", "0", "0", "reversedirection=yes highway=secondary surface=asphalt smoothness=good cycleway:right=no cycleway:left=track", "estimated_crossing_class=2", "10472", "1043038"],
          ["12090469", "47828967", "466", "83", "1050", "0", "43", "0", "0", "reversedirection=yes highway=path surface=asphalt foot=designated bicycle=yes smoothness=excellent", "highway=crossing crossing=unmarked bicycle=yes kerb=flush", "10491", "1044957"],
          ["12091370", "47827303", "466", "201", "1050", "0", "2", "0", "0", "reversedirection=yes highway=path surface=asphalt foot=designated bicycle=yes smoothness=excellent", "highway=crossing crossing=unmarked", "10530", "1048782"],
          ["12091445", "47827317", "466", "6", "1150", "0", "55", "0", "0", "reversedirection=yes highway=residential surface=asphalt smoothness=good", "estimated_crossing_class=2", "10531", "1048875"],
          ["12092308", "47826834", "465", "84", "1650", "0", "34", "0", "0", "reversedirection=yes highway=secondary surface=asphalt smoothness=excellent", "estimated_crossing_class=2", "10543", "1050121"],
          ["12092707", "47826546", "465", "44", "1650", "0", "0", "0", "0", "reversedirection=yes highway=secondary surface=asphalt smoothness=excellent", "estimated_crossing_class=2", "10550", "1050799"],
          ["12093328", "47825865", "465", "89", "1650", "0", "3", "0", "0", "reversedirection=yes highway=secondary surface=asphalt smoothness=excellent", "highway=crossing crossing=unmarked kerb=lowered", "10565", "1052315"],
          ["12093554", "47825712", "465", "24", "1650", "0", "0", "0", "0", "reversedirection=yes highway=secondary surface=asphalt smoothness=excellent", "estimated_crossing_class=2", "10568", "1052651"],
          ["12093720", "47825628", "465", "16", "1650", "0", "1", "0", "0", "reversedirection=yes highway=secondary surface=asphalt smoothness=good", "", "10571", "1052870"],
          ["12094165", "47825493", "465", "37", "1650", "0", "1", "0", "0", "highway=secondary surface=asphalt smoothness=excellent cycleway:both=no", "estimated_crossing_class=2", "10576", "1053400"],
          ["12094745", "47825452", "466", "44", "1650", "0", "2", "0", "0", "highway=secondary surface=asphalt smoothness=excellent cycleway:both=no", "estimated_crossing_class=2", "10584", "1054177"],
          ["12095008", "47825463", "465", "20", "1650", "0", "0", "0", "0", "highway=secondary surface=asphalt smoothness=excellent cycleway:both=no", "estimated_crossing_class=2", "10587", "1054487"],
          ["12095112", "47825468", "464", "8", "1650", "0", "0", "20", "0", "highway=secondary surface=asphalt smoothness=excellent cycleway:both=no", "highway=crossing crossing=traffic_signals kerb=lowered", "10588", "1054598"],
          ["12095222", "47825471", "464", "8", "1650", "0", "0", "0", "0", "highway=secondary surface=asphalt smoothness=excellent cycleway:both=no", "estimated_crossing_class=2", "10589", "1054699"],
          ["12096059", "47825526", "463", "63", "1650", "0", "0", "0", "0", "highway=secondary surface=asphalt smoothness=excellent cycleway:both=no", "estimated_crossing_class=2", "10596", "1055430"],
          ["12096204", "47825532", "463", "11", "1650", "0", "0", "0", "0", "highway=secondary surface=asphalt smoothness=excellent cycleway:both=no", "estimated_crossing_class=2", "10598", "1055572"],
          ["12097119", "47825559", "462", "69", "1650", "0", "0", "0", "0", "highway=secondary surface=asphalt smoothness=excellent cycleway:both=no", "estimated_crossing_class=2", "10605", "1056364"],
          ["12097173", "47825558", "462", "4", "1650", "0", "0", "0", "0", "highway=secondary surface=asphalt smoothness=excellent cycleway:both=no", "estimated_crossing_class=2", "10606", "1056415"],
          ["12097553", "47825558", "461", "28", "1650", "0", "0", "0", "0", "highway=secondary surface=asphalt smoothness=excellent cycleway:both=no", "estimated_crossing_class=2", "10609", "1056769"],
          ["12098125", "47825557", "461", "43", "1650", "0", "0", "0", "0", "highway=secondary surface=asphalt smoothness=excellent cycleway:both=no", "highway=crossing crossing=unmarked kerb=lowered", "10615", "1057329"],
          ["12098349", "47825568", "461", "17", "1650", "0", "0", "0", "0", "highway=secondary surface=asphalt smoothness=excellent cycleway:both=no", "estimated_crossing_class=3", "10617", "1057541"],
          ["12099261", "47825617", "461", "68", "1650", "0", "0", "0", "0", "highway=secondary surface=asphalt smoothness=excellent cycleway:both=no", "estimated_crossing_class=3", "10628", "1058606"],
          ["12099930", "47825650", "461", "50", "1650", "0", "0", "20", "0", "highway=secondary surface=asphalt smoothness=excellent", "highway=crossing crossing=traffic_signals kerb=flush", "10636", "1059374"],
          ["12100368", "47825668", "462", "33", "1650", "0", "0", "0", "0", "highway=secondary surface=asphalt smoothness=excellent", "estimated_crossing_class=2", "10641", "1059960"],
          ["12100782", "47825681", "462", "31", "1650", "0", "0", "0", "0", "highway=secondary surface=asphalt smoothness=excellent", "estimated_crossing_class=2", "10647", "1060502"],
          ["12101744", "47825722", "460", "72", "1650", "0", "0", "0", "0", "highway=secondary surface=asphalt smoothness=excellent", "estimated_crossing_class=2", "10657", "1061489"],
          ["12101779", "47825726", "461", "3", "1650", "0", "0", "0", "0", "highway=secondary surface=asphalt smoothness=excellent", "estimated_crossing_class=2", "10657", "1061536"],
          ["12102012", "47825747", "461", "18", "1650", "0", "0", "0", "0", "highway=secondary surface=asphalt smoothness=excellent", "", "10660", "1061818"],
          ["12102165", "47825752", "461", "11", "1650", "0", "0", "0", "0", "highway=secondary surface=asphalt smoothness=excellent oneway=yes", "highway=crossing estimated_crossing_class=0 crossing=uncontrolled kerb=flush", "10662", "1062015"],
          ["12102295", "47825761", "461", "10", "1650", "0", "0", "0", "0", "highway=secondary surface=asphalt smoothness=excellent oneway=yes", "", "10664", "1062194"],
          ["12102365", "47825743", "461", "6", "1650", "0", "0", "0", "0", "highway=secondary surface=asphalt smoothness=excellent junction=roundabout cycleway:right=no", "", "10665", "1062293"],
          ["12102453", "47825667", "461", "11", "1650", "0", "8", "0", "0", "highway=secondary surface=asphalt foot=no smoothness=excellent oneway=yes", "highway=crossing estimated_crossing_class=0 crossing=uncontrolled kerb=flush", "10666", "1062465"],
          ["12102562", "47825632", "461", "9", "1650", "0", "8", "0", "0", "highway=secondary surface=asphalt foot=no smoothness=excellent oneway=yes", "", "10668", "1062607"],
          ["12103211", "47825450", "461", "53", "1650", "0", "7", "0", "0", "highway=secondary surface=asphalt smoothness=excellent", "estimated_crossing_class=2", "10676", "1063455"],
          ["12104161", "47825204", "460", "76", "1650", "0", "0", "0", "0", "highway=secondary surface=asphalt smoothness=excellent", "estimated_crossing_class=2", "10688", "1064591"],
          ["12104215", "47825192", "460", "4", "1650", "0", "0", "0", "0", "highway=secondary surface=asphalt smoothness=excellent", "estimated_crossing_class=2", "10688", "1064653"],
          ["12104711", "47825065", "460", "40", "1650", "0", "0", "0", "0", "highway=secondary surface=asphalt smoothness=excellent", "estimated_crossing_class=2", "10694", "1065222"],
          ["12105663", "47824888", "458", "74", "1650", "0", "1", "0", "0", "highway=secondary surface=asphalt smoothness=excellent", "estimated_crossing_class=2", "10703", "1066126"],
          ["12105907", "47824889", "459", "18", "1650", "0", "0", "0", "0", "highway=secondary surface=asphalt smoothness=excellent", "highway=crossing estimated_crossing_class=1 crossing=unmarked kerb=flush", "10706", "1066407"],
          ["12108180", "47825040", "460", "175", "1050", "0", "74", "0", "0", "reversedirection=yes highway=footway surface=asphalt foot=designated bicycle=yes smoothness=excellent", "highway=crossing crossing=unmarked bicycle=yes kerb=flush", "10739", "1069734"],
          ["12112771", "47822618", "460", "441", "1050", "0", "8", "0", "0", "reversedirection=yes highway=footway surface=asphalt foot=designated bicycle=yes smoothness=excellent", "highway=crossing crossing=uncontrolled bicycle=yes kerb=flush", "10815", "1077285"],
          ["12120177", "47818767", "454", "713", "1050", "0", "19", "0", "0", "reversedirection=yes highway=footway surface=asphalt foot=designated bicycle=yes smoothness=excellent", "", "10915", "1087336"],
          ["12120222", "47818733", "454", "5", "1050", "0", "42", "20", "0", "reversedirection=yes highway=footway surface=asphalt bicycle=yes", "highway=crossing estimated_crossing_class=0 crossing=traffic_signals", "10916", "1087400"],
          ["12120360", "47818676", "454", "12", "1050", "0", "11", "20", "0", "reversedirection=yes highway=footway surface=asphalt bicycle=yes", "highway=crossing estimated_crossing_class=0 crossing=traffic_signals bicycle=yes", "10917", "1087555"],
          ["12120435", "47818659", "454", "6", "1050", "0", "0", "0", "0", "reversedirection=yes highway=footway surface=asphalt bicycle=yes", "barrier=kerb kerb=lowered", "10918", "1087635"],
          ["12120499", "47818644", "454", "5", "1050", "0", "0", "0", "0", "reversedirection=yes highway=footway surface=sett bicycle=yes", "barrier=kerb kerb=lowered", "10919", "1087702"],
          ["12120532", "47818641", "454", "2", "1050", "0", "2", "20", "0", "reversedirection=yes highway=footway surface=asphalt bicycle=yes", "highway=crossing estimated_crossing_class=0 crossing=traffic_signals bicycle=yes", "10919", "1087729"],
          ["12120692", "47818610", "453", "12", "1050", "0", "1", "0", "0", "reversedirection=yes highway=footway surface=asphalt bicycle=yes", "", "10921", "1087876"],
          ["12120640", "47818490", "453", "14", "1050", "0", "90", "20", "0", "reversedirection=yes highway=path surface=asphalt foot=designated bicycle=designated", "highway=crossing crossing=traffic_signals bicycle=yes", "10922", "1088055"],
          ["12120358", "47809087", "455", "1100", "1050", "0", "93", "0", "0", "reversedirection=yes highway=path surface=asphalt foot=designated bicycle=designated", "", "11111", "1106945"],
          ["12120381", "47809085", "455", "2", "1150", "0", "52", "20", "0", "reversedirection=yes highway=residential surface=asphalt", "highway=traffic_signals traffic_signals=signal", "11112", "1106993"],
          ["12120837", "47809092", "455", "35", "1150", "0", "1", "0", "0", "reversedirection=yes highway=residential surface=asphalt", "", "11120", "1107850"],
          ["12122322", "47808767", "449", "128", "1350", "0", "56", "0", "0", "highway=service surface=asphalt smoothness=excellent", "", "11137", "1109479"],
          ["12122809", "47808684", "449", "44", "1350", "0", "62", "0", "0", "highway=service surface=asphalt smoothness=excellent oneway=yes", "", "11143", "1110140"],
          ["12123584", "47808834", "449", "61", "1350", "0", "15", "0", "0", "reversedirection=yes highway=unclassified surface=asphalt", "", "11153", "1111081"],
          ["12123133", "47807719", "449", "150", "1350", "0", "161", "0", "0", "highway=unclassified surface=asphalt", "", "11171", "1112905"],
          ["12123284", "47807699", "450", "12", "1050", "0", "96", "0", "0", "highway=track surface=asphalt tracktype=grade1", "", "11173", "1113097"],
          ["12124854", "47807575", "451", "118", "2050", "0", "0", "0", "0", "highway=track surface=compacted tracktype=grade2", "", "11197", "1115561"],
          ["12125046", "47807565", "451", "14", "5050", "0", "0", "0", "0", "highway=track surface=asphalt tracktype=grade1 vehicle=no", "", "11199", "1115777"],
          ["12124932", "47807046", "452", "58", "1000", "0", "0", "0", "0", "highway=track surface=asphalt tracktype=grade1 route_bicycle_ncn=yes route_bicycle_lcn=yes", "", "11212", "1117018"],
          ["12125015", "47806841", "452", "24", "1000", "0", "0", "0", "0", "highway=track surface=asphalt tracktype=grade1 smoothness=intermediate route_bicycle_ncn=yes route_bicycle_lcn=yes", "", "11217", "1117529"],
          ["12120592", "47788426", "453", "2155", "1000", "0", "0", "0", "0", "highway=track surface=fine_gravel tracktype=grade2 smoothness=intermediate route_bicycle_ncn=yes route_bicycle_lcn=yes", "", "11593", "1155156"],
          ["12120620", "47788410", "453", "3", "1000", "0", "0", "0", "0", "highway=path surface=fine_gravel foot=yes bicycle=yes route_bicycle_ncn=yes route_bicycle_lcn=yes", "", "11594", "1155201"],
          ["12120965", "47788223", "452", "33", "1000", "0", "0", "0", "0", "highway=path surface=asphalt foot=yes bicycle=yes route_bicycle_ncn=yes route_bicycle_lcn=yes", "", "11598", "1155653"],
          ["12124177", "47781367", "455", "827", "1000", "0", "0", "0", "0", "highway=track surface=asphalt tracktype=grade1 foot=yes bicycle=yes route_bicycle_ncn=yes route_bicycle_lcn=yes", "", "11745", "1170344"],
          ["12124427", "47781127", "455", "98", "1000", "0", "0", "0", "0", "highway=path surface=asphalt foot=yes bicycle=yes route_bicycle_rcn=yes route_bicycle_lcn=yes", "", "11763", "1172129"],
          ["12126939", "47781916", "455", "208", "1000", "0", "0", "0", "0", "highway=footway surface=asphalt bicycle=yes oneway=yes route_bicycle_rcn=yes route_bicycle_lcn=yes", "", "11799", "1175707"],
          ["12127085", "47781377", "454", "63", "1000", "0", "0", "0", "0", "highway=service surface=compacted smoothness=intermediate route_bicycle_lcn=yes", "", "11809", "1176778"],
          ["12129938", "47778508", "454", "386", "1000", "0", "0", "0", "0", "reversedirection=yes highway=track surface=fine_gravel tracktype=grade2 foot=yes bicycle=yes smoothness=intermediate route_bicycle_ncn=yes route_bicycle_lcn=yes", "", "11871", "1182921"],
          ["12130406", "47778175", "454", "51", "1000", "0", "0", "0", "0", "reversedirection=yes highway=track surface=fine_gravel tracktype=grade2 foot=yes bicycle=yes smoothness=intermediate route_bicycle_ncn=yes", "", "11880", "1183883"],
          ["12131712", "47777314", "454", "137", "1000", "0", "0", "0", "0", "reversedirection=yes highway=track surface=compacted tracktype=grade2 foot=yes bicycle=yes smoothness=intermediate route_bicycle_ncn=yes", "", "11904", "1186233"],
          ["12132246", "47776249", "455", "127", "1000", "0", "0", "0", "0", "reversedirection=yes highway=track surface=gravel tracktype=grade2 foot=yes bicycle=yes route_bicycle_ncn=yes", "", "11926", "1188412"],
          ["12134817", "47769067", "453", "825", "1000", "0", "0", "0", "0", "reversedirection=yes highway=track surface=compacted tracktype=grade2 foot=yes bicycle=yes smoothness=intermediate route_bicycle_ncn=yes", "", "12063", "1202090"],
          ["12133828", "47761194", "456", "883", "1000", "0", "0", "0", "0", "reversedirection=yes highway=track surface=fine_gravel tracktype=grade2 foot=yes bicycle=yes route_bicycle_ncn=yes", "", "12224", "1218196"],
          ["12133728", "47760403", "456", "88", "1000", "0", "0", "0", "0", "reversedirection=yes highway=track surface=fine_gravel tracktype=grade2 foot=yes bicycle=yes smoothness=intermediate route_bicycle_ncn=yes", "", "12238", "1219632"],
          ["12137010", "47745885", "456", "1680", "1000", "0", "0", "0", "0", "reversedirection=yes highway=track surface=compacted tracktype=grade2 foot=yes bicycle=yes smoothness=intermediate route_bicycle_ncn=yes", "", "12527", "1248497"],
          ["12137470", "47745560", "457", "50", "1000", "0", "0", "0", "0", "reversedirection=yes highway=track surface=fine_gravel tracktype=grade2 foot=yes bicycle=yes route_bicycle_ncn=yes", "", "12535", "1249376"],
          ["12137618", "47745250", "458", "36", "1000", "0", "0", "0", "0", "highway=track surface=asphalt tracktype=grade1 foot=yes bicycle=yes route_bicycle_ncn=yes", "", "12543", "1250170"],
          ["12138841", "47741032", "459", "483", "1000", "0", "0", "0", "0", "highway=residential surface=asphalt route_bicycle_ncn=yes", "", "12631", "1258920"],
          ["12139040", "47740766", "460", "33", "1000", "0", "0", "0", "0", "highway=residential surface=asphalt route_bicycle_ncn=yes route_bicycle_lcn=yes", "", "12638", "1259654"],
          ["12139210", "47740560", "461", "26", "1000", "0", "0", "0", "0", "reversedirection=yes highway=residential surface=asphalt route_bicycle_ncn=yes route_bicycle_lcn=yes", "nodeaccessgranted=yes estimated_crossing_class=4", "12646", "1260478"],
          ["12139355", "47740363", "460", "24", "1000", "0", "0", "0", "0", "highway=unclassified surface=asphalt cycleway:both=no route_bicycle_ncn=yes route_bicycle_lcn=yes", "nodeaccessgranted=yes crossing=unknown", "12651", "1260912"],
          ["12136932", "47739901", "465", "196", "1000", "0", "0", "0", "0", "highway=footway surface=asphalt bicycle=yes route_bicycle_ncn=yes route_bicycle_lcn=yes", "", "12692", "1265013"],
          ["12143246", "47728892", "464", "1314", "1000", "0", "0", "0", "0", "highway=track surface=compacted tracktype=grade2 foot=yes bicycle=yes route_bicycle_ncn=yes route_bicycle_lcn=yes", "", "12923", "1288120"],
          ["12150024", "47718460", "463", "1279", "1000", "0", "0", "0", "0", "highway=track surface=fine_gravel tracktype=grade2 foot=yes bicycle=yes route_bicycle_ncn=yes route_bicycle_lcn=yes", "", "13142", "1310014"],
          ["12150175", "47718225", "465", "28", "1000", "0", "0", "0", "0", "highway=track surface=paving_stones tracktype=grade1 foot=yes bicycle=yes route_bicycle_ncn=yes route_bicycle_lcn=yes", "", "13148", "1310636"],
          ["12162763", "47704516", "463", "1850", "1000", "0", "0", "0", "0", "highway=track surface=fine_gravel tracktype=grade2 foot=yes bicycle=yes route_bicycle_ncn=yes route_bicycle_lcn=yes", "", "13459", "1341736"],
          ["12162762", "47704502", "463", "2", "1000", "0", "0", "0", "0", "reversedirection=yes highway=track surface=compacted tracktype=grade2 foot=yes bicycle=yes route_bicycle_ncn=yes route_bicycle_lcn=yes", "", "13459", "1341768"],
          ["12162754", "47704368", "463", "15", "5000", "0", "0", "0", "0", "reversedirection=yes highway=footway surface=wood tracktype=grade1 access=no foot=yes route_bicycle_ncn=yes route_bicycle_lcn=yes", "", "13462", "1342004"],
          ["12162753", "47704344", "463", "3", "1000", "0", "0", "0", "0", "reversedirection=yes highway=track surface=compacted tracktype=grade2 foot=yes bicycle=yes route_bicycle_ncn=yes route_bicycle_lcn=yes", "", "13462", "1342051"],
          ["12163326", "47701148", "464", "365", "1000", "0", "0", "0", "0", "reversedirection=yes highway=track surface=fine_gravel tracktype=grade2 foot=yes bicycle=yes route_bicycle_ncn=yes route_bicycle_lcn=yes", "", "13527", "1348545"],
          ["12178370", "47673996", "466", "3415", "1000", "0", "0", "0", "0", "reversedirection=yes highway=track surface=fine_gravel tracktype=grade2 foot=yes bicycle=yes route_bicycle_ncn=yes route_bicycle_rcn=yes route_bicycle_lcn=yes", "", "14115", "1407306"],
          ["12178503", "47673793", "466", "24", "1000", "0", "0", "0", "0", "reversedirection=yes highway=unclassified surface=asphalt route_bicycle_ncn=yes route_bicycle_rcn=yes route_bicycle_lcn=yes", "", "14118", "1407641"],
          ["12178612", "47673713", "466", "12", "1000", "0", "0", "0", "0", "reversedirection=yes highway=residential surface=asphalt route_bicycle_ncn=yes route_bicycle_rcn=yes route_bicycle_lcn=yes", "", "14120", "1407827"],
          ["12183992", "47669270", "467", "642", "1000", "0", "0", "0", "0", "reversedirection=yes highway=residential surface=asphalt cycleway:left=lane route_bicycle_ncn=yes route_bicycle_rcn=yes route_bicycle_lcn=yes", "", "14232", "1419066"],
          ["12184624", "47668569", "468", "93", "1000", "0", "0", "0", "0", "reversedirection=yes highway=residential surface=asphalt cycleway:left=track route_bicycle_ncn=yes route_bicycle_rcn=yes route_bicycle_lcn=yes", "", "14248", "1420690"],
          ["12184726", "47668497", "468", "11", "1000", "0", "0", "0", "0", "reversedirection=yes highway=residential surface=asphalt route_bicycle_ncn=yes route_bicycle_rcn=yes route_bicycle_lcn=yes", "nodeaccessgranted=yes traffic_calming=island", "14251", "1420902"],
          ["12184870", "47668443", "468", "12", "1000", "0", "0", "0", "0", "reversedirection=yes highway=residential surface=asphalt route_bicycle_ncn=yes route_bicycle_rcn=yes route_bicycle_lcn=yes", "nodeaccessgranted=yes estimated_crossing_class=2", "14253", "1421130"],
          ["12184690", "47665018", "469", "389", "1000", "0", "0", "0", "0", "reversedirection=yes highway=path surface=asphalt route_bicycle_ncn=yes route_bicycle_rcn=yes route_bicycle_lcn=yes", "", "14331", "1428994"],
          ["12185494", "47663230", "473", "224", "1000", "0", "0", "0", "0", "reversedirection=yes highway=unclassified surface=asphalt route_bicycle_ncn=yes route_bicycle_rcn=yes route_bicycle_lcn=yes", "", "14379", "1433767"],
          ["12185350", "47662305", "475", "103", "1000", "0", "0", "0", "0", "reversedirection=yes highway=service surface=asphalt foot=yes bicycle=yes route_bicycle_ncn=yes route_bicycle_rcn=yes", "", "14410", "1436849"],
          ["12186774", "47659270", "470", "368", "1000", "0", "0", "0", "0", "reversedirection=yes highway=path surface=asphalt foot=yes bicycle=yes route_bicycle_ncn=yes route_bicycle_rcn=yes", "nodeaccessgranted=yes barrier=bollard", "14480", "1443810"],
          ["12186810", "47659219", "469", "6", "1000", "0", "0", "0", "0", "reversedirection=yes highway=path surface=asphalt foot=yes bicycle=yes route_bicycle_ncn=yes route_bicycle_rcn=yes", "", "14480", "1443880"],
          ["12191222", "47657472", "476", "390", "1000", "0", "0", "0", "0", "highway=unclassified surface=asphalt route_bicycle_ncn=yes route_bicycle_rcn=yes", "", "14552", "1451105"],
          ["12198985", "47648515", "470", "1194", "1000", "0", "0", "0", "0", "highway=track surface=asphalt tracktype=grade1 foot=yes bicycle=yes route_bicycle_ncn=yes route_bicycle_rcn=yes", "", "14740", "1469897"],
          ["12199209", "47647678", "469", "114", "1000", "0", "0", "0", "0", "reversedirection=yes highway=track surface=asphalt tracktype=grade1 foot=yes bicycle=yes route_bicycle_ncn=yes route_bicycle_rcn=yes", "", "14758", "1471706"],
          ["12199057", "47643461", "471", "543", "1000", "0", "0", "0", "0", "reversedirection=yes highway=track surface=asphalt tracktype=grade1 smoothness=good route_bicycle_ncn=yes route_bicycle_rcn=yes", "", "14853", "1481109"],
          ["12198777", "47643419", "470", "22", "1000", "0", "0", "0", "0", "reversedirection=yes highway=service surface=asphalt smoothness=good route_bicycle_ncn=yes route_bicycle_rcn=yes", "", "14857", "1481536"],
          ["12199524", "47642646", "469", "103", "1000", "0", "0", "0", "0", "reversedirection=yes highway=unclassified surface=asphalt access=yes bicycle=yes route_bicycle_ncn=yes route_bicycle_rcn=yes", "", "14875", "1483382"],
          ["12200347", "47641625", "473", "132", "1000", "0", "0", "0", "0", "reversedirection=yes highway=unclassified surface=asphalt route_bicycle_ncn=yes route_bicycle_rcn=yes", "", "14906", "1486504"],
          ["12200424", "47640411", "476", "138", "1000", "0", "0", "0", "0", "reversedirection=yes highway=service surface=asphalt bicycle=yes smoothness=excellent vehicle=no route_bicycle_ncn=yes route_bicycle_rcn=yes", "", "14942", "1490032"],
          ["12208050", "47609065", "477", "3733", "1000", "0", "0", "0", "0", "reversedirection=yes highway=track surface=asphalt tracktype=grade1 bicycle=yes smoothness=excellent vehicle=no route_bicycle_ncn=yes route_bicycle_rcn=yes", "", "15596", "1555447"],
          ["12193428", "47604443", "478", "1322", "1000", "0", "0", "0", "0", "reversedirection=yes highway=track surface=asphalt tracktype=grade1 foot=yes bicycle=yes smoothness=excellent vehicle=no route_bicycle_ncn=yes route_bicycle_rcn=yes", "", "15828", "1578656"],
          ["12185786", "47604205", "477", "575", "1000", "0", "0", "0", "0", "reversedirection=yes highway=track surface=asphalt tracktype=grade1 bicycle=yes smoothness=excellent vehicle=no route_bicycle_ncn=yes route_bicycle_rcn=yes", "", "15918", "1587667"],
          ["12185632", "47604164", "477", "12", "1000", "0", "0", "0", "0", "reversedirection=yes highway=track surface=concrete tracktype=grade1 bicycle=yes smoothness=good vehicle=no route_bicycle_ncn=yes route_bicycle_rcn=yes", "", "15920", "1587888"],
          ["12179133", "47599621", "479", "793", "1000", "0", "0", "0", "0", "reversedirection=yes highway=track surface=asphalt tracktype=grade1 bicycle=yes smoothness=excellent vehicle=no route_bicycle_ncn=yes route_bicycle_rcn=yes", "", "16062", "1602115"],
          ["12179093", "47599589", "479", "5", "1000", "0", "0", "0", "0", "highway=path surface=asphalt foot=designated bicycle=designated route_bicycle_ncn=yes route_bicycle_rcn=yes route_bicycle_lcn=yes", "", "16063", "1602208"],
          ["12178894", "47599457", "479", "21", "1000", "0", "0", "0", "0", "highway=path surface=wood foot=designated bicycle=designated route_bicycle_ncn=yes route_bicycle_rcn=yes route_bicycle_lcn=yes", "", "16068", "1602673"],
          ["12178844", "47599422", "479", "5", "1000", "0", "0", "0", "0", "highway=path surface=asphalt foot=designated bicycle=designated route_bicycle_ncn=yes route_bicycle_rcn=yes route_bicycle_lcn=yes", "", "16069", "1602780"],
          ["12177092", "47599315", "478", "171", "1000", "0", "0", "0", "0", "reversedirection=yes highway=unclassified surface=asphalt smoothness=excellent cycleway:both=no route_bicycle_ncn=yes route_bicycle_rcn=yes route_bicycle_lcn=yes", "", "16096", "1605506"],
          ["12176860", "47599155", "478", "25", "1000", "0", "0", "0", "0", "highway=path surface=asphalt smoothness=excellent route_bicycle_ncn=yes route_bicycle_rcn=yes route_bicycle_lcn=yes", "", "16101", "1605947"],
          ["12171280", "47594375", "478", "682", "1000", "0", "0", "0", "0", "highway=path surface=asphalt access=agricultural foot=designated bicycle=designated smoothness=excellent route_bicycle_ncn=yes route_bicycle_rcn=yes route_bicycle_lcn=yes", "", "16218", "1617700"],
          ["12171118", "47594275", "478", "17", "1000", "0", "0", "0", "0", "highway=path surface=concrete access=agricultural foot=designated bicycle=designated smoothness=excellent route_bicycle_ncn=yes route_bicycle_rcn=yes route_bicycle_lcn=yes", "", "16221", "1617960"],
          ["12171000", "47594205", "479", "12", "1000", "0", "0", "0", "0", "highway=path surface=asphalt access=agricultural foot=designated bicycle=designated smoothness=excellent route_bicycle_ncn=yes route_bicycle_rcn=yes route_bicycle_lcn=yes", "", "16223", "1618185"],
          ["12167186", "47588194", "480", "805", "1000", "0", "0", "0", "0", "reversedirection=yes highway=path surface=asphalt foot=designated bicycle=designated smoothness=excellent route_bicycle_ncn=yes route_bicycle_rcn=yes route_bicycle_lcn=yes", "", "16366", "1632437"],
          ["12167113", "47588182", "479", "6", "1000", "0", "0", "0", "0", "highway=path surface=asphalt foot=designated bicycle=designated route_bicycle_ncn=yes route_bicycle_rcn=yes route_bicycle_lcn=yes", "", "16367", "1632525"],
          ["12165609", "47587992", "479", "115", "1000", "0", "0", "0", "0", "highway=cycleway surface=asphalt foot=designated bicycle=designated route_bicycle_ncn=yes route_bicycle_rcn=yes route_bicycle_lcn=yes", "", "16382", "1634087"],
          ["12166072", "47586568", "480", "163", "1000", "0", "0", "0", "0", "highway=cycleway surface=asphalt foot=designated bicycle=designated route_bicycle_rcn=yes route_bicycle_lcn=yes", "", "16412", "1637088"],
          ["12151942", "47576330", "483", "1852", "1000", "0", "0", "0", "0", "highway=path surface=asphalt foot=designated bicycle=designated route_bicycle_rcn=yes route_bicycle_lcn=yes", "", "16743", "1670151"],
          ["12146645", "47575382", "485", "422", "1000", "0", "0", "0", "0", "highway=path surface=asphalt foot=designated bicycle=designated route_bicycle_rcn=yes", "", "16819", "1677804"],
          ["12146204", "47574530", "486", "112", "1000", "0", "0", "0", "0", "highway=track surface=asphalt tracktype=grade1 route_bicycle_rcn=yes", "", "16845", "1680404"],
          ["12143927", "47568674", "483", "713", "1000", "0", "0", "0", "0", "highway=track surface=fine_gravel tracktype=grade2 route_bicycle_rcn=yes", "", "16965", "1692362"],
          ["12139459", "47562398", "484", "793", "1000", "0", "0", "0", "0", "highway=track surface=fine_gravel tracktype=grade2 smoothness=intermediate route_bicycle_rcn=yes", "", "17101", "1705990"],
          ["12137864", "47560918", "488", "222", "1000", "0", "0", "0", "0", "highway=service surface=asphalt route_bicycle_rcn=yes", "", "17140", "1709866"],
          ["12137214", "47560360", "487", "81", "1000", "0", "0", "0", "0", "highway=track surface=asphalt tracktype=grade1 route_bicycle_rcn=yes", "", "17162", "1712056"],
          ["12118024", "47545403", "488", "2250", "1000", "0", "0", "0", "0", "highway=track surface=asphalt tracktype=grade1 smoothness=excellent route_bicycle_rcn=yes", "", "17551", "1750983"],
          ["12099221", "47533301", "489", "2008", "1000", "0", "0", "0", "0", "highway=track surface=asphalt tracktype=grade1 route_bicycle_rcn=yes", "", "17903", "1786158"],
          ["12097431", "47532351", "488", "172", "1000", "0", "0", "0", "0", "reversedirection=yes highway=residential surface=asphalt route_bicycle_rcn=yes", "", "17929", "1788756"],
          ["12093299", "47530239", "489", "392", "1000", "0", "0", "0", "0", "reversedirection=yes highway=residential surface=asphalt cycleway:both=shared_lane route_bicycle_rcn=yes", "nodeaccessgranted=yes highway=crossing", "17994", "1795320"],
          ["12093097", "47530102", "489", "28", "1000", "0", "0", "0", "0", "highway=path surface=asphalt foot=designated bicycle=designated route_bicycle_rcn=yes", "nodeaccessgranted=yes highway=crossing estimated_crossing_class=3 crossing=unmarked traffic_calming=island", "17999", "1795825"],
          ["12092479", "47530063", "490", "54", "1000", "0", "0", "0", "0", "highway=path surface=asphalt foot=designated bicycle=designated route_bicycle_rcn=yes", "", "18010", "1796866"],
          ["12092444", "47529991", "490", "8", "1000", "0", "0", "0", "0", "reversedirection=yes highway=residential surface=asphalt cycleway:both=no route_bicycle_rcn=yes", "", "18011", "1797014"],
          ["12080653", "47525636", "495", "1076", "1000", "0", "0", "0", "0", "highway=tertiary surface=asphalt cycleway:both=no route_bicycle_rcn=yes", "", "18222", "1818091"],
          ["12064884", "47507362", "499", "2798", "1000", "0", "0", "0", "0", "reversedirection=yes highway=tertiary surface=asphalt cycleway:both=no route_bicycle_rcn=yes", "nodeaccessgranted=yes highway=stop direction=backward", "18718", "1867701"],
          ["12064850", "47507333", "499", "4", "1000", "0", "0", "0", "0", "reversedirection=yes highway=tertiary surface=asphalt cycleway:both=no route_bicycle_rcn=yes", "nodeaccessgranted=yes estimated_crossing_class=0", "18719", "1867778"],
          ["12064911", "47507300", "499", "6", "1000", "0", "0", "0", "0", "reversedirection=yes highway=secondary surface=asphalt cycleway:both=no route_bicycle_rcn=yes", "nodeaccessgranted=yes highway=crossing crossing=uncontrolled", "18720", "1867884"],
          ["12065453", "47506850", "498", "65", "1000", "0", "0", "0", "0", "reversedirection=yes highway=secondary surface=asphalt cycleway:both=no route_bicycle_rcn=yes", "nodeaccessgranted=yes estimated_crossing_class=3", "18729", "1868828"],
          ["12065641", "47506595", "498", "32", "1000", "0", "0", "0", "0", "reversedirection=yes highway=secondary surface=asphalt cycleway:both=no route_bicycle_rcn=yes", "nodeaccessgranted=yes traffic_calming=island", "18734", "1869316"],
          ["12065733", "47506462", "499", "16", "1000", "0", "0", "0", "0", "reversedirection=yes highway=secondary surface=asphalt cycleway:both=no route_bicycle_rcn=yes", "nodeaccessgranted=yes estimated_crossing_class=0", "18737", "1869616"],
          ["12066603", "47505310", "499", "145", "1000", "0", "0", "0", "0", "reversedirection=yes highway=secondary surface=asphalt cycleway:both=no route_bicycle_rcn=yes", "nodeaccessgranted=yes estimated_crossing_class=3", "18762", "1872076"],
          ["12066699", "47505176", "499", "17", "1000", "0", "0", "0", "0", "reversedirection=yes highway=secondary surface=asphalt route_bicycle_rcn=yes", "nodeaccessgranted=yes estimated_crossing_class=3", "18765", "1872431"],
          ["12066889", "47504945", "498", "29", "1000", "0", "0", "0", "0", "reversedirection=yes highway=secondary surface=asphalt route_bicycle_rcn=yes", "", "18770", "1872915"],
          ["12068249", "47503355", "499", "205", "1000", "0", "0", "0", "0", "reversedirection=yes highway=secondary surface=asphalt cycleway:both=no route_bicycle_rcn=yes", "nodeaccessgranted=yes estimated_crossing_class=3", "18806", "1876524"],
          ["12068529", "47503139", "499", "32", "1000", "0", "0", "0", "0", "reversedirection=yes highway=secondary surface=asphalt cycleway:both=no route_bicycle_rcn=yes", "nodeaccessgranted=yes estimated_crossing_class=3", "18813", "1877149"],
          ["12066038", "47500761", "503", "332", "1000", "0", "0", "0", "0", "reversedirection=yes highway=unclassified surface=asphalt cycleway:both=no route_bicycle_rcn=yes", "", "18884", "1884258"],
          ["12067701", "47496859", "505", "494", "1000", "0", "0", "0", "0", "highway=unclassified surface=asphalt cycleway:both=no route_bicycle_rcn=yes", "", "18983", "1894178"],
          ["12067478", "47496196", "507", "76", "1000", "0", "0", "0", "0", "highway=unclassified surface=asphalt cycleway:left=track route_bicycle_rcn=yes cycleway:left:oneway=no", "", "19003", "1896190"],
          ["12067333", "47495590", "502", "69", "1000", "0", "0", "0", "0", "highway=unclassified surface=asphalt cycleway:right=no cycleway:left=track route_bicycle_rcn=yes cycleway:left:oneway=no", "", "19010", "1896924"],
          ["12067294", "47495314", "503", "31", "1000", "0", "0", "0", "0", "reversedirection=yes highway=unclassified surface=asphalt cycleway:right=track cycleway:left=no route_bicycle_rcn=yes cycleway:right:oneway=no", "", "19015", "1897379"],
          ["12067265", "47495245", "504", "8", "1000", "0", "0", "0", "0", "reversedirection=yes highway=unclassified surface=asphalt cycleway:right=track route_bicycle_rcn=yes cycleway:right:oneway=no", "nodeaccessgranted=yes highway=crossing", "19016", "1897507"],
          ["12067592", "47495327", "504", "29", "1000", "0", "0", "0", "0", "reversedirection=yes highway=path surface=asphalt foot=yes bicycle=yes route_bicycle_rcn=yes", "nodeaccessgranted=yes barrier=cycle_barrier", "19021", "1897973"],
          ["12067701", "47495354", "504", "9", "1000", "0", "0", "0", "0", "reversedirection=yes highway=path surface=asphalt foot=yes bicycle=yes route_bicycle_rcn=yes", "", "19022", "1898129"],
          ["12068124", "47495309", "503", "32", "5000", "0", "0", "0", "0", "reversedirection=yes highway=path surface=asphalt foot=yes bicycle=dismount vehicle=no cycleway=shared route_bicycle_rcn=yes", "", "19027", "1898595"],
          ["12068209", "47495031", "504", "32", "5000", "0", "0", "0", "0", "reversedirection=yes highway=path surface=asphalt foot=yes bicycle=dismount vehicle=no route_bicycle_lcn=yes", "", "19033", "1899190"],
          ["12068242", "47494731", "504", "34", "5000", "0", "0", "0", "0", "reversedirection=yes highway=path surface=asphalt bicycle=dismount vehicle=no route_bicycle_lcn=yes", "", "19040", "1899918"],
          ["12068255", "47494584", "504", "16", "5000", "0", "0", "0", "0", "reversedirection=yes highway=path surface=asphalt foot=yes bicycle=dismount vehicle=no route_bicycle_lcn=yes", "", "19043", "1900195"],
          ["12067974", "47494327", "504", "36", "1000", "0", "0", "0", "0", "reversedirection=yes highway=residential surface=asphalt cycleway:both=no route_bicycle_lcn=yes", "nodeaccessgranted=yes highway=crossing crossing=uncontrolled kerb=lowered", "19049", "1900749"],
          ["12067946", "47494280", "504", "6", "1000", "0", "0", "0", "0", "reversedirection=yes highway=residential surface=asphalt cycleway:both=no route_bicycle_lcn=yes", "nodeaccessgranted=yes highway=give_way direction=backward", "19049", "1900843"],
          ["12067919", "47494232", "504", "6", "1000", "0", "0", "0", "0", "reversedirection=yes highway=residential surface=asphalt cycleway:both=no route_bicycle_lcn=yes", "", "19050", "1900937"],
          ["12068043", "47494207", "504", "10", "1000", "0", "0", "0", "0", "highway=tertiary surface=asphalt cycleway:both=no route_bicycle_lcn=yes", "nodeaccessgranted=yes highway=crossing crossing=marked", "19052", "1901095"],
          ["12068113", "47494187", "504", "6", "1000", "0", "0", "0", "0", "highway=tertiary surface=asphalt cycleway:both=no route_bicycle_lcn=yes", "nodeaccessgranted=yes traffic_calming=island", "19053", "1901190"],
          ["12068874", "47493847", "505", "69", "1000", "0", "0", "0", "0", "highway=tertiary surface=asphalt cycleway:both=no route_bicycle_lcn=yes", "nodeaccessgranted=yes highway=crossing crossing=uncontrolled", "19066", "1902519"],
          ["12068805", "47493784", "505", "9", "1000", "0", "0", "0", "0", "reversedirection=yes highway=footway bicycle=yes route_bicycle_lcn=yes", "nodeaccessgranted=yes barrier=block", "19068", "1902702"],
          ["12068781", "47493762", "505", "3", "1000", "0", "0", "0", "0", "reversedirection=yes highway=footway bicycle=yes route_bicycle_lcn=yes", "", "19069", "1902762"],
          ["12067154", "47492691", "505", "171", "1000", "0", "0", "0", "0", "reversedirection=yes highway=residential surface=asphalt route_bicycle_lcn=yes bicycle_road=yes", "nodeaccessgranted=yes traffic_calming=table", "19100", "1905859"],
          ["12067079", "47492661", "505", "7", "1000", "0", "0", "0", "0", "reversedirection=yes highway=residential surface=asphalt route_bicycle_lcn=yes bicycle_road=yes", "nodeaccessgranted=yes highway=crossing crossing=uncontrolled bicycle=yes", "19101", "1905982"],
          ["12065513", "47491581", "506", "169", "1000", "0", "0", "0", "0", "reversedirection=yes highway=residential surface=asphalt route_bicycle_lcn=yes bicycle_road=yes", "nodeaccessgranted=yes highway=crossing crossing=uncontrolled", "19133", "1909164"],
          ["12064210", "47490695", "506", "139", "1000", "0", "0", "0", "0", "reversedirection=yes highway=residential surface=asphalt route_bicycle_lcn=yes bicycle_road=yes", "nodeaccessgranted=yes highway=crossing crossing=uncontrolled", "19157", "1911574"],
          ["12062494", "47489574", "506", "180", "1000", "0", "0", "0", "0", "reversedirection=yes highway=residential surface=asphalt route_bicycle_lcn=yes bicycle_road=yes", "", "19187", "1914565"],
          ["12062711", "47489272", "506", "39", "1000", "0", "0", "0", "0", "reversedirection=yes highway=living_street surface=sett smoothness=good vehicle=yes oneway=yes oneway:bicycle=no route_bicycle_lcn=yes", "", "19194", "1915256"],
          ["12061931", "47488934", "505", "70", "1000", "0", "0", "0", "0", "reversedirection=yes highway=residential surface=asphalt oneway=yes oneway:bicycle=no route_bicycle_lcn=yes", "", "19204", "1916329"],
          ["12060917", "47488501", "505", "91", "1000", "0", "0", "0", "0", "highway=residential surface=asphalt route_bicycle_lcn=yes", "nodeaccessgranted=yes highway=crossing crossing=uncontrolled", "19218", "1917715"],
          ["12060770", "47488439", "505", "13", "1000", "0", "0", "0", "0", "highway=residential surface=asphalt route_bicycle_lcn=yes", "nodeaccessgranted=yes highway=give_way direction=forward", "19221", "1917944"],
          ["12060727", "47488425", "505", "4", "1000", "0", "0", "0", "0", "highway=residential surface=asphalt route_bicycle_lcn=yes", "", "19221", "1918019"],
          ["12060520", "47488344", "506", "27", "1000", "0", "0", "0", "0", "highway=unclassified surface=asphalt junction=roundabout route_bicycle_lcn=yes", "", "19226", "1918536"],
          ["12060494", "47488333", "506", "2", "1000", "0", "0", "0", "0", "highway=unclassified surface=asphalt cycleway=shared_lane route_bicycle_lcn=yes", "nodeaccessgranted=yes highway=give_way direction=backward", "19227", "1918575"],
          ["12060471", "47488322", "506", "2", "1000", "0", "0", "0", "0", "highway=unclassified surface=asphalt cycleway=shared_lane route_bicycle_lcn=yes", "nodeaccessgranted=yes highway=crossing crossing=uncontrolled", "19227", "1918613"],
          ["12058202", "47487752", "501", "229", "1000", "0", "0", "0", "0", "highway=unclassified surface=asphalt cycleway=shared_lane route_bicycle_lcn=yes", "", "19257", "1921557"],
          ["12057285", "47486925", "500", "118", "1000", "0", "0", "0", "0", "highway=cycleway surface=asphalt route_bicycle_lcn=yes", "", "19271", "1922974"],
          ["12055225", "47485660", "500", "210", "1000", "0", "0", "0", "0", "highway=residential surface=asphalt cycleway:right=track route_bicycle_lcn=yes cycleway:right:oneway=no", "nodeaccessgranted=yes traffic_calming=choker", "19305", "1926371"],
          ["12054327", "47485233", "500", "82", "1000", "0", "0", "0", "0", "highway=residential surface=asphalt cycleway:right=track route_bicycle_lcn=yes cycleway:right:oneway=no", "nodeaccessgranted=yes traffic_calming=choker", "19318", "1927648"],
          ["12053395", "47484797", "500", "86", "1000", "0", "0", "0", "0", "highway=residential surface=asphalt cycleway:right=track route_bicycle_lcn=yes cycleway:right:oneway=no", "nodeaccessgranted=yes traffic_calming=choker", "19332", "1929059"],
          ["12052895", "47484564", "500", "46", "1000", "0", "0", "0", "0", "highway=residential surface=asphalt cycleway:right=track route_bicycle_lcn=yes cycleway:right:oneway=no", "nodeaccessgranted=yes traffic_calming=choker", "19339", "1929775"],
          ["12051375", "47483888", "500", "137", "1000", "0", "0", "0", "0", "highway=residential surface=asphalt cycleway:right=track route_bicycle_lcn=yes cycleway:right:oneway=no", "", "19361", "1932003"],
          ["12050764", "47483764", "502", "48", "1000", "0", "0", "0", "0", "highway=residential surface=asphalt cycleway:right=lane route_bicycle_lcn=yes", "", "19373", "1933196"],
          ["12050677", "47483728", "502", "8", "1000", "0", "0", "0", "0", "highway=unclassified surface=asphalt route_bicycle_lcn=yes", "", "19375", "1933385"],
          ["12050237", "47483527", "500", "40", "1000", "0", "0", "0", "0", "highway=residential surface=asphalt route_bicycle_lcn=yes", "", "19382", "1934085"],
          ["12049808", "47483948", "499", "57", "1000", "0", "0", "0", "0", "highway=living_street surface=asphalt route_bicycle_lcn=yes", "", "19390", "1934887"],
          ["12049731", "47483982", "499", "7", "1000", "0", "0", "0", "0", "highway=service surface=asphalt bicycle=yes vehicle=destination route_bicycle_lcn=yes", "", "19391", "1934971"],
          ["12047800", "47484173", "499", "148", "1000", "0", "0", "0", "0", "highway=service surface=asphalt bicycle=yes vehicle=destination lcn=yes route_bicycle_lcn=yes", "", "19414", "1937250"],
          ["12046272", "47483773", "499", "123", "1000", "0", "0", "0", "0", "reversedirection=yes highway=service surface=asphalt bicycle=yes smoothness=good vehicle=destination route_bicycle_rcn=yes", "", "19434", "1939279"],
          ["12036928", "47482471", "500", "725", "1000", "0", "0", "0", "0", "highway=track surface=compacted tracktype=grade2 bicycle=yes smoothness=intermediate route_bicycle_rcn=yes", "", "19559", "1951761"],
          ["12028726", "47481518", "500", "630", "1000", "0", "0", "0", "0", "highway=track surface=asphalt tracktype=grade1 bicycle=yes smoothness=intermediate route_bicycle_rcn=yes", "", "19666", "1962533"],
          ["12028561", "47481513", "500", "13", "1000", "0", "0", "0", "0", "highway=path surface=asphalt foot=designated bicycle=designated smoothness=excellent route_bicycle_rcn=yes", "nodeaccessgranted=yes barrier=bollard", "19669", "1962766"],
          ["12026779", "47480484", "501", "246", "1000", "0", "0", "0", "0", "highway=path surface=asphalt foot=designated bicycle=designated smoothness=excellent route_bicycle_rcn=yes", "nodeaccessgranted=yes barrier=bollard", "19715", "1967359"],
          ["12026689", "47480450", "502", "8", "1000", "0", "0", "0", "0", "highway=path surface=asphalt foot=designated bicycle=designated smoothness=excellent route_bicycle_rcn=yes", "", "19716", "1967542"],
          ["12014639", "47479798", "501", "972", "1000", "0", "0", "0", "0", "highway=track surface=asphalt tracktype=grade1 bicycle=yes smoothness=good route_bicycle_rcn=yes", "", "19883", "1984155"],
          ["11995961", "47478612", "505", "1487", "1000", "0", "0", "0", "0", "highway=track surface=asphalt tracktype=grade1 bicycle=yes route_bicycle_rcn=yes", "", "20150", "2010892"],
          ["11995983", "47478036", "506", "65", "1000", "0", "0", "0", "0", "highway=service surface=asphalt route_bicycle_rcn=yes", "", "20163", "2012160"],
          ["11994161", "47478089", "506", "137", "1000", "0", "0", "0", "0", "highway=residential surface=asphalt route_bicycle_rcn=yes", "nodeaccessgranted=yes traffic_calming=choker", "20190", "2014866"],
          ["11989743", "47476765", "511", "425", "1000", "0", "0", "0", "0", "highway=residential surface=asphalt route_bicycle_rcn=yes", "", "20283", "2024166"],
          ["11989694", "47476771", "511", "4", "1000", "0", "0", "0", "0", "highway=path surface=asphalt foot=designated bicycle=designated route_bicycle_rcn=yes", "nodeaccessgranted=yes highway=stop direction=backward", "20284", "2024254"],
          ["11989675", "47476774", "511", "1", "1000", "0", "0", "0", "0", "highway=path surface=asphalt foot=designated bicycle=designated route_bicycle_rcn=yes", "nodeaccessgranted=yes barrier=cycle_barrier bicycle=yes foot=yes", "20284", "2024276"],
          ["11989445", "47476800", "510", "18", "1000", "0", "0", "0", "0", "highway=cycleway surface=wood foot=designated bicycle=designated route_bicycle_rcn=yes", "nodeaccessgranted=yes barrier=cycle_barrier bicycle=yes foot=yes", "20287", "2024574"],
          ["11989250", "47476816", "510", "15", "1000", "0", "0", "0", "0", "highway=path surface=asphalt foot=designated bicycle=designated route_bicycle_rcn=yes", "", "20289", "2024853"],
          ["11987227", "47476659", "510", "154", "1000", "0", "0", "0", "0", "highway=residential surface=asphalt route_bicycle_rcn=yes", "nodeaccessgranted=yes highway=crossing", "20317", "2027606"],
          ["11987092", "47476649", "511", "10", "1000", "0", "0", "0", "0", "highway=residential surface=asphalt route_bicycle_rcn=yes", "", "20319", "2027788"],
          ["11986883", "47477225", "509", "66", "1000", "0", "0", "0", "0", "reversedirection=yes highway=residential surface=asphalt route_bicycle_rcn=yes", "", "20328", "2028683"],
          ["11986845", "47477284", "509", "9", "1000", "0", "0", "0", "0", "highway=residential surface=asphalt junction=roundabout route_bicycle_rcn=yes", "", "20329", "2028798"],
          ["11986738", "47477538", "508", "29", "1000", "0", "0", "0", "0", "reversedirection=yes highway=unclassified surface=asphalt route_bicycle_rcn=yes", "", "20332", "2029145"],
          ["11986718", "47477606", "508", "8", "1000", "0", "0", "0", "0", "highway=unclassified surface=asphalt route_bicycle_rcn=yes", "", "20333", "2029238"],
          ["11986642", "47477628", "508", "19", "1000", "0", "0", "0", "0", "highway=residential surface=asphalt junction=roundabout route_bicycle_rcn=yes", "", "20336", "2029470"],
          ["11979939", "47475210", "509", "575", "1000", "0", "0", "0", "0", "highway=residential surface=asphalt route_bicycle_rcn=yes", "", "20433", "2039188"],
          ["11979421", "47474973", "509", "47", "1150", "0", "1", "0", "0", "highway=residential surface=asphalt cycleway:both=no lcn=yes", "", "20440", "2039947"],
          ["11976945", "47474028", "516", "216", "1150", "0", "0", "0", "0", "highway=residential surface=asphalt", "highway=give_way direction=forward", "20490", "2044880"],
          ["11976886", "47474006", "516", "5", "1150", "0", "1", "0", "0", "highway=residential surface=asphalt", "estimated_crossing_class=3", "20491", "2045035"],
          ["11976841", "47473987", "516", "4", "1350", "0", "0", "0", "0", "highway=unclassified surface=asphalt cycleway:both=no", "highway=give_way direction=backward", "20492", "2045156"],
          ["11975646", "47474015", "508", "96", "1350", "0", "16", "0", "0", "highway=unclassified surface=asphalt cycleway:both=no", "", "20508", "2046748"],
          ["11975126", "47474074", "506", "40", "1000", "0", "0", "0", "0", "highway=service surface=asphalt smoothness=excellent route_bicycle_rcn=yes", "", "20513", "2047200"],
          ["11971249", "47472760", "505", "356", "1000", "0", "0", "0", "0", "highway=service surface=asphalt bicycle=designated smoothness=excellent route_bicycle_rcn=yes", "", "20560", "2051880"],
          ["11953371", "47463997", "506", "1696", "1000", "0", "0", "0", "0", "reversedirection=yes highway=track surface=asphalt tracktype=grade1 bicycle=designated route_bicycle_rcn=yes", "", "20845", "2080364"],
          ["11937853", "47458696", "509", "1317", "1000", "0", "0", "0", "0", "reversedirection=yes highway=track surface=asphalt tracktype=grade1 bicycle=designated smoothness=good route_bicycle_rcn=yes", "", "21078", "2103705"],
          ["11928142", "47455644", "509", "814", "1000", "0", "0", "0", "0", "reversedirection=yes highway=track surface=asphalt tracktype=grade1 bicycle=designated route_bicycle_rcn=yes", "", "21216", "2117471"],
          ["11913343", "47451382", "511", "1279", "1000", "0", "0", "0", "0", "reversedirection=yes highway=track surface=asphalt tracktype=grade1 bicycle=yes vehicle=destination route_bicycle_rcn=yes", "nodeaccessgranted=yes traffic_sign:direction=forward", "21440", "2139926"],
          ["11913105", "47451292", "511", "21", "1000", "0", "0", "0", "0", "reversedirection=yes highway=track surface=asphalt tracktype=grade1 bicycle=designated route_bicycle_rcn=yes", "nodeaccessgranted=yes traffic_sign:direction=backward", "21444", "2140352"],
          ["11913026", "47451261", "512", "7", "1000", "0", "0", "0", "0", "reversedirection=yes highway=track surface=asphalt tracktype=grade1 bicycle=designated route_bicycle_rcn=yes", "", "21446", "2140501"],
          ["11906760", "47448315", "512", "576", "1000", "0", "0", "0", "0", "reversedirection=yes highway=residential surface=asphalt route_bicycle_rcn=yes", "nodeaccessgranted=yes traffic_sign:direction=backward", "21547", "2150574"],
          ["11906134", "47447939", "512", "63", "1000", "0", "0", "0", "0", "reversedirection=yes highway=residential surface=asphalt route_bicycle_rcn=yes", "", "21558", "2151674"],
          ["11905271", "47447446", "512", "86", "1000", "0", "0", "0", "0", "reversedirection=yes highway=residential surface=asphalt cycleway:both=no route_bicycle_rcn=yes", "", "21572", "2153093"],
          ["11902812", "47445965", "512", "249", "1000", "0", "0", "0", "0", "reversedirection=yes highway=residential surface=asphalt route_bicycle_rcn=yes", "nodeaccessgranted=yes traffic_sign:direction=forward", "21617", "2157589"],
          ["11902736", "47445894", "512", "10", "1000", "0", "0", "0", "0", "reversedirection=yes highway=residential surface=asphalt route_bicycle_rcn=yes", "", "21619", "2157761"],
          ["11896922", "47443676", "514", "504", "1000", "0", "0", "0", "0", "highway=tertiary surface=asphalt route_bicycle_rcn=yes", "nodeaccessgranted=yes highway=bus_stop", "21708", "2166704"],
          ["11894713", "47441865", "513", "266", "1000", "0", "0", "0", "0", "highway=tertiary surface=asphalt route_bicycle_rcn=yes", "nodeaccessgranted=yes highway=bus_stop", "21752", "2171122"],
          ["11894377", "47441493", "515", "48", "1000", "0", "0", "0", "0", "highway=tertiary surface=asphalt route_bicycle_rcn=yes", "nodeaccessgranted=yes traffic_sign:direction=backward", "21763", "2172221"],
          ["11894313", "47441466", "515", "6", "1000", "0", "0", "0", "0", "highway=tertiary surface=asphalt route_bicycle_rcn=yes", "nodeaccessgranted=yes highway=give_way direction=forward", "21764", "2172354"],
          ["11894256", "47441446", "515", "5", "1000", "0", "0", "0", "0", "highway=tertiary surface=asphalt route_bicycle_rcn=yes", "", "21766", "2172463"],
          ["11894311", "47441044", "514", "46", "1000", "0", "0", "0", "0", "highway=unclassified surface=asphalt cycleway:both=no lcn=yes route_bicycle_rcn=yes", "", "21775", "2173450"],
          ["11894271", "47441063", "514", "4", "1000", "0", "0", "0", "0", "highway=pedestrian surface=asphalt bicycle=yes route_bicycle_rcn=yes", "nodeaccessgranted=yes traffic_sign:direction=forward", "21776", "2173522"],
          ["11892047", "47439398", "512", "274", "1000", "0", "0", "0", "0", "highway=pedestrian surface=asphalt bicycle=yes route_bicycle_rcn=yes", "", "21815", "2177427"],
          ["11891280", "47438730", "514", "94", "1000", "0", "0", "0", "0", "highway=pedestrian surface=sett bicycle=yes route_bicycle_rcn=yes", "", "21836", "2179469"],
          ["11891204", "47438690", "514", "7", "1000", "0", "0", "0", "0", "highway=pedestrian surface=asphalt bicycle=yes route_bicycle_rcn=yes", "nodeaccessgranted=yes traffic_sign:direction=backward", "21837", "2179639"],
          ["11876269", "47434635", "520", "1300", "1000", "0", "0", "0", "0", "highway=path surface=asphalt foot=designated bicycle=designated route_bicycle_rcn=yes", "", "22087", "2204577"],
          ["11875853", "47434077", "521", "71", "1000", "0", "0", "0", "0", "highway=service surface=paved foot=yes bicycle=yes route_bicycle_rcn=yes", "", "22102", "2206161"],
          ["11875314", "47433493", "519", "77", "1000", "0", "0", "0", "0", "highway=unclassified surface=asphalt cycleway:both=shared_lane route_bicycle_rcn=yes", "nodeaccessgranted=yes highway=give_way direction=forward", "22116", "2207491"],
          ["11875265", "47433377", "519", "13", "1000", "0", "0", "0", "0", "highway=unclassified surface=asphalt cycleway:both=shared_lane route_bicycle_rcn=yes", "", "22118", "2207712"],
          ["11874466", "47432559", "517", "109", "1000", "0", "0", "0", "0", "reversedirection=yes highway=unclassified surface=asphalt cycleway:right=no cycleway:left=shared_lane route_bicycle_rcn=yes", "", "22133", "2209165"],
          ["11872547", "47430234", "518", "305", "1000", "0", "0", "0", "0", "reversedirection=yes highway=cycleway surface=asphalt foot=designated bicycle=designated route_bicycle_rcn=yes", "", "22182", "2214069"],
          ["11872244", "47429431", "518", "93", "1000", "0", "0", "0", "0", "highway=cycleway surface=asphalt foot=designated bicycle=designated route_bicycle_rcn=yes", "nodeaccessgranted=yes barrier=cycle_barrier", "22200", "2215933"],
          ["11872166", "47429316", "518", "14", "1000", "0", "0", "0", "0", "highway=cycleway surface=wood foot=yes route_bicycle_rcn=yes", "nodeaccessgranted=yes barrier=cycle_barrier bicycle=yes foot=yes", "22202", "2216151"],
          ["11871882", "47428826", "518", "59", "1000", "0", "0", "0", "0", "highway=service surface=asphalt route_bicycle_rcn=yes", "", "22213", "2217215"],
          ["11871770", "47428610", "518", "28", "1000", "0", "0", "0", "0", "highway=cycleway surface=asphalt foot=yes route_bicycle_rcn=yes", "", "22217", "2217644"],
          ["11871346", "47428175", "518", "58", "1000", "0", "0", "0", "0", "highway=residential surface=asphalt cycleway:both=shared_lane route_bicycle_rcn=yes", "", "22227", "2218655"],
          ["11870323", "47427208", "519", "132", "1000", "0", "0", "0", "0", "highway=service surface=asphalt bicycle=designated route_bicycle_rcn=yes", "nodeaccessgranted=yes barrier=lift_gate bicycle=yes foot=yes", "22252", "2221138"],
          ["11867774", "47426186", "518", "225", "1000", "0", "0", "0", "0", "highway=track surface=compacted tracktype=grade2 bicycle=designated route_bicycle_rcn=yes", "", "22287", "2224594"],
          ["11865207", "47425470", "518", "209", "1000", "0", "0", "0", "0", "highway=track surface=asphalt tracktype=grade2 bicycle=designated route_bicycle_rcn=yes", "", "22323", "2228195"],
          ["11864930", "47425394", "518", "23", "1000", "0", "0", "0", "0", "highway=track surface=asphalt tracktype=grade1 bicycle=designated route_bicycle_rcn=yes", "", "22326", "2228555"],
          ["11856407", "47420585", "519", "852", "1000", "0", "0", "0", "0", "highway=track surface=asphalt tracktype=grade1 bicycle=designated smoothness=excellent route_bicycle_rcn=yes", "", "22476", "2243491"],
          ["11852558", "47416038", "519", "585", "1000", "0", "0", "0", "0", "highway=track surface=asphalt tracktype=grade1 foot=designated bicycle=designated smoothness=excellent vehicle=private route_bicycle_rcn=yes", "", "22575", "2253448"],
          ["11847661", "47412454", "520", "544", "1000", "0", "0", "0", "0", "highway=track surface=asphalt tracktype=grade1 foot=designated bicycle=yes smoothness=excellent vehicle=private route_bicycle_rcn=yes", "", "22670", "2262896"],
          ["11847629", "47412432", "519", "3", "1000", "0", "0", "0", "0", "highway=track surface=concrete tracktype=grade1 foot=designated bicycle=yes vehicle=private route_bicycle_rcn=yes", "", "22670", "2262943"],
          ["11842759", "47408979", "521", "538", "1000", "0", "0", "0", "0", "highway=track surface=asphalt tracktype=grade1 foot=designated bicycle=yes vehicle=private route_bicycle_rcn=yes", "", "22775", "2273445"],
          ["11837888", "47402180", "522", "992", "1000", "0", "0", "0", "0", "highway=track surface=asphalt tracktype=grade1 bicycle=designated route_bicycle_rcn=yes", "", "22943", "2290224"],
          ["11837979", "47402110", "522", "10", "1000", "0", "0", "0", "0", "highway=track surface=asphalt tracktype=grade1 route_bicycle_rcn=yes", "", "22945", "2290404"],
          ["11838041", "47402003", "522", "13", "1000", "0", "0", "0", "0", "highway=cycleway surface=asphalt route_bicycle_rcn=yes", "", "22947", "2290621"],
          ["11838053", "47401940", "522", "7", "1000", "0", "0", "0", "0", "highway=track surface=asphalt tracktype=grade1 route_bicycle_rcn=yes", "", "22948", "2290738"],
          ["11836843", "47401422", "524", "223", "1000", "0", "0", "0", "0", "reversedirection=yes highway=cycleway surface=asphalt foot=yes route_bicycle_rcn=yes", "", "22998", "2295770"],
          ["11836369", "47401063", "522", "54", "1000", "0", "0", "0", "0", "reversedirection=yes highway=cycleway surface=asphalt foot=yes bicycle=yes vehicle=no route_bicycle_rcn=yes", "", "23007", "2296575"],
          ["11837060", "47401389", "523", "64", "1000", "0", "0", "0", "0", "highway=track surface=asphalt tracktype=grade1 bicycle=yes vehicle=private route_bicycle_rcn=yes", "", "23016", "2297549"],
          ["11835326", "47405349", "520", "492", "1000", "0", "0", "0", "0", "highway=track surface=asphalt tracktype=grade1 bicycle=designated route_bicycle_rcn=yes", "", "23091", "2305010"],
          ["11835187", "47405357", "520", "11", "1000", "0", "0", "0", "0", "highway=track surface=concrete tracktype=grade1 bicycle=designated route_bicycle_rcn=yes", "", "23092", "2305155"],
          ["11804627", "47400056", "524", "2443", "1000", "0", "0", "0", "0", "highway=track surface=asphalt tracktype=grade1 bicycle=designated route_bicycle_rcn=yes", "", "23518", "2347732"],
          ["11796101", "47391386", "526", "1187", "1000", "0", "0", "0", "0", "highway=cycleway surface=asphalt foot=yes route_bicycle_rcn=yes", "", "23721", "2368034"],
          ["11795257", "47390861", "526", "89", "1000", "0", "0", "0", "0", "highway=cycleway surface=asphalt foot=designated bicycle=designated route_bicycle_rcn=yes", "", "23740", "2369901"],
          ["11795215", "47390834", "526", "4", "1000", "0", "0", "0", "0", "highway=cycleway surface=wood foot=designated bicycle=designated route_bicycle_rcn=yes", "", "23741", "2369980"],
          ["11795040", "47390640", "525", "27", "1000", "0", "0", "0", "0", "highway=cycleway surface=asphalt foot=designated bicycle=designated route_bicycle_rcn=yes", "", "23744", "2370368"],
          ["11794626", "47390034", "529", "81", "1000", "0", "0", "0", "0", "highway=service surface=asphalt route_bicycle_rcn=yes", "", "23764", "2372363"],
          ["11794406", "47390044", "529", "21", "1000", "0", "0", "0", "0", "reversedirection=yes highway=residential surface=asphalt cycleway:both=no route_bicycle_rcn=yes", "", "23771", "2373047"],
          ["11794300", "47390051", "527", "8", "1000", "0", "0", "0", "0", "reversedirection=yes highway=track surface=asphalt tracktype=grade1 bicycle=yes route_bicycle_rcn=yes", "", "23773", "2373221"],
          ["11794165", "47390123", "525", "13", "1000", "0", "0", "0", "0", "reversedirection=yes highway=cycleway surface=asphalt foot=designated bicycle=designated route_bicycle_rcn=yes", "nodeaccessgranted=yes barrier=bollard", "23774", "2373367"],
          ["11793169", "47390689", "525", "98", "1000", "0", "0", "0", "0", "reversedirection=yes highway=cycleway surface=wood foot=designated bicycle=designated route_bicycle_rcn=yes", "nodeaccessgranted=yes barrier=bollard", "23787", "2374637"],
          ["11793043", "47390747", "526", "11", "1000", "0", "0", "0", "0", "reversedirection=yes highway=cycleway surface=asphalt foot=designated bicycle=designated route_bicycle_rcn=yes", "", "23789", "2374841"],
          ["11780445", "47385201", "528", "1156", "1000", "0", "0", "0", "0", "highway=track surface=asphalt tracktype=grade1 bicycle=designated route_bicycle_icn=yes route_bicycle_rcn=yes", "", "23995", "2395403"],
          ["11775574", "47384454", "529", "427", "1000", "0", "0", "0", "0", "highway=unclassified surface=asphalt cycleway:both=no route_bicycle_icn=yes route_bicycle_rcn=yes", "nodeaccessgranted=yes traffic_calming=table", "24069", "2402847"],
          ["11775449", "47384534", "529", "13", "1000", "0", "0", "0", "0", "highway=unclassified surface=asphalt cycleway:both=no route_bicycle_icn=yes route_bicycle_rcn=yes", "", "24072", "2403151"],
          ["11761272", "47384630", "531", "1129", "1000", "0", "0", "0", "0", "reversedirection=yes highway=track surface=asphalt tracktype=grade1 bicycle=designated route_bicycle_icn=yes route_bicycle_rcn=yes", "", "24272", "2423181"],
          ["11761078", "47384433", "529", "26", "1000", "0", "0", "0", "0", "highway=track surface=asphalt tracktype=grade1 bicycle=designated route_bicycle_icn=yes route_bicycle_rcn=yes", "", "24277", "2423652"],
          ["11723338", "47364034", "533", "3688", "1000", "0", "0", "0", "0", "reversedirection=yes highway=track surface=asphalt tracktype=grade1 bicycle=designated route_bicycle_icn=yes route_bicycle_rcn=yes", "", "24926", "2488520"],
          ["11722200", "47363352", "533", "146", "1000", "0", "0", "0", "0", "highway=cycleway surface=asphalt foot=yes route_bicycle_icn=yes route_bicycle_rcn=yes", "", "24947", "2490632"],
          ["11722116", "47363302", "533", "8", "1000", "0", "0", "0", "0", "highway=unclassified surface=asphalt route_bicycle_icn=yes route_bicycle_rcn=yes", "", "24948", "2490768"],
          ["11705528", "47353799", "535", "1647", "1000", "0", "0", "0", "0", "highway=track surface=asphalt tracktype=grade1 foot=yes bicycle=designated route_bicycle_icn=yes route_bicycle_rcn=yes", "", "25235", "2519417"],
          ["11704125", "47351749", "536", "251", "1000", "0", "0", "0", "0", "highway=residential surface=asphalt route_bicycle_icn=yes route_bicycle_rcn=yes", "", "25280", "2523942"],
          ["11704688", "47348395", "537", "378", "1000", "0", "0", "0", "0", "highway=residential surface=asphalt cycleway:both=no route_bicycle_icn=yes route_bicycle_rcn=yes", "nodeaccessgranted=yes highway=crossing crossing=unmarked", "25349", "2530828"],
          ["11704741", "47348290", "537", "12", "1000", "0", "0", "0", "0", "highway=residential surface=asphalt cycleway:both=no route_bicycle_icn=yes route_bicycle_rcn=yes", "", "25351", "2531071"],
          ["11704760", "47348244", "537", "5", "1000", "0", "0", "0", "0", "reversedirection=yes highway=residential surface=asphalt oneway=yes oneway:bicycle=no route_bicycle_icn=yes route_bicycle_rcn=yes", "nodeaccessgranted=yes highway=crossing crossing=uncontrolled", "25352", "2531157"],
          ["11705691", "47345108", "537", "359", "1000", "0", "0", "0", "0", "reversedirection=yes highway=residential surface=asphalt oneway=yes oneway:bicycle=no route_bicycle_icn=yes route_bicycle_rcn=yes", "nodeaccessgranted=yes highway=crossing crossing=unmarked", "25413", "2537244"],
          ["11705688", "47345069", "538", "4", "1000", "0", "0", "0", "0", "reversedirection=yes highway=residential surface=asphalt oneway=yes oneway:bicycle=no route_bicycle_icn=yes route_bicycle_rcn=yes", "", "25414", "2537347"],
          ["11705822", "47345063", "538", "10", "1000", "0", "0", "0", "0", "reversedirection=yes highway=residential surface=asphalt smoothness=excellent route_bicycle_icn=yes route_bicycle_rcn=yes", "", "25417", "2537614"],
          ["11705824", "47345023", "538", "4", "1000", "0", "0", "0", "0", "reversedirection=yes highway=residential surface=asphalt cycleway:both=no route_bicycle_icn=yes route_bicycle_rcn=yes", "nodeaccessgranted=yes highway=crossing crossing=unmarked", "25418", "2537725"],
          ["11705651", "47342281", "536", "306", "1000", "0", "0", "0", "0", "reversedirection=yes highway=residential surface=asphalt cycleway:both=no route_bicycle_icn=yes route_bicycle_rcn=yes", "", "25470", "2542966"],
          ["11704580", "47340176", "537", "259", "1000", "0", "0", "0", "0", "highway=residential surface=asphalt cycleway:both=no oneway=yes oneway:bicycle=no route_bicycle_icn=yes route_bicycle_rcn=yes", "", "25514", "2547309"],
          ["11703948", "47339934", "537", "55", "1000", "0", "0", "0", "0", "reversedirection=yes highway=residential surface=asphalt route_bicycle_icn=yes route_bicycle_rcn=yes", "", "25523", "2548290"],
          ["11703192", "47340238", "539", "67", "1000", "0", "0", "0", "0", "highway=residential surface=asphalt route_bicycle_icn=yes route_bicycle_rcn=yes", "nodeaccessgranted=yes highway=stop direction=forward", "25540", "2549900"],
          ["11701528", "47338373", "539", "247", "1000", "0", "0", "0", "0", "highway=residential surface=asphalt route_bicycle_icn=yes route_bicycle_rcn=yes", "nodeaccessgranted=yes direction=backward", "25588", "2554758"],
          ["11700241", "47337211", "540", "162", "1000", "0", "0", "0", "0", "highway=residential surface=asphalt route_bicycle_icn=yes route_bicycle_rcn=yes", "", "25619", "2557866"],
          ["11693890", "47333905", "541", "663", "1000", "0", "0", "0", "0", "highway=track surface=asphalt tracktype=grade1 route_bicycle_icn=yes route_bicycle_rcn=yes", "", "25736", "2569588"],
          ["11685634", "47327642", "542", "944", "1000", "0", "0", "0", "0", "highway=track surface=asphalt tracktype=grade1 bicycle=yes route_bicycle_icn=yes route_bicycle_rcn=yes", "", "25903", "2586234"],
          ["11684264", "47328211", "544", "129", "1000", "0", "0", "0", "0", "highway=service surface=asphalt bicycle=designated route_bicycle_icn=yes route_bicycle_rcn=yes", "", "25929", "2588846"],
          ["11684118", "47328130", "544", "14", "1000", "0", "0", "0", "0", "reversedirection=yes highway=residential surface=asphalt route_bicycle_icn=yes route_bicycle_rcn=yes", "nodeaccessgranted=yes traffic_sign:direction=backward", "25932", "2589130"],
          ["11681849", "47327148", "547", "204", "1000", "0", "0", "0", "0", "reversedirection=yes highway=residential surface=asphalt route_bicycle_icn=yes route_bicycle_rcn=yes", "", "25984", "2594360"],
          ["11680297", "47326287", "547", "152", "1000", "0", "0", "0", "0", "reversedirection=yes highway=residential surface=asphalt cycleway:both=no route_bicycle_icn=yes route_bicycle_rcn=yes", "nodeaccessgranted=yes highway=mini_roundabout", "26012", "2597138"],
          ["11678842", "47325159", "545", "216", "1000", "0", "0", "0", "0", "reversedirection=yes highway=residential surface=asphalt cycleway:both=no route_bicycle_icn=yes route_bicycle_rcn=yes", "", "26045", "2600432"],
          ["11678489", "47325081", "543", "29", "1000", "0", "0", "0", "0", "reversedirection=yes highway=service surface=asphalt route_bicycle_icn=yes route_bicycle_rcn=yes", "", "26048", "2600757"],
          ["11678157", "47324655", "542", "58", "1000", "0", "0", "0", "0", "reversedirection=yes highway=path surface=asphalt foot=designated bicycle=designated route_bicycle_icn=yes route_bicycle_rcn=yes", "", "26055", "2601412"],
          ["11677882", "47324359", "543", "39", "1000", "0", "0", "0", "0", "highway=path surface=asphalt foot=designated bicycle=designated route_bicycle_icn=yes route_bicycle_rcn=yes", "", "26059", "2601898"],
          ["11677086", "47323733", "545", "92", "1000", "0", "0", "0", "0", "reversedirection=yes highway=track surface=asphalt tracktype=grade1 bicycle=yes route_bicycle_icn=yes route_bicycle_rcn=yes", "", "26078", "2603725"],
          ["11643473", "47318667", "544", "2677", "1000", "0", "0", "0", "0", "reversedirection=yes highway=track surface=asphalt tracktype=grade1 bicycle=yes smoothness=good route_bicycle_icn=yes route_bicycle_rcn=yes", "", "26539", "2649893"],
          ["11638258", "47315801", "544", "682", "1000", "0", "0", "0", "0", "highway=cycleway surface=asphalt route_bicycle_icn=yes route_bicycle_rcn=yes", "", "26653", "2661295"],
          ["11632441", "47312908", "547", "594", "1000", "0", "0", "0", "0", "highway=cycleway surface=asphalt foot=designated bicycle=designated route_bicycle_icn=yes route_bicycle_rcn=yes", "nodeaccessgranted=yes estimated_crossing_class=3", "26762", "2672162"],
          ["11633886", "47311796", "546", "165", "1000", "0", "0", "0", "0", "highway=secondary surface=asphalt cycleway:both=no route_bicycle_icn=yes route_bicycle_rcn=yes", "", "26788", "2674797"],
          ["11634017", "47311566", "547", "28", "1000", "0", "0", "0", "0", "highway=secondary surface=asphalt route_bicycle_icn=yes route_bicycle_rcn=yes", "nodeaccessgranted=yes estimated_crossing_class=3", "26795", "2675464"],
          ["11634034", "47311408", "548", "18", "1000", "0", "0", "0", "0", "highway=secondary surface=asphalt route_bicycle_icn=yes route_bicycle_rcn=yes", "nodeaccessgranted=yes estimated_crossing_class=3", "26800", "2675946"],
          ["11634094", "47310754", "547", "74", "1000", "0", "0", "0", "0", "highway=secondary surface=asphalt route_bicycle_icn=yes route_bicycle_rcn=yes", "nodeaccessgranted=yes estimated_crossing_class=3", "26816", "2677517"],
          ["11633137", "47310268", "547", "91", "1000", "0", "0", "0", "0", "reversedirection=yes highway=track surface=asphalt tracktype=grade1 bicycle=designated route_bicycle_icn=yes route_bicycle_rcn=yes", "", "26830", "2678981"],
          ["11633101", "47310248", "547", "4", "1000", "0", "0", "0", "0", "reversedirection=yes highway=track surface=wood tracktype=grade1 bicycle=designated route_bicycle_icn=yes route_bicycle_rcn=yes", "nodeaccessgranted=yes barrier=bollard", "26831", "2679044"],
          ["11633055", "47310222", "547", "5", "1000", "0", "0", "0", "0", "reversedirection=yes highway=track surface=wood tracktype=grade1 bicycle=designated route_bicycle_icn=yes route_bicycle_rcn=yes", "", "26832", "2679114"],
          ["11628584", "47303044", "547", "1209", "1000", "0", "0", "0", "0", "reversedirection=yes highway=track surface=asphalt tracktype=grade1 bicycle=designated route_bicycle_icn=yes route_bicycle_rcn=yes", "", "27043", "2700233"],
          ["11628847", "47302738", "547", "39", "1000", "0", "0", "0", "0", "reversedirection=yes highway=residential surface=asphalt bicycle=designated cycleway:both=shared_lane route_bicycle_icn=yes route_bicycle_rcn=yes", "", "27049", "2700817"],
          ["11628767", "47302668", "547", "10", "1000", "0", "0", "0", "0", "highway=service surface=asphalt oneway=yes route_bicycle_icn=yes route_bicycle_rcn=yes", "", "27050", "2700970"],
          ["11626621", "47303240", "545", "175", "1000", "0", "0", "0", "0", "reversedirection=yes highway=residential surface=asphalt bicycle=designated cycleway:both=shared_lane route_bicycle_icn=yes route_bicycle_rcn=yes", "", "27077", "2703637"],
          ["11604835", "47298596", "548", "2021", "1000", "0", "0", "0", "0", "reversedirection=yes highway=track surface=asphalt tracktype=grade1 bicycle=yes smoothness=good route_bicycle_icn=yes route_bicycle_rcn=yes", "", "27423", "2738261"],
          ["11603842", "47298331", "548", "82", "1000", "0", "0", "0", "0", "reversedirection=yes highway=service surface=asphalt tracktype=grade1 route_bicycle_icn=yes route_bicycle_rcn=yes", "", "27437", "2739650"],
          ["11594115", "47299370", "551", "835", "1000", "0", "0", "0", "0", "reversedirection=yes highway=path surface=asphalt foot=designated bicycle=designated route_bicycle_icn=yes route_bicycle_rcn=yes", "", "27596", "2755554"],
          ["11594097", "47299321", "551", "6", "5000", "0", "0", "0", "0", "reversedirection=yes highway=footway surface=asphalt foot=designated bicycle=dismount route_bicycle_icn=yes route_bicycle_rcn=yes", "nodeaccessgranted=yes highway=crossing estimated_crossing_class=4 crossing=marked", "27597", "2755655"],
          ["11594367", "47299132", "550", "35", "5000", "0", "0", "0", "0", "reversedirection=yes highway=footway surface=asphalt foot=designated bicycle=dismount route_bicycle_icn=yes route_bicycle_rcn=yes", "nodeaccessgranted=yes highway=crossing crossing=unmarked", "27602", "2756171"],
          ["11594352", "47299029", "550", "12", "1000", "0", "0", "0", "0", "reversedirection=yes highway=residential surface=asphalt route_bicycle_icn=yes route_bicycle_rcn=yes", "nodeaccessgranted=yes highway=crossing crossing=zebra kerb=lowered", "27604", "2756328"],
          ["11591092", "47297773", "552", "357", "1000", "0", "0", "0", "0", "reversedirection=yes highway=residential surface=asphalt route_bicycle_icn=yes route_bicycle_rcn=yes", "", "27663", "2762314"],
          ["11590977", "47297847", "551", "12", "1000", "0", "0", "0", "0", "reversedirection=yes highway=tertiary surface=asphalt cycleway:both=no route_bicycle_icn=yes route_bicycle_rcn=yes", "", "27666", "2762581"],
          ["11588622", "47297529", "551", "181", "1000", "0", "0", "0", "0", "highway=residential surface=asphalt route_bicycle_icn=yes route_bicycle_rcn=yes", "nodeaccessgranted=yes highway=stop direction=forward", "27698", "2765727"],
          ["11588560", "47297520", "551", "5", "1000", "0", "0", "0", "0", "highway=residential surface=asphalt route_bicycle_icn=yes route_bicycle_rcn=yes", "nodeaccessgranted=yes estimated_crossing_class=6", "27698", "2765811"],
          ["11588524", "47297654", "551", "15", "1000", "0", "0", "0", "0", "highway=secondary surface=asphalt smoothness=excellent cycleway:both=no route_bicycle_icn=yes route_bicycle_rcn=yes", "nodeaccessgranted=yes estimated_crossing_class=6", "27701", "2766062"],
          ["11588463", "47297830", "551", "21", "1000", "0", "0", "0", "0", "highway=secondary surface=asphalt smoothness=excellent cycleway:both=no route_bicycle_icn=yes route_bicycle_rcn=yes", "nodeaccessgranted=yes estimated_crossing_class=6", "27704", "2766413"],
          ["11588424", "47297917", "551", "10", "1000", "0", "0", "0", "0", "highway=secondary surface=asphalt smoothness=excellent cycleway:both=no route_bicycle_icn=yes route_bicycle_rcn=yes", "nodeaccessgranted=yes estimated_crossing_class=6", "27706", "2766581"],
          ["11588399", "47297973", "551", "7", "1000", "0", "0", "0", "0", "highway=secondary surface=asphalt smoothness=excellent cycleway:both=no route_bicycle_icn=yes route_bicycle_rcn=yes", "nodeaccessgranted=yes highway=crossing", "27707", "2766698"],
          ["11588369", "47298035", "551", "7", "1000", "0", "0", "0", "0", "highway=secondary surface=asphalt smoothness=excellent cycleway:both=no route_bicycle_icn=yes route_bicycle_rcn=yes", "nodeaccessgranted=yes estimated_crossing_class=6", "27709", "2766815"],
          ["11588217", "47298016", "551", "12", "1000", "0", "0", "0", "0", "reversedirection=yes highway=residential surface=asphalt route_bicycle_icn=yes route_bicycle_rcn=yes", "nodeaccessgranted=yes highway=crossing crossing=marked kerb=lowered", "27711", "2767017"],
          ["11587106", "47297927", "550", "84", "1000", "0", "0", "0", "0", "reversedirection=yes highway=residential surface=asphalt route_bicycle_icn=yes route_bicycle_rcn=yes", "nodeaccessgranted=yes highway=crossing crossing=marked", "27723", "2768249"],
          ["11585558", "47297828", "550", "118", "1000", "0", "0", "0", "0", "reversedirection=yes highway=residential surface=asphalt route_bicycle_icn=yes route_bicycle_rcn=yes", "", "27743", "2770217"],
          ["11582501", "47297113", "550", "244", "1000", "0", "0", "0", "0", "reversedirection=yes highway=residential surface=asphalt oneway=no route_bicycle_icn=yes route_bicycle_rcn=yes", "", "27785", "2774456"],
          ["11582688", "47296500", "550", "79", "1000", "0", "0", "0", "0", "highway=residential surface=asphalt route_bicycle_icn=yes route_bicycle_rcn=yes", "", "27797", "2775670"],
          ["11580031", "47296236", "551", "203", "1000", "0", "0", "0", "0", "reversedirection=yes highway=residential surface=asphalt route_bicycle_icn=yes route_bicycle_rcn=yes", "", "27833", "2779226"],
          ["11565314", "47290896", "553", "1267", "1000", "0", "0", "0", "0", "reversedirection=yes highway=track surface=asphalt tracktype=grade1 bicycle=designated route_bicycle_icn=yes route_bicycle_rcn=yes", "", "28056", "2801583"],
          ["11565117", "47290541", "553", "44", "1000", "0", "0", "0", "0", "reversedirection=yes highway=residential surface=asphalt bicycle=designated route_bicycle_icn=yes route_bicycle_rcn=yes", "nodeaccessgranted=yes highway=give_way direction=backward", "28064", "2802325"],
          ["11565106", "47290496", "553", "5", "1000", "0", "0", "0", "0", "reversedirection=yes highway=residential surface=asphalt bicycle=designated route_bicycle_icn=yes route_bicycle_rcn=yes", "", "28064", "2802409"],
          ["11563007", "47289198", "555", "232", "1000", "0", "0", "0", "0", "reversedirection=yes highway=residential surface=asphalt cycleway:right=lane cycleway:left=no route_bicycle_icn=yes route_bicycle_rcn=yes", "", "28112", "2807176"],
          ["11561348", "47288721", "554", "141", "1000", "0", "0", "0", "0", "highway=unclassified surface=asphalt route_bicycle_icn=yes route_bicycle_rcn=yes", "", "28135", "2809516"],
          ["11561011", "47288923", "554", "34", "1000", "0", "0", "0", "0", "reversedirection=yes highway=track surface=asphalt tracktype=grade1 foot=yes bicycle=yes route_bicycle_icn=yes route_bicycle_rcn=yes", "nodeaccessgranted=yes monitoring:bicycle=yes", "28141", "2810087"],
          ["11560278", "47289241", "554", "69", "1000", "0", "0", "0", "0", "reversedirection=yes highway=track surface=asphalt tracktype=grade1 foot=yes bicycle=yes route_bicycle_icn=yes route_bicycle_rcn=yes", "", "28156", "2811545"],
          ["11560231", "47289193", "554", "6", "1000", "0", "0", "0", "0", "highway=track surface=wood tracktype=grade1 foot=yes bicycle=yes route_bicycle_icn=yes route_bicycle_rcn=yes", "", "28157", "2811639"],
          ["11547584", "47281435", "555", "1320", "1000", "0", "0", "0", "0", "highway=track surface=asphalt tracktype=grade1 foot=yes bicycle=yes route_bicycle_icn=yes route_bicycle_rcn=yes", "", "28378", "2833815"],
          ["11509178", "47276445", "558", "3085", "1000", "0", "0", "0", "0", "highway=track surface=asphalt tracktype=grade1 foot=yes bicycle=yes smoothness=good route_bicycle_icn=yes route_bicycle_rcn=yes", "", "28934", "2889378"],
          ["11509096", "47276434", "559", "6", "1000", "0", "0", "0", "0", "highway=path surface=asphalt bicycle=yes route_bicycle_icn=yes route_bicycle_rcn=yes", "", "28935", "2889471"],
          ["11508719", "47276342", "560", "30", "1000", "0", "0", "0", "0", "reversedirection=yes highway=path surface=asphalt bicycle=yes route_bicycle_icn=yes route_bicycle_rcn=yes", "", "28942", "2890148"],
          ["11508701", "47276378", "560", "4", "1000", "0", "0", "0", "0", "highway=path surface=asphalt bicycle=yes route_bicycle_icn=yes route_bicycle_rcn=yes", "", "28942", "2890223"],
          ["11508454", "47277203", "559", "94", "1000", "0", "0", "0", "0", "highway=path surface=wood foot=designated bicycle=designated route_bicycle_icn=yes route_bicycle_rcn=yes", "", "28957", "2891707"],
          ["11508429", "47277262", "560", "7", "1000", "0", "0", "0", "0", "highway=path surface=asphalt bicycle=yes route_bicycle_icn=yes route_bicycle_rcn=yes", "", "28959", "2891846"],
          ["11508197", "47277770", "560", "60", "1000", "0", "0", "0", "0", "reversedirection=yes highway=residential surface=asphalt bicycle=yes vehicle=destination cycleway:both=shared_lane route_bicycle_icn=yes route_bicycle_rcn=yes", "", "28972", "2893177"],
          ["11505805", "47277451", "561", "185", "1000", "0", "0", "0", "0", "reversedirection=yes highway=residential surface=asphalt cycleway:both=shared_lane route_bicycle_icn=yes route_bicycle_rcn=yes", "", "29007", "2896694"],
          ["11505274", "47277070", "561", "62", "1000", "0", "0", "0", "0", "reversedirection=yes highway=cycleway surface=asphalt foot=designated bicycle=designated route_bicycle_icn=yes route_bicycle_rcn=yes", "", "29018", "2897826"],
          ["11500036", "47274560", "561", "502", "1000", "0", "0", "0", "0", "highway=residential surface=asphalt cycleway:both=shared_lane route_bicycle_icn=yes route_bicycle_rcn=yes", "nodeaccessgranted=yes traffic_sign:direction=backward", "29101", "2906123"],
          ["11499337", "47274397", "560", "57", "1000", "0", "0", "0", "0", "highway=residential surface=asphalt cycleway:both=shared_lane route_bicycle_icn=yes route_bicycle_rcn=yes", "", "29111", "2907110"],
          ["11497900", "47273991", "561", "119", "1000", "0", "0", "0", "0", "reversedirection=yes highway=cycleway surface=asphalt foot=designated bicycle=designated route_bicycle_icn=yes route_bicycle_rcn=yes", "", "29134", "2909365"],
          ["11497910", "47273929", "561", "7", "1000", "0", "0", "0", "0", "reversedirection=yes highway=track surface=compacted tracktype=grade2 bicycle=yes smoothness=intermediate route_bicycle_icn=yes route_bicycle_rcn=yes", "nodeaccessgranted=yes barrier=bollard", "29135", "2909499"],
          ["11484892", "47273621", "562", "1042", "1000", "0", "0", "0", "0", "reversedirection=yes highway=track surface=compacted tracktype=grade2 bicycle=yes smoothness=intermediate route_bicycle_icn=yes route_bicycle_rcn=yes", "nodeaccessgranted=yes barrier=lift_gate bicycle=yes foot=yes", "29314", "2927358"],
          ["11484765", "47273738", "561", "16", "1000", "0", "0", "0", "0", "reversedirection=yes highway=track surface=compacted tracktype=grade2 bicycle=yes smoothness=intermediate route_bicycle_icn=yes route_bicycle_rcn=yes", "", "29317", "2927645"],
          ["11455018", "47268298", "564", "2337", "1000", "0", "0", "0", "0", "highway=cycleway surface=asphalt foot=yes smoothness=good route_bicycle_icn=yes route_bicycle_rcn=yes", "", "29725", "2968510"],
          ["11447712", "47268359", "565", "575", "1000", "0", "0", "0", "0", "highway=cycleway surface=asphalt bicycle=designated smoothness=good route_bicycle_icn=yes route_bicycle_rcn=yes", "", "29833", "2979235"],
          ["11447549", "47268423", "565", "14", "1050", "0", "0", "0", "0", "highway=path surface=asphalt smoothness=good", "", "29835", "2979496"],
          ["11446896", "47267499", "567", "115", "1050", "0", "95", "0", "0", "reversedirection=yes highway=cycleway surface=asphalt lcn=yes", "", "29855", "2981484"],
          ["11445666", "47267876", "565", "102", "1000", "0", "0", "0", "0", "reversedirection=yes highway=cycleway surface=asphalt route_bicycle_lcn=yes", "", "29873", "2983294"],
          ["11445394", "47267858", "566", "21", "1050", "0", "12", "0", "0", "highway=cycleway surface=asphalt foot=yes smoothness=good", "", "29878", "2983758"],
          ["11445354", "47267812", "566", "6", "1150", "0", "37", "0", "0", "highway=residential surface=asphalt smoothness=intermediate cycleway:both=no", "highway=give_way direction=backward", "29879", "2983894"],
          ["11443463", "47266024", "566", "246", "1150", "0", "2", "0", "0", "highway=residential surface=asphalt smoothness=intermediate cycleway:both=no", "", "29922", "2988160"],
          ["11442975", "47265789", "566", "45", "1150", "0", "1", "0", "0", "highway=residential surface=asphalt cycleway:both=no", "", "29929", "2988921"],
          ["11442417", "47265578", "566", "48", "1150", "0", "0", "0", "0", "reversedirection=yes highway=residential surface=asphalt smoothness=good cycleway:both=no", "wheelchair=yes", "29938", "2989745"],
          ["11440662", "47265182", "566", "140", "1150", "0", "1", "0", "0", "reversedirection=yes highway=residential surface=asphalt cycleway:both=no", "", "29962", "2992225"],
          ["11437912", "47264914", "567", "212", "1150", "0", "0", "0", "0", "highway=residential surface=asphalt cycleway:both=no", "", "30000", "2996034"],
          ["11437715", "47264917", "567", "15", "1150", "0", "0", "0", "0", "highway=residential surface=asphalt cycleway:both=no oneway=yes", "highway=crossing crossing=marked", "30003", "2996302"],
          ["11437641", "47264918", "567", "6", "1150", "0", "0", "0", "0", "highway=residential surface=asphalt cycleway:both=no oneway=yes", "highway=give_way direction=forward", "30004", "2996409"],
          ["11437550", "47264919", "567", "7", "1150", "0", "0", "0", "0", "highway=residential surface=asphalt cycleway:both=no oneway=yes", "", "30005", "2996533"],
          ["11437227", "47264786", "567", "53", "1150", "0", "0", "0", "0", "highway=residential surface=asphalt cycleway:both=no junction=roundabout", "", "30015", "2997437"],
          ["11437088", "47264408", "566", "43", "1150", "0", "27", "0", "0", "highway=residential surface=asphalt foot=use_sidepath oneway=yes", "", "30022", "2998145"],
          ["11436893", "47264095", "567", "38", "1150", "0", "1", "0", "0", "highway=residential surface=asphalt foot=use_sidepath cycleway:right=no cycleway:left=unknown", "", "30028", "2998812"],
          ["11436692", "47263905", "567", "26", "1150", "0", "1", "0", "0", "highway=residential surface=asphalt foot=use_sidepath oneway=yes", "highway=give_way direction=forward", "30034", "2999354"],
          ["11436646", "47263862", "567", "6", "1150", "0", "0", "0", "0", "highway=residential surface=asphalt foot=use_sidepath oneway=yes", "", "30035", "2999475"],
          ["11436437", "47263637", "567", "36", "1150", "0", "0", "0", "0", "highway=secondary surface=asphalt foot=use_sidepath smoothness=excellent cycleway:both=separate junction=roundabout", "", "30042", "3000140"],
          ["11436232", "47263276", "567", "45", "1150", "0", "7", "0", "0", "highway=secondary surface=asphalt foot=use_sidepath smoothness=excellent cycleway:right=unknown", "", "30049", "3000849"],
          ["11436147", "47263241", "567", "8", "1150", "0", "6", "0", "0", "highway=secondary surface=asphalt foot=use_sidepath smoothness=excellent cycleway:left=unknown", "estimated_crossing_class=6", "30050", "3000998"],
          ["11435647", "47263174", "569", "39", "1150", "0", "4", "0", "0", "highway=secondary surface=asphalt foot=use_sidepath smoothness=excellent cycleway:left=unknown", "estimated_crossing_class=6", "30061", "3002125"],
          ["11436477", "47262630", "567", "92", "1050", "0", "99", "0", "0", "highway=track surface=asphalt tracktype=grade1 foot=yes bicycle=yes vehicle=agricultural", "", "30076", "3003580"],
          ["11436425", "47262573", "566", "7", "1050", "0", "87", "0", "0", "highway=path surface=paving_stones", "", "30077", "3003674"],
          ["11435485", "47262206", "566", "83", "1350", "0", "4", "0", "0", "reversedirection=yes highway=service surface=paving_stones", "", "30088", "3004741"],
          ["11434469", "47262086", "567", "84", "1350", "0", "18", "0", "0", "highway=service surface=asphalt", "estimated_crossing_class=6", "30103", "3006312"],
          ["11434406", "47262092", "567", "5", "1350", "0", "0", "0", "0", "highway=unclassified surface=asphalt", "highway=give_way direction=backward", "30104", "3006415"],
          ["11434357", "47262097", "567", "4", "1350", "0", "0", "0", "0", "highway=unclassified surface=asphalt", "highway=crossing crossing=marked kerb=lowered", "30105", "3006497"],
          ["11434242", "47262108", "567", "9", "1350", "0", "0", "0", "0", "highway=unclassified surface=asphalt", "", "30107", "3006667"],
          ["11433012", "47262464", "567", "101", "1050", "0", "1", "0", "0", "highway=unclassified surface=asphalt smoothness=excellent cycleway:both=separate", "", "30125", "3008484"],
          ["11432850", "47262511", "567", "13", "1050", "0", "0", "0", "0", "highway=unclassified surface=asphalt cycleway:both=separate", "highway=crossing crossing=uncontrolled bicycle=yes", "30127", "3008697"],
          ["11432493", "47262574", "567", "29", "1050", "0", "1", "0", "0", "highway=unclassified surface=asphalt cycleway:both=separate", "", "30132", "3009159"],
          ["11432082", "47262475", "566", "34", "1050", "0", "5", "0", "0", "highway=unclassified surface=asphalt smoothness=excellent cycleway:both=separate", "", "30137", "3009681"],
          ["11431478", "47262227", "567", "54", "1050", "0", "0", "0", "0", "highway=unclassified surface=asphalt cycleway:both=separate", "", "30146", "3010558"],
          ["11431140", "47262112", "567", "29", "1050", "0", "1", "0", "0", "highway=unclassified surface=asphalt cycleway:both=separate oneway=yes", "highway=crossing crossing=uncontrolled", "30150", "3011034"],
          ["11431008", "47262024", "567", "14", "1050", "0", "2", "0", "0", "highway=unclassified surface=asphalt cycleway:both=separate oneway=yes", "", "30153", "3011265"],
          ["11430443", "47261718", "567", "55", "1050", "0", "6", "0", "0", "highway=unclassified surface=asphalt cycleway:both=separate", "", "30162", "3012219"],
          ["11430303", "47261636", "567", "14", "1050", "0", "1", "0", "0", "highway=unclassified surface=asphalt cycleway:both=separate oneway=yes", "highway=give_way", "30165", "3012447"],
          ["11430242", "47261607", "567", "6", "1050", "0", "0", "0", "0", "highway=unclassified surface=asphalt cycleway:both=separate oneway=yes", "", "30166", "3012545"],
          ["11430106", "47261514", "567", "15", "1050", "0", "0", "0", "0", "highway=unclassified surface=asphalt cycleway:both=separate junction=roundabout", "", "30168", "3012791"],
          ["11429908", "47261448", "567", "17", "1050", "0", "40", "0", "0", "highway=unclassified surface=asphalt cycleway:both=separate oneway=yes", "highway=crossing crossing=uncontrolled", "30171", "3013070"],
          ["11429853", "47261413", "567", "6", "1050", "0", "4", "0", "0", "highway=unclassified surface=asphalt cycleway:both=separate oneway=yes", "", "30172", "3013169"],
          ["11428415", "47261134", "568", "114", "1050", "0", "4", "0", "0", "highway=unclassified surface=asphalt foot=use_sidepath cycleway:both=separate", "", "30193", "3015284"],
          ["11428165", "47261181", "569", "20", "1050", "0", "6", "0", "0", "highway=unclassified surface=asphalt foot=use_sidepath cycleway:both=separate oneway=yes", "highway=crossing crossing=uncontrolled", "30198", "3015784"],
          ["11427904", "47261217", "569", "20", "1350", "0", "0", "0", "0", "highway=unclassified surface=asphalt foot=use_sidepath cycleway:both=no oneway=yes", "highway=stop direction=forward", "30203", "3016280"],
          ["11427810", "47261212", "569", "7", "1350", "0", "3", "0", "0", "highway=unclassified surface=asphalt foot=use_sidepath cycleway:both=no oneway=yes", "", "30205", "3016457"],
          ["11427849", "47261144", "569", "8", "1350", "0", "116", "0", "0", "highway=unclassified surface=asphalt cycleway:both=no", "traffic_sign:direction=forward", "30207", "3016666"],
          ["11427886", "47260970", "570", "20", "1350", "0", "1", "0", "0", "highway=unclassified surface=asphalt cycleway:both=no", "", "30212", "3017206"],
          ["11427816", "47260770", "571", "23", "1350", "0", "3", "0", "0", "highway=unclassified surface=asphalt", "", "30219", "3017917"],
          ["11427054", "47260915", "574", "60", "1150", "0", "88", "0", "0", "highway=residential surface=asphalt foot=use_sidepath", "wheelchair=yes", "30232", "3019233"],
          ["11426866", "47260971", "574", "16", "1150", "0", "0", "0", "0", "highway=residential surface=asphalt foot=use_sidepath", "wheelchair=yes", "30237", "3019641"],
          ["11426486", "47261124", "574", "33", "1150", "0", "0", "0", "0", "highway=residential surface=asphalt foot=use_sidepath", "highway=crossing crossing=uncontrolled", "30244", "3020378"],
          ["11426314", "47261208", "574", "16", "1150", "0", "0", "0", "0", "highway=residential surface=asphalt foot=use_sidepath", "", "30247", "3020707"],
          ["11426223", "47261147", "574", "10", "1150", "0", "76", "0", "0", "highway=residential surface=asphalt oneway=yes oneway:bicycle=no cycleway:right=no cycleway:left=lane cycleway:left:oneway=-1", "highway=crossing crossing=uncontrolled", "30249", "3020908"],
          ["11421308", "47259236", "578", "432", "1150", "0", "4", "0", "0", "highway=residential surface=asphalt oneway=yes oneway:bicycle=no cycleway:right=no cycleway:left=lane cycleway:left:oneway=-1", "highway=give_way direction=forward", "30342", "3030232"],
          ["11421296", "47259233", "578", "1", "1150", "0", "0", "0", "0", "highway=residential surface=asphalt oneway=yes oneway:bicycle=no cycleway:right=no cycleway:left=lane cycleway:left:oneway=-1", "highway=crossing crossing=uncontrolled", "30343", "3030253"],
          ["11421207", "47259212", "578", "7", "1150", "0", "0", "0", "0", "highway=residential surface=asphalt oneway=yes oneway:bicycle=no cycleway:right=no cycleway:left=lane cycleway:left:oneway=-1", "", "30344", "3030397"],
          ["11421044", "47259250", "578", "13", "1150", "0", "19", "0", "0", "highway=residential surface=asphalt foot=use_sidepath oneway=yes", "", "30347", "3030660"],
          ["11420917", "47259207", "578", "11", "1150", "0", "27", "0", "0", "highway=residential surface=asphalt oneway=yes", "traffic_sign:direction=forward", "30349", "3030878"],
          ["11420883", "47259195", "578", "3", "1150", "0", "0", "0", "0", "highway=residential surface=asphalt oneway=yes", "highway=crossing crossing=uncontrolled", "30349", "3030937"],
          ["11420712", "47259103", "578", "16", "1150", "0", "1", "0", "0", "highway=residential surface=asphalt oneway=yes", "", "30353", "3031246"],
          ["11418360", "47258420", "580", "192", "1150", "0", "2", "0", "0", "highway=residential surface=asphalt", "highway=crossing crossing=uncontrolled kerb=lowered", "30394", "3035342"],
          ["11412804", "47257125", "584", "446", "1150", "0", "1", "0", "0", "highway=residential surface=asphalt", "traffic_sign:direction=backward", "30494", "3045377"],
          ["11412764", "47257120", "584", "3", "1150", "0", "0", "0", "0", "highway=residential surface=asphalt", "", "30494", "3045439"],
          ["11412535", "47257108", "584", "17", "1350", "0", "5", "0", "0", "highway=unclassified oneway=yes", "highway=crossing crossing=unmarked bicycle=yes", "30498", "3045806"],
          ["11412375", "47257052", "585", "20", "1050", "0", "206", "20", "0", "highway=cycleway foot=designated bicycle=designated", "highway=crossing estimated_crossing_class=0 crossing=traffic_signals bicycle=yes", "30502", "3046239"],
          ["11412146", "47257054", "585", "17", "1050", "0", "0", "20", "0", "highway=cycleway surface=asphalt foot=designated bicycle=designated", "highway=crossing estimated_crossing_class=0 crossing=traffic_signals bicycle=yes", "30506", "3046598"],
          ["11412204", "47256980", "585", "9", "3050", "0", "133", "0", "0", "highway=primary surface=asphalt oneway=yes", "estimated_crossing_class=5", "30508", "3046783"],
          ["11412280", "47256894", "585", "11", "3050", "0", "0", "0", "0", "highway=primary surface=asphalt oneway=yes cycleway:right=no", "estimated_crossing_class=6", "30510", "3047004"],
          ["11412862", "47255562", "587", "155", "3050", "0", "1", "0", "0", "highway=primary surface=asphalt oneway=yes cycleway:right=no", "", "30547", "3050677"],
          ["11412946", "47255327", "587", "27", "3050", "0", "0", "0", "0", "highway=primary surface=asphalt oneway=yes", "", "30553", "3051326"],
          ["11413407", "47253914", "593", "161", "3050", "0", "2", "0", "0", "highway=primary surface=asphalt foot=no oneway=yes cycleway:right=no", "highway=give_way direction=forward", "30591", "3055104"],
          ["11413399", "47253879", "594", "4", "3050", "0", "1", "0", "0", "highway=primary surface=asphalt foot=no oneway=yes cycleway:right=no", "estimated_crossing_class=5", "30593", "3055281"],
          ["11413340", "47253805", "594", "9", "3050", "0", "5", "0", "0", "highway=primary surface=asphalt foot=no oneway=yes cycleway:right=no", "", "30598", "3055771"],
          ["11413155", "47253458", "598", "43", "1650", "0", "0", "0", "0", "highway=secondary surface=asphalt junction=roundabout cycleway:right=no", "", "30627", "3058654"],
          ["11413017", "47253332", "599", "18", "1650", "0", "19", "0", "0", "highway=secondary surface=asphalt foot=no oneway=yes cycleway:right=no", "highway=crossing estimated_crossing_class=3 crossing=unmarked", "30638", "3059845"],
          ["11412722", "47253243", "604", "25", "1650", "0", "3", "0", "0", "highway=secondary surface=asphalt foot=no oneway=yes cycleway:right=no", "", "30661", "3062089"],
          ["11411485", "47253072", "608", "96", "1650", "0", "1", "0", "0", "highway=secondary surface=asphalt cycleway:both=no", "estimated_crossing_class=4", "30734", "3069361"],
          ["11409867", "47252610", "617", "135", "1650", "0", "0", "0", "0", "highway=secondary surface=asphalt cycleway:both=no", "estimated_crossing_class=6", "30824", "3078409"],
          ["11407841", "47252230", "624", "159", "1650", "0", "0", "0", "0", "highway=secondary surface=asphalt cycleway:both=no", "estimated_crossing_class=6", "30916", "3087611"],
          ["11407544", "47252156", "627", "24", "1000", "0", "0", "0", "0", "highway=secondary surface=asphalt cycleway:both=no route_bicycle_icn=yes", "nodeaccessgranted=yes estimated_crossing_class=6", "30932", "3089173"],
          ["11404675", "47250208", "657", "346", "1000", "0", "0", "0", "0", "highway=secondary surface=asphalt cycleway:both=no route_bicycle_icn=yes", "nodeaccessgranted=yes estimated_crossing_class=6", "31216", "3117558"],
          ["11404879", "47249965", "661", "31", "1000", "0", "0", "0", "0", "highway=secondary surface=asphalt cycleway:both=no route_bicycle_icn=yes", "nodeaccessgranted=yes estimated_crossing_class=6", "31244", "3120388"],
          ["11405210", "47249592", "664", "49", "1000", "0", "0", "0", "0", "highway=secondary surface=asphalt route_bicycle_icn=yes", "nodeaccessgranted=yes estimated_crossing_class=6", "31288", "3124750"],
          ["11406106", "47247316", "674", "288", "1000", "0", "0", "0", "0", "highway=secondary surface=asphalt cycleway:both=no route_bicycle_icn=yes", "nodeaccessgranted=yes estimated_crossing_class=6", "31440", "3139988"],
          ["11405825", "47246924", "679", "49", "1000", "0", "0", "0", "0", "highway=secondary surface=asphalt cycleway:both=no route_bicycle_icn=yes", "nodeaccessgranted=yes estimated_crossing_class=6", "31467", "3142688"],
          ["11402995", "47243650", "716", "427", "1000", "0", "0", "0", "0", "highway=secondary surface=asphalt cycleway:both=no route_bicycle_icn=yes", "nodeaccessgranted=yes estimated_crossing_class=4", "31815", "3177477"],
          ["11401719", "47243555", "730", "100", "1000", "0", "0", "0", "0", "highway=secondary surface=asphalt cycleway:both=no route_bicycle_icn=yes", "nodeaccessgranted=yes estimated_crossing_class=4", "31920", "3187989"],
          ["11401314", "47243111", "734", "62", "1000", "0", "0", "0", "0", "highway=secondary surface=asphalt cycleway:both=no route_bicycle_icn=yes", "nodeaccessgranted=yes estimated_crossing_class=4", "31977", "3193697"],
          ["11400034", "47238315", "800", "575", "1000", "0", "0", "0", "0", "highway=secondary surface=asphalt cycleway:both=no route_bicycle_icn=yes", "nodeaccessgranted=yes estimated_crossing_class=4", "32602", "3256216"],
          ["11400278", "47238025", "805", "37", "1000", "0", "0", "0", "0", "highway=secondary surface=asphalt cycleway:both=no route_bicycle_icn=yes", "nodeaccessgranted=yes estimated_crossing_class=4", "32642", "3260239"],
          ["11400357", "47237941", "807", "11", "1000", "0", "0", "0", "0", "highway=secondary surface=asphalt cycleway:both=no route_bicycle_icn=yes", "nodeaccessgranted=yes estimated_crossing_class=4", "32655", "3261453"],
          ["11400998", "47237387", "812", "79", "1000", "0", "0", "0", "0", "highway=secondary surface=asphalt cycleway:both=no route_bicycle_icn=yes", "nodeaccessgranted=yes estimated_crossing_class=4", "32736", "3269611"],
          ["11402179", "47236562", "814", "128", "1000", "0", "0", "0", "0", "highway=secondary surface=asphalt cycleway:both=no route_bicycle_icn=yes", "nodeaccessgranted=yes estimated_crossing_class=3", "32807", "3276658"],
          ["11402394", "47236400", "814", "24", "1000", "0", "0", "0", "0", "highway=secondary surface=asphalt cycleway:both=no route_bicycle_icn=yes", "nodeaccessgranted=yes highway=bus_stop estimated_crossing_class=3", "32815", "3277538"],
          ["11402459", "47236350", "814", "7", "1000", "0", "0", "0", "0", "highway=secondary surface=asphalt cycleway:both=no route_bicycle_icn=yes", "nodeaccessgranted=yes highway=crossing crossing=zebra", "32818", "3277784"],
          ["11402489", "47236327", "815", "3", "1000", "0", "0", "0", "0", "highway=secondary surface=asphalt cycleway:both=no route_bicycle_icn=yes", "nodeaccessgranted=yes estimated_crossing_class=3", "32819", "3277892"],
          ["11402683", "47236169", "815", "23", "1000", "0", "0", "0", "0", "highway=secondary surface=asphalt cycleway:both=no route_bicycle_icn=yes", "nodeaccessgranted=yes estimated_crossing_class=3", "32828", "3278781"],
          ["11402744", "47235917", "816", "29", "1000", "0", "0", "0", "0", "highway=secondary surface=asphalt cycleway:both=no route_bicycle_icn=yes", "nodeaccessgranted=yes estimated_crossing_class=3", "32838", "3279829"],
          ["11402464", "47235181", "820", "85", "1000", "0", "0", "0", "0", "highway=secondary surface=asphalt cycleway:both=no route_bicycle_icn=yes", "nodeaccessgranted=yes highway=crossing crossing=zebra", "32881", "3284076"],
          ["11402433", "47235103", "821", "9", "1000", "0", "0", "0", "0", "highway=secondary surface=asphalt cycleway:both=no route_bicycle_icn=yes", "nodeaccessgranted=yes estimated_crossing_class=3", "32884", "3284427"],
          ["11402396", "47235000", "821", "12", "1000", "0", "0", "0", "0", "highway=secondary surface=asphalt cycleway:both=no route_bicycle_icn=yes", "nodeaccessgranted=yes estimated_crossing_class=3", "32889", "3284909"],
          ["11402359", "47234893", "822", "12", "1000", "0", "0", "0", "0", "highway=secondary surface=asphalt cycleway:both=no route_bicycle_icn=yes", "nodeaccessgranted=yes estimated_crossing_class=3", "32894", "3285447"],
          ["11402305", "47234677", "825", "24", "1000", "0", "0", "0", "0", "highway=secondary surface=asphalt cycleway:both=no route_bicycle_icn=yes", "nodeaccessgranted=yes estimated_crossing_class=3", "32908", "3286846"],
          ["11402724", "47233531", "838", "133", "1000", "0", "0", "0", "0", "highway=secondary surface=asphalt cycleway:both=no route_bicycle_icn=yes", "nodeaccessgranted=yes estimated_crossing_class=4", "33005", "3296484"],
          ["11403554", "47231726", "854", "217", "1000", "0", "0", "0", "0", "highway=secondary surface=asphalt cycleway:both=no route_bicycle_icn=yes", "nodeaccessgranted=yes direction=unknown", "33191", "3315086"],
          ["11403811", "47231390", "857", "42", "1000", "0", "0", "0", "0", "highway=secondary surface=asphalt cycleway:both=no route_bicycle_icn=yes", "nodeaccessgranted=yes estimated_crossing_class=3", "33221", "3318071"],
          ["11404114", "47231196", "860", "31", "1000", "0", "0", "0", "0", "highway=secondary surface=asphalt cycleway:both=no route_bicycle_icn=yes", "nodeaccessgranted=yes estimated_crossing_class=3", "33244", "3320397"],
          ["11404245", "47231145", "861", "11", "1000", "0", "0", "0", "0", "highway=secondary surface=asphalt cycleway:both=no route_bicycle_icn=yes", "nodeaccessgranted=yes estimated_crossing_class=3", "33252", "3321217"],
          ["11404680", "47231022", "863", "36", "1000", "0", "0", "0", "0", "highway=secondary surface=asphalt cycleway:both=no route_bicycle_icn=yes", "nodeaccessgranted=yes estimated_crossing_class=3", "33278", "3323770"],
          ["11404943", "47230956", "864", "21", "1000", "0", "0", "0", "0", "highway=secondary surface=asphalt cycleway:both=no route_bicycle_icn=yes", "nodeaccessgranted=yes estimated_crossing_class=3", "33293", "3325258"],
          ["11405107", "47230914", "865", "13", "1000", "0", "0", "0", "0", "highway=secondary surface=asphalt cycleway:both=no route_bicycle_icn=yes", "nodeaccessgranted=yes estimated_crossing_class=3", "33301", "3326134"],
          ["11405910", "47230764", "867", "64", "1000", "0", "0", "0", "0", "highway=secondary surface=asphalt cycleway:both=no route_bicycle_icn=yes", "nodeaccessgranted=yes estimated_crossing_class=3", "33340", "3329970"],
          ["11404353", "47228528", "872", "282", "1000", "0", "0", "0", "0", "reversedirection=yes highway=residential surface=asphalt route_bicycle_icn=yes", "", "33438", "3339777"],
          ["11406764", "47220483", "917", "950", "1000", "0", "0", "0", "0", "highway=track surface=asphalt tracktype=grade1 bicycle=yes route_bicycle_icn=yes", "", "33883", "3384317"],
          ["11408318", "47215649", "928", "559", "1000", "0", "0", "0", "0", "highway=track surface=fine_gravel tracktype=grade2 bicycle=yes route_bicycle_icn=yes", "", "34086", "3404633"],
          ["11409365", "47210648", "954", "584", "1000", "0", "0", "0", "0", "highway=track surface=asphalt tracktype=grade1 bicycle=yes route_bicycle_icn=yes", "", "34336", "3429600"],
          ["11412566", "47206851", "977", "490", "1000", "0", "0", "0", "0", "highway=track surface=asphalt tracktype=grade1 foot=yes bicycle=yes route_bicycle_icn=yes", "", "34623", "3458364"],
          ["11412825", "47206548", "980", "39", "1000", "0", "0", "0", "0", "highway=service surface=asphalt bicycle=yes route_bicycle_icn=yes", "nodeaccessgranted=yes estimated_crossing_class=3", "34645", "3460494"],
          ["11413312", "47205569", "986", "116", "1000", "0", "0", "0", "0", "reversedirection=yes highway=residential surface=asphalt route_bicycle_icn=yes", "", "34711", "3467113"],
          ["11415360", "47205409", "1006", "164", "1000", "0", "0", "0", "0", "highway=residential surface=asphalt route_bicycle_icn=yes", "", "34854", "3481415"],
          ["11415405", "47205401", "1007", "4", "1350", "0", "1", "0", "0", "highway=service", "highway=stop direction=backward", "34858", "3481819"],
          ["11416081", "47205253", "1014", "57", "1350", "0", "31", "0", "0", "highway=service", "estimated_crossing_class=2", "34921", "3488109"],
          ["11416368", "47204942", "1016", "41", "1000", "0", "0", "0", "0", "highway=secondary surface=asphalt route_bicycle_icn=yes", "nodeaccessgranted=yes estimated_crossing_class=2", "34964", "3492389"],
          ["11416648", "47204624", "1017", "41", "1000", "0", "0", "0", "0", "highway=secondary surface=asphalt route_bicycle_icn=yes", "nodeaccessgranted=yes estimated_crossing_class=2", "34994", "3495437"],
          ["11416896", "47204423", "1017", "29", "1000", "0", "0", "0", "0", "highway=secondary surface=asphalt route_bicycle_icn=yes", "nodeaccessgranted=yes estimated_crossing_class=2", "35011", "3497148"],
          ["11417141", "47204204", "1018", "31", "1000", "0", "0", "0", "0", "highway=secondary surface=asphalt route_bicycle_icn=yes", "nodeaccessgranted=yes estimated_crossing_class=2", "35027", "3498754"],
          ["11417150", "47204191", "1018", "2", "1000", "0", "0", "0", "0", "highway=secondary surface=asphalt route_bicycle_icn=yes", "nodeaccessgranted=yes estimated_crossing_class=2", "35028", "3498842"],
          ["11417280", "47204010", "1018", "22", "1000", "0", "0", "0", "0", "highway=secondary surface=asphalt route_bicycle_icn=yes", "nodeaccessgranted=yes estimated_crossing_class=2", "35038", "3499850"],
          ["11417737", "47203112", "1021", "106", "1000", "0", "0", "0", "0", "highway=secondary surface=asphalt route_bicycle_icn=yes", "nodeaccessgranted=yes estimated_crossing_class=2", "35082", "3504217"],
          ["11417973", "47202678", "1023", "51", "1000", "0", "0", "0", "0", "highway=secondary surface=asphalt route_bicycle_icn=yes", "nodeaccessgranted=yes estimated_crossing_class=2", "35103", "3506292"],
          ["11418086", "47202469", "1023", "25", "1000", "0", "0", "0", "0", "highway=secondary surface=asphalt route_bicycle_icn=yes", "nodeaccessgranted=yes estimated_crossing_class=2", "35111", "3507129"],
          ["11418353", "47202028", "1026", "53", "1000", "0", "0", "0", "0", "highway=secondary surface=asphalt route_bicycle_icn=yes", "nodeaccessgranted=yes estimated_crossing_class=2", "35134", "3509390"],
          ["11418545", "47201718", "1027", "37", "1000", "0", "0", "0", "0", "highway=secondary surface=asphalt route_bicycle_icn=yes", "nodeaccessgranted=yes estimated_crossing_class=2", "35149", "3510938"],
          ["11418762", "47201427", "1030", "36", "1000", "0", "0", "0", "0", "highway=secondary surface=asphalt route_bicycle_icn=yes", "nodeaccessgranted=yes estimated_crossing_class=2", "35167", "3512748"],
          ["11420096", "47200018", "1044", "186", "1000", "0", "0", "0", "0", "highway=secondary surface=asphalt route_bicycle_icn=yes", "nodeaccessgranted=yes estimated_crossing_class=3", "35304", "3526429"],
          ["11421486", "47198967", "1057", "159", "1000", "0", "0", "0", "0", "highway=secondary surface=asphalt route_bicycle_icn=yes", "nodeaccessgranted=yes estimated_crossing_class=3", "35424", "3538426"],
          ["11421657", "47198894", "1056", "15", "1000", "0", "0", "0", "0", "highway=secondary surface=asphalt route_bicycle_icn=yes", "nodeaccessgranted=yes estimated_crossing_class=3", "35431", "3539110"],
          ["11421684", "47198885", "1056", "2", "1000", "0", "0", "0", "0", "highway=secondary surface=asphalt route_bicycle_icn=yes", "nodeaccessgranted=yes estimated_crossing_class=3", "35432", "3539196"],
          ["11424683", "47198227", "1067", "240", "1000", "0", "0", "0", "0", "highway=secondary surface=asphalt route_bicycle_icn=yes", "nodeaccessgranted=yes estimated_crossing_class=2", "35551", "3551104"],
          ["11425303", "47198402", "1066", "52", "1000", "0", "0", "0", "0", "highway=secondary surface=asphalt route_bicycle_icn=yes", "nodeaccessgranted=yes estimated_crossing_class=2", "35570", "3552980"],
          ["11425168", "47197499", "1057", "106", "1000", "0", "0", "0", "0", "highway=secondary surface=asphalt route_bicycle_icn=yes", "nodeaccessgranted=yes estimated_crossing_class=3", "35586", "3554646"],
          ["11425014", "47194726", "1046", "440", "1000", "256", "0", "0", "0", "highway=secondary surface=asphalt route_bicycle_icn=yes", "nodeaccessgranted=yes estimated_crossing_class=3", "35635", "3559170"],
          ["11425921", "47193812", "1047", "145", "1000", "0", "0", "0", "0", "highway=secondary surface=asphalt route_bicycle_icn=yes", "nodeaccessgranted=yes estimated_crossing_class=3", "35654", "3561050"],
          ["11425996", "47193784", "1047", "6", "1000", "0", "0", "0", "0", "highway=secondary surface=asphalt route_bicycle_icn=yes", "nodeaccessgranted=yes estimated_crossing_class=3", "35655", "3561117"],
          ["11427384", "47191286", "1044", "306", "1000", "0", "0", "0", "0", "highway=secondary surface=asphalt route_bicycle_icn=yes", "nodeaccessgranted=yes estimated_crossing_class=2", "35705", "3566126"],
          ["11427713", "47190258", "1041", "117", "1000", "0", "0", "0", "0", "highway=secondary surface=asphalt route_bicycle_icn=yes", "nodeaccessgranted=yes estimated_crossing_class=2", "35719", "3567541"],
          ["11428051", "47189764", "1038", "61", "1000", "0", "0", "0", "0", "highway=secondary surface=asphalt route_bicycle_icn=yes", "nodeaccessgranted=yes estimated_crossing_class=2", "35724", "3568056"],
          ["11429220", "47186639", "1068", "367", "1000", "9", "0", "0", "0", "highway=secondary surface=asphalt route_bicycle_icn=yes", "", "35907", "3586365"],
          ["11429341", "47186470", "1070", "21", "1000", "0", "0", "0", "0", "highway=secondary surface=asphalt cycleway:both=no route_bicycle_icn=yes", "nodeaccessgranted=yes estimated_crossing_class=1", "35922", "3587896"],
          ["11429945", "47185902", "1071", "78", "1000", "0", "0", "0", "0", "highway=secondary surface=asphalt cycleway:both=no route_bicycle_icn=yes", "nodeaccessgranted=yes estimated_crossing_class=1", "35963", "3591975"],
          ["11430338", "47185743", "1070", "35", "1000", "0", "0", "0", "0", "highway=secondary surface=asphalt cycleway:both=no route_bicycle_icn=yes", "nodeaccessgranted=yes estimated_crossing_class=1", "35975", "3593210"],
          ["11430852", "47185431", "1067", "52", "1000", "0", "0", "0", "0", "highway=secondary surface=asphalt route_bicycle_icn=yes", "nodeaccessgranted=yes estimated_crossing_class=1", "35990", "3594681"],
          ["11431027", "47185258", "1066", "23", "1000", "0", "0", "0", "0", "highway=secondary surface=asphalt route_bicycle_icn=yes", "", "35994", "3595068"],
          ["11431434", "47185017", "1063", "42", "1000", "0", "0", "0", "0", "highway=secondary surface=asphalt smoothness=excellent cycleway=lane route_bicycle_icn=yes", "", "35999", "3595520"],
          ["11431771", "47185096", "1062", "27", "1000", "0", "0", "0", "0", "highway=secondary surface=asphalt cycleway=lane route_bicycle_icn=yes", "nodeaccessgranted=yes estimated_crossing_class=2", "36001", "3595792"],
          ["11434097", "47185694", "1044", "190", "1000", "658", "0", "0", "0", "highway=secondary surface=asphalt cycleway=lane route_bicycle_icn=yes", "", "36017", "3596292"],
          ["11436385", "47185765", "1036", "175", "1000", "321", "0", "0", "0", "highway=secondary surface=asphalt route_bicycle_icn=yes", "nodeaccessgranted=yes estimated_crossing_class=1", "36031", "3596606"],
          ["11437094", "47185794", "1038", "54", "1000", "5", "0", "0", "0", "highway=secondary surface=asphalt route_bicycle_icn=yes", "nodeaccessgranted=yes estimated_crossing_class=1", "36037", "3597226"],
          ["11437267", "47185615", "1041", "26", "1000", "0", "0", "0", "0", "highway=secondary surface=asphalt route_bicycle_icn=yes", "nodeaccessgranted=yes estimated_crossing_class=1", "36040", "3597527"],
          ["11437161", "47185412", "1044", "24", "1000", "0", "0", "0", "0", "highway=secondary surface=asphalt route_bicycle_icn=yes", "nodeaccessgranted=yes estimated_crossing_class=1", "36045", "3598030"],
          ["11437125", "47185082", "1048", "37", "1000", "0", "0", "0", "0", "highway=secondary surface=asphalt route_bicycle_icn=yes", "nodeaccessgranted=yes estimated_crossing_class=1", "36057", "3599186"],
          ["11437125", "47185071", "1048", "1", "1000", "0", "0", "0", "0", "highway=secondary surface=asphalt route_bicycle_icn=yes", "nodeaccessgranted=yes estimated_crossing_class=1", "36057", "3599217"],
          ["11437126", "47185051", "1048", "2", "1000", "0", "0", "0", "0", "highway=secondary surface=asphalt route_bicycle_icn=yes", "nodeaccessgranted=yes estimated_crossing_class=1", "36058", "3599278"],
          ["11437073", "47184781", "1049", "30", "1000", "0", "0", "0", "0", "highway=secondary surface=asphalt route_bicycle_icn=yes", "nodeaccessgranted=yes estimated_crossing_class=1", "36069", "3600367"],
          ["11436755", "47184585", "1050", "33", "1000", "0", "0", "0", "0", "highway=secondary surface=asphalt route_bicycle_icn=yes", "nodeaccessgranted=yes estimated_crossing_class=2", "36081", "3601605"],
          ["11434330", "47182882", "1058", "286", "1000", "0", "0", "0", "0", "highway=secondary surface=asphalt route_bicycle_icn=yes", "nodeaccessgranted=yes estimated_crossing_class=2", "36179", "3611442"],
          ["11433721", "47181931", "1067", "124", "1000", "0", "0", "0", "0", "highway=secondary surface=asphalt route_bicycle_icn=yes", "nodeaccessgranted=yes estimated_crossing_class=1", "36234", "3616902"],
          ["11433904", "47181775", "1069", "22", "1000", "0", "0", "0", "0", "highway=secondary surface=asphalt route_bicycle_icn=yes", "nodeaccessgranted=yes estimated_crossing_class=1", "36251", "3618652"],
          ["11437229", "47179204", "1062", "426", "1000", "0", "0", "0", "0", "highway=secondary surface=asphalt route_bicycle_icn=yes", "nodeaccessgranted=yes estimated_crossing_class=2", "36357", "3629162"],
          ["11438349", "47177834", "1065", "177", "1000", "0", "0", "0", "0", "highway=secondary surface=asphalt route_bicycle_icn=yes", "nodeaccessgranted=yes estimated_crossing_class=2", "36397", "3633210"],
          ["11439308", "47176184", "1062", "208", "1000", "0", "0", "0", "0", "highway=secondary surface=asphalt route_bicycle_icn=yes", "nodeaccessgranted=yes estimated_crossing_class=2", "36424", "3635875"],
          ["11440390", "47173807", "1063", "281", "1000", "0", "0", "0", "0", "highway=secondary surface=asphalt route_bicycle_icn=yes", "nodeaccessgranted=yes estimated_crossing_class=2", "36482", "3641741"],
          ["11440363", "47173381", "1063", "47", "1000", "0", "0", "0", "0", "highway=secondary surface=asphalt cycleway:left=lane route_bicycle_icn=yes", "nodeaccessgranted=yes estimated_crossing_class=1", "36489", "3642381"],
          ["11441480", "47172530", "1044", "166", "1000", "455", "0", "0", "0", "highway=secondary surface=asphalt cycleway:left=lane route_bicycle_icn=yes", "nodeaccessgranted=yes estimated_crossing_class=2", "36506", "3643323"],
          ["11442648", "47170486", "1046", "296", "1000", "102", "0", "0", "0", "highway=secondary surface=asphalt route_bicycle_icn=yes", "nodeaccessgranted=yes estimated_crossing_class=2", "36538", "3645944"],
          ["11443305", "47169883", "1052", "84", "1000", "0", "0", "0", "0", "highway=secondary surface=asphalt route_bicycle_icn=yes", "nodeaccessgranted=yes estimated_crossing_class=2", "36560", "3648181"],
          ["11444197", "47169092", "1051", "111", "1000", "0", "0", "0", "0", "highway=secondary surface=asphalt route_bicycle_icn=yes", "nodeaccessgranted=yes estimated_crossing_class=2", "36591", "3651241"],
          ["11445765", "47167324", "1059", "229", "1000", "0", "0", "0", "0", "highway=secondary surface=asphalt route_bicycle_icn=yes", "nodeaccessgranted=yes estimated_crossing_class=2", "36665", "3658664"],
          ["11446102", "47167002", "1060", "44", "1000", "0", "0", "0", "0", "highway=secondary surface=asphalt route_bicycle_icn=yes", "nodeaccessgranted=yes estimated_crossing_class=2", "36675", "3659672"],
          ["11449170", "47165254", "1071", "304", "1000", "0", "0", "0", "0", "highway=secondary surface=asphalt route_bicycle_icn=yes", "nodeaccessgranted=yes estimated_crossing_class=1", "36796", "3671755"],
          ["11449188", "47165246", "1072", "2", "1000", "0", "0", "0", "0", "highway=secondary surface=asphalt route_bicycle_icn=yes", "nodeaccessgranted=yes estimated_crossing_class=1", "36797", "3671833"],
          ["11449371", "47165164", "1075", "17", "1000", "0", "0", "0", "0", "highway=secondary surface=asphalt route_bicycle_icn=yes", "nodeaccessgranted=yes estimated_crossing_class=1", "36807", "3672814"],
          ["11450007", "47164887", "1079", "57", "1000", "0", "0", "0", "0", "highway=secondary surface=asphalt route_bicycle_icn=yes", "nodeaccessgranted=yes estimated_crossing_class=1", "36845", "3676628"],
          ["11450556", "47164688", "1076", "47", "1000", "0", "0", "0", "0", "highway=secondary surface=asphalt route_bicycle_icn=yes", "nodeaccessgranted=yes estimated_crossing_class=1", "36860", "3678152"],
          ["11453063", "47163839", "1061", "230", "1000", "245", "0", "0", "0", "highway=secondary surface=asphalt route_bicycle_icn=yes", "nodeaccessgranted=yes estimated_crossing_class=2", "36897", "3681752"],
          ["11453319", "47163866", "1058", "20", "1000", "162", "0", "0", "0", "highway=secondary surface=asphalt route_bicycle_icn=yes", "nodeaccessgranted=yes estimated_crossing_class=2", "36899", "3681752"],
          ["11456648", "47163189", "1048", "273", "1000", "337", "0", "0", "0", "highway=secondary surface=asphalt route_bicycle_icn=yes", "nodeaccessgranted=yes estimated_crossing_class=1", "36923", "3683054"],
          ["11456855", "47163154", "1046", "16", "1000", "105", "0", "0", "0", "highway=secondary surface=asphalt route_bicycle_icn=yes", "nodeaccessgranted=yes estimated_crossing_class=1", "36924", "3683054"],
          ["11456887", "47163147", "1046", "3", "1000", "12", "0", "0", "0", "highway=secondary surface=asphalt route_bicycle_icn=yes", "nodeaccessgranted=yes estimated_crossing_class=1", "36924", "3683054"],
          ["11457439", "47162969", "1043", "47", "1000", "137", "0", "0", "0", "highway=secondary surface=asphalt route_bicycle_icn=yes", "nodeaccessgranted=yes estimated_crossing_class=1", "36928", "3683054"],
          ["11459717", "47162638", "1034", "181", "1000", "511", "0", "0", "0", "highway=secondary surface=asphalt route_bicycle_icn=yes", "nodeaccessgranted=yes estimated_crossing_class=2", "36942", "3683138"],
          ["11453137", "47160039", "1048", "656", "1000", "0", "0", "0", "0", "highway=secondary surface=asphalt route_bicycle_icn=yes", "nodeaccessgranted=yes estimated_crossing_class=2", "37082", "3697037"],
          ["11452207", "47159657", "1058", "86", "1000", "0", "0", "0", "0", "highway=secondary surface=asphalt route_bicycle_icn=yes", "nodeaccessgranted=yes estimated_crossing_class=2", "37140", "3702816"],
          ["11452694", "47158788", "1069", "113", "1000", "0", "0", "0", "0", "highway=secondary surface=asphalt route_bicycle_icn=yes", "nodeaccessgranted=yes traffic_sign:direction=forward", "37228", "3711677"],
          ["11452905", "47158671", "1070", "21", "1000", "0", "0", "0", "0", "highway=secondary surface=asphalt route_bicycle_icn=yes", "nodeaccessgranted=yes estimated_crossing_class=1", "37248", "3713673"],
          ["11453258", "47158503", "1071", "33", "1000", "0", "0", "0", "0", "highway=secondary surface=asphalt route_bicycle_icn=yes", "nodeaccessgranted=yes estimated_crossing_class=1", "37274", "3716210"],
          ["11453359", "47158416", "1070", "12", "1000", "0", "0", "0", "0", "highway=secondary surface=asphalt route_bicycle_icn=yes", "nodeaccessgranted=yes estimated_crossing_class=1", "37281", "3716895"],
          ["11453464", "47158307", "1070", "15", "1000", "0", "0", "0", "0", "highway=secondary surface=asphalt route_bicycle_icn=yes", "nodeaccessgranted=yes estimated_crossing_class=1", "37288", "3717635"],
          ["11453758", "47157672", "1064", "76", "1000", "0", "0", "0", "0", "highway=secondary surface=asphalt route_bicycle_icn=yes", "nodeaccessgranted=yes estimated_crossing_class=1", "37304", "3719273"],
          ["11453830", "47157311", "1061", "41", "1000", "0", "0", "0", "0", "highway=secondary surface=asphalt route_bicycle_icn=yes", "nodeaccessgranted=yes estimated_crossing_class=1", "37309", "3719764"],
          ["11453861", "47157188", "1060", "14", "1000", "0", "0", "0", "0", "highway=secondary surface=asphalt route_bicycle_icn=yes", "nodeaccessgranted=yes estimated_crossing_class=1", "37311", "3719904"],
          ["11453922", "47156948", "1058", "27", "1000", "0", "0", "0", "0", "highway=secondary surface=asphalt route_bicycle_icn=yes", "nodeaccessgranted=yes estimated_crossing_class=1", "37315", "3720290"],
          ["11453915", "47156627", "1057", "36", "1000", "11", "0", "0", "0", "highway=secondary surface=asphalt route_bicycle_icn=yes", "nodeaccessgranted=yes estimated_crossing_class=1", "37319", "3720724"],
          ["11454014", "47155689", "1054", "105", "1000", "115", "0", "0", "0", "highway=secondary surface=asphalt route_bicycle_icn=yes", "nodeaccessgranted=yes traffic_sign:direction=backward", "37329", "3721756"],
          ["11454827", "47153990", "1046", "203", "1000", "250", "0", "0", "0", "highway=secondary surface=asphalt route_bicycle_icn=yes", "nodeaccessgranted=yes estimated_crossing_class=2", "37349", "3723544"],
          ["11454833", "47153935", "1046", "6", "1000", "24", "0", "0", "0", "highway=secondary surface=asphalt route_bicycle_icn=yes", "nodeaccessgranted=yes estimated_crossing_class=2", "37350", "3723592"],
          ["11454558", "47152393", "1038", "198", "1000", "314", "0", "0", "0", "highway=secondary surface=asphalt route_bicycle_icn=yes", "nodeaccessgranted=yes estimated_crossing_class=2", "37366", "3724791"],
          ["11454617", "47151384", "1030", "113", "1000", "346", "0", "0", "0", "highway=secondary surface=asphalt route_bicycle_icn=yes", "nodeaccessgranted=yes estimated_crossing_class=2", "37375", "3724810"],
          ["11455554", "47150320", "1022", "138", "1000", "340", "0", "0", "0", "highway=secondary surface=asphalt route_bicycle_icn=yes", "nodeaccessgranted=yes estimated_crossing_class=2", "37386", "3724954"],
          ["11455647", "47150034", "1022", "33", "1000", "0", "0", "0", "0", "highway=secondary surface=asphalt route_bicycle_icn=yes", "nodeaccessgranted=yes estimated_crossing_class=2", "37389", "3725251"],
          ["11456434", "47147920", "1019", "280", "1000", "135", "0", "0", "0", "highway=secondary surface=asphalt route_bicycle_icn=yes", "nodeaccessgranted=yes estimated_crossing_class=2", "37420", "3728336"],
          ["11456731", "47147605", "1017", "42", "1000", "0", "0", "0", "0", "highway=secondary surface=asphalt route_bicycle_icn=yes", "nodeaccessgranted=yes estimated_crossing_class=2", "37425", "3728850"],
          ["11456820", "47147393", "1017", "25", "1000", "0", "0", "0", "0", "highway=secondary surface=asphalt route_bicycle_icn=yes", "nodeaccessgranted=yes estimated_crossing_class=2", "37428", "3729164"],
          ["11456856", "47146724", "1016", "74", "1000", "0", "0", "0", "0", "highway=secondary surface=asphalt route_bicycle_icn=yes", "nodeaccessgranted=yes estimated_crossing_class=2", "37437", "3730042"],
          ["11456852", "47146193", "1016", "59", "1000", "0", "0", "0", "0", "highway=secondary surface=asphalt route_bicycle_icn=yes", "nodeaccessgranted=yes estimated_crossing_class=2", "37445", "3730830"],
          ["11456883", "47145865", "1016", "37", "1000", "0", "0", "0", "0", "highway=secondary surface=asphalt route_bicycle_icn=yes", "nodeaccessgranted=yes estimated_crossing_class=2", "37450", "3731341"],
          ["11456976", "47145556", "1014", "35", "1000", "0", "0", "0", "0", "highway=secondary surface=asphalt route_bicycle_icn=yes", "nodeaccessgranted=yes estimated_crossing_class=2", "37454", "3731730"],
          ["11457488", "47144831", "1018", "91", "1000", "0", "0", "0", "0", "highway=secondary surface=asphalt route_bicycle_icn=yes", "nodeaccessgranted=yes estimated_crossing_class=2", "37467", "3733040"],
          ["11458660", "47144285", "1025", "107", "1000", "0", "0", "0", "0", "highway=secondary surface=asphalt route_bicycle_icn=yes", "nodeaccessgranted=yes estimated_crossing_class=1", "37492", "3735574"],
          ["11459355", "47143600", "1024", "93", "1000", "0", "0", "0", "0", "highway=secondary surface=asphalt route_bicycle_icn=yes", "nodeaccessgranted=yes estimated_crossing_class=1", "37516", "3737890"],
          ["11460100", "47143167", "1023", "75", "1000", "0", "0", "0", "0", "highway=secondary surface=asphalt route_bicycle_icn=yes", "nodeaccessgranted=yes estimated_crossing_class=1", "37536", "3739927"],
          ["11460396", "47142956", "1022", "33", "1000", "0", "0", "0", "0", "highway=secondary surface=asphalt route_bicycle_icn=yes", "nodeaccessgranted=yes estimated_crossing_class=1", "37542", "3740483"],
          ["11460458", "47142230", "1026", "82", "1000", "0", "0", "0", "0", "highway=secondary surface=asphalt route_bicycle_icn=yes", "nodeaccessgranted=yes estimated_crossing_class=1", "37562", "3742501"],
          ["11460426", "47142128", "1025", "12", "1000", "0", "0", "0", "0", "highway=secondary surface=asphalt route_bicycle_icn=yes", "nodeaccessgranted=yes estimated_crossing_class=1", "37565", "3742875"],
          ["11460276", "47141773", "1022", "41", "1000", "0", "0", "0", "0", "highway=secondary surface=asphalt route_bicycle_icn=yes", "", "37572", "3743480"],
          ["11460241", "47141641", "1022", "15", "1000", "0", "0", "0", "0", "highway=secondary surface=asphalt route_bicycle_icn=yes route_bicycle_rcn=yes", "nodeaccessgranted=yes estimated_crossing_class=1", "37573", "3743673"],
          ["11460485", "47140310", "1015", "149", "1000", "18", "0", "0", "0", "highway=secondary surface=asphalt route_bicycle_icn=yes route_bicycle_rcn=yes", "nodeaccessgranted=yes estimated_crossing_class=1", "37590", "3745148"],
          ["11460293", "47139861", "1017", "52", "1000", "0", "0", "0", "0", "highway=secondary surface=asphalt route_bicycle_icn=yes route_bicycle_rcn=yes", "nodeaccessgranted=yes estimated_crossing_class=1", "37596", "3745758"],
          ["11459952", "47139233", "1015", "74", "1000", "0", "0", "0", "0", "highway=secondary surface=asphalt route_bicycle_icn=yes route_bicycle_rcn=yes", "nodeaccessgranted=yes estimated_crossing_class=1", "37606", "3746803"],
          ["11459895", "47139128", "1014", "12", "1000", "0", "0", "0", "0", "highway=secondary surface=asphalt route_bicycle_icn=yes route_bicycle_rcn=yes", "nodeaccessgranted=yes estimated_crossing_class=1", "37608", "3746964"],
          ["11458857", "47138744", "1014", "100", "1000", "0", "0", "0", "0", "highway=secondary surface=asphalt route_bicycle_icn=yes route_bicycle_rcn=yes", "nodeaccessgranted=yes estimated_crossing_class=2", "37621", "3748266"],
          ["11458105", "47138640", "1010", "59", "1000", "0", "0", "0", "0", "reversedirection=yes highway=secondary surface=asphalt cycleway:right=lane route_bicycle_icn=yes route_bicycle_rcn=yes", "nodeaccessgranted=yes estimated_crossing_class=2", "37627", "3748885"],
          ["11455035", "47137791", "984", "286", "1000", "1111", "0", "0", "0", "reversedirection=yes highway=secondary surface=asphalt cycleway:right=lane route_bicycle_icn=yes route_bicycle_rcn=yes", "", "37650", "3749031"],
          ["11453586", "47137012", "979", "144", "1000", "244", "0", "0", "0", "highway=secondary surface=asphalt route_bicycle_icn=yes route_bicycle_rcn=yes", "nodeaccessgranted=yes estimated_crossing_class=2", "37662", "3749434"],
          ["11453300", "47136891", "977", "26", "1000", "55", "0", "0", "0", "reversedirection=yes highway=secondary surface=asphalt route_bicycle_icn=yes route_bicycle_rcn=yes", "nodeaccessgranted=yes estimated_crossing_class=2", "37664", "3749448"],
          ["11453161", "47136487", "978", "48", "1000", "0", "0", "0", "0", "highway=living_street surface=asphalt route_bicycle_icn=yes route_bicycle_rcn=yes", "", "37668", "3749874"],
          ["11453209", "47136240", "979", "28", "1000", "0", "0", "0", "0", "reversedirection=yes highway=residential surface=asphalt cycleway:both=no route_bicycle_icn=yes route_bicycle_rcn=yes", "", "37671", "3750188"],
          ["11453335", "47135325", "978", "113", "1000", "0", "0", "0", "0", "highway=residential surface=asphalt tracktype=grade1 cycleway:both=no route_bicycle_icn=yes route_bicycle_rcn=yes", "", "37684", "3751498"],
          ["11454221", "47134211", "983", "142", "1000", "0", "0", "0", "0", "highway=footway surface=asphalt tracktype=grade1 bicycle=designated route_bicycle_icn=yes route_bicycle_rcn=yes", "", "37709", "3753950"],
          ["11454162", "47133060", "986", "139", "1000", "0", "0", "0", "0", "reversedirection=yes highway=pedestrian surface=asphalt bicycle=designated route_bicycle_icn=yes route_bicycle_rcn=yes", "", "37750", "3758110"],
          ["11454036", "47132834", "986", "27", "1000", "0", "0", "0", "0", "reversedirection=yes highway=service surface=asphalt route_bicycle_icn=yes route_bicycle_rcn=yes", "nodeaccessgranted=yes highway=turning_circle", "37758", "3758836"],
          ["11454206", "47132194", "986", "72", "1000", "0", "0", "0", "0", "reversedirection=yes highway=service surface=asphalt route_bicycle_icn=yes route_bicycle_rcn=yes", "", "37775", "3760544"],
          ["11453844", "47129487", "989", "359", "1000", "0", "0", "0", "0", "reversedirection=yes highway=residential surface=asphalt route_bicycle_icn=yes route_bicycle_rcn=yes", "", "37842", "3767254"],
          ["11454140", "47129411", "989", "24", "1000", "0", "0", "0", "0", "highway=residential surface=asphalt route_bicycle_icn=yes route_bicycle_rcn=yes", "nodeaccessgranted=yes railway=unknown", "37848", "3767909"],
          ["11454062", "47128560", "989", "108", "1000", "0", "0", "0", "0", "highway=residential surface=asphalt route_bicycle_icn=yes route_bicycle_rcn=yes", "", "37875", "3770556"],
          ["11454109", "47128556", "989", "4", "1000", "0", "0", "0", "0", "highway=cycleway surface=asphalt foot=designated bicycle=designated route_bicycle_icn=yes route_bicycle_rcn=yes", "nodeaccessgranted=yes barrier=cycle_barrier", "37876", "3770637"],
          ["11454669", "47128514", "986", "43", "1000", "0", "0", "0", "0", "highway=cycleway surface=asphalt foot=designated bicycle=designated route_bicycle_icn=yes route_bicycle_rcn=yes", "", "37881", "3771124"],
          ["11454987", "47128501", "987", "24", "1000", "0", "0", "0", "0", "highway=cycleway surface=wood foot=designated bicycle=designated route_bicycle_icn=yes route_bicycle_rcn=yes", "", "37884", "3771474"],
          ["11452732", "47125605", "990", "399", "1000", "0", "0", "0", "0", "highway=cycleway surface=asphalt foot=designated bicycle=designated route_bicycle_icn=yes route_bicycle_rcn=yes", "nodeaccessgranted=yes highway=stop direction=forward", "37964", "3779424"],
          ["11452712", "47125556", "991", "6", "1000", "0", "0", "0", "0", "highway=cycleway surface=asphalt foot=designated bicycle=designated route_bicycle_icn=yes route_bicycle_rcn=yes", "nodeaccessgranted=yes highway=crossing estimated_crossing_class=3", "37965", "3779570"],
          ["11452659", "47125500", "990", "7", "1000", "0", "0", "0", "0", "highway=cycleway surface=asphalt foot=designated bicycle=designated route_bicycle_icn=yes route_bicycle_rcn=yes", "nodeaccessgranted=yes highway=stop direction=backward", "37966", "3779706"],
          ["11451987", "47122958", "994", "293", "1000", "0", "0", "0", "0", "highway=cycleway surface=asphalt foot=designated bicycle=designated route_bicycle_icn=yes route_bicycle_rcn=yes", "", "38033", "3786356"],
          ["11451777", "47122889", "992", "18", "1050", "0", "97", "0", "0", "reversedirection=yes highway=cycleway surface=asphalt foot=designated bicycle=designated", "", "38036", "3786674"],
          ["11451495", "47122837", "993", "22", "1050", "0", "0", "0", "0", "reversedirection=yes highway=cycleway surface=wood foot=designated bicycle=designated", "", "38040", "3787083"],
          ["11451538", "47122417", "994", "50", "1050", "0", "46", "0", "0", "reversedirection=yes highway=cycleway surface=asphalt foot=designated bicycle=designated", "", "38051", "3788219"],
          ["11451762", "47119618", "999", "320", "1150", "0", "17", "0", "0", "reversedirection=yes highway=residential", "", "38130", "3796124"],
          ["11459833", "47105410", "1020", "1805", "1000", "0", "0", "0", "0", "reversedirection=yes highway=residential surface=asphalt route_bicycle_icn=yes route_bicycle_rcn=yes", "", "38535", "3836555"],
          ["11459883", "47105516", "1017", "12", "1000", "0", "0", "0", "0", "reversedirection=yes highway=service surface=asphalt route_bicycle_icn=yes route_bicycle_rcn=yes", "", "38537", "3836814"],
          ["11459861", "47105662", "1017", "16", "1000", "0", "0", "0", "0", "reversedirection=yes highway=service surface=wood route_bicycle_icn=yes route_bicycle_rcn=yes", "", "38542", "3837282"],
          ["11461520", "47106183", "1022", "147", "1000", "0", "0", "0", "0", "reversedirection=yes highway=service surface=asphalt route_bicycle_icn=yes route_bicycle_rcn=yes", "", "38576", "3840709"],
          ["11463443", "47104993", "1025", "209", "1000", "0", "0", "0", "0", "reversedirection=yes highway=track surface=compacted tracktype=grade2 bicycle=yes route_bicycle_icn=yes route_bicycle_rcn=yes", "", "38642", "3847240"],
          ["11467190", "47097895", "1032", "889", "1000", "0", "0", "0", "0", "reversedirection=yes highway=track surface=compacted tracktype=grade2 foot=yes bicycle=yes route_bicycle_icn=yes route_bicycle_rcn=yes", "", "38843", "3867373"],
          ["11468185", "47093815", "1043", "474", "1000", "0", "0", "0", "0", "reversedirection=yes highway=unclassified surface=asphalt route_bicycle_icn=yes route_bicycle_rcn=yes", "", "38957", "3878813"],
          ["11468140", "47093789", "1043", "4", "1000", "0", "0", "0", "0", "reversedirection=yes highway=unclassified route_bicycle_icn=yes route_bicycle_rcn=yes", "nodeaccessgranted=yes highway=stop direction=backward", "38959", "3878963"],
          ["11469457", "47091316", "1045", "339", "1000", "83", "0", "0", "0", "reversedirection=yes highway=unclassified route_bicycle_icn=yes route_bicycle_rcn=yes", "", "39116", "3894727"],
          ["11472557", "47085569", "1059", "694", "1000", "0", "0", "0", "0", "reversedirection=yes highway=track surface=asphalt tracktype=grade1 route_bicycle_icn=yes route_bicycle_rcn=yes", "", "39266", "3909670"],
          ["11474170", "47084326", "1058", "195", "1000", "0", "0", "0", "0", "highway=residential surface=asphalt route_bicycle_icn=yes route_bicycle_rcn=yes", "", "39316", "3914683"],
          ["11476308", "47082517", "1065", "280", "1000", "0", "0", "0", "0", "reversedirection=yes highway=residential surface=asphalt route_bicycle_icn=yes route_bicycle_rcn=yes", "", "39388", "3921873"],
          ["11478623", "47081436", "1083", "213", "1000", "0", "0", "0", "0", "reversedirection=yes highway=residential surface=asphalt route_bicycle_icn=yes", "", "39538", "3936887"],
          ["11480612", "47082288", "1097", "180", "1000", "0", "0", "0", "0", "highway=unclassified surface=asphalt route_bicycle_icn=yes", "", "39655", "3948634"],
          ["11480030", "47081713", "1091", "88", "1000", "0", "0", "0", "0", "reversedirection=yes highway=unclassified surface=asphalt tracktype=grade1 route_bicycle_icn=yes", "", "39685", "3951649"],
          ["11480037", "47081640", "1090", "8", "1000", "0", "0", "0", "0", "reversedirection=yes highway=unclassified surface=wood tracktype=grade1 route_bicycle_icn=yes", "", "39687", "3951812"],
          ["11480447", "47079588", "1111", "317", "1000", "0", "0", "0", "0", "reversedirection=yes highway=unclassified surface=asphalt tracktype=grade1 route_bicycle_icn=yes", "", "39865", "3969572"],
          ["11488000", "47065905", "1124", "1848", "1000", "665", "0", "0", "0", "reversedirection=yes highway=track surface=asphalt tracktype=grade1 foot=yes bicycle=yes route_bicycle_icn=yes", "", "40438", "4025544"],
          ["11488820", "47065394", "1120", "89", "1000", "78", "0", "0", "0", "reversedirection=yes highway=track surface=gravel tracktype=grade2 foot=yes bicycle=yes route_bicycle_icn=yes", "", "40447", "4026403"],
          ["11488520", "47065066", "1104", "44", "1000", "874", "0", "0", "0", "reversedirection=yes highway=track tracktype=grade2 bicycle=yes route_bicycle_icn=yes", "", "40450", "4026403"],
          ["11488195", "47063719", "1099", "152", "1000", "179", "0", "0", "0", "reversedirection=yes highway=residential surface=asphalt route_bicycle_icn=yes", "", "40462", "4026403"],
          ["11488176", "47063650", "1099", "8", "1000", "0", "0", "0", "0", "reversedirection=yes highway=path surface=asphalt route_bicycle_icn=yes", "", "40463", "4026429"],
          ["11488160", "47063410", "1100", "27", "1000", "0", "0", "0", "0", "reversedirection=yes highway=residential surface=asphalt route_bicycle_icn=yes", "nodeaccessgranted=yes estimated_crossing_class=2", "40465", "4026662"],
          ["11487865", "47063388", "1100", "23", "1000", "0", "0", "0", "0", "reversedirection=yes highway=secondary surface=asphalt cycleway:both=no route_bicycle_icn=yes", "nodeaccessgranted=yes highway=bus_stop", "40468", "4026905"],
          ["11487668", "47063433", "1101", "16", "1000", "0", "0", "0", "0", "reversedirection=yes highway=secondary surface=asphalt cycleway:both=no route_bicycle_icn=yes", "nodeaccessgranted=yes estimated_crossing_class=3", "40470", "4027104"],
          ["11487597", "47063326", "1101", "13", "1000", "0", "0", "0", "0", "reversedirection=yes highway=primary surface=asphalt cycleway:both=no route_bicycle_icn=yes", "nodeaccessgranted=yes estimated_crossing_class=3", "40471", "4027280"],
          ["11487313", "47062898", "1101", "52", "1000", "0", "0", "0", "0", "reversedirection=yes highway=primary surface=asphalt cycleway:both=no route_bicycle_icn=yes", "nodeaccessgranted=yes estimated_crossing_class=3", "40479", "4028062"],
          ["11487041", "47062487", "1102", "50", "1000", "0", "0", "0", "0", "reversedirection=yes highway=primary surface=asphalt cycleway:both=no route_bicycle_icn=yes", "nodeaccessgranted=yes traffic_sign:direction=forward", "40488", "4028889"],
          ["11485834", "47060458", "1106", "244", "1000", "0", "0", "0", "0", "reversedirection=yes highway=primary surface=asphalt cycleway:both=no route_bicycle_icn=yes", "", "40534", "4033544"],
          ["11485379", "47058864", "1108", "182", "1000", "0", "0", "0", "0", "highway=primary surface=asphalt cycleway:both=no route_bicycle_icn=yes", "nodeaccessgranted=yes estimated_crossing_class=2", "40573", "4037471"],
          ["11485343", "47058430", "1110", "48", "1000", "0", "0", "0", "0", "highway=primary surface=asphalt route_bicycle_icn=yes", "nodeaccessgranted=yes estimated_crossing_class=2", "40587", "4038834"],
          ["11485340", "47058371", "1110", "7", "1000", "0", "0", "0", "0", "highway=primary surface=asphalt route_bicycle_icn=yes", "nodeaccessgranted=yes estimated_crossing_class=2", "40589", "4039035"],
          ["11485356", "47058223", "1110", "16", "1000", "0", "0", "0", "0", "highway=primary surface=asphalt route_bicycle_icn=yes", "nodeaccessgranted=yes estimated_crossing_class=2", "40594", "4039497"],
          ["11485393", "47057885", "1110", "38", "1000", "0", "0", "0", "0", "highway=primary surface=asphalt route_bicycle_icn=yes", "", "40603", "4040470"],
          ["11485315", "47056518", "1114", "155", "1000", "0", "0", "0", "0", "highway=primary surface=asphalt cycleway:both=no route_bicycle_icn=yes", "nodeaccessgranted=yes estimated_crossing_class=2", "40635", "4043594"],
          ["11485159", "47056261", "1115", "31", "1000", "0", "0", "0", "0", "highway=primary surface=asphalt cycleway:both=no route_bicycle_icn=yes", "", "40644", "4044488"],
          ["11485080", "47056129", "1115", "16", "1000", "0", "0", "0", "0", "highway=primary surface=asphalt route_bicycle_icn=yes", "", "40647", "4044876"],
          ["11485035", "47056054", "1115", "9", "1000", "0", "0", "0", "0", "highway=primary surface=asphalt cycleway:both=no route_bicycle_icn=yes", "nodeaccessgranted=yes estimated_crossing_class=2", "40650", "4045100"],
          ["11485879", "47051937", "1127", "495", "1000", "0", "0", "0", "0", "highway=primary surface=asphalt cycleway:both=no route_bicycle_icn=yes", "nodeaccessgranted=yes estimated_crossing_class=2", "40821", "4062205"],
          ["11485188", "47050751", "1132", "142", "1000", "0", "0", "0", "0", "highway=primary surface=asphalt cycleway:both=no route_bicycle_icn=yes", "nodeaccessgranted=yes estimated_crossing_class=2", "40864", "4066583"],
          ["11483649", "47045230", "1153", "641", "1000", "0", "0", "0", "0", "highway=primary surface=asphalt cycleway:both=no route_bicycle_icn=yes", "nodeaccessgranted=yes traffic_sign:direction=forward", "41094", "4089576"],
          ["11483654", "47045221", "1153", "1", "1000", "0", "0", "20", "0", "highway=primary surface=asphalt cycleway:both=no route_bicycle_icn=yes", "nodeaccessgranted=yes highway=traffic_signals traffic_signals:direction=forward traffic_signals=ramp_meter", "41095", "4089631"],
          ["11483743", "47045035", "1156", "22", "1000", "0", "0", "0", "0", "highway=primary surface=asphalt cycleway:both=no route_bicycle_icn=yes", "nodeaccessgranted=yes estimated_crossing_class=2", "41111", "4091223"],
          ["11482907", "47044054", "1156", "132", "1000", "0", "0", "0", "0", "highway=primary surface=asphalt cycleway:both=no route_bicycle_icn=yes", "nodeaccessgranted=yes estimated_crossing_class=2", "41165", "4096673"],
          ["11482871", "47044005", "1157", "6", "1000", "0", "0", "0", "0", "highway=primary surface=asphalt cycleway:both=no route_bicycle_icn=yes", "", "41167", "4096852"],
          ["11482836", "47043898", "1157", "12", "1000", "0", "0", "0", "0", "highway=primary surface=asphalt route_bicycle_icn=yes", "nodeaccessgranted=yes estimated_crossing_class=2", "41171", "4097237"],
          ["11482806", "47043395", "1158", "56", "1000", "0", "0", "0", "0", "highway=primary surface=asphalt route_bicycle_icn=yes", "nodeaccessgranted=yes estimated_crossing_class=2", "41186", "4098771"],
          ["11482812", "47043288", "1158", "12", "1000", "0", "0", "0", "0", "highway=primary surface=asphalt route_bicycle_icn=yes", "nodeaccessgranted=yes estimated_crossing_class=2", "41190", "4099132"],
          ["11482844", "47042518", "1159", "85", "1000", "0", "0", "0", "0", "highway=primary surface=asphalt route_bicycle_icn=yes", "nodeaccessgranted=yes highway=crossing crossing=uncontrolled", "41214", "4101521"],
          ["11482843", "47042491", "1159", "3", "1000", "0", "0", "0", "0", "highway=primary surface=asphalt route_bicycle_icn=yes", "nodeaccessgranted=yes estimated_crossing_class=2", "41214", "4101586"],
          ["11482837", "47042341", "1159", "17", "1000", "0", "0", "0", "0", "highway=primary surface=asphalt route_bicycle_icn=yes", "nodeaccessgranted=yes estimated_crossing_class=2", "41218", "4101946"],
          ["11482723", "47041652", "1160", "77", "1000", "0", "0", "0", "0", "highway=primary surface=asphalt route_bicycle_icn=yes", "nodeaccessgranted=yes estimated_crossing_class=2", "41236", "4103728"],
          ["11482608", "47041224", "1161", "48", "1000", "0", "0", "0", "0", "highway=primary surface=asphalt route_bicycle_icn=yes", "nodeaccessgranted=yes estimated_crossing_class=3", "41248", "4104952"],
          ["11482264", "47040533", "1163", "81", "1000", "0", "0", "0", "0", "highway=primary surface=asphalt cycleway:both=no route_bicycle_icn=yes", "nodeaccessgranted=yes highway=crossing crossing=uncontrolled", "41272", "4107384"],
          ["11482093", "47040214", "1165", "38", "1000", "0", "0", "0", "0", "highway=primary surface=asphalt cycleway:both=no route_bicycle_icn=yes", "nodeaccessgranted=yes estimated_crossing_class=3", "41287", "4108878"],
          ["11480906", "47039617", "1167", "115", "1000", "0", "0", "0", "0", "highway=primary surface=asphalt cycleway:both=no route_bicycle_icn=yes", "nodeaccessgranted=yes estimated_crossing_class=4", "41328", "4112943"],
          ["11480801", "47039573", "1167", "9", "1000", "0", "0", "0", "0", "highway=primary surface=asphalt cycleway:both=no route_bicycle_icn=yes", "nodeaccessgranted=yes estimated_crossing_class=4", "41330", "4113141"],
          ["11480757", "47039554", "1167", "4", "1000", "0", "0", "0", "0", "highway=primary surface=asphalt cycleway:both=no route_bicycle_icn=yes", "nodeaccessgranted=yes highway=crossing crossing=uncontrolled", "41331", "4113234"],
          ["11480395", "47039396", "1167", "33", "1000", "0", "0", "0", "0", "highway=primary surface=asphalt cycleway:both=no route_bicycle_icn=yes", "nodeaccessgranted=yes estimated_crossing_class=4", "41338", "4113991"],
          ["11480313", "47039359", "1167", "7", "1000", "0", "0", "0", "0", "highway=primary surface=asphalt cycleway:both=no route_bicycle_icn=yes", "nodeaccessgranted=yes estimated_crossing_class=4", "41340", "4114126"],
          ["11479600", "47039042", "1167", "65", "1000", "0", "0", "0", "0", "highway=primary surface=asphalt cycleway:both=no route_bicycle_icn=yes", "nodeaccessgranted=yes highway=crossing crossing=uncontrolled", "41354", "4115531"],
          ["11479552", "47039010", "1168", "5", "1000", "0", "0", "0", "0", "highway=primary surface=asphalt cycleway:both=no route_bicycle_icn=yes", "nodeaccessgranted=yes estimated_crossing_class=4", "41355", "4115638"],
          ["11479423", "47038920", "1168", "14", "1000", "0", "0", "0", "0", "highway=primary surface=asphalt cycleway:both=no route_bicycle_icn=yes", "nodeaccessgranted=yes estimated_crossing_class=4", "41358", "4115995"],
          ["11479118", "47038491", "1170", "54", "1000", "0", "0", "0", "0", "highway=primary surface=asphalt cycleway:both=no route_bicycle_icn=yes", "", "41375", "4117625"],
          ["11479131", "47037709", "1174", "87", "1000", "0", "0", "0", "0", "highway=primary surface=asphalt route_bicycle_icn=yes", "nodeaccessgranted=yes estimated_crossing_class=4", "41412", "4121347"],
          ["11479181", "47037399", "1176", "35", "1000", "0", "0", "0", "0", "highway=primary surface=asphalt route_bicycle_icn=yes", "nodeaccessgranted=yes estimated_crossing_class=4", "41426", "4122799"],
          ["11480816", "47035856", "1181", "215", "1000", "0", "0", "0", "0", "highway=primary surface=asphalt route_bicycle_icn=yes", "nodeaccessgranted=yes estimated_crossing_class=4", "41506", "4130755"],
          ["11481451", "47035583", "1182", "57", "1000", "0", "0", "0", "0", "highway=primary surface=asphalt cycleway:both=no route_bicycle_icn=yes", "nodeaccessgranted=yes estimated_crossing_class=3", "41522", "4132404"],
          ["11481730", "47035508", "1182", "23", "1000", "0", "0", "0", "0", "highway=primary surface=asphalt cycleway:both=no route_bicycle_icn=yes", "nodeaccessgranted=yes estimated_crossing_class=3", "41529", "4133070"],
          ["11482457", "47035258", "1182", "62", "1000", "0", "0", "0", "0", "highway=primary surface=asphalt cycleway:both=no route_bicycle_icn=yes", "nodeaccessgranted=yes estimated_crossing_class=3", "41544", "4134512"],
          ["11482519", "47035224", "1183", "6", "1000", "0", "0", "0", "0", "highway=primary surface=asphalt cycleway:both=no route_bicycle_icn=yes", "nodeaccessgranted=yes estimated_crossing_class=3", "41545", "4134666"],
          ["11483149", "47034849", "1189", "63", "1000", "0", "0", "0", "0", "highway=primary surface=asphalt cycleway:both=no route_bicycle_icn=yes", "nodeaccessgranted=yes traffic_sign:direction=forward", "41581", "4138242"],
          ["11483152", "47034848", "1189", "1", "1000", "0", "0", "20", "0", "highway=primary surface=asphalt cycleway:both=no route_bicycle_icn=yes", "nodeaccessgranted=yes highway=traffic_signals traffic_signals:direction=backward traffic_signals=ramp_meter", "41581", "4138286"],
          ["11483156", "47034846", "1189", "1", "1000", "0", "0", "0", "0", "highway=primary surface=asphalt cycleway:both=no route_bicycle_icn=yes", "nodeaccessgranted=yes traffic_sign:direction=backward", "41582", "4138329"],
          ["11483421", "47034688", "1186", "27", "1000", "0", "0", "0", "0", "highway=primary surface=asphalt cycleway:both=no route_bicycle_icn=yes", "nodeaccessgranted=yes estimated_crossing_class=2", "41588", "4138948"],
          ["11483748", "47034491", "1189", "33", "1000", "0", "0", "0", "0", "highway=primary surface=asphalt cycleway:both=no route_bicycle_icn=yes", "nodeaccessgranted=yes estimated_crossing_class=2", "41600", "4140155"],
          ["11484180", "47034119", "1188", "53", "1000", "0", "0", "0", "0", "highway=primary surface=asphalt cycleway:both=no route_bicycle_icn=yes", "nodeaccessgranted=yes estimated_crossing_class=2", "41613", "4141505"],
          ["11484487", "47033798", "1191", "43", "1000", "0", "0", "0", "0", "highway=primary surface=asphalt cycleway:both=no route_bicycle_icn=yes", "nodeaccessgranted=yes estimated_crossing_class=2", "41632", "4143316"],
          ["11485494", "47032919", "1198", "125", "1000", "0", "0", "0", "0", "highway=primary surface=asphalt cycleway:both=no route_bicycle_icn=yes", "nodeaccessgranted=yes estimated_crossing_class=2", "41701", "4150272"],
          ["11485549", "47032886", "1198", "6", "1000", "0", "0", "0", "0", "highway=primary surface=asphalt cycleway:both=no route_bicycle_icn=yes", "nodeaccessgranted=yes estimated_crossing_class=2", "41703", "4150497"],
          ["11485886", "47032684", "1198", "34", "1000", "0", "0", "0", "0", "highway=primary surface=asphalt cycleway:both=no route_bicycle_icn=yes", "nodeaccessgranted=yes estimated_crossing_class=2", "41715", "4151620"],
          ["11486444", "47032284", "1198", "62", "1000", "0", "0", "0", "0", "highway=primary surface=asphalt cycleway:both=no route_bicycle_icn=yes", "nodeaccessgranted=yes estimated_crossing_class=2", "41730", "4153181"],
          ["11486668", "47032088", "1200", "28", "1000", "0", "0", "0", "0", "highway=primary surface=asphalt cycleway:both=no route_bicycle_icn=yes", "nodeaccessgranted=yes estimated_crossing_class=2", "41739", "4154076"],
          ["11487841", "47031257", "1208", "130", "1000", "0", "0", "0", "0", "highway=primary surface=asphalt cycleway:both=no route_bicycle_icn=yes", "nodeaccessgranted=yes estimated_crossing_class=1", "41797", "4159848"],
          ["11489477", "47029957", "1217", "191", "1000", "0", "0", "0", "0", "highway=primary surface=asphalt cycleway:both=no route_bicycle_icn=yes", "nodeaccessgranted=yes estimated_crossing_class=1", "41903", "4170481"],
          ["11490628", "47029258", "1218", "117", "1000", "0", "0", "0", "0", "highway=primary surface=asphalt cycleway:both=no route_bicycle_icn=yes", "nodeaccessgranted=yes estimated_crossing_class=1", "41948", "4174920"],
          ["11490781", "47029190", "1218", "14", "1000", "0", "0", "0", "0", "highway=primary surface=asphalt cycleway:both=no route_bicycle_icn=yes", "nodeaccessgranted=yes estimated_crossing_class=1", "41951", "4175260"],
          ["11491027", "47029098", "1218", "21", "1000", "0", "0", "0", "0", "highway=primary surface=asphalt cycleway:both=no route_bicycle_icn=yes", "nodeaccessgranted=yes traffic_sign:direction=backward", "41956", "4175772"],
          ["11494575", "47027841", "1227", "303", "1000", "0", "0", "0", "0", "highway=primary surface=asphalt cycleway:both=no route_bicycle_icn=yes", "nodeaccessgranted=yes estimated_crossing_class=2", "42059", "4186055"],
          ["11500401", "47027068", "1260", "457", "1000", "0", "0", "0", "0", "highway=primary surface=asphalt cycleway:both=no route_bicycle_icn=yes", "nodeaccessgranted=yes estimated_crossing_class=2", "42370", "4217181"],
          ["11502269", "47025243", "1287", "281", "1000", "0", "0", "0", "0", "highway=primary surface=asphalt cycleway:both=no route_bicycle_icn=yes", "nodeaccessgranted=yes estimated_crossing_class=2", "42594", "4239602"],
          ["11502255", "47025140", "1287", "11", "1000", "0", "0", "0", "0", "highway=primary surface=asphalt cycleway:both=no route_bicycle_icn=yes", "nodeaccessgranted=yes estimated_crossing_class=2", "42604", "4240599"],
          ["11502127", "47024462", "1292", "77", "1000", "0", "0", "0", "0", "highway=primary surface=asphalt cycleway:both=no route_bicycle_icn=yes", "nodeaccessgranted=yes estimated_crossing_class=2", "42669", "4247024"],
          ["11501672", "47023731", "1301", "89", "1000", "0", "0", "0", "0", "highway=primary surface=asphalt cycleway:both=no route_bicycle_icn=yes", "nodeaccessgranted=yes estimated_crossing_class=2", "42756", "4255780"],
          ["11501730", "47023245", "1307", "55", "1000", "0", "0", "0", "0", "highway=primary surface=asphalt cycleway:both=no route_bicycle_icn=yes", "nodeaccessgranted=yes estimated_crossing_class=2", "42801", "4260318"],
          ["11503123", "47020869", "1318", "285", "1000", "0", "0", "0", "0", "highway=primary surface=asphalt cycleway:both=no route_bicycle_icn=yes", "nodeaccessgranted=yes estimated_crossing_class=2", "42990", "4279222"],
          ["11506208", "47018667", "1322", "339", "1000", "0", "0", "0", "0", "highway=primary surface=asphalt cycleway:both=no route_bicycle_icn=yes", "nodeaccessgranted=yes estimated_crossing_class=2", "43075", "4287674"],
          ["11506949", "47018230", "1320", "75", "1000", "0", "0", "0", "0", "highway=primary surface=asphalt cycleway:both=no route_bicycle_icn=yes", "nodeaccessgranted=yes estimated_crossing_class=2", "43094", "4289597"],
          ["11506988", "47018208", "1321", "4", "1000", "0", "0", "0", "0", "highway=primary surface=asphalt cycleway:both=no route_bicycle_icn=yes", "nodeaccessgranted=yes estimated_crossing_class=2", "43095", "4289688"],
          ["11507051", "47018173", "1321", "6", "1000", "0", "0", "0", "0", "highway=primary surface=asphalt cycleway:both=no route_bicycle_icn=yes", "nodeaccessgranted=yes estimated_crossing_class=2", "43097", "4289841"],
          ["11508054", "47017675", "1320", "94", "1000", "0", "0", "0", "0", "highway=primary surface=asphalt cycleway:both=no route_bicycle_icn=yes", "nodeaccessgranted=yes estimated_crossing_class=2", "43112", "4291407"],
          ["11508077", "47017664", "1320", "2", "1000", "0", "0", "0", "0", "highway=primary surface=asphalt cycleway:both=no route_bicycle_icn=yes", "nodeaccessgranted=yes estimated_crossing_class=2", "43113", "4291440"],
          ["11509227", "47016563", "1327", "153", "1000", "0", "0", "0", "0", "highway=primary surface=asphalt cycleway:both=no route_bicycle_icn=yes", "nodeaccessgranted=yes barrier=lift_gate access=yes", "43151", "4295247"],
          ["11509233", "47016543", "1328", "2", "1000", "0", "0", "20", "0", "highway=primary surface=asphalt cycleway:both=no route_bicycle_icn=yes", "nodeaccessgranted=yes highway=traffic_signals traffic_signals:direction=backward traffic_signals=ramp_meter", "43151", "4295319"],
          ["11507066", "47013360", "1350", "407", "1000", "0", "0", "0", "0", "highway=primary surface=asphalt cycleway:both=no route_bicycle_icn=yes", "nodeaccessgranted=yes estimated_crossing_class=1", "43375", "4317722"],
          ["11506906", "47011846", "1359", "169", "1000", "0", "0", "0", "0", "highway=primary surface=asphalt cycleway:both=no route_bicycle_icn=yes", "", "43442", "4324390"],
          ["11506932", "47011608", "1359", "27", "1000", "0", "0", "0", "0", "highway=primary surface=asphalt smoothness=excellent cycleway:both=no route_bicycle_icn=yes", "nodeaccessgranted=yes estimated_crossing_class=1", "43461", "4326256"],
          ["11506962", "47011381", "1359", "25", "1000", "0", "0", "0", "0", "highway=primary surface=asphalt smoothness=excellent cycleway:both=no route_bicycle_icn=yes", "nodeaccessgranted=yes estimated_crossing_class=1", "43476", "4327742"],
          ["11506979", "47011152", "1360", "25", "1000", "0", "0", "0", "0", "highway=primary surface=asphalt smoothness=excellent cycleway:both=no route_bicycle_icn=yes", "", "43490", "4329149"],
          ["11506995", "47010942", "1361", "23", "1000", "0", "0", "0", "0", "highway=primary surface=asphalt smoothness=excellent cycleway:both=no oneway=no route_bicycle_icn=yes", "nodeaccessgranted=yes estimated_crossing_class=1", "43502", "4330353"],
          ["11507001", "47008201", "1367", "305", "1000", "0", "0", "0", "0", "highway=primary surface=asphalt smoothness=excellent cycleway:both=no oneway=no route_bicycle_icn=yes", "nodeaccessgranted=yes estimated_crossing_class=1", "43616", "4341776"],
          ["11506831", "47007581", "1368", "70", "1000", "0", "0", "0", "0", "highway=primary surface=asphalt smoothness=excellent cycleway:both=no oneway=no route_bicycle_icn=yes", "nodeaccessgranted=yes estimated_crossing_class=1", "43633", "4343468"],
          ["11506700", "47007399", "1369", "23", "1000", "0", "0", "0", "0", "highway=primary surface=asphalt smoothness=excellent cycleway:both=no oneway=no route_bicycle_icn=yes", "", "43639", "4344047"],
          ["11506671", "47007363", "1369", "5", "1000", "0", "0", "0", "0", "highway=primary surface=asphalt route_bicycle_icn=yes", "", "43640", "4344167"],
          ["11506085", "47006611", "1369", "101", "1000", "0", "0", "0", "0", "highway=primary surface=asphalt oneway=yes cycleway:right=no route_bicycle_icn=yes", "nodeaccessgranted=yes highway=give_way direction=forward", "43665", "4346705"],
          ["11506113", "47006581", "1369", "4", "1000", "0", "0", "0", "0", "highway=primary surface=asphalt oneway=yes cycleway:right=no route_bicycle_icn=yes", "", "43667", "4346844"],
          ["11506068", "47006464", "1369", "14", "1000", "0", "0", "0", "0", "highway=primary surface=asphalt junction=roundabout cycleway:right=no route_bicycle_icn=yes", "", "43671", "4347333"],
          ["11505652", "47006032", "1370", "58", "1000", "0", "0", "0", "0", "highway=primary surface=asphalt oneway=yes cycleway:right=no route_bicycle_icn=yes route_bicycle_rcn=yes", "nodeaccessgranted=yes highway=crossing crossing=zebra kerb=flush", "43682", "4348355"],
          ["11505182", "47005181", "1370", "102", "1000", "0", "0", "0", "0", "highway=primary surface=asphalt oneway=yes cycleway:right=no route_bicycle_icn=yes route_bicycle_rcn=yes", "nodeaccessgranted=yes estimated_crossing_class=1", "43702", "4350384"],
          ["11505128", "47005068", "1370", "13", "1000", "0", "0", "0", "0", "highway=primary surface=asphalt oneway=yes cycleway:right=no route_bicycle_icn=yes route_bicycle_rcn=yes", "nodeaccessgranted=yes highway=crossing crossing=zebra", "43706", "4350831"],
          ["11504859", "47004464", "1370", "70", "1000", "0", "0", "0", "0", "highway=primary surface=asphalt oneway=yes cycleway:right=no route_bicycle_icn=yes route_bicycle_rcn=yes", "nodeaccessgranted=yes estimated_crossing_class=1", "43725", "4352679"],
          ["11504362", "47003361", "1371", "128", "1000", "0", "0", "0", "0", "highway=primary surface=asphalt oneway=yes cycleway:right=no route_bicycle_icn=yes route_bicycle_rcn=yes", "nodeaccessgranted=yes highway=crossing crossing=zebra kerb=flush", "43756", "4355804"],
          ["11504265", "47003080", "1371", "32", "1000", "0", "0", "0", "0", "highway=primary surface=asphalt oneway=yes cycleway:right=no route_bicycle_icn=yes route_bicycle_rcn=yes", "nodeaccessgranted=yes estimated_crossing_class=1", "43763", "4356472"],
          ["11504224", "47002909", "1372", "19", "1000", "0", "0", "0", "0", "highway=primary surface=asphalt oneway=yes cycleway:right=no route_bicycle_icn=yes route_bicycle_rcn=yes", "nodeaccessgranted=yes estimated_crossing_class=1", "43767", "4356929"],
          ["11503764", "47002972", "1376", "36", "1000", "0", "0", "0", "0", "highway=service surface=asphalt oneway=yes route_bicycle_icn=yes route_bicycle_rcn=yes", "", "43779", "4358043"],
          ["11503729", "47002390", "1376", "79", "1000", "0", "0", "0", "0", "highway=service surface=asphalt smoothness=excellent oneway=yes route_bicycle_icn=yes route_bicycle_rcn=yes", "", "43798", "4360034"],
          ["11503650", "47002302", "1376", "11", "1000", "0", "0", "0", "0", "highway=service surface=asphalt bicycle=yes smoothness=good route_bicycle_icn=yes route_bicycle_rcn=yes", "", "43800", "4360222"],
          ["11503607", "47002265", "1376", "5", "1000", "0", "0", "0", "0", "highway=service surface=wood bicycle=yes route_bicycle_icn=yes route_bicycle_rcn=yes", "", "43801", "4360314"],
          ["11503274", "47001949", "1377", "44", "1000", "0", "0", "0", "0", "highway=service surface=asphalt bicycle=yes smoothness=excellent route_bicycle_icn=yes route_bicycle_rcn=yes", "", "43813", "4361462"],
          ["11503047", "47001626", "1377", "40", "1000", "0", "0", "0", "0", "highway=service surface=asphalt bicycle=yes route_bicycle_icn=yes route_bicycle_rcn=yes", "", "43821", "4362243"],
          ["11501216", "46998101", "1368", "421", "1000", "0", "0", "0", "0", "reversedirection=yes highway=cycleway surface=asphalt foot=yes smoothness=excellent route_bicycle_icn=yes route_bicycle_rcn=yes", "", "43884", "4368596"],
          ["11496188", "46989899", "1354", "998", "1000", "0", "0", "0", "0", "highway=cycleway surface=asphalt foot=designated bicycle=designated smoothness=excellent route_bicycle_icn=yes route_bicycle_rcn=yes", "", "44017", "4381934"],
          ["11496156", "46989816", "1354", "10", "1000", "0", "0", "0", "0", "highway=cycleway surface=wood foot=designated bicycle=designated route_bicycle_icn=yes route_bicycle_rcn=yes", "", "44018", "4382029"],
          ["11495652", "46988528", "1349", "148", "1000", "0", "0", "0", "0", "highway=cycleway surface=asphalt foot=designated bicycle=designated route_bicycle_icn=yes route_bicycle_rcn=yes", "", "44032", "4383377"],
          ["11495635", "46988481", "1349", "5", "1000", "0", "0", "0", "0", "highway=cycleway surface=wood foot=designated bicycle=designated route_bicycle_icn=yes route_bicycle_rcn=yes", "", "44032", "4383428"],
          ["11482268", "46977732", "1318", "1688", "1000", "561", "0", "0", "0", "reversedirection=yes highway=cycleway surface=asphalt foot=designated bicycle=designated smoothness=excellent route_bicycle_icn=yes route_bicycle_rcn=yes", "", "44224", "4402402"],
          ["11481661", "46976617", "1321", "132", "1000", "0", "0", "0", "0", "reversedirection=yes highway=cycleway surface=asphalt foot=designated bicycle=designated oneway=no route_bicycle_icn=yes route_bicycle_rcn=yes", "", "44240", "4403946"],
          ["11480413", "46975849", "1316", "130", "1000", "0", "0", "0", "0", "reversedirection=yes highway=cycleway surface=asphalt foot=designated bicycle=designated smoothness=excellent route_bicycle_icn=yes route_bicycle_rcn=yes", "", "44266", "4406605"],
          ["11480228", "46975781", "1313", "16", "1000", "0", "0", "0", "0", "reversedirection=yes highway=cycleway surface=asphalt foot=designated bicycle=designated route_bicycle_icn=yes route_bicycle_rcn=yes", "", "44268", "4406769"],
          ["11475723", "46973296", "1303", "449", "1000", "21", "0", "0", "0", "reversedirection=yes highway=cycleway surface=asphalt foot=designated bicycle=designated smoothness=excellent route_bicycle_icn=yes route_bicycle_rcn=yes", "", "44316", "4411536"],
          ["11464621", "46964395", "1292", "1301", "1000", "0", "0", "0", "0", "highway=cycleway surface=asphalt foot=yes route_bicycle_icn=yes route_bicycle_rcn=yes", "", "44485", "4428495"],
          ["11464471", "46964279", "1291", "17", "1000", "0", "0", "0", "0", "highway=cycleway surface=asphalt foot=designated bicycle=designated route_bicycle_icn=yes route_bicycle_rcn=yes", "", "44488", "4428727"],
          ["11444014", "46944952", "1238", "2759", "1000", "1877", "0", "0", "0", "highway=cycleway surface=asphalt foot=yes route_bicycle_icn=yes route_bicycle_rcn=yes", "nodeaccessgranted=yes highway=give_way direction=forward", "44838", "4461464"],
          ["11443922", "46944929", "1238", "7", "1000", "0", "0", "0", "0", "highway=cycleway surface=asphalt foot=yes route_bicycle_icn=yes route_bicycle_rcn=yes", "nodeaccessgranted=yes highway=crossing", "44839", "4461581"],
          ["11444566", "46944433", "1213", "423", "1350", "778", "222", "0", "0", "reversedirection=yes highway=unclassified surface=asphalt", "", "44875", "4463375"],
          ["11440984", "46944031", "1187", "313", "1350", "1312", "59", "0", "0", "highway=unclassified surface=asphalt smoothness=intermediate cycleway:both=no", "", "44901", "4463427"],
          ["11426210", "46944652", "1093", "1268", "1350", "4410", "174", "0", "0", "highway=unclassified surface=asphalt", "", "45002", "4463998"],
          ["11426238", "46944621", "1093", "4", "1000", "11", "0", "0", "0", "reversedirection=yes highway=cycleway surface=asphalt foot=designated bicycle=designated route_bicycle_icn=yes route_bicycle_rcn=yes", "nodeaccessgranted=yes highway=give_way direction=forward", "45003", "4463998"],
          ["11438893", "46940397", "1066", "1089", "1000", "679", "0", "0", "0", "reversedirection=yes highway=cycleway surface=asphalt foot=designated bicycle=designated route_bicycle_icn=yes route_bicycle_rcn=yes", "", "45109", "4473415"],
          ["11440598", "46939560", "1065", "171", "1000", "15", "0", "0", "0", "reversedirection=yes highway=service surface=asphalt bicycle=designated oneway=no route_bicycle_icn=yes route_bicycle_rcn=yes", "", "45130", "4475506"],
          ["11443098", "46938925", "1080", "250", "1000", "0", "0", "0", "0", "highway=cycleway surface=asphalt foot=designated bicycle=designated route_bicycle_icn=yes route_bicycle_rcn=yes", "", "45220", "4484578"],
          ["11443154", "46938882", "1080", "6", "1000", "0", "0", "0", "0", "reversedirection=yes highway=residential surface=asphalt route_bicycle_icn=yes route_bicycle_rcn=yes", "nodeaccessgranted=yes highway=stop direction=backward", "45222", "4484754"],
          ["11443982", "46938791", "1084", "77", "1000", "0", "0", "0", "0", "reversedirection=yes highway=residential surface=asphalt route_bicycle_icn=yes route_bicycle_rcn=yes", "", "45251", "4487686"],
          ["11444333", "46938863", "1086", "28", "1000", "0", "0", "0", "0", "highway=residential surface=asphalt foot=yes bicycle=yes oneway=no route_bicycle_icn=yes route_bicycle_rcn=yes", "", "45266", "4489099"],
          ["11444750", "46938308", "1083", "72", "1000", "0", "0", "0", "0", "reversedirection=yes highway=residential surface=asphalt bicycle=yes smoothness=good oneway=yes oneway:bicycle=no route_bicycle_icn=yes route_bicycle_rcn=yes", "", "45283", "4490870"],
          ["11444773", "46938287", "1083", "3", "1000", "0", "0", "0", "0", "reversedirection=yes highway=residential surface=asphalt bicycle=yes route_bicycle_icn=yes route_bicycle_rcn=yes", "nodeaccessgranted=yes highway=stop direction=backward", "45284", "4490925"],
          ["11444801", "46938240", "1083", "6", "1000", "0", "0", "0", "0", "reversedirection=yes highway=residential surface=asphalt bicycle=yes route_bicycle_icn=yes route_bicycle_rcn=yes", "nodeaccessgranted=yes estimated_crossing_class=1", "45285", "4491026"],
          ["11444959", "46938269", "1084", "12", "1000", "0", "0", "0", "0", "reversedirection=yes highway=primary surface=asphalt smoothness=excellent oneway=no route_bicycle_icn=yes route_bicycle_rcn=yes", "nodeaccessgranted=yes highway=milestone", "45287", "4491273"],
          ["11444979", "46938272", "1084", "2", "1000", "0", "0", "0", "0", "reversedirection=yes highway=primary surface=asphalt smoothness=excellent oneway=no route_bicycle_icn=yes route_bicycle_rcn=yes", "nodeaccessgranted=yes estimated_crossing_class=1", "45288", "4491316"],
          ["11445008", "46938237", "1083", "4", "1000", "0", "0", "0", "0", "highway=residential surface=sett smoothness=intermediate route_bicycle_icn=yes route_bicycle_rcn=yes", "nodeaccessgranted=yes highway=stop direction=backward", "45288", "4491391"],
          ["11445097", "46938125", "1083", "14", "1000", "0", "0", "0", "0", "highway=residential surface=sett smoothness=intermediate route_bicycle_icn=yes route_bicycle_rcn=yes", "", "45293", "4491875"],
          ["11446013", "46935458", "1078", "307", "1000", "0", "0", "0", "0", "highway=residential surface=asphalt route_bicycle_icn=yes route_bicycle_rcn=yes", "", "45351", "4497660"],
          ["11448356", "46932948", "1072", "339", "1000", "0", "0", "0", "0", "highway=path surface=asphalt foot=designated bicycle=designated smoothness=excellent route_bicycle_icn=yes route_bicycle_rcn=yes", "nodeaccessgranted=yes highway=give_way direction=forward", "45400", "4502548"],
          ["11448380", "46932911", "1071", "5", "1000", "0", "0", "0", "0", "highway=path surface=asphalt foot=designated bicycle=designated smoothness=excellent route_bicycle_icn=yes route_bicycle_rcn=yes", "", "45400", "4502593"],
          ["11449107", "46933152", "1067", "63", "1000", "0", "0", "0", "0", "reversedirection=yes highway=unclassified surface=asphalt bicycle=designated smoothness=good oneway=no route_bicycle_icn=yes route_bicycle_rcn=yes", "", "45406", "4502987"],
          ["11449209", "46933155", "1066", "8", "1000", "24", "0", "0", "0", "reversedirection=yes highway=unclassified surface=asphalt bicycle=designated route_bicycle_icn=yes route_bicycle_rcn=yes", "", "45406", "4502987"],
          ["11449292", "46933120", "1066", "7", "1000", "0", "0", "0", "0", "reversedirection=yes highway=service surface=asphalt bicycle=designated smoothness=good route_bicycle_icn=yes route_bicycle_rcn=yes", "nodeaccessgranted=yes highway=give_way direction=forward", "45407", "4502997"],
          ["11449681", "46932186", "1055", "108", "1000", "539", "0", "0", "0", "reversedirection=yes highway=service surface=asphalt bicycle=designated smoothness=good route_bicycle_icn=yes route_bicycle_rcn=yes", "nodeaccessgranted=yes barrier=bollard bicycle=yes foot=yes", "45415", "4502997"],
          ["11448498", "46924510", "1040", "890", "1000", "411", "0", "0", "0", "reversedirection=yes highway=cycleway surface=asphalt foot=yes smoothness=excellent route_bicycle_icn=yes route_bicycle_rcn=yes", "nodeaccessgranted=yes barrier=bollard bicycle=yes foot=yes", "45511", "4511444"],
          ["11448510", "46924356", "1042", "17", "1000", "0", "0", "0", "0", "reversedirection=yes highway=cycleway surface=asphalt foot=yes smoothness=excellent route_bicycle_icn=yes route_bicycle_rcn=yes", "", "45514", "4511693"],
          ["11448650", "46923095", "1057", "143", "1000", "0", "0", "0", "0", "reversedirection=yes highway=service surface=asphalt route_bicycle_icn=yes route_bicycle_rcn=yes", "", "45581", "4518464"],
          ["11450177", "46922619", "1069", "137", "1000", "0", "0", "0", "0", "reversedirection=yes highway=service surface=asphalt smoothness=excellent route_bicycle_icn=yes route_bicycle_rcn=yes", "", "45691", "4529407"],
          ["11450389", "46921827", "1061", "139", "1000", "0", "0", "0", "0", "reversedirection=yes highway=residential surface=asphalt route_bicycle_icn=yes route_bicycle_rcn=yes", "nodeaccessgranted=yes highway=turning_circle", "45731", "4533474"],
          ["11446896", "46918901", "1018", "458", "1000", "1933", "0", "0", "0", "reversedirection=yes highway=residential surface=asphalt route_bicycle_icn=yes route_bicycle_rcn=yes", "nodeaccessgranted=yes direction=backward", "45770", "4534345"],
          ["11446783", "46918525", "1017", "43", "1000", "51", "0", "0", "0", "reversedirection=yes highway=residential surface=asphalt route_bicycle_icn=yes route_bicycle_rcn=yes", "nodeaccessgranted=yes direction=forward", "45774", "4534345"],
          ["11446223", "46918049", "1012", "79", "1000", "235", "0", "0", "0", "reversedirection=yes highway=residential surface=asphalt route_bicycle_icn=yes route_bicycle_rcn=yes", "", "45780", "4534345"],
          ["11446078", "46918075", "1011", "11", "1000", "0", "0", "0", "0", "reversedirection=yes highway=unclassified surface=asphalt route_bicycle_icn=yes route_bicycle_rcn=yes", "", "45781", "4534345"],
          ["11445293", "46917017", "996", "150", "1000", "803", "0", "0", "0", "reversedirection=yes highway=unclassified surface=asphalt smoothness=good route_bicycle_icn=yes route_bicycle_rcn=yes", "nodeaccessgranted=yes highway=passing_place", "45793", "4534345"],
          ["11444402", "46916487", "986", "92", "1000", "484", "0", "0", "0", "reversedirection=yes highway=unclassified surface=asphalt smoothness=good route_bicycle_icn=yes route_bicycle_rcn=yes", "", "45800", "4534345"],
          ["11443083", "46914480", "978", "259", "1000", "295", "0", "0", "0", "highway=cycleway surface=asphalt foot=yes smoothness=excellent route_bicycle_icn=yes route_bicycle_rcn=yes", "", "45821", "4534982"],
          ["11442904", "46914471", "977", "14", "1000", "0", "0", "0", "0", "highway=service surface=asphalt bicycle=yes smoothness=intermediate route_bicycle_icn=yes route_bicycle_rcn=yes", "", "45822", "4535097"],
          ["11442700", "46914495", "977", "16", "1000", "0", "0", "0", "0", "reversedirection=yes highway=service surface=asphalt bicycle=yes route_bicycle_icn=yes route_bicycle_rcn=yes", "", "45824", "4535238"],
          ["11442588", "46914496", "978", "9", "1000", "0", "0", "0", "0", "reversedirection=yes highway=service surface=asphalt bicycle=yes smoothness=excellent route_bicycle_icn=yes route_bicycle_rcn=yes", "", "45825", "4535328"],
          ["11439468", "46913246", "972", "279", "1000", "39", "0", "0", "0", "reversedirection=yes highway=cycleway surface=asphalt foot=yes smoothness=good route_bicycle_icn=yes route_bicycle_rcn=yes", "", "45855", "4538323"],
          ["11437876", "46912105", "973", "184", "1000", "21", "0", "0", "0", "reversedirection=yes highway=cycleway surface=asphalt foot=yes smoothness=excellent route_bicycle_icn=yes route_bicycle_rcn=yes", "", "45878", "4540657"],
          ["11437808", "46912045", "974", "8", "1000", "0", "0", "0", "0", "reversedirection=yes highway=cycleway surface=wood foot=yes route_bicycle_icn=yes route_bicycle_rcn=yes", "", "45879", "4540757"],
          ["11431631", "46907195", "967", "727", "1000", "0", "0", "0", "0", "reversedirection=yes highway=cycleway surface=asphalt foot=yes smoothness=good route_bicycle_icn=yes route_bicycle_rcn=yes", "", "45983", "4551191"],
          ["11431564", "46907137", "967", "8", "1000", "0", "0", "0", "0", "reversedirection=yes highway=cycleway surface=wood foot=yes route_bicycle_icn=yes route_bicycle_rcn=yes", "", "45984", "4551301"],
          ["11431064", "46906592", "965", "72", "1000", "0", "0", "0", "0", "reversedirection=yes highway=cycleway surface=asphalt foot=yes route_bicycle_icn=yes route_bicycle_rcn=yes", "nodeaccessgranted=yes highway=crossing", "45993", "4552168"],
          ["11429333", "46903924", "959", "361", "1000", "0", "0", "0", "0", "reversedirection=yes highway=cycleway surface=asphalt foot=yes route_bicycle_icn=yes route_bicycle_rcn=yes", "", "46042", "4557092"],
          ["11429106", "46903436", "960", "58", "1000", "0", "0", "0", "0", "highway=service surface=asphalt bicycle=designated route_bicycle_icn=yes route_bicycle_rcn=yes", "", "46049", "4557795"],
          ["11430050", "46903336", "957", "82", "1000", "0", "0", "0", "0", "highway=service surface=asphalt bicycle=designated smoothness=intermediate route_bicycle_icn=yes route_bicycle_rcn=yes", "", "46058", "4558704"],
          ["11429929", "46901835", "960", "169", "1000", "0", "0", "0", "0", "highway=path surface=asphalt foot=designated bicycle=designated smoothness=good route_bicycle_icn=yes route_bicycle_rcn=yes", "", "46082", "4561018"],
          ["11429898", "46901676", "960", "18", "1000", "0", "0", "0", "0", "highway=residential surface=asphalt smoothness=excellent route_bicycle_icn=yes route_bicycle_rcn=yes", "", "46085", "4561351"],
          ["11432117", "46896436", "947", "615", "1000", "0", "0", "0", "0", "reversedirection=yes highway=pedestrian surface=sett bicycle=yes smoothness=intermediate route_bicycle_icn=yes", "nodeaccessgranted=yes highway=stop direction=backward", "46159", "4568756"],
          ["11432119", "46896425", "947", "1", "1000", "0", "0", "0", "0", "reversedirection=yes highway=pedestrian surface=sett bicycle=yes smoothness=intermediate route_bicycle_icn=yes", "", "46159", "4568771"],
          ["11432138", "46896365", "946", "7", "1000", "0", "0", "0", "0", "reversedirection=yes highway=pedestrian surface=paving_stones bicycle=yes route_bicycle_icn=yes", "", "46160", "4568871"],
          ["11432180", "46896159", "946", "23", "1000", "0", "0", "0", "0", "reversedirection=yes highway=residential surface=asphalt oneway=yes cycleway:left=lane route_bicycle_icn=yes route_bicycle_rcn=yes cycleway:left:oneway=no", "nodeaccessgranted=yes highway=crossing crossing=uncontrolled", "46163", "4569174"],
          ["11432621", "46894951", "945", "138", "1000", "0", "0", "0", "0", "reversedirection=yes highway=residential surface=asphalt oneway=yes oneway:bicycle=no cycleway:left=lane route_bicycle_icn=yes route_bicycle_rcn=yes cycleway:left:oneway=no", "nodeaccessgranted=yes highway=crossing crossing=uncontrolled", "46182", "4571072"],
          ["11432740", "46894029", "945", "104", "1000", "0", "0", "0", "0", "reversedirection=yes highway=residential surface=asphalt oneway=yes oneway:bicycle=no cycleway:left=lane route_bicycle_icn=yes route_bicycle_rcn=yes cycleway:left:oneway=no", "nodeaccessgranted=yes highway=crossing crossing=uncontrolled", "46197", "4572567"],
          ["11432811", "46893913", "945", "14", "1000", "0", "0", "0", "0", "reversedirection=yes highway=residential surface=asphalt oneway=yes oneway:bicycle=no cycleway:left=lane route_bicycle_icn=yes route_bicycle_rcn=yes cycleway:left:oneway=no", "nodeaccessgranted=yes highway=crossing crossing=uncontrolled", "46199", "4572781"],
          ["11433019", "46893621", "945", "36", "1000", "0", "0", "0", "0", "reversedirection=yes highway=residential surface=asphalt oneway=yes oneway:bicycle=no cycleway:left=lane route_bicycle_icn=yes route_bicycle_rcn=yes cycleway:left:oneway=no", "nodeaccessgranted=yes highway=crossing crossing=uncontrolled", "46205", "4573343"],
          ["11433227", "46893337", "944", "35", "1000", "0", "0", "0", "0", "reversedirection=yes highway=residential surface=asphalt oneway=yes oneway:bicycle=no cycleway:left=lane route_bicycle_icn=yes route_bicycle_rcn=yes cycleway:left:oneway=no", "nodeaccessgranted=yes highway=crossing crossing=uncontrolled", "46210", "4573844"],
          ["11433373", "46893071", "944", "32", "1000", "0", "0", "0", "0", "reversedirection=yes highway=residential surface=asphalt oneway=yes oneway:bicycle=no cycleway:left=lane route_bicycle_icn=yes route_bicycle_rcn=yes cycleway:left:oneway=no", "", "46214", "4574276"],
          ["11433591", "46892815", "944", "34", "1000", "0", "0", "0", "0", "reversedirection=yes highway=residential surface=asphalt cycleway:left=lane route_bicycle_icn=yes route_bicycle_rcn=yes cycleway:left:oneway=no", "", "46219", "4574762"],
          ["11433579", "46892772", "944", "5", "1000", "0", "0", "0", "0", "reversedirection=yes highway=residential surface=asphalt oneway=yes oneway:bicycle=no cycleway:left=lane route_bicycle_icn=yes route_bicycle_rcn=yes cycleway:left:oneway=no", "nodeaccessgranted=yes highway=stop direction=forward", "46220", "4574836"],
          ["11433786", "46892368", "943", "48", "1000", "0", "0", "0", "0", "reversedirection=yes highway=residential surface=asphalt oneway=yes oneway:bicycle=no cycleway:left=lane route_bicycle_icn=yes route_bicycle_rcn=yes cycleway:left:oneway=no", "nodeaccessgranted=yes highway=crossing crossing=uncontrolled bicycle=yes", "46227", "4575542"],
          ["11433557", "46891357", "942", "120", "1000", "0", "0", "0", "0", "reversedirection=yes highway=residential surface=asphalt oneway=yes oneway:bicycle=no cycleway:left=lane route_bicycle_icn=yes route_bicycle_rcn=yes cycleway:left:oneway=no", "nodeaccessgranted=yes highway=crossing crossing=marked", "46244", "4577228"],
          ["11433605", "46891323", "942", "5", "1000", "0", "0", "0", "0", "reversedirection=yes highway=cycleway surface=asphalt foot=yes route_bicycle_icn=yes route_bicycle_rcn=yes", "nodeaccessgranted=yes highway=stop direction=forward", "46244", "4577299"],
          ["11434369", "46890127", "941", "150", "1000", "0", "0", "0", "0", "reversedirection=yes highway=cycleway surface=asphalt foot=yes route_bicycle_icn=yes route_bicycle_rcn=yes", "", "46265", "4579329"],
          ["11434785", "46889433", "940", "86", "1000", "0", "0", "0", "0", "highway=cycleway surface=asphalt foot=yes route_bicycle_icn=yes route_bicycle_rcn=yes", "", "46276", "4580509"],
          ["11436828", "46885528", "940", "462", "1000", "0", "0", "0", "0", "highway=service surface=asphalt bicycle=yes route_bicycle_icn=yes route_bicycle_rcn=yes", "", "46341", "4587011"],
          ["11447979", "46881218", "937", "997", "1000", "0", "0", "0", "0", "highway=cycleway surface=asphalt foot=yes route_bicycle_icn=yes route_bicycle_rcn=yes", "", "46499", "4602764"],
          ["11447884", "46881091", "936", "16", "1000", "0", "0", "0", "0", "highway=cycleway surface=wood foot=yes route_bicycle_icn=yes route_bicycle_rcn=yes", "", "46501", "4602954"],
          ["11471293", "46872774", "931", "2017", "1000", "0", "0", "0", "0", "highway=cycleway surface=asphalt foot=yes route_bicycle_icn=yes route_bicycle_rcn=yes", "", "46825", "4635329"],
          ["11471367", "46872748", "931", "6", "1000", "0", "0", "0", "0", "highway=cycleway surface=wood foot=yes route_bicycle_icn=yes route_bicycle_rcn=yes", "", "46834", "4635483"],
          ["11480730", "46869666", "932", "792", "1000", "0", "0", "0", "0", "highway=cycleway surface=asphalt foot=yes route_bicycle_icn=yes route_bicycle_rcn=yes", "", "46960", "4648083"],
          ["11481437", "46869718", "929", "69", "1000", "0", "0", "0", "0", "highway=unclassified surface=asphalt route_bicycle_icn=yes route_bicycle_rcn=yes", "", "46970", "4649082"],
          ["11481546", "46869948", "931", "27", "1000", "0", "0", "0", "0", "highway=unclassified surface=wood route_bicycle_icn=yes route_bicycle_rcn=yes", "", "46974", "4649495"],
          ["11481640", "46870059", "932", "14", "1000", "0", "0", "0", "0", "highway=unclassified surface=asphalt route_bicycle_icn=yes route_bicycle_rcn=yes", "nodeaccessgranted=yes highway=stop direction=forward", "46976", "4649752"],
          ["11478788", "46867163", "958", "527", "1000", "0", "0", "0", "0", "highway=unclassified surface=asphalt route_bicycle_icn=yes route_bicycle_rcn=yes", "", "47194", "4671531"],
          ["11479928", "46863951", "971", "409", "1000", "0", "0", "0", "0", "highway=residential surface=asphalt route_bicycle_icn=yes route_bicycle_rcn=yes", "", "47375", "4689658"],
          ["11502377", "46855335", "975", "2289", "1000", "694", "0", "0", "0", "highway=unclassified surface=asphalt route_bicycle_icn=yes route_bicycle_rcn=yes", "", "47946", "4745637"],
          ["11504012", "46852905", "974", "407", "1000", "0", "0", "0", "0", "reversedirection=yes highway=unclassified surface=asphalt route_bicycle_icn=yes route_bicycle_rcn=yes", "nodeaccessgranted=yes highway=bus_stop", "48046", "4755704"],
          ["11515228", "46848109", "901", "1149", "1000", "2805", "0", "0", "0", "reversedirection=yes highway=unclassified surface=asphalt route_bicycle_icn=yes route_bicycle_rcn=yes", "", "48160", "4760385"],
          ["11518536", "46845939", "903", "358", "1000", "215", "0", "0", "0", "reversedirection=yes highway=track surface=asphalt tracktype=grade1 bicycle=yes route_bicycle_icn=yes route_bicycle_rcn=yes", "", "48212", "4765472"],
          ["11518676", "46845930", "903", "11", "1000", "0", "0", "0", "0", "reversedirection=yes highway=track surface=wood tracktype=grade1 bicycle=yes route_bicycle_icn=yes route_bicycle_rcn=yes", "", "48214", "4765732"],
          ["11523651", "46842134", "873", "608", "1000", "876", "0", "0", "0", "reversedirection=yes highway=track surface=asphalt tracktype=grade1 bicycle=yes route_bicycle_icn=yes route_bicycle_rcn=yes", "nodeaccessgranted=yes highway=stop direction=backward", "48280", "4770440"],
          ["11524064", "46841423", "872", "88", "1000", "0", "0", "0", "0", "reversedirection=yes highway=track surface=asphalt tracktype=grade1 bicycle=yes route_bicycle_icn=yes route_bicycle_rcn=yes", "nodeaccessgranted=yes highway=passing_place", "48291", "4771509"],
          ["11524842", "46840531", "870", "118", "1000", "0", "0", "0", "0", "reversedirection=yes highway=track surface=asphalt tracktype=grade1 bicycle=yes route_bicycle_icn=yes route_bicycle_rcn=yes", "nodeaccessgranted=yes highway=passing_place", "48305", "4772923"],
          ["11525435", "46839283", "870", "148", "1000", "0", "0", "0", "0", "reversedirection=yes highway=track surface=asphalt tracktype=grade1 bicycle=yes route_bicycle_icn=yes route_bicycle_rcn=yes", "nodeaccessgranted=yes highway=passing_place", "48321", "4774538"],
          ["11526230", "46838223", "868", "134", "1000", "0", "0", "0", "0", "reversedirection=yes highway=track surface=asphalt tracktype=grade1 bicycle=yes route_bicycle_icn=yes route_bicycle_rcn=yes", "nodeaccessgranted=yes highway=passing_place", "48341", "4776560"],
          ["11526846", "46837094", "867", "135", "1000", "0", "0", "0", "0", "reversedirection=yes highway=track surface=asphalt tracktype=grade1 bicycle=yes route_bicycle_icn=yes route_bicycle_rcn=yes", "nodeaccessgranted=yes highway=passing_place", "48359", "4778347"],
          ["11535074", "46825958", "862", "1488", "1000", "0", "0", "0", "0", "reversedirection=yes highway=track surface=asphalt tracktype=grade1 bicycle=yes route_bicycle_icn=yes route_bicycle_rcn=yes", "", "48581", "4800587"],
          ["11534833", "46820133", "848", "674", "1000", "394", "0", "0", "0", "highway=track surface=asphalt tracktype=grade1 bicycle=yes route_bicycle_icn=yes route_bicycle_rcn=yes", "", "48673", "4809605"],
          ["11536526", "46818321", "842", "250", "1000", "0", "0", "0", "0", "highway=residential surface=asphalt route_bicycle_icn=yes route_bicycle_rcn=yes", "", "48718", "4814117"],
          ["11537090", "46817500", "842", "108", "1000", "0", "0", "0", "0", "highway=service surface=asphalt tracktype=grade1 route_bicycle_icn=yes route_bicycle_rcn=yes", "", "48731", "4815446"],
          ["11544041", "46813555", "837", "834", "1000", "0", "0", "0", "0", "highway=path surface=asphalt foot=designated bicycle=designated route_bicycle_icn=yes route_bicycle_rcn=yes", "", "48848", "4827116"],
          ["11571733", "46806248", "806", "2349", "1000", "28", "0", "0", "0", "highway=track surface=asphalt tracktype=grade1 bicycle=yes route_bicycle_icn=yes route_bicycle_rcn=yes", "", "49162", "4858389"],
          ["11572932", "46806408", "804", "138", "1000", "0", "0", "0", "0", "highway=unclassified surface=asphalt route_bicycle_icn=yes route_bicycle_rcn=yes", "", "49178", "4860002"],
          ["11574574", "46807932", "801", "213", "1000", "0", "0", "0", "0", "highway=residential surface=asphalt route_bicycle_icn=yes route_bicycle_rcn=yes", "", "49203", "4862540"],
          ["11598279", "46798322", "765", "2169", "1000", "379", "0", "0", "0", "highway=cycleway surface=asphalt foot=yes route_bicycle_icn=yes route_bicycle_rcn=yes", "", "49483", "4890568"],
          ["11598387", "46798291", "765", "9", "1000", "15", "0", "0", "0", "highway=cycleway surface=wood foot=yes route_bicycle_icn=yes route_bicycle_rcn=yes", "", "49484", "4890651"],
          ["11599562", "46798111", "765", "93", "1000", "0", "0", "0", "0", "highway=cycleway surface=asphalt foot=yes route_bicycle_icn=yes route_bicycle_rcn=yes", "nodeaccessgranted=yes highway=stop direction=forward", "49495", "4891751"],
          ["11599612", "46798144", "766", "5", "1000", "0", "0", "0", "0", "highway=cycleway surface=asphalt foot=yes route_bicycle_icn=yes route_bicycle_rcn=yes", "nodeaccessgranted=yes highway=crossing estimated_crossing_class=0 crossing=uncontrolled", "49496", "4891798"],
          ["11599901", "46798080", "764", "23", "1000", "0", "0", "0", "0", "highway=primary surface=asphalt cycleway:both=no oneway=no route_bicycle_icn=yes route_bicycle_rcn=yes", "nodeaccessgranted=yes estimated_crossing_class=2", "49498", "4892035"],
          ["11600576", "46797860", "761", "58", "1000", "48", "0", "0", "0", "highway=primary surface=asphalt cycleway:both=no oneway=no route_bicycle_icn=yes route_bicycle_rcn=yes", "nodeaccessgranted=yes estimated_crossing_class=2", "49503", "4892564"],
          ["11600643", "46797836", "761", "6", "1000", "0", "0", "0", "0", "highway=primary surface=asphalt cycleway:both=no oneway=no route_bicycle_icn=yes route_bicycle_rcn=yes", "nodeaccessgranted=yes highway=milestone", "49504", "4892624"],
          ["11601609", "46797385", "757", "90", "1000", "152", "0", "0", "0", "highway=primary surface=asphalt cycleway:both=no oneway=no route_bicycle_icn=yes route_bicycle_rcn=yes", "nodeaccessgranted=yes estimated_crossing_class=2", "49512", "4893401"],
          ["11602466", "46797137", "757", "71", "1000", "0", "0", "0", "0", "highway=primary surface=asphalt cycleway:both=no oneway=no route_bicycle_icn=yes route_bicycle_rcn=yes", "nodeaccessgranted=yes estimated_crossing_class=2", "49519", "4894087"],
          ["11603711", "46796853", "756", "100", "1000", "0", "0", "0", "0", "highway=primary surface=asphalt cycleway:both=no oneway=no route_bicycle_icn=yes route_bicycle_rcn=yes", "nodeaccessgranted=yes estimated_crossing_class=2", "49530", "4895182"],
          ["11604298", "46796721", "756", "47", "1000", "0", "0", "0", "0", "highway=primary surface=asphalt cycleway:both=no oneway=no route_bicycle_icn=yes route_bicycle_rcn=yes", "nodeaccessgranted=yes highway=crossing estimated_crossing_class=0 crossing=uncontrolled", "49536", "4895875"],
          ["11607789", "46793292", "751", "478", "1000", "0", "0", "0", "0", "highway=cycleway surface=asphalt foot=yes route_bicycle_icn=yes route_bicycle_rcn=yes", "", "49601", "4902338"],
          ["11609598", "46791623", "742", "255", "1000", "43", "0", "0", "0", "highway=cycleway surface=asphalt foot=yes smoothness=intermediate route_bicycle_icn=yes route_bicycle_rcn=yes", "", "49625", "4904576"],
          ["11609373", "46791383", "742", "32", "1000", "0", "0", "0", "0", "highway=cycleway surface=wood foot=yes route_bicycle_icn=yes route_bicycle_rcn=yes", "", "49628", "4904946"],
          ["11609159", "46791143", "746", "31", "1000", "0", "0", "0", "0", "highway=cycleway surface=asphalt foot=yes smoothness=good route_bicycle_icn=yes route_bicycle_rcn=yes", "", "49633", "4905427"],
          ["11609884", "46789982", "746", "140", "1000", "0", "0", "0", "0", "highway=service surface=asphalt smoothness=intermediate route_bicycle_icn=yes route_bicycle_rcn=yes", "", "49657", "4907783"],
          ["11610536", "46789078", "747", "114", "1000", "0", "0", "0", "0", "highway=service surface=asphalt smoothness=good route_bicycle_icn=yes route_bicycle_rcn=yes", "nodeaccessgranted=yes highway=crossing crossing=uncontrolled", "49676", "4909727"],
          ["11610571", "46789006", "746", "8", "1000", "0", "0", "0", "0", "highway=service surface=asphalt smoothness=good route_bicycle_icn=yes route_bicycle_rcn=yes", "", "49677", "4909861"],
          ["11610578", "46788911", "746", "12", "1000", "0", "0", "0", "0", "highway=service surface=asphalt smoothness=good junction=roundabout route_bicycle_icn=yes route_bicycle_rcn=yes", "", "49679", "4910070"],
          ["11610591", "46788815", "747", "12", "1000", "0", "0", "0", "0", "highway=service surface=asphalt smoothness=good route_bicycle_icn=yes route_bicycle_rcn=yes", "nodeaccessgranted=yes highway=crossing crossing=uncontrolled", "49682", "4910283"],
          ["11610746", "46788558", "747", "31", "1000", "0", "0", "0", "0", "highway=service surface=asphalt smoothness=good route_bicycle_icn=yes route_bicycle_rcn=yes", "", "49687", "4910862"],
          ["11611499", "46787521", "746", "130", "1000", "0", "0", "0", "0", "highway=cycleway surface=asphalt smoothness=good route_bicycle_icn=yes route_bicycle_rcn=yes", "", "49709", "4912991"],
          ["11612415", "46785901", "742", "194", "1000", "0", "0", "0", "0", "highway=cycleway surface=asphalt foot=yes smoothness=good route_bicycle_icn=yes route_bicycle_rcn=yes", "nodeaccessgranted=yes barrier=cycle_barrier bicycle=yes foot=yes", "49733", "4915446"],
          ["11612435", "46785864", "742", "4", "1000", "0", "0", "0", "0", "highway=cycleway surface=asphalt foot=yes smoothness=good route_bicycle_icn=yes route_bicycle_rcn=yes", "nodeaccessgranted=yes highway=crossing", "49734", "4915488"],
          ["11614240", "46784397", "728", "238", "1000", "150", "0", "0", "0", "highway=cycleway surface=asphalt foot=designated bicycle=designated route_bicycle_icn=yes route_bicycle_rcn=yes", "", "49755", "4917252"],
          ["11616288", "46782881", "729", "231", "1000", "19", "0", "0", "0", "highway=cycleway surface=asphalt foot=yes smoothness=good route_bicycle_icn=yes route_bicycle_rcn=yes", "", "49778", "4919515"],
          ["11616387", "46782806", "727", "11", "1000", "0", "0", "0", "0", "highway=cycleway surface=wood foot=yes smoothness=good route_bicycle_icn=yes route_bicycle_rcn=yes", "", "49780", "4919636"],
          ["11624154", "46778173", "738", "791", "1000", "0", "0", "0", "0", "highway=cycleway surface=asphalt foot=yes smoothness=good route_bicycle_icn=yes route_bicycle_rcn=yes", "", "49962", "4937871"],
          ["11625170", "46778115", "735", "79", "1000", "0", "0", "0", "0", "highway=service surface=asphalt bicycle=yes smoothness=good oneway=no route_bicycle_icn=yes route_bicycle_rcn=yes", "", "49974", "4939126"],
          ["11627699", "46776772", "739", "256", "1000", "0", "0", "0", "0", "highway=footway surface=asphalt bicycle=permissive smoothness=good route_bicycle_icn=yes route_bicycle_rcn=yes", "", "50033", "4945009"],
          ["11627793", "46776825", "737", "9", "1000", "0", "0", "0", "0", "highway=footway surface=asphalt foot=designated bicycle=designated route_bicycle_icn=yes route_bicycle_rcn=yes", "nodeaccessgranted=yes highway=crossing estimated_crossing_class=1 crossing=uncontrolled bicycle=yes", "50034", "4945114"],
          ["11627879", "46776874", "737", "9", "1000", "0", "0", "0", "0", "highway=service surface=asphalt bicycle=yes route_bicycle_icn=yes route_bicycle_rcn=yes", "", "50035", "4945222"],
          ["11628931", "46776497", "734", "99", "1000", "0", "0", "0", "0", "highway=cycleway surface=compacted foot=designated bicycle=designated route_bicycle_icn=yes route_bicycle_rcn=yes", "", "50048", "4946511"],
          ["11632325", "46777052", "717", "291", "1000", "394", "0", "0", "0", "highway=path surface=asphalt foot=designated bicycle=designated smoothness=good oneway=no route_bicycle_icn=yes route_bicycle_rcn=yes", "nodeaccessgranted=yes estimated_crossing_class=2", "50074", "4948427"],
          ["11633531", "46777485", "720", "127", "1150", "379", "50", "0", "0", "highway=secondary surface=asphalt bicycle=yes smoothness=good oneway=no", "estimated_crossing_class=2", "50086", "4949012"],
          ["11633695", "46777406", "722", "15", "1150", "0", "1", "0", "0", "highway=secondary surface=asphalt bicycle=yes smoothness=good oneway=no", "estimated_crossing_class=2", "50090", "4949400"],
          ["11635170", "46777142", "728", "120", "1000", "0", "0", "0", "0", "highway=path surface=asphalt foot=designated bicycle=designated smoothness=good route_bicycle_icn=yes route_bicycle_rcn=yes", "nodeaccessgranted=yes highway=give_way direction=forward", "50129", "4953218"],
          ["11635302", "46777147", "728", "10", "1000", "0", "0", "0", "0", "highway=path surface=asphalt foot=designated bicycle=designated smoothness=good route_bicycle_icn=yes route_bicycle_rcn=yes", "nodeaccessgranted=yes highway=crossing crossing=unmarked", "50131", "4953504"],
          ["11637462", "46777204", "726", "165", "1000", "0", "0", "0", "0", "highway=path surface=asphalt foot=designated bicycle=designated smoothness=good route_bicycle_icn=yes route_bicycle_rcn=yes", "nodeaccessgranted=yes highway=give_way direction=forward", "50170", "4957352"],
          ["11637523", "46777221", "726", "5", "1000", "0", "0", "0", "0", "highway=path surface=asphalt foot=designated bicycle=designated smoothness=good route_bicycle_icn=yes route_bicycle_rcn=yes", "nodeaccessgranted=yes highway=crossing crossing=unmarked", "50171", "4957464"],
          ["11637576", "46777240", "726", "5", "1000", "0", "0", "0", "0", "highway=path surface=asphalt foot=designated bicycle=designated smoothness=good route_bicycle_icn=yes route_bicycle_rcn=yes", "nodeaccessgranted=yes highway=give_way direction=backward", "50172", "4957575"],
          ["11638512", "46777971", "727", "112", "1000", "0", "0", "0", "0", "highway=path surface=asphalt foot=designated bicycle=designated smoothness=good route_bicycle_icn=yes route_bicycle_rcn=yes", "nodeaccessgranted=yes highway=stop direction=forward", "50200", "4960389"],
          ["11638643", "46778046", "725", "13", "1000", "0", "0", "0", "0", "highway=path surface=asphalt foot=designated bicycle=designated smoothness=good route_bicycle_icn=yes route_bicycle_rcn=yes", "", "50202", "4960542"],
          ["11638720", "46778057", "726", "6", "1000", "0", "0", "0", "0", "highway=path surface=wood foot=designated bicycle=designated smoothness=good route_bicycle_icn=yes route_bicycle_rcn=yes", "", "50203", "4960629"],
          ["11639673", "46777270", "725", "121", "1000", "0", "0", "0", "0", "highway=path surface=asphalt foot=designated bicycle=designated smoothness=good route_bicycle_icn=yes route_bicycle_rcn=yes", "nodeaccessgranted=yes highway=crossing estimated_crossing_class=0 crossing=uncontrolled bicycle=dismount", "50222", "4962541"],
          ["11641629", "46776382", "725", "181", "1000", "0", "0", "0", "0", "highway=secondary surface=asphalt smoothness=good oneway=no route_bicycle_icn=yes route_bicycle_rcn=yes", "nodeaccessgranted=yes highway=crossing crossing=uncontrolled", "50249", "4965279"],
          ["11641716", "46776322", "726", "10", "1000", "0", "0", "0", "0", "highway=secondary surface=asphalt smoothness=good oneway=no route_bicycle_icn=yes route_bicycle_rcn=yes", "nodeaccessgranted=yes estimated_crossing_class=2", "50251", "4965471"],
          ["11641900", "46776074", "728", "31", "1000", "0", "0", "0", "0", "highway=secondary surface=asphalt smoothness=good oneway=no route_bicycle_icn=yes route_bicycle_rcn=yes", "nodeaccessgranted=yes highway=crossing crossing=uncontrolled bicycle=dismount", "50260", "4966373"],
          ["11641938", "46776009", "728", "8", "1000", "0", "0", "0", "0", "highway=secondary surface=asphalt smoothness=good oneway=no route_bicycle_icn=yes route_bicycle_rcn=yes", "nodeaccessgranted=yes estimated_crossing_class=2", "50262", "4966571"],
          ["11642014", "46775829", "727", "21", "1000", "0", "0", "0", "0", "highway=secondary surface=asphalt bicycle=yes smoothness=good oneway=no route_bicycle_icn=yes route_bicycle_rcn=yes", "nodeaccessgranted=yes estimated_crossing_class=2", "50266", "4966980"],
          ["11643138", "46774661", "718", "156", "1000", "0", "0", "0", "0", "highway=secondary surface=asphalt bicycle=yes smoothness=good oneway=no route_bicycle_icn=yes route_bicycle_rcn=yes", "nodeaccessgranted=yes estimated_crossing_class=2", "50285", "4968863"],
          ["11643187", "46774604", "718", "7", "1000", "0", "0", "0", "0", "highway=secondary surface=asphalt bicycle=yes smoothness=good oneway=no route_bicycle_icn=yes route_bicycle_rcn=yes", "nodeaccessgranted=yes highway=crossing estimated_crossing_class=2 crossing=uncontrolled bicycle=dismount", "50286", "4968926"],
          ["11643417", "46774432", "718", "30", "1000", "0", "0", "0", "0", "highway=path surface=asphalt foot=designated bicycle=designated smoothness=good route_bicycle_icn=yes route_bicycle_rcn=yes", "nodeaccessgranted=yes highway=crossing crossing=unmarked bicycle=permissive", "50289", "4969257"],
          ["11645925", "46772555", "711", "302", "1000", "18", "0", "0", "0", "highway=path surface=asphalt foot=designated bicycle=designated smoothness=good route_bicycle_icn=yes route_bicycle_rcn=yes", "nodeaccessgranted=yes highway=give_way direction=forward", "50321", "4972372"],
          ["11646012", "46772556", "711", "7", "1000", "0", "0", "0", "0", "highway=path surface=asphalt foot=designated bicycle=designated smoothness=good route_bicycle_icn=yes route_bicycle_rcn=yes", "", "50322", "4972461"],
          ["11646057", "46772620", "712", "8", "1000", "0", "0", "0", "0", "highway=service surface=asphalt bicycle=yes route_bicycle_icn=yes route_bicycle_rcn=yes", "", "50323", "4972593"],
          ["11646622", "46772285", "711", "76", "1000", "0", "0", "0", "0", "highway=service surface=asphalt tracktype=grade2 bicycle=yes route_bicycle_icn=yes route_bicycle_rcn=yes", "", "50332", "4973469"],
          ["11646650", "46772201", "711", "10", "1000", "0", "0", "0", "0", "highway=path surface=asphalt foot=designated bicycle=designated smoothness=good route_bicycle_icn=yes route_bicycle_rcn=yes", "nodeaccessgranted=yes highway=give_way direction=backward", "50333", "4973569"],
          ["11650233", "46768435", "736", "664", "1000", "0", "0", "0", "0", "highway=path surface=asphalt foot=designated bicycle=designated smoothness=good route_bicycle_icn=yes route_bicycle_rcn=yes", "nodeaccessgranted=yes highway=give_way direction=forward", "50575", "4997842"],
          ["11650446", "46768469", "734", "17", "1000", "0", "0", "0", "0", "highway=path surface=asphalt foot=designated bicycle=designated smoothness=good route_bicycle_icn=yes route_bicycle_rcn=yes", "nodeaccessgranted=yes highway=give_way direction=backward", "50580", "4998328"],
          ["11653460", "46769449", "728", "262", "1000", "0", "0", "0", "0", "highway=path surface=asphalt foot=designated bicycle=designated smoothness=good route_bicycle_icn=yes route_bicycle_rcn=yes", "", "50619", "5002258"],
          ["11654296", "46769715", "728", "75", "1000", "0", "0", "0", "0", "highway=path surface=asphalt bicycle=designated smoothness=good route_bicycle_icn=yes route_bicycle_rcn=yes", "", "50629", "5003231"],
          ["11654713", "46769395", "730", "49", "1000", "0", "0", "0", "0", "highway=path surface=asphalt bicycle=yes smoothness=good oneway=no route_bicycle_icn=yes route_bicycle_rcn=yes", "", "50640", "5004311"],
          ["11655916", "46769870", "737", "123", "1000", "0", "0", "0", "0", "highway=service surface=asphalt smoothness=good oneway=no route_bicycle_icn=yes route_bicycle_rcn=yes", "", "50671", "5007456"],
          ["11664720", "46772662", "771", "773", "1000", "0", "0", "0", "0", "highway=track surface=asphalt tracktype=grade1 bicycle=yes smoothness=good vehicle=destination oneway=no route_bicycle_icn=yes route_bicycle_rcn=yes", "", "51054", "5045711"],
          ["11664811", "46772084", "768", "70", "1000", "0", "0", "0", "0", "highway=cycleway surface=unpaved tracktype=grade1 route_bicycle_ncn=yes", "", "51074", "5047676"],
          ["11663478", "46768365", "765", "438", "1000", "0", "0", "0", "0", "highway=cycleway surface=asphalt route_bicycle_ncn=yes", "nodeaccessgranted=yes highway=crossing crossing=uncontrolled", "51145", "5054772"],
          ["11662329", "46767378", "766", "141", "1000", "0", "0", "0", "0", "highway=cycleway surface=asphalt route_bicycle_ncn=yes", "nodeaccessgranted=yes highway=crossing crossing=uncontrolled", "51180", "5058331"],
          ["11660615", "46766052", "767", "198", "1000", "0", "0", "0", "0", "highway=cycleway surface=asphalt route_bicycle_ncn=yes", "", "51219", "5062197"],
          ["11647631", "46751380", "685", "1933", "1000", "2789", "0", "0", "0", "highway=cycleway surface=asphalt foot=designated bicycle=designated route_bicycle_ncn=yes", "", "51426", "5076247"],
          ["11647627", "46751433", "685", "6", "1000", "9", "0", "0", "0", "reversedirection=yes highway=service route_bicycle_ncn=yes", "nodeaccessgranted=yes highway=stop direction=forward", "51426", "5076300"],
          ["11647687", "46751754", "683", "36", "1000", "87", "0", "0", "0", "reversedirection=yes highway=service route_bicycle_ncn=yes", "", "51429", "5076495"],
          ["11647026", "46751847", "680", "54", "1000", "116", "0", "0", "0", "reversedirection=yes highway=track route_bicycle_ncn=yes", "", "51433", "5076656"],
          ["11646991", "46749915", "672", "218", "1000", "250", "0", "0", "0", "highway=track surface=ground tracktype=grade3 route_bicycle_ncn=yes", "", "51452", "5077891"],
          ["11647052", "46749518", "670", "46", "1000", "113", "0", "0", "0", "reversedirection=yes highway=track surface=asphalt route_bicycle_ncn=yes", "", "51455", "5078274"],
          ["11647221", "46747230", "642", "257", "1000", "1455", "0", "0", "0", "reversedirection=yes highway=residential surface=asphalt vehicle=destination route_bicycle_ncn=yes", "", "51476", "5078274"],
          ["11651582", "46742042", "611", "685", "1000", "1193", "0", "0", "0", "reversedirection=yes highway=unclassified surface=asphalt vehicle=destination route_bicycle_ncn=yes", "nodeaccessgranted=yes highway=give_way direction=backward", "51537", "5081326"],
          ["11651603", "46742024", "612", "3", "1000", "0", "0", "0", "0", "reversedirection=yes highway=unclassified surface=asphalt vehicle=destination route_bicycle_ncn=yes", "", "51537", "5081353"],
          ["11651662", "46740926", "600", "127", "1000", "553", "0", "0", "0", "highway=tertiary surface=asphalt route_bicycle_ncn=yes", "", "51548", "5081405"],
          ["11651492", "46740765", "598", "22", "1000", "115", "0", "0", "0", "highway=tertiary surface=asphalt cycleway:both=no route_bicycle_ncn=yes", "nodeaccessgranted=yes direction=forward", "51549", "5081405"],
          ["11651349", "46740688", "597", "14", "1000", "62", "0", "0", "0", "highway=tertiary surface=asphalt cycleway:both=no route_bicycle_ncn=yes", "", "51550", "5081405"],
          ["11651383", "46740662", "597", "4", "1150", "0", "96", "0", "0", "highway=residential surface=asphalt oneway=no", "", "51551", "5081405"],
          ["11651675", "46739403", "597", "145", "1150", "0", "31", "0", "0", "highway=residential surface=sett oneway=no", "", "51564", "5082593"],
          ["11651727", "46739241", "598", "18", "1150", "0", "0", "0", "0", "highway=residential surface=asphalt bicycle=yes oneway=no", "", "51567", "5082870"],
          ["11651771", "46739086", "599", "18", "1150", "0", "0", "0", "0", "reversedirection=yes highway=residential surface=asphalt bicycle=yes oneway=no", "", "51568", "5083052"],
          ["11653071", "46734628", "594", "505", "1150", "0", "1", "0", "0", "reversedirection=yes highway=residential surface=asphalt oneway=no", "", "51634", "5089589"],
          ["11653168", "46734038", "590", "67", "1050", "0", "13", "0", "0", "reversedirection=yes highway=track surface=asphalt", "", "51642", "5090419"],
          ["11653497", "46732646", "576", "159", "1150", "403", "14", "0", "0", "highway=track surface=gravel tracktype=grade2 smoothness=good", "", "51655", "5090809"],
          ["11654050", "46730124", "573", "284", "1000", "91", "0", "0", "0", "highway=track surface=asphalt tracktype=grade1 foot=designated bicycle=designated smoothness=good route_bicycle_icn=yes route_bicycle_rcn=yes", "", "51684", "5092958"],
          ["11655271", "46724731", "567", "695", "1000", "0", "0", "0", "0", "highway=path surface=asphalt foot=designated bicycle=designated smoothness=good route_bicycle_icn=yes route_bicycle_rcn=yes", "", "51779", "5102411"],
          ["11655265", "46724687", "567", "5", "1000", "0", "0", "0", "0", "highway=path surface=wood foot=designated bicycle=designated smoothness=good route_bicycle_icn=yes route_bicycle_rcn=yes", "", "51779", "5102488"],
          ["11655888", "46723239", "566", "168", "1000", "0", "0", "0", "0", "highway=path surface=asphalt foot=designated bicycle=designated smoothness=good route_bicycle_icn=yes route_bicycle_rcn=yes", "nodeaccessgranted=yes barrier=cycle_barrier access=no bicycle=yes foot=yes", "51801", "5104602"],
          ["11655885", "46723171", "566", "8", "1000", "0", "0", "0", "0", "highway=path surface=asphalt foot=designated bicycle=designated smoothness=good route_bicycle_icn=yes route_bicycle_rcn=yes", "", "51801", "5104689"],
          ["11655897", "46723128", "566", "5", "1000", "0", "0", "0", "0", "highway=footway surface=asphalt bicycle=yes route_bicycle_icn=yes route_bicycle_rcn=yes", "nodeaccessgranted=yes highway=crossing crossing=uncontrolled", "51802", "5104743"],
          ["11655924", "46723091", "565", "5", "1000", "0", "0", "0", "0", "highway=footway surface=asphalt bicycle=yes route_bicycle_icn=yes route_bicycle_rcn=yes", "", "51802", "5104793"],
          ["11657799", "46720620", "563", "310", "1000", "0", "0", "0", "0", "highway=path surface=asphalt foot=designated bicycle=designated route_bicycle_icn=yes route_bicycle_rcn=yes", "", "51840", "5108555"],
          ["11658481", "46718259", "560", "271", "1000", "0", "0", "0", "0", "highway=cycleway surface=asphalt foot=designated bicycle=designated route_bicycle_icn=yes route_bicycle_rcn=yes", "", "51877", "5112290"],
          ["11658444", "46717839", "560", "47", "1000", "0", "0", "0", "0", "highway=cycleway surface=cobblestone foot=designated bicycle=designated route_bicycle_icn=yes route_bicycle_rcn=yes", "", "51884", "5112905"],
          ["11658485", "46717465", "559", "42", "1000", "0", "0", "0", "0", "highway=cycleway surface=sett foot=designated bicycle=designated route_bicycle_icn=yes route_bicycle_rcn=yes", "", "51889", "5113449"],
          ["11658789", "46716835", "559", "74", "1000", "0", "0", "0", "0", "highway=path surface=sett foot=designated bicycle=designated route_bicycle_icn=yes route_bicycle_rcn=yes", "", "51900", "5114560"],
          ["11660490", "46714520", "558", "296", "1000", "0", "0", "0", "0", "highway=cycleway surface=asphalt foot=designated bicycle=designated route_bicycle_icn=yes route_bicycle_rcn=yes", "", "51944", "5118924"],
          ["11660265", "46713564", "558", "110", "1000", "0", "0", "0", "0", "highway=cycleway surface=asphalt foot=no route_bicycle_icn=yes route_bicycle_rcn=yes", "", "51963", "5120825"],
          ["11660174", "46713046", "558", "58", "1000", "0", "0", "0", "0", "highway=residential surface=asphalt bicycle=yes vehicle=destination route_bicycle_icn=yes route_bicycle_rcn=yes", "", "51973", "5121864"],
          ["11659398", "46710655", "558", "272", "1000", "0", "0", "0", "0", "highway=cycleway surface=asphalt route_bicycle_icn=yes route_bicycle_rcn=yes", "", "52016", "5126107"],
          ["11659317", "46710480", "558", "20", "1000", "0", "0", "0", "0", "highway=cycleway surface=asphalt foot=yes route_bicycle_icn=yes route_bicycle_rcn=yes", "", "52020", "5126543"],
          ["11656418", "46706995", "555", "449", "1000", "0", "0", "0", "0", "highway=cycleway surface=asphalt route_bicycle_icn=yes route_bicycle_rcn=yes", "", "52086", "5133103"],
          ["11652320", "46703670", "554", "485", "1000", "0", "0", "0", "0", "highway=service surface=asphalt bicycle=yes vehicle=no route_bicycle_icn=yes route_bicycle_rcn=yes", "", "52161", "5140616"],
          ["11650785", "46701827", "553", "235", "1000", "0", "0", "0", "0", "reversedirection=yes highway=unclassified surface=asphalt cycleway:right=lane route_bicycle_icn=yes route_bicycle_rcn=yes", "", "52199", "5144441"],
          ["11649330", "46699938", "553", "239", "1000", "0", "0", "0", "0", "highway=cycleway surface=asphalt foot=designated route_bicycle_icn=yes route_bicycle_rcn=yes", "", "52237", "5148256"],
          ["11645722", "46695505", "550", "565", "1000", "0", "0", "0", "0", "highway=cycleway surface=asphalt foot=yes route_bicycle_icn=yes route_bicycle_rcn=yes", "nodeaccessgranted=yes highway=crossing crossing=uncontrolled", "52323", "5156831"],
          ["11636102", "46683993", "546", "1545", "1000", "0", "0", "0", "0", "highway=cycleway surface=asphalt foot=yes route_bicycle_icn=yes route_bicycle_rcn=yes", "", "52568", "5181389"],
          ["11625819", "46683095", "546", "886", "1000", "0", "0", "0", "0", "reversedirection=yes highway=cycleway surface=asphalt foot=yes route_bicycle_icn=yes route_bicycle_rcn=yes", "", "52707", "5195270"],
          ["11622454", "46679088", "542", "523", "1000", "0", "0", "0", "0", "highway=cycleway surface=asphalt foot=yes route_bicycle_icn=yes route_bicycle_rcn=yes", "", "52790", "5203575"],
          ["11622435", "46679018", "542", "8", "1000", "0", "0", "0", "0", "highway=cycleway surface=paved foot=yes route_bicycle_icn=yes route_bicycle_rcn=yes", "", "52791", "5203706"],
          ["11617682", "46669256", "536", "1163", "1000", "0", "0", "0", "0", "highway=cycleway surface=asphalt foot=yes route_bicycle_icn=yes route_bicycle_rcn=yes", "", "52965", "5221088"],
          ["11617611", "46669182", "536", "10", "1000", "0", "0", "0", "0", "highway=cycleway surface=paved foot=yes route_bicycle_icn=yes route_bicycle_rcn=yes", "", "52967", "5221260"],
          ["11591629", "46654817", "534", "2891", "1000", "0", "0", "0", "0", "highway=cycleway surface=asphalt foot=designated bicycle=designated route_bicycle_icn=yes route_bicycle_rcn=yes", "", "53462", "5270721"],
          ["11591592", "46654770", "534", "6", "1000", "0", "0", "0", "0", "highway=service surface=asphalt bicycle=yes route_bicycle_icn=yes route_bicycle_rcn=yes", "", "53463", "5270823"],
          ["11588833", "46651911", "530", "388", "1000", "0", "0", "0", "0", "highway=cycleway surface=asphalt foot=yes route_bicycle_icn=yes route_bicycle_rcn=yes", "", "53516", "5276197"],
          ["11588409", "46651661", "530", "43", "1000", "0", "0", "0", "0", "highway=service surface=asphalt foot=yes bicycle=yes route_bicycle_icn=yes route_bicycle_rcn=yes", "", "53523", "5276840"],
          ["11577880", "46644543", "519", "1207", "1000", "0", "0", "0", "0", "highway=cycleway surface=asphalt foot=yes route_bicycle_icn=yes route_bicycle_rcn=yes", "", "53692", "5293727"],
          ["11575388", "46644668", "520", "192", "1050", "0", "4", "0", "0", "highway=cycleway surface=asphalt", "", "53721", "5296627"],
          ["11575313", "46644687", "520", "6", "1050", "0", "2", "0", "0", "highway=cycleway surface=wood", "", "53722", "5296739"],
          ["11572781", "46645033", "520", "198", "1050", "0", "2", "0", "0", "highway=cycleway surface=asphalt", "", "53755", "5300092"],
          ["11572351", "46644986", "520", "33", "1000", "0", "0", "0", "0", "highway=cycleway surface=asphalt foot=designated bicycle=designated route_bicycle_icn=yes route_bicycle_rcn=yes", "", "53761", "5300657"],
          ["11572098", "46644945", "520", "20", "1000", "0", "0", "0", "0", "highway=cycleway surface=asphalt foot=designated bicycle=designated smoothness=excellent route_bicycle_icn=yes route_bicycle_ncn=yes route_bicycle_rcn=yes", "", "53764", "5300998"],
          ["11571298", "46644425", "521", "89", "1000", "0", "0", "0", "0", "highway=cycleway surface=asphalt foot=designated bicycle=designated smoothness=excellent route_bicycle_icn=yes route_bicycle_rcn=yes", "", "53782", "5302753"],
          ["11571105", "46644050", "521", "44", "1000", "0", "0", "0", "0", "highway=cycleway surface=asphalt foot=designated bicycle=designated route_bicycle_icn=yes route_bicycle_rcn=yes", "", "53791", "5303701"],
          ["11568894", "46641597", "519", "323", "1000", "0", "0", "0", "0", "highway=cycleway surface=asphalt foot=designated bicycle=designated smoothness=excellent route_bicycle_icn=yes route_bicycle_rcn=yes", "", "53840", "5308536"],
          ["11568577", "46641553", "519", "32", "1000", "0", "0", "0", "0", "reversedirection=yes highway=cycleway surface=asphalt foot=designated bicycle=designated smoothness=excellent route_bicycle_icn=yes route_bicycle_rcn=yes", "", "53845", "5309056"],
          ["11568410", "46641683", "521", "19", "1000", "0", "0", "0", "0", "reversedirection=yes highway=service surface=asphalt smoothness=intermediate oneway=no route_bicycle_icn=yes route_bicycle_rcn=yes", "", "53850", "5309600"],
          ["11568195", "46641599", "523", "19", "1000", "0", "0", "0", "0", "highway=pedestrian surface=sett bicycle=yes smoothness=intermediate route_bicycle_icn=yes route_bicycle_rcn=yes", "nodeaccessgranted=yes barrier=sally_port", "53855", "5310075"],
          ["11566212", "46639987", "527", "242", "1000", "0", "0", "0", "0", "highway=pedestrian surface=sett bicycle=yes smoothness=intermediate route_bicycle_icn=yes route_bicycle_rcn=yes", "", "53924", "5317013"],
          ["11565710", "46639591", "526", "58", "1000", "0", "0", "0", "0", "reversedirection=yes highway=pedestrian surface=sett bicycle=yes smoothness=intermediate cycleway=no route_bicycle_icn=yes route_bicycle_rcn=yes", "", "53940", "5318590"],
          ["11565483", "46639380", "522", "29", "1000", "0", "0", "0", "0", "reversedirection=yes highway=pedestrian surface=sett bicycle=yes smoothness=good route_bicycle_icn=yes route_bicycle_rcn=yes", "", "53943", "5318893"],
          ["11565250", "46639232", "522", "24", "1000", "0", "0", "0", "0", "reversedirection=yes highway=pedestrian surface=sett bicycle=yes smoothness=intermediate route_bicycle_icn=yes route_bicycle_rcn=yes", "", "53946", "5319147"],
          ["11565297", "46639061", "521", "20", "1000", "0", "0", "0", "0", "highway=pedestrian surface=sett bicycle=yes smoothness=intermediate route_bicycle_icn=yes route_bicycle_rcn=yes", "", "53948", "5319360"],
          ["11566099", "46638753", "519", "70", "1000", "0", "0", "0", "0", "highway=pedestrian surface=asphalt bicycle=yes route_bicycle_icn=yes route_bicycle_rcn=yes", "", "53958", "5320352"],
          ["11564732", "46637405", "516", "189", "1000", "0", "0", "0", "0", "highway=cycleway surface=asphalt foot=yes route_bicycle_icn=yes route_bicycle_rcn=yes", "", "53980", "5322578"],
          ["11564537", "46637360", "519", "16", "1000", "0", "0", "0", "0", "highway=cycleway surface=wood foot=yes route_bicycle_icn=yes route_bicycle_rcn=yes", "", "53982", "5322816"],
          ["11564510", "46637356", "520", "2", "1000", "0", "0", "0", "0", "highway=cycleway surface=asphalt route_bicycle_icn=yes route_bicycle_rcn=yes", "", "53983", "5322852"],
          ["11557621", "46635903", "515", "579", "1000", "0", "0", "0", "0", "highway=cycleway surface=asphalt foot=yes smoothness=good route_bicycle_icn=yes route_bicycle_rcn=yes", "", "54063", "5330853"],
          ["11553768", "46634214", "513", "354", "1000", "0", "0", "0", "0", "highway=cycleway surface=asphalt foot=yes smoothness=good oneway=no route_bicycle_icn=yes route_bicycle_rcn=yes", "nodeaccessgranted=yes highway=give_way direction=forward", "54117", "5336255"],
          ["11553704", "46634165", "513", "7", "1000", "0", "0", "0", "0", "highway=cycleway surface=asphalt foot=yes smoothness=good oneway=no route_bicycle_icn=yes route_bicycle_rcn=yes", "nodeaccessgranted=yes highway=crossing", "54118", "5336371"],
          ["11553604", "46634093", "513", "11", "1000", "0", "0", "0", "0", "highway=cycleway surface=asphalt foot=yes smoothness=good oneway=no route_bicycle_icn=yes route_bicycle_rcn=yes", "nodeaccessgranted=yes highway=give_way direction=backward", "54120", "5336566"],
          ["11551262", "46630287", "511", "467", "1000", "0", "0", "0", "0", "highway=cycleway surface=asphalt foot=yes smoothness=good oneway=no route_bicycle_icn=yes route_bicycle_rcn=yes", "", "54190", "5343622"],
          ["11551160", "46630190", "509", "13", "1000", "0", "0", "0", "0", "highway=cycleway surface=wood foot=yes route_bicycle_icn=yes route_bicycle_rcn=yes", "", "54192", "5343776"],
          ["11543298", "46621613", "505", "1195", "1000", "0", "0", "0", "0", "highway=cycleway surface=asphalt foot=yes route_bicycle_icn=yes route_bicycle_rcn=yes", "", "54377", "5362250"],
          ["11543151", "46621552", "503", "13", "1000", "0", "0", "0", "0", "highway=cycleway surface=wood foot=yes route_bicycle_icn=yes route_bicycle_rcn=yes", "", "54378", "5362394"],
          ["11537474", "46614445", "501", "1098", "1000", "0", "0", "0", "0", "highway=cycleway surface=asphalt foot=yes route_bicycle_icn=yes route_bicycle_rcn=yes", "", "54556", "5380212"],
          ["11537384", "46614341", "500", "13", "1000", "0", "0", "0", "0", "highway=cycleway surface=wood foot=yes route_bicycle_icn=yes route_bicycle_rcn=yes", "", "54559", "5380450"],
          ["11537243", "46614223", "502", "17", "1000", "0", "0", "0", "0", "highway=cycleway surface=asphalt foot=yes route_bicycle_icn=yes route_bicycle_rcn=yes", "", "54563", "5380860"],
          ["11537257", "46614148", "502", "8", "1000", "0", "0", "0", "0", "highway=service surface=asphalt foot=yes bicycle=yes route_bicycle_icn=yes route_bicycle_rcn=yes", "", "54565", "5381065"],
          ["11537152", "46613650", "497", "59", "1000", "0", "0", "0", "0", "highway=service surface=asphalt bicycle=yes vehicle=permit route_bicycle_icn=yes route_bicycle_rcn=yes", "", "54573", "5381904"],
          ["11533538", "46606763", "482", "867", "1000", "392", "0", "0", "0", "highway=cycleway surface=asphalt foot=yes route_bicycle_icn=yes route_bicycle_rcn=yes", "", "54680", "5391504"],
          ["11533498", "46606673", "483", "10", "1000", "0", "0", "0", "0", "highway=cycleway surface=wood foot=yes route_bicycle_icn=yes route_bicycle_rcn=yes", "", "54682", "5391758"],
          ["11529367", "46598491", "465", "1003", "1000", "0", "0", "0", "0", "highway=cycleway surface=asphalt foot=yes route_bicycle_icn=yes route_bicycle_rcn=yes", "nodeaccessgranted=yes highway=give_way direction=forward", "54808", "5404311"],
          ["11529336", "46598435", "465", "7", "1000", "0", "0", "0", "0", "highway=cycleway surface=asphalt foot=yes route_bicycle_icn=yes route_bicycle_rcn=yes", "nodeaccessgranted=yes highway=give_way direction=backward", "54809", "5404404"],
          ["11529001", "46598103", "466", "50", "1000", "0", "0", "0", "0", "highway=cycleway surface=asphalt foot=yes route_bicycle_icn=yes route_bicycle_rcn=yes", "", "54815", "5405060"],
          ["11528884", "46597785", "465", "36", "1000", "0", "0", "0", "0", "highway=cycleway surface=wood foot=yes route_bicycle_icn=yes route_bicycle_rcn=yes", "", "54819", "5405435"],
          ["11529036", "46595731", "466", "230", "1000", "0", "0", "0", "0", "highway=cycleway surface=asphalt foot=designated route_bicycle_icn=yes route_bicycle_rcn=yes", "", "54857", "5409186"],
          ["11529007", "46595569", "467", "18", "1000", "0", "0", "0", "0", "highway=cycleway surface=paved foot=yes route_bicycle_icn=yes route_bicycle_rcn=yes", "", "54860", "5409564"],
          ["11525915", "46590572", "479", "727", "1000", "0", "0", "0", "0", "highway=cycleway surface=asphalt foot=yes route_bicycle_icn=yes route_bicycle_rcn=yes", "", "55060", "5429570"],
          ["11525763", "46590474", "479", "16", "1000", "0", "0", "0", "0", "highway=cycleway surface=wood foot=yes route_bicycle_icn=yes route_bicycle_rcn=yes", "", "55063", "5429865"],
          ["11524957", "46589871", "483", "99", "1000", "0", "0", "0", "0", "highway=cycleway surface=asphalt foot=yes route_bicycle_icn=yes route_bicycle_rcn=yes", "nodeaccessgranted=yes highway=crossing", "55084", "5431882"],
          ["11524650", "46589445", "482", "54", "1000", "0", "0", "0", "0", "highway=cycleway surface=asphalt foot=yes route_bicycle_icn=yes route_bicycle_rcn=yes", "nodeaccessgranted=yes highway=stop direction=forward", "55098", "5433365"],
          ["11524606", "46589369", "481", "10", "1000", "0", "0", "0", "0", "highway=cycleway surface=asphalt foot=yes route_bicycle_icn=yes route_bicycle_rcn=yes", "nodeaccessgranted=yes highway=stop direction=backward", "55101", "5433584"],
          ["11524139", "46586661", "450", "562", "1000", "784", "0", "0", "0", "highway=cycleway surface=asphalt foot=yes route_bicycle_icn=yes route_bicycle_rcn=yes", "", "55158", "5437326"],
          ["11524700", "46586386", "451", "53", "1000", "0", "0", "0", "0", "highway=cycleway surface=wood foot=yes route_bicycle_icn=yes route_bicycle_rcn=yes", "", "55162", "5437326"],
          ["11522993", "46579556", "444", "793", "1000", "14", "0", "0", "0", "highway=cycleway surface=asphalt foot=yes route_bicycle_icn=yes route_bicycle_rcn=yes", "", "55254", "5446510"],
          ["11515290", "46564587", "426", "1861", "1000", "0", "0", "0", "0", "highway=cycleway surface=asphalt foot=designated bicycle=designated smoothness=excellent route_bicycle_icn=yes route_bicycle_rcn=yes", "nodeaccessgranted=yes highway=give_way direction=forward", "55510", "5472036"],
          ["11515231", "46564528", "426", "8", "1000", "0", "0", "0", "0", "highway=cycleway surface=asphalt foot=designated bicycle=designated smoothness=excellent route_bicycle_icn=yes route_bicycle_rcn=yes", "nodeaccessgranted=yes highway=give_way direction=backward", "55511", "5472156"],
          ["11508804", "46546249", "391", "2246", "1000", "0", "0", "0", "0", "highway=cycleway surface=asphalt foot=designated bicycle=designated smoothness=excellent route_bicycle_icn=yes route_bicycle_rcn=yes", "", "55786", "5499718"],
          ["11493782", "46534758", "372", "1747", "1000", "0", "0", "0", "0", "highway=cycleway surface=asphalt foot=designated bicycle=designated route_bicycle_icn=yes route_bicycle_rcn=yes", "nodeaccessgranted=yes highway=give_way direction=forward", "56005", "5521583"],
          ["11493622", "46534673", "372", "15", "1000", "0", "0", "0", "0", "highway=cycleway surface=asphalt foot=designated bicycle=designated route_bicycle_icn=yes route_bicycle_rcn=yes", "nodeaccessgranted=yes highway=give_way direction=backward", "56007", "5521832"],
          ["11493438", "46534550", "372", "20", "1000", "0", "0", "0", "0", "highway=cycleway surface=asphalt foot=designated bicycle=designated route_bicycle_icn=yes route_bicycle_rcn=yes", "", "56011", "5522187"],
          ["11478043", "46512420", "337", "2937", "1000", "241", "0", "0", "0", "highway=cycleway surface=asphalt foot=yes route_bicycle_icn=yes route_bicycle_rcn=yes", "", "56442", "5564610"],
          ["11477998", "46512383", "337", "5", "1000", "0", "0", "0", "0", "highway=cycleway surface=paved foot=yes route_bicycle_icn=yes route_bicycle_rcn=yes", "", "56443", "5564679"],
          ["11463444", "46506184", "328", "1422", "1000", "0", "0", "0", "0", "highway=cycleway surface=asphalt foot=yes route_bicycle_icn=yes route_bicycle_rcn=yes", "", "56646", "5584977"],
          ["11462157", "46505646", "325", "115", "1000", "0", "0", "0", "0", "highway=cycleway surface=paved foot=yes route_bicycle_icn=yes route_bicycle_rcn=yes", "", "56658", "5586262"],
          ["11448687", "46496267", "322", "1567", "1000", "0", "0", "0", "0", "highway=cycleway surface=asphalt foot=yes route_bicycle_icn=yes route_bicycle_rcn=yes", "", "56896", "5609987"],
          ["11446516", "46495627", "318", "202", "1000", "0", "0", "0", "0", "highway=cycleway surface=paved route_bicycle_icn=yes route_bicycle_rcn=yes", "", "56942", "5614591"],
          ["11446413", "46495830", "317", "24", "1000", "0", "0", "0", "0", "reversedirection=yes highway=residential surface=asphalt foot=yes bicycle=yes smoothness=good cycleway:both=no route_bicycle_icn=yes route_bicycle_rcn=yes", "", "56945", "5614896"],
          ["11436805", "46491892", "312", "949", "1000", "0", "0", "0", "0", "reversedirection=yes highway=cycleway surface=asphalt smoothness=excellent route_bicycle_icn=yes route_bicycle_rcn=yes", "nodeaccessgranted=yes highway=crossing crossing=uncontrolled", "57092", "5629596"],
          ["11435506", "46492186", "308", "108", "1000", "0", "0", "0", "0", "reversedirection=yes highway=cycleway surface=asphalt smoothness=excellent route_bicycle_icn=yes route_bicycle_rcn=yes", "", "57107", "5631125"],
          ["11417046", "46490714", "296", "1615", "1000", "853", "0", "0", "0", "reversedirection=yes highway=cycleway surface=asphalt route_bicycle_icn=yes route_bicycle_rcn=yes", "", "57342", "5654407"],
          ["11408444", "46493417", "289", "743", "1000", "0", "0", "0", "0", "reversedirection=yes highway=cycleway surface=asphalt smoothness=excellent route_bicycle_icn=yes route_bicycle_rcn=yes", "", "57445", "5664640"],
          ["11403864", "46493116", "287", "357", "1000", "0", "0", "0", "0", "reversedirection=yes highway=service surface=asphalt smoothness=excellent route_bicycle_icn=yes route_bicycle_rcn=yes", "", "57513", "5671484"],
          ["11395069", "46494019", "285", "740", "1000", "0", "0", "0", "0", "reversedirection=yes highway=cycleway surface=asphalt route_bicycle_icn=yes route_bicycle_rcn=yes", "", "57617", "5681907"],
          ["11394346", "46494551", "283", "82", "1000", "0", "0", "0", "0", "reversedirection=yes highway=cycleway surface=asphalt foot=yes smoothness=excellent route_bicycle_icn=yes route_bicycle_rcn=yes", "nodeaccessgranted=yes highway=stop direction=backward", "57630", "5683210"],
          ["11394338", "46494565", "283", "2", "1000", "0", "0", "0", "0", "reversedirection=yes highway=cycleway surface=asphalt foot=yes smoothness=excellent route_bicycle_icn=yes route_bicycle_rcn=yes", "", "57631", "5683240"],
          ["11394299", "46494628", "283", "8", "1000", "0", "0", "0", "0", "reversedirection=yes highway=cycleway surface=asphalt foot=yes cycleway=crossing route_bicycle_icn=yes route_bicycle_rcn=yes", "nodeaccessgranted=yes highway=crossing crossing=uncontrolled", "57632", "5683362"],
          ["11394268", "46494652", "283", "4", "1000", "0", "0", "0", "0", "reversedirection=yes highway=cycleway surface=asphalt foot=yes cycleway=crossing route_bicycle_icn=yes route_bicycle_rcn=yes", "", "57632", "5683424"],
          ["11394256", "46494663", "283", "2", "1000", "0", "0", "0", "0", "reversedirection=yes highway=cycleway surface=asphalt foot=yes route_bicycle_icn=yes route_bicycle_rcn=yes", "nodeaccessgranted=yes highway=stop direction=forward", "57633", "5683455"],
          ["11391856", "46495125", "280", "261", "1000", "0", "0", "0", "0", "reversedirection=yes highway=cycleway surface=asphalt foot=yes route_bicycle_icn=yes route_bicycle_rcn=yes", "", "57669", "5687126"],
          ["11391799", "46494670", "283", "65", "1000", "0", "0", "0", "0", "reversedirection=yes highway=cycleway surface=asphalt foot=designated bicycle=designated oneway=no route_bicycle_icn=yes route_bicycle_rcn=yes", "", "57683", "5688443"],
          ["11391468", "46494248", "283", "53", "1000", "0", "0", "0", "0", "reversedirection=yes highway=cycleway surface=asphalt foot=yes oneway=no route_bicycle_icn=yes route_bicycle_rcn=yes", "", "57693", "5689511"],
          ["11391550", "46494435", "283", "23", "1000", "0", "0", "0", "0", "reversedirection=yes highway=residential surface=asphalt bicycle=yes route_bicycle_icn=yes route_bicycle_rcn=yes", "nodeaccessgranted=yes highway=crossing crossing=marked", "57698", "5689948"],
          ["11391600", "46494509", "283", "9", "1000", "0", "0", "0", "0", "reversedirection=yes highway=residential surface=asphalt bicycle=yes route_bicycle_icn=yes route_bicycle_rcn=yes", "nodeaccessgranted=yes direction=backward", "57699", "5690116"],
          ["11391726", "46494748", "283", "28", "1000", "0", "0", "0", "0", "reversedirection=yes highway=residential surface=asphalt bicycle=yes route_bicycle_icn=yes route_bicycle_rcn=yes", "nodeaccessgranted=yes highway=turning_circle", "57704", "5690629"],
          ["11390683", "46494924", "283", "83", "1000", "0", "0", "0", "0", "reversedirection=yes highway=residential surface=asphalt foot=yes bicycle=yes oneway=no route_bicycle_icn=yes route_bicycle_rcn=yes", "", "57720", "5692134"],
          ["11390488", "46494639", "282", "35", "1000", "0", "0", "0", "0", "reversedirection=yes highway=residential surface=asphalt bicycle=yes route_bicycle_icn=yes route_bicycle_rcn=yes", "", "57725", "5692658"],
          ["11378699", "46494378", "275", "923", "1000", "0", "0", "0", "0", "reversedirection=yes highway=cycleway surface=asphalt foot=yes route_bicycle_icn=yes route_bicycle_rcn=yes", "nodeaccessgranted=yes highway=milestone", "57853", "5705536"],
          ["11374778", "46494026", "270", "304", "1000", "0", "0", "0", "0", "reversedirection=yes highway=cycleway surface=asphalt foot=yes route_bicycle_icn=yes route_bicycle_rcn=yes", "", "57890", "5709188"],
          ["11371221", "46493509", "268", "281", "1000", "0", "0", "0", "0", "reversedirection=yes highway=cycleway surface=asphalt oneway=no route_bicycle_icn=yes route_bicycle_rcn=yes", "", "57934", "5713540"],
          ["11368731", "46493069", "270", "198", "1000", "0", "0", "0", "0", "highway=path surface=asphalt foot=designated bicycle=designated route_bicycle_icn=yes route_bicycle_rcn=yes", "", "57967", "5716872"],
          ["11368644", "46493050", "270", "7", "1000", "0", "0", "20", "0", "highway=path surface=asphalt foot=designated bicycle=designated route_bicycle_icn=yes route_bicycle_rcn=yes route_bicycle_lcn=yes", "nodeaccessgranted=yes highway=crossing crossing=traffic_signals bicycle=yes foot=no", "57968", "5717036"],
          ["11366044", "46492682", "266", "205", "1000", "0", "0", "0", "0", "highway=path surface=asphalt foot=designated bicycle=designated route_bicycle_icn=yes route_bicycle_rcn=yes route_bicycle_lcn=yes", "nodeaccessgranted=yes highway=milestone", "57995", "5719642"],
          ["11359936", "46492776", "264", "481", "1000", "0", "0", "0", "0", "highway=path surface=asphalt foot=designated bicycle=designated route_bicycle_icn=yes route_bicycle_rcn=yes route_bicycle_lcn=yes", "", "58067", "5726866"],
          ["11358388", "46493111", "264", "124", "1000", "0", "0", "0", "0", "reversedirection=yes highway=path surface=asphalt foot=designated bicycle=designated route_bicycle_icn=yes route_bicycle_rcn=yes route_bicycle_lcn=yes", "", "58088", "5729034"],
          ["11356332", "46493708", "262", "172", "1000", "0", "0", "0", "0", "reversedirection=yes highway=cycleway surface=asphalt foot=no route_bicycle_icn=yes route_bicycle_rcn=yes route_bicycle_lcn=yes", "", "58111", "5731313"],
          ["11355176", "46494129", "261", "102", "1000", "0", "0", "0", "0", "reversedirection=yes highway=path surface=asphalt foot=designated bicycle=designated route_bicycle_icn=yes route_bicycle_rcn=yes route_bicycle_lcn=yes", "", "58125", "5732679"],
          ["11354868", "46494339", "263", "34", "1000", "0", "0", "0", "0", "reversedirection=yes highway=cycleway surface=asphalt oneway=no route_bicycle_icn=yes route_bicycle_rcn=yes route_bicycle_lcn=yes", "", "58132", "5733428"],
          ["11354573", "46494455", "263", "26", "1000", "0", "0", "0", "0", "reversedirection=yes highway=cycleway surface=asphalt foot=no oneway=no route_bicycle_icn=yes route_bicycle_rcn=yes route_bicycle_lcn=yes", "nodeaccessgranted=yes highway=mini_roundabout", "58139", "5734091"],
          ["11353772", "46494117", "263", "99", "1050", "0", "30", "0", "0", "highway=cycleway surface=asphalt foot=no bicycle=designated oneway=no", "", "58155", "5735724"],
          ["11353719", "46494127", "263", "4", "1050", "0", "85", "0", "0", "highway=cycleway surface=asphalt foot=no bicycle=designated cycleway=crossing oneway=no", "highway=crossing crossing=uncontrolled", "58156", "5735786"],
          ["11353651", "46494141", "263", "5", "1050", "0", "0", "0", "0", "highway=cycleway surface=asphalt foot=no bicycle=designated cycleway=crossing oneway=no", "", "58157", "5735864"],
          ["11353825", "46494496", "263", "42", "1000", "0", "0", "0", "0", "reversedirection=yes highway=cycleway surface=asphalt foot=no bicycle=designated route_bicycle_lcn=yes", "", "58163", "5736463"],
          ["11353850", "46494577", "263", "9", "1000", "0", "0", "0", "0", "reversedirection=yes highway=cycleway surface=asphalt foot=yes bicycle=designated route_bicycle_lcn=yes", "", "58165", "5736647"],
          ["11353865", "46494638", "263", "7", "1000", "0", "0", "0", "0", "highway=cycleway surface=asphalt bicycle=designated route_bicycle_lcn=yes", "", "58166", "5736813"],
          ["11353841", "46495042", "263", "47", "1000", "0", "0", "0", "0", "highway=cycleway surface=asphalt foot=designated bicycle=designated route_bicycle_lcn=yes", "", "58177", "5737870"],
          ["11353887", "46495117", "263", "9", "1000", "0", "0", "20", "0", "highway=cycleway surface=asphalt bicycle=designated route_bicycle_lcn=yes", "nodeaccessgranted=yes highway=crossing estimated_crossing_class=0 crossing=traffic_signals bicycle=yes", "58178", "5738026"],
          ["11353937", "46495202", "263", "10", "1000", "0", "0", "20", "0", "highway=cycleway surface=asphalt bicycle=designated route_bicycle_lcn=yes", "nodeaccessgranted=yes highway=crossing estimated_crossing_class=0 crossing=traffic_signals", "58180", "5738199"],
          ["11353974", "46495270", "263", "8", "1000", "0", "0", "0", "0", "highway=cycleway surface=asphalt bicycle=designated route_bicycle_lcn=yes", "", "58181", "5738338"],
          ["11353202", "46495546", "262", "70", "1000", "0", "0", "0", "0", "highway=pedestrian surface=paving_stones bicycle=yes route_bicycle_lcn=yes", "", "58193", "5739511"],
          ["11353450", "46495889", "262", "42", "1000", "0", "0", "0", "0", "highway=pedestrian surface=sett bicycle=yes route_bicycle_lcn=yes", "nodeaccessgranted=yes barrier=bollard bicycle=yes", "58199", "5740124"],
          ["11353393", "46497436", "264", "174", "1000", "0", "0", "0", "0", "highway=pedestrian surface=sett bicycle=yes route_bicycle_lcn=yes", "nodeaccessgranted=yes highway=crossing crossing=marked", "58233", "5743495"],
          ["11353390", "46497712", "265", "31", "1000", "0", "0", "0", "0", "highway=pedestrian surface=sett bicycle=yes smoothness=intermediate route_bicycle_lcn=yes", "nodeaccessgranted=yes highway=crossing crossing=marked kerb=flush", "58242", "5744389"],
          ["11353394", "46497763", "265", "6", "1000", "0", "0", "0", "0", "highway=pedestrian surface=sett bicycle=yes smoothness=intermediate route_bicycle_lcn=yes", "", "58244", "5744547"],
          ["11353585", "46497760", "265", "15", "1000", "0", "0", "0", "0", "reversedirection=yes highway=residential surface=sett bicycle=yes smoothness=good route_bicycle_lcn=yes", "nodeaccessgranted=yes highway=crossing crossing=marked kerb=lowered", "58247", "5744926"],
          ["11354378", "46497905", "265", "63", "1000", "0", "0", "0", "0", "highway=residential surface=sett bicycle=yes smoothness=intermediate cycleway:both=no route_bicycle_lcn=yes", "nodeaccessgranted=yes highway=crossing crossing=uncontrolled kerb=lowered", "58261", "5746257"],
          ["11354990", "46498100", "266", "57", "2250", "0", "46", "0", "0", "reversedirection=yes highway=pedestrian surface=sett bicycle=yes smoothness=good", "", "58273", "5747465"],
          ["11354960", "46498310", "266", "24", "3050", "0", "94", "0", "0", "reversedirection=yes highway=pedestrian surface=sett smoothness=good", "", "58277", "5747934"]
        ],
        "times": [0,0.504,6.552,10.468,12.578,13.724,16.497,18.283,19.991,20.945,24.416,24.89,25.462,26.278,28.453,29.942,33.184,35.845,39.325,44.564,45.855,49.528,53.001,57.955,62.222,72.394,73.211,74.52,76.793,80.152,82.017,83.976,85.348,87.36,91.534,93.413,97.031,98.563,100.068,101.757,104.031,108.829,114.205,115.52,116.08,116.453,116.639,116.825,117.566,122.5,131.572,134.371,136.806,139.921,144.565,159.152,160.122,162.581,165.102,167.817,176.565,177.997,179.615,185.343,188.482,189.916,199.254,201.631,204.585,206.71,209.369,229.002,235.264,236.104,236.936,237.349,237.761,251.655,256.021,260.023,269.818,306.578,311.235,316.478,324.885,335.983,341.053,346.048,356.915,358.959,368.902,370.496,371.554,372.082,374.218,381.154,386.732,387.319,389.328,391.54,392.081,407.552,431.193,433.007,441.7,443.194,466.129,472.319,474.713,483.055,491.184,492.706,495.406,498.509,504.246,505.134,510.342,514.981,516.397,520.154,520.931,522.012,535.188,545.794,548.869,550.788,554.761,578.971,580.913,590.233,591.944,593,593.703,595.804,597.721,599.391,603.778,605.129,614.761,616.151,617.914,634.737,640.365,641.742,648.276,652.517,657.689,666.444,667.571,673.289,676.899,678.686,679.22,680.64,681.347,681.7,682.582,684.689,685.214,687.83,690.779,695.179,699.318,706.099,727.241,731.859,749.238,766.158,767.887,780.239,794.117,804.08,808.681,812.249,814.42,825.066,827.236,828.314,830.636,833.998,837.155,838.627,844.136,846.049,847.938,852.755,854.577,855.763,858.289,859.722,861.325,869.582,871.211,872.592,876.119,885.792,894.885,901.482,916.139,917.115,918.584,921.36,922.45,923.389,924.489,925.752,934.848,936.18,937.076,940.717,941.794,943.189,945.376,954.044,954.9,955.474,956.343,957.219,957.954,958.842,961.069,964.4,971.885,973.633,975.552,976.194,976.355,980.069,982.345,985.941,986.597,987.911,993.352,998.656,1008.483,1009.652,1023.375,1024.528,1029.796,1038.509,1040.221,1043.637,1045.195,1047.155,1052.991,1054.199,1058.717,1062.527,1066.985,1070.577,1076.358,1083.601,1084.3,1097.214,1101.148,1102.26,1103.961,1123.185,1146.528,1151.338,1153.22,1156.271,1157.402,1166.168,1167.726,1168.884,1170.222,1175.095,1178.213,1180.749,1182.365,1194.675,1198.72,1201.075,1202.085,1204.273,1205.115,1209.994,1211.844,1215.544,1222.605,1225.799,1228.824,1233.866,1238.86,1244.494,1247.486,1253.152,1258.497,1260.814,1261.701,1269.955,1270.715,1271.471,1272.411,1273.111,1276.353,1279.173,1282.372,1286.563,1286.764,1287.566,1290.136,1290.721,1292.654,1297.191,1298.307,1299.231,1299.967,1301.432,1303.43,1306.308,1312.332,1313.209,1316.179,1319.822,1328.415,1329.953,1339.137,1344.895,1354.459,1365.251,1371.369,1372.643,1376.783,1378.386,1384.025,1387.163,1394.116,1395.653,1396.673,1397.756,1405.396,1432.189,1436.189,1437.746,1439.644,1445.479,1446.846,1448.041,1453.828,1456.204,1460.439,1461.793,1462.3,1464.498,1473.804,1476.926,1478.784,1483.92,1486.191,1488.318,1490,1491.98,1499.99,1506.804,1509.132,1515.565,1520.633,1527.063,1532.654,1538.453,1541.66,1544.484,1545.011,1547.113,1548.16,1549.726,1551.288,1553.017,1555.087,1557.665,1558.351,1559.037,1565.773,1566.813,1569.063,1571.267,1575.173,1575.941,1588.85,1591.169,1592.057,1592.942,1595.934,1598.033,1600.99,1602.549,1604.621,1606.343,1610.631,1612.17,1612.34,1613.535,1620.203,1624.198,1639.998,1642.073,1643.938,1645.784,1646.151,1647.795,1659.025,1661.646,1663.732,1667.415,1670.478,1678.279,1680.478,1682.845,1689.596,1690.945,1700.715,1702.062,1703.071,1704.081,1705.595,1707.278,1708.624,1709.128,1709.801,1741.554,1767.277,1777.436,1781.388,1786.73,1788.781,1801.222,1824.892,1828.662,1832.096,1834.675,1835.263,1838.56,1841.494,1880.751,1881.556,1886.307,1890.066,1891.174,1893.881,1895.086,1898.264,1899.443,1900.639,1901.983,1902.936,1903.576,1904.739,1906.237,1908.014,1910.486,1913.678,1916.766,1919.688,1924.125,1927.575,1930.795,1936.513,1943.265,1944.027,1945.029,1947.312,1949.748,1952.537,1956.872,1958.477,1960.381,1962.247,1963.991,1967.385,1970.239,1971.567,1972.97,1973.412,1974.003,1974.746,1975.793,1976.697,1978.216,1979.595,1981.14,1982.073,1985.369,1990.207,1992.288,1998.569,1999.928,2001.082,2002.606,2003.363,2005.983,2008.199,2011.118,2015.252,2030.861,2031.809,2032.563,2044.126,2061.64,2063.85,2066.378,2069.03,2071.376,2075.498,2076.903,2079.851,2081.291,2090.195,2098.617,2100.349,2104.375,2111.872,2112.806,2113.551,2120.667,2129.839,2130.568,2131.54,2133.598,2138.83,2142.162,2147.944,2149.107,2150.068,2152.708,2162.199,2163.627,2165.147,2167.296,2169.187,2174.456,2177.751,2178.657,2179.74,2200.711,2203.397,2209.226,2211.847,2212.544,2213.587,2214.107,2214.974,2215.493,2216.876,2218.427,2218.944,2219.632,2220.148,2220.663,2225.799,2226.652,2227.164,2228.187,2231.988,2233.831,2236.239,2242.026,2243.82,2245.977,2247.139,2248.863,2251.881,2254.663,2256.495,2257.588,2258.313,2264.562,2265.068,2265.969,2266.688,2273.491,2274.141,2280.792,2283.573,2286.486,2287.252,2290.654,2294.172,2294.356,2297.674,2298.284,2299.794,2304.381,2307.988,2308.775,2309.821,2311.061,2313.697,2317.638,2326.672,2327.588,2328.317,2330.673,2336.547,2343.366,2346.484,2348.108,2350.5,2352.263,2354.959,2356.855,2359.102,2360.214,2367.83,2368.866,2370.396,2373.611,2377.974,2378.985,2380.187,2383.526,2390.159,2396.557,2402.796,2405.435,2409.622,2414.014,2415.104,2417.876,2425.75,2427.109,2428.455,2429.408,2430.356,2431.485,2434.462,2439.746,2442.435,2443.859,2447.079,2456.552,2459.974,2464.644,2466.355,2466.922,2467.674,2469.91,2471.57,2473.282,2484.099,2491.688,2495.987,2499.829,2504.318,2506.228,2508.938,2513.37,2518.22,2523.301,2530.08,2530.661,2531.431,2544.294,2550.922,2552.317,2554.283,2555.254,2556.411,2557.483,2558.551,2559.615,2561.315,2562.438,2575.77,2576.684,2578.138,2597.602,2610.133,2618.667,2642.009,2652.082,2659.318,2665.613,2672.978,2675.126,2676.697,2679.95,2680.719,2681.292,2681.904,2683.847,2684.485,2685.748,2687.816,2688.428,2688.807,2689.212,2689.776,2690.339,2691.272,2693.309,2694.879,2713.923,2722.012,2726.309,2727.804,2728.801,2730.045,2732.122,2763.813,2771.306,2772.405,2777.282,2780.406,2785.901,2786.878,2801.394,2803.23,2804.354,2805.817,2816.412,2822.195,2827.914,2834.533,2839.353,2848.222,2857.617,2881.912,2896.861,2899.773,2907.347,2923.903,2952.823,2960.719,2965.638,2971.578,2985.909,2994.301,2999.652,3003.628,3005.517,3007.674,3008.747,3010.171,3010.526,3015.902,3025.838,3044.573,3047.67,3049.385,3053.747,3055.363,3066.138,3072.996,3076.419,3081.936,3083.371,3102.857,3104.435,3114.847,3131.923,3142.64,3166.357,3175.259,3183.958,3190.486,3199.803,3206.917,3213.024,3217.252,3218.728,3220.278,3222.192,3242.767,3244.999,3247.089,3261.259,3283.302,3315.676,3341.376,3354.968,3360.991,3365.306,3369.025,3373.585,3377.066,3384.076,3396.541,3403.095,3413.174,3414.762,3416.343,3427.439,3430.183,3430.354,3430.697,3434.966,3439.774,3442.913,3450.251,3452.055,3455.161,3462.952,3464.731,3467.932,3472.264,3474.161,3477.394,3479.818,3483.487,3484.213,3484.756,3485.839,3486.019,3488.17,3490.483,3493.483,3495.411,3496.459,3497.157,3497.679,3498.375,3498.723,3499.07,3499.417,3500.11,3500.63,3502.703,3505.629,3509.058,3510.255,3514.123,3515.344,3516.552,3521.565,3523.982,3531.899,3535.434,3535.986,3545.531,3549.405,3550.63,3553.969,3554.153,3558.993,3561.105,3564.391,3567.579,3572.783,3584.896,3596.935,3597.708,3601.508,3604.671,3607.419,3609.413,3611.336,3613.365,3614.961,3617.531,3619.666,3624.196,3627.485,3635.978,3639.194,3645.265,3646.693,3651.533,3654.069,3668.644,3670.937,3677.995,3685.284,3690.854,3713.468,3724.527,3735.478,3742.312,3748.75,3757.573,3780.039,3788.975,3798.788,3837.318,3861.133,3875.002,3875.87,3876.737,3925.447,3950.206,3971.521,3973.905,3976.285,3978.517,3986.438,3995.468,4013.496,4023.032,4024.445,4025.296,4025.856,4026.401,4032.592,4034.313,4035.964,4050.252,4096.7,4100.294,4101.858,4111.805,4117.288,4123.756,4124.664,4126.828,4144.593,4151.062,4156.998,4166.57,4182.849,4191.194,4195.059,4197.517,4200.124,4202.878,4207.305,4210.123,4212.397,4213.33,4223.855,4225.805,4228.096,4230.562,4232.671,4235.297,4238.757,4241.573,4247.669,4249.052,4251.466,4253.014,4254.558,4256.442,4265.302,4268.695,4271.743,4278.842,4285.588,4295.351,4316.702,4318.871,4322.044,4325.054,4332.754,4340.801,4358.396,4368.512,4380.235,4390.037,4396.197,4403.27,4416.491,4424.801,4431.511,4438.772,4440.857,4450.813,4458.146,4468.062,4478.144,4486.376,4493.265,4502.842,4511.53,4520.65,4525.585,4533.504,4540.477,4550.509,4559.571,4567.947,4571.677,4576.534,4587.263,4627.294,4643.838,4658.575,4667.641,4698.497,4706.402,4710.602,4718.291,4720.204,4732.86,4736.811,4749.081,4780.255,4791.103,4791.502,4795.735,4797.368,4799.17,4810.29,4815.26,4829.693,4830.499,4831.895,4843.782,4846.919,4848.409,4850.177,4852.112,4852.813,4855.259,4856.998,4858.038,4859.768,4860.9,4862.579,4865.671,4867.079,4869.928,4872.61,4877.72,4880.668,4886.35,4889.09,4891.823,4894.546,4895.512,4897.922,4905.221,4908.564,4912.033,4913.724,4915.414,4920.479,4921.828,4934.967,4942.375,4945.826,4952.333,4965.697,4983.885,4997.872,5015.558,5016.438,5032.066,5033.463,5036.623,5051.896,5058.654,5065.114,5066.612,5098.309,5108.647,5119.005,5125.237,5129.95,5133.53,5141.689,5148.806,5155.397,5161.014,5167.094,5173.926,5176.042,5179.842,5183.762,5188.104,5189.399,5193.548,5197.57,5199.375,5202.593,5205.816,5206.454,5206.876,5207.551,5209.323,5221.754,5224.572,5229.794,5235.919,5237.173,5241.02,5247.975,5251.415,5255.642,5257.396,5259.751,5262.092,5268.528,5272.537,5277.316,5280.578,5284.102,5287.506,5290.308,5292.977,5300.446,5304.795,5311.837,5317.235,5321.875,5325.127,5330.293,5331.481,5338.447,5405.409,5428.862,5490.43,5494.63,5497.352,5499.263,5504.243,5512.431,5526.109,5533.991,5553.819,5555.333,5563.408,5583.64,5591.854,5596.821,5600.295,5603.213,5611.437,5619.96,5633.129,5645.782,5658.925,5659.819,5660.847,5669.387,5677.068,5682.684,5686.321,5690.711,5692.884,5697.203,5700.78,5708.517,5710.603,5712.162,5713.717,5715.44,5717.16,5720.278,5727.998,5730.516,5736.896,5747.544,5753.677,5755.93,5756.938,5757.739,5759.224,5766.973,5770.394,5783.849,5790.422,5797.192,5802.415,5812.229,5814.99,5823.096,5824.187,5828.06,5831.447,5833.443,5842.857,5859.438,5868.655,5887.759,5898.51,5906.83,5923.03,5927.382,5939.164,5943.644,5945.049,5947.225,5949.301,5952.614,5953.562,5954.253,5955.997,5956.32,5959.472,5960.713,5961.644,5962.237,5964.423,5971.116,5971.993,5975.063,5976.362,5977.126,5979.167,5980.36,5982.383,5983.562,5989.433,5993.276,5996.105,6003.647,6007.151,6009.112,6014.528,6018.546,6022.67,6039.434,6047.516,6055.064,6063.861,6070.473,6076.621,6084.453,6092.402,6100.941,6108.457,6112.407,6115.839,6117.4,6120.069,6125.502,6130.17,6132.7,6134.526,6136.442,6139.359,6142.267,6144.934,6147.506,6149.747,6151.267,6152.066,6153.187,6154.171,6158.09,6172.025,6175.445,6183.819,6203.137,6211.542,6213.993,6216.559,6227.828,6230.997,6257.453,6267.967,6278.055,6281.88,6286.704,6290.186,6291.72,6292.495,6294.335,6296.008,6297.786,6299.123,6304.777,6306.577,6308.73,6310.863,6314.309,6322.719,6329.828,6333.99,6335.345,6337.051,6340.27,6342.254,6351.431,6354.348,6356.284,6357.277,6359.724,6363.251,6366.247,6371.68,6374.479,6377.833,6379.141,6380.143,6381.174,6386.091,6387.749,6391.34,6394.833,6396.542,6400.778,6401.881,6403.666,6404.416,6415.037,6419.047,6424.391,6428.441,6430.98,6443.715,6465.366,6468.275,6482.742,6486.973,6498.397,6501.5,6503.473,6505.201,6508.361,6511.357,6514.086,6520.129,6523.3,6525.913,6529.706,6530.765,6533.115,6542.432,6543.7,6547.037,6550.788,6551.786,6553.24,6554.647,6556.446,6564.75,6567.567,6569.623,6570.998,6573.35,6575.72,6578.152,6580.028,6581.61,6583.213,6584.667,6586,6586.296,6587.27,6588.344,6591.135,6595.029,6598.949,6604.469,6607.669,6609.509,6610.107,6610.994,6612.755,6613.859,6616.398,6617.156,6618.298,6620.323,6622.421,6624.568,6626.319,6627.502,6628.547,6629.75,6631.376,6633.554,6635.911,6637.156,6639.38,6641.737,6647.374,6651.647,6658.655,6669.729,6676.436,6680.545,6684.172,6685.394,6687.726,6691.303,6692.903,6697.429,6699.845,6702.306,6705.161,6712.162,6714.476,6715.669,6716.887,6717.717,6719.056,6720.489,6722.001,6723.587,6734.258,6740.778,6743.696,6748.691,6750.782,6752.261,6753.848,6754.647,6756.007,6757.767,6760.087,6762.647,6763.687,6765.127,6767.527,6768.887,6770.567,6772.087,6773.607,6775.527,6775.847,6776.887,6779.367,6779.927,6785.367,6786.203,6792.3,6796.115,6797.289,6798.324,6840.287,6842.396,6851.167,6870.863,6877.533,6881.107,6895.375,6916.241,6992.195,7010.197,7023.241,7032.772,7040.432,7051.573,7058.124,7065.346,7067.292,7068.947,7071.538,7074.521,7076.245,7076.498,7076.663,7077.303,7078.103,7078.743,7079.223,7079.625,7080.803,7085.638,7086.897,7089.715,7091.38,7092.71,7093.921,7095.88,7098.444,7102.371,7104.65,7107.57,7109.731,7111.307,7112.381,7115.981,7131.773,7139.593,7143.283,7149.099,7154.458,7157.073,7159.745,7160.973,7162.735,7171.725,7215.269,7223.407,7226.249,7232.323,7233.541,7271.129,7280.532,7301.67,7310.693,7314.895,7319.621,7326.085,7333.027,7340.563,7347.073,7349.653,7355.445,7358.206,7359.539,7360.735,7367.956,7370.684,7373.272,7374.869,7379.204,7385.79,7394.818,7401.723,7402.866,7404.51,7411.266,7413.21,7434.268,7445.024,7455.747,7459.588,7462.68,7466.223,7468.641,7472.846,7474.874,7476.937,7478.137,7480.171,7483.43,7484.852,7486.149,7489.092,7491.938,7494.302,7498.125,7509.976,7537.882,7562.792,7579.67,7589.104,7593.669,7596.451,7605.021,7613.794,7620.65,7629.392,7632.674,7635.858,7638.784,7643.134,7645.692,7652.043,7657.237,7665.93,7670.667,7673.295,7675.465,7682.579,7684.743,7686.41,7687.397,7690.686,7716.06,7719.66,7722.107,7724.034,7726.074,7728.468,7733.305,7741.683,7744.326,7746.907,7748.786,7757.995,7769.571,7776.077,7793.078,7798.599,7820.258,7825.937,7830.549,7832.916,7834.825,7837.543,7839.663,7842.134,7842.551,7842.69,7843.957,7846.5,7851.454,7859.133,7863.926,7866.406,7880.685,7886.573,7889.592,7892.918,7897.585,7902.762,7905.565,7908.483,7914.931,7916.555,7935.569,7941.023,7946.188,7949.441,7952.016,7956.798,7960.697,7964.083,7971.168,7978.583,7995.939,7999.468,8003.81,8006.786,8009.637,8015.21,8018.888,8023.229,8031.052,8036.799,8039.914,8044.751,8050.183,8056.147,8062.763,8066.541,8070.8,8077.436,8082.342,8088.896,8092.895,8097.518,8104.634,8109.75,8118.789,8119.37,8120.396,8122.126,8123.393,8124.579,8125.304,8139.499,8160.787,8181.86,8185.568,8198.422,8199.197,8201.228,8204.95,8213.158,8220.788,8223.319,8226.408,8229.365,8231.097,8232.65,8242.113,8256.368,8265.461,8266.74,8268.21,8270.271,8273.713,8277.043,8281.564,8287.211,8291.03,8292.679,8294.463,8296.212,8297.311,8298.048,8300.901,8304.365,8309.308,8316.61,8322.059,8343.42,8361.461,8366.65,8382.7,8393.469,8403.211,8419.443,8436.568,8444.379,8449.937,8461.943,8468.644,8476.706,8487.892,8493.065,8512.711,8528.9,8530.97,8533.527,8535.766,8538.35,8544.274,8554.025,8564.812,8573.859,8594.71,8600.367,8602.645,8603.771,8605.076,8606.188,8619.968,8620.99,8622.402,8623.566,8625.752,8629.101,8631.486,8633.559,8637.519,8639.689,8643.045,8647.514,8659.959,8665.559,8669.94,8678.579,8686.066,8689.602,8694.687,8700.102,8707.646,8711.479,8716.005,8723.518,8736.452,8740.941,8743.176,8745.622,8747.77,8750.561,8756.157,8761.387,8766.485,8769.783,8773.505,8792.817,8795.951,8800.399,8804.192,8809.935,8812.902,8815.942,8821.227,8824.964,8829.049,8831.318,8840.35,8844.158,8845.758,8847.535,8851.721,8854.167,8866.151,8867.011,8868.897,8872.68,8876.004,8881.387,8895.604,8903.278,8911.49,8920.228,8938.794,8940.329,8940.876,8941.422,8942.199,8943.027,8944.053,8945.378,8946.256,8948.589,8950.957,8956.281,8962.327,8976.097,8992.518,9010.502,9021.846,9032.964,9041.668,9046.59,9052.442,9055.45,9063.956,9066.403,9068.589,9075.162,9079.486,9084.06,9115.249,9155.046,9179.273,9186.959,9190.072,9193.352,9202.069,9203.908,9207.561,9214.946,9217.823,9219.41,9221.326,9225.052,9229.792,9232.176,9234.263,9236.407,9239.817,9243.123,9248.422,9276.705,9281.413,9305.986,9309.05,9310.46,9314.583,9326.565,9335.127,9341.112,9345.742,9359.854,9373.823,9377.33,9386.155,9429.042,9447.29,9448.959,9451.038,9455.438,9456.458,9458.324,9467.785,9473.169,9478.675,9506.369,9513.467,9518.222,9526.731,9561.026,9566.314,9572.374,9576.762,9580.034,9580.854,9582.005,9585.797,9587.975,9596.671,9606.249,9610.967,9621.109,9640.438,9659.064,9672.112,9693.991,9700.312,9704.213,9712.365,9715.431,9718.281,9722.392,9724.816,9727.427,9728.369,9737.026,9744.439,9747.823,9751.503,9755.254,9760.182,9763.161,9765.505,9767.751,9773.106,9778.837,9788.721,9790.311,9795.941,9800.33,9807.114,9817.728,9831.558,9839.97,9843.688,9854.178,9861.366,9869.486,9876.921,9885.885,9893.516,9912.204,9924.136,9928.545,9944.636,9974.156,10015.717,10029.496,10035.569,10038.215,10041.412,10042.155,10044.91,10049.142,10051.559,10053.529,10054.471,10055.838,10063.314,10068.01,10068.78,10072.362,10075.215,10077.698,10087.805,10101.315,10104.996,10108.01,10110.354,10113.706,10115.886,10120.75,10122.764,10123.938,10126.288,10129.812,10133.002,10135.37,10153.866,10160.35,10162.899,10167.058,10167.541,10173.054,10177.145,10179.94,10183.571,10189.706,10207.729,10224.658,10243.795,10262.876,10273.318,10282.188,10297.381,10298.633,10305.242,10320.137,10337.677,10346.102,10357.689,10373.721,10375.602,10381.102,10397.4,10408.979,10412.303,10426.688,10428.328,10435.807,10447.632,10451.963,10456.536,10459.223,10466.228,10472.692,10473.635,10476.165,10485.045,10491.87,10503.416,10516.214,10519.918,10523.414,10530.125,10531.052,10537.468,10543.511,10550.288,10561.914,10565.45,10568.812,10571.001,10574.111,10576.292,10579.284,10584.063,10587.162,10588.273,10589.283,10596.598,10598.017,10605.936,10606.446,10609.98,10615.581,10617.706,10628.356,10636.033,10641.89,10647.309,10657.181,10657.647,10660.467,10662.442,10664.227,10665.224,10665.691,10666.943,10667.572,10668.36,10669.15,10671.375,10676.841,10688.201,10688.823,10694.512,10700.118,10701.498,10703.54,10706.358,10707.873,10711.499,10717.979,10723.907,10727.251,10729.631,10737.494,10739.621,10740.768,10742.791,10745.563,10748.276,10750.594,10755.937,10762.043,10773.769,10777.331,10780.359,10794.349,10803.444,10809.271,10815.117,10817.077,10827.169,10833.107,10839.98,10856.156,10868.561,10878.679,10880.447,10884.59,10891.372,10898.352,10901.669,10908.366,10913.763,10915.619,10916.254,10917.026,10917.81,10918.604,10919.272,10919.542,10921.02,10922.802,10931.119,10934.647,10937.229,10956.465,11013.299,11020.248,11021.304,11022.883,11026.718,11027.238,11028.797,11031.923,11033.015,11034.563,11035.996,11044.482,11046.832,11048.925,11050.744,11051.969,11054.007,11058.258,11063.714,11072.308,11078.382,11083.218,11088.731,11098.039,11104.273,11108.729,11111.691,11112.169,11116.125,11120.74,11128.137,11130.24,11137.018,11138.088,11138.806,11139.729,11140.968,11142.214,11142.683,11143.624,11145.307,11147.065,11153.039,11159.369,11163.344,11164.346,11165.11,11166.821,11167.325,11167.839,11168.956,11171.281,11173.201,11197.83,11199.992,11200.614,11212.402,11217.515,11227.327,11235.896,11249.287,11272.976,11308.807,11311.908,11330.78,11358.098,11365.747,11387.798,11400.849,11409.374,11423.985,11437.41,11442.043,11450.414,11455.084,11465.615,11485.312,11492.276,11502.396,11525.135,11543.786,11558.748,11561.126,11564.021,11569.031,11573.347,11584.509,11593.744,11594.191,11598.709,11603.645,11610.094,11613.272,11616.555,11620.188,11621.382,11632.826,11656.202,11676.132,11686.022,11705.649,11727.815,11745.592,11747.538,11749.447,11754.034,11755.306,11756.497,11757.95,11758.854,11760.201,11761.947,11763.233,11763.446,11796.558,11799.223,11805.856,11808.106,11809.934,11821.329,11828.502,11837.847,11846.946,11856.417,11869.931,11871.354,11880.968,11901.145,11904.472,11911.563,11913.64,11918.606,11923.105,11926.258,11949.756,11966.191,11978.647,11989.547,12010.559,12034.232,12063.038,12072.217,12089.218,12099.75,12110.591,12117.79,12125.971,12132.097,12217.706,12224.077,12235.31,12238.438,12253.045,12272.214,12277.116,12284.922,12338.025,12422.198,12459.774,12464.338,12465.271,12468.732,12470.025,12473.764,12474.81,12475.926,12478.573,12480.32,12484.438,12506.616,12509.804,12512.567,12515.134,12519.188,12527.072,12531.024,12534.104,12535.858,12539.35,12543.804,12549.516,12550.093,12555.026,12564.491,12569.75,12574.761,12576.323,12586.132,12597.365,12603.46,12614.263,12623.462,12626.366,12628.453,12628.909,12630.26,12631.294,12633.577,12638.63,12646.872,12651.207,12651.744,12652.102,12652.865,12654.688,12655.489,12672.838,12688.09,12692.216,12692.872,12694.283,12714.433,12733.492,12746.703,12762.008,12776.397,12847.767,12903.618,12917.208,12919.978,12923.269,12925.09,12927.356,12931.668,12935.064,13137.075,13139.128,13140.924,13142.207,13142.513,13144.645,13147.726,13148.418,13148.876,13152.393,13154.498,13174.182,13184.059,13187.999,13206.005,13216.958,13230.746,13261.308,13276.543,13288.39,13303.516,13316.331,13329.359,13347.641,13365.562,13381.905,13385.559,13410.64,13434.353,13455.621,13456.608,13457.69,13459.403,13459.716,13462.075,13462.55,13463.734,13464.845,13466.118,13476.708,13506.296,13508.633,13527.489,13634.618,13722.062,13737.005,13746.564,13753.21,13844.02,13877.104,13883.62,13894.64,13901.901,13917.886,13933.517,13943.991,13959.901,13974.587,13982.808,13993.3,14004.073,14012.106,14020.662,14027.549,14037.951,14047.615,14063.924,14072.495,14075.456,14077.617,14079.795,14081.843,14088.596,14099.605,14106.617,14112.091,14115.067,14116.395,14118.408,14120.273,14127.756,14136.219,14137.635,14143.941,14158.899,14184.795,14194.331,14196.043,14199.228,14206.955,14211.78,14214.149,14217.749,14221.48,14229.491,14232.652,14234.335,14239.63,14240.641,14243.132,14248.894,14251.012,14253.288,14254.227,14265.693,14272.563,14274.307,14296.113,14305.226,14309.318,14313.732,14324.096,14331.923,14334.223,14340.742,14343.249,14343.874,14346.231,14347.974,14349.774,14353.04,14358.665,14361.71,14364.898,14368.578,14373.827,14379.642,14381.385,14390.349,14408.304,14410.453,14428.704,14431.598,14439.653,14447.083,14452.374,14457.993,14466.057,14474.562,14477.278,14480.051,14480.748,14482.181,14483.374,14486.491,14490.939,14492.426,14495.919,14499.755,14519.6,14529.4,14532.467,14542.345,14547.104,14552.989,14555.258,14557.07,14558.197,14559.092,14559.733,14560.5,14561.547,14562.685,14564.381,14565.917,14567.636,14573.98,14576.967,14581.761,14590.072,14599.498,14604.976,14606.406,14608.443,14610.817,14618.485,14648.382,14657.909,14664.675,14671.034,14679.874,14697.266,14740.89,14741.753,14745.424,14746.664,14748.065,14750.21,14757.189,14758.162,14758.975,14762.319,14766.657,14772.912,14775.601,14780.535,14786.286,14788.764,14791.057,14793.525,14795.506,14798.499,14800.554,14802.803,14805.719,14808.173,14812.311,14816.477,14820.65,14822.611,14828.116,14830.109,14832.793,14837.289,14838.866,14840.036,14841.585,14844.298,14853.001,14857.271,14864.855,14869.72,14875.726,14879.737,14888.799,14894.646,14897.397,14900.131,14903.254,14906.939,14914.052,14915.578,14935.406,14942.211,14952.875,14954.395,14955.477,14956.63,14958.055,14966.208,14969.466,14972.391,14974.271,14975.473,14977.895,14987.478,14991.518,14996.264,14997.964,14999.152,15000.752,15004.477,15006.396,15008.221,15010.841,15023.904,15044.004,15064.43,15163.287,15174.316,15178.36,15182.615,15185.482,15188.624,15191.076,15202.132,15206.532,15208.762,15218.611,15222.709,15226.178,15229.936,15232.398,15235.926,15238.16,15240.532,15244.255,15254.117,15256.079,15257.969,15262.65,15279.209,15290.27,15305.859,15311.472,15320.13,15331.501,15349.802,15386.696,15412.076,15435.064,15453.012,15469.473,15480.602,15490.806,15498.286,15502.745,15506.513,15511.812,15520.54,15525.403,15530.888,15537.529,15544.525,15551.236,15555.773,15565.246,15567.737,15570.103,15571.957,15575.362,15580.498,15582.303,15584.113,15587.565,15595.698,15596.298,15598.666,15602.369,15605.869,15609.301,15614.486,15619.935,15624.739,15630.209,15634.247,15638.284,15642.096,15645.635,15649.928,15652.322,15655.617,15657.709,15679.461,15687.031,15694.187,15700.727,15705.895,15711.983,15719.603,15730.706,15739.916,15756.289,15782.993,15791.076,15819.444,15824.205,15828.38,15833.416,15857.151,15868.916,15907.137,15909.854,15912.398,15916.228,15918.481,15920.689,15931.083,15937.391,15939.356,15941.688,15949.528,15953.041,15965.669,15971.264,15977.161,15986.101,15993.109,15999.198,16002.575,16014.851,16020.815,16024.225,16032.057,16036.677,16045.611,16046.472,16047.484,16048.36,16049.143,16062.951,16063.877,16068.526,16069.596,16077.004,16078.638,16079.688,16080.684,16081.546,16082.471,16083.461,16085.752,16092.551,16096.853,16101.267,16105.907,16122.271,16130.092,16181.48,16186.759,16208.789,16215.488,16218.792,16221.395,16223.646,16226.218,16239.11,16251.756,16263.052,16267.401,16271.305,16273.743,16277.207,16290.028,16292.929,16297.303,16305.353,16307.698,16320.043,16327.936,16333.132,16337.89,16342.665,16350.067,16366.153,16367.029,16381.397,16382.647,16384.055,16385.834,16412.664,16418.287,16421.789,16435.699,16436.689,16439.953,16447.104,16457.191,16469.17,16477.824,16479.254,16486.979,16491.307,16496.738,16501.336,16506.357,16518.529,16524.412,16529.121,16530.852,16533.213,16539.283,16549.461,16550.65,16552.537,16553.775,16563.561,16571.555,16586.998,16612.355,16659.135,16667.605,16672.412,16678.551,16701.66,16720.52,16725.51,16743.26,16746.756,16747.654,16753.484,16756.656,16766.766,16772.102,16779.16,16785.994,16790.795,16793.352,16800.883,16810.186,16812.139,16816.682,16819.779,16822.199,16823.062,16824.059,16825.242,16837.24,16845.775,16856.178,16864.088,16867.559,16869.596,16875.285,16878.85,16893.752,16900.105,16910.695,16919.074,16925.59,16929.797,16932.787,16938.629,16941.082,16942.934,16945.053,16947.799,16950.332,16958.26,16959.73,16961.084,16965.354,16966.404,16973.535,16974.773,16975.717,16976.842,16978.332,16979.197,16980.006,16980.918,16981.99,16984.619,16987.426,16996.662,17013.111,17015.801,17022.951,17050.869,17055.93,17062.154,17066.275,17070.516,17073.4,17079.887,17089.143,17091.955,17094.939,17100.258,17101.625,17102.648,17103.607,17104.977,17106.172,17109.07,17116.438,17119.564,17125.268,17138.49,17140.379,17143.408,17147.156,17148.828,17150.004,17152.434,17159.551,17162.275,17165.643,17175.039,17182.23,17188.762,17202.412,17213.943,17221.484,17246.498,17258.705,17273.418,17289.137,17309.105,17318.139,17338.881,17346.695,17355.912,17363.482,17371.248,17379.281,17386.373,17393.621,17401.902,17434.104,17443.303,17474.41,17496.676,17515.316,17551.529,17564.525,17582.121,17585.549,17588.865,17616.209,17624.992,17637.461,17648.262,17653.971,17662.365,17670.781,17679.635,17688.135,17698.574,17728.223,17740.863,17755.357,17765.254,17774.113,17793.828,17808.941,17817.043,17818.99,17824.732,17827.426,17828.852,17831.678,17833.809,17835.463,17876.65,17879.033,17895.414,17901.34,17902.85,17903.266,17908.549,17910.412,17925.291,17929.24,17939.842,17942.467,17945.334,17957.812,17963.783,17976.105,17991.467,17992.479,17993.738,17994.889,17998.078,17998.432,17999.936,18001.531,18001.926,18003.299,18004.271,18006.004,18006.768,18010.344,18011.828,18034.678,18041.682,18043.342,18047.238,18051.92,18054.107,18056.342,18061.131,18076.338,18080.049,18081.199,18086.529,18116.207,18122.275,18127.043,18132.336,18139.545,18153.881,18167.268,18173.4,18181.08,18221.564,18222.572,18223.58,18224.617,18233.871,18239.92,18243.416,18247.574,18250.57,18258.822,18263.559,18267.494,18270.398,18278.229,18284.594,18289.355,18296.523,18301.996,18307.951,18315.33,18323.594,18334.711,18349.971,18359.396,18362.729,18364.967,18371.766,18376.221,18381.064,18389.625,18396.244,18401.82,18409.207,18415.986,18422.936,18427.812,18430.098,18435.701,18443.115,18444.199,18445.1,18445.996,18447.604,18494.895,18497.135,18502.066,18521.447,18547.648,18557.838,18589.785,18591.898,18602.77,18610.121,18617.51,18619.857,18624.463,18629.652,18635.805,18648.053,18655.592,18658.041,18668.486,18670.619,18672.719,18674.979,18677.209,18693.82,18704.355,18711.018,18713.23,18718.633,18719.395,18720.457,18722.111,18724.449,18726.982,18729.893,18734.773,18737.779,18742.717,18759.115,18762.373,18765.926,18770.764,18794.908,18800.186,18806.855,18813.1,18814.617,18840.686,18844.615,18847.963,18850.693,18861.324,18864.953,18870.316,18879.471,18884.18,18885.834,18887.451,18890.365,18892.107,18893.391,18895.49,18898.152,18933.201,18938.408,18943.219,18947.258,18950.5,18952.861,18955.875,18958.043,18960.947,18983.359,18989.354,19003.477,19006.25,19007.471,19010.818,19015.363,19016.641,19018.084,19018.566,19021.311,19022.867,19027.523,19031.84,19033.469,19035.67,19040.748,19043.52,19046.422,19047.348,19049.059,19049.998,19050.941,19052.52,19053.471,19055.383,19066.758,19068.584,19069.186,19082.037,19085.041,19098.225,19100.16,19101.387,19103.252,19108.941,19117.654,19131.283,19133.205,19133.777,19157.307,19168.789,19175.334,19187.215,19187.912,19189.65,19191.73,19194.125,19199.922,19204.859,19206.43,19210.988,19212.799,19215.092,19218.713,19219.947,19221.002,19221.752,19222.127,19222.873,19223.43,19223.984,19224.578,19225.168,19225.756,19226.342,19226.924,19227.311,19227.697,19228.082,19229.23,19229.99,19231.227,19232.051,19232.98,19234.004,19236.248,19239.539,19240.605,19241.246,19241.895,19244.166,19245.531,19247.203,19248.998,19250.111,19251.057,19251.705,19252.396,19255.285,19257.123,19258.859,19260.922,19268.762,19271.291,19282.619,19295.4,19303.881,19305.254,19309.988,19318.023,19325.613,19328.393,19332.133,19339.297,19349.744,19359.588,19361.57,19370.562,19373.5,19375.391,19375.855,19381.42,19382.391,19384.992,19389.232,19390.404,19391.24,19392.094,19392.963,19414.033,19415.99,19434.322,19442.16,19447.127,19458.496,19461.971,19474.252,19479.053,19481.676,19486.369,19487.898,19497.152,19500.172,19502.895,19509.609,19520.477,19538.102,19556.738,19559.135,19563.5,19568.232,19569.311,19578.506,19580.109,19593.057,19606.838,19611.01,19620.006,19630.398,19632.627,19637.189,19640.141,19647.92,19652.844,19663.902,19666.852,19667.889,19669.18,19672.971,19678.59,19680.85,19682.969,19684.217,19685.756,19689.311,19690.744,19692.482,19696.609,19697.191,19697.631,19698.047,19698.639,19707.576,19709.934,19713.75,19714.502,19715.104,19716.924,19717.818,19718.482,19719.887,19722.086,19723.639,19724.73,19725.535,19726.654,19727.951,19733.443,19746.264,19753.051,19757.553,19758.199,19760.473,19768.336,19772.463,19774.615,19776.771,19780.096,19785.26,19787.262,19790.938,19794.449,19797.127,19799.807,19805.283,19808.373,19817.027,19830.887,19833.363,19839.504,19854.66,19857.908,19860.939,19864.758,19872.326,19873.371,19874.414,19876.84,19880.633,19883.053,19885.342,19887.234,19888.119,19889.01,19890.125,19890.764,19893.494,19896.533,19897.641,19906.838,19983.965,20060.684,20061.404,20150.41,20151.947,20155.773,20157.543,20163.09,20164.586,20174.885,20179.689,20186.885,20190.148,20202.18,20212.773,20218.123,20222.381,20225.291,20227.271,20233.676,20237.521,20245.43,20248.855,20253.357,20254.947,20255.988,20256.814,20257.691,20258.852,20265.076,20282.65,20283.127,20284.008,20284.227,20287.209,20287.918,20289.992,20291.391,20298.16,20313.078,20317.523,20319.344,20323.053,20325.275,20326.42,20327.529,20328.285,20328.412,20328.795,20329.051,20329.309,20329.438,20330.221,20332.902,20333.832,20334.08,20334.33,20334.568,20334.928,20335.049,20335.291,20335.658,20336.15,20340.953,20345.277,20353.971,20362.326,20372.701,20383.734,20395.754,20404.619,20408.494,20411.445,20422.725,20430.979,20433.32,20434.494,20436.004,20440.914,20450.75,20455.619,20463.297,20469.967,20479.311,20484.551,20485.641,20490.234,20491.787,20492.998,20494.66,20495.674,20497.068,20499.395,20503.273,20504.434,20505.35,20506.223,20507.775,20508.916,20513.439,20517.508,20519.195,20519.766,20520.443,20522.373,20524.279,20525.717,20527.426,20530.045,20536.982,20539.361,20540.791,20541.768,20542.84,20544.062,20548.07,20550.572,20552.061,20553.18,20554.326,20556.26,20560.223,20567.303,20569.211,20571.57,20574.945,20586.402,20588.377,20589.904,20593.814,20602.404,20608.799,20611.488,20613.895,20620.098,20633.732,20639.496,20643.322,20646.301,20647.627,20649.045,20672.221,20691.291,20812.578,20845.061,20876.785,20893.812,20944.125,20947.865,20952.084,20963.162,21073.891,21076.412,21078.461,21080.824,21091.393,21194.111,21198.648,21205.201,21208.225,21216.121,21236.512,21241.096,21243.803,21245.947,21250.018,21253.521,21266.975,21284.975,21289.934,21316.465,21339.416,21440.664,21444.926,21446.408,21457.527,21465.525,21469.205,21484.293,21499.08,21503.334,21508.424,21513.205,21521.287,21527.098,21547.141,21556.506,21558.141,21559.779,21568.354,21572.334,21577.158,21577.992,21588.775,21590.24,21595.172,21596.08,21603.281,21613.758,21617.289,21619.012,21620.387,21623.49,21625.117,21629.053,21633.568,21640.781,21645.525,21647.512,21648.947,21649.84,21654.09,21654.793,21657.943,21661.072,21673.611,21677.018,21679.736,21686.199,21692.549,21701.93,21705.984,21708.439,21715.793,21718.668,21726.693,21728.654,21731.545,21748.381,21752.623,21758.07,21760.924,21762.16,21763.613,21764.943,21766.035,21768.646,21772.133,21773.713,21775.898,21776.623,21779.318,21780.258,21781.094,21781.723,21782.721,21793.744,21794.914,21797.738,21801.561,21815.658,21829.668,21836.082,21837.773,21841.484,21851.773,21857.221,21861.801,21867.121,21871.256,21876.953,21880.979,21884.92,21902.377,21918.25,21926.748,21935.459,21943.158,21953.66,21959.381,21962.648,21964.074,21972.561,21980.555,21988.449,21994.406,21999.398,22006.475,22020.865,22033.398,22053.309,22062.957,22076.303,22087.133,22095.736,22099.17,22102.975,22108.289,22114.537,22116.279,22118.486,22130.801,22133.014,22134.816,22135.574,22136.641,22137.65,22143.752,22149.629,22156.65,22162.48,22169.918,22174.16,22175.963,22182.039,22188.535,22192.033,22196.701,22200.676,22202.852,22203.164,22206.723,22212.686,22213.486,22214.338,22214.768,22215.199,22215.969,22217.779,22220.941,22227.891,22232.102,22240.324,22246.754,22250.129,22252.711,22254.764,22261.135,22263.809,22287.27,22295.195,22315.006,22323.279,22326.885,22336.432,22350.646,22355.842,22371.277,22387.584,22391.984,22398.041,22405.549,22413.299,22420.738,22428.795,22437.832,22446.553,22454.682,22463.127,22467.762,22476.232,22485.191,22488.756,22497.439,22513.184,22517.84,22525.875,22538.551,22551.555,22561.834,22575.785,22584.996,22613.521,22670.26,22670.73,22708.525,22718.799,22721.807,22727.273,22742.072,22749.17,22754.676,22757.574,22759.088,22760.982,22762.629,22765.371,22766.469,22769.729,22772.77,22774.297,22775.748,22778.271,22780.213,22781.969,22782.771,22783.467,22809.465,22811.576,22814.6,22816.916,22824.055,22828.164,22835.484,22838.861,22846.111,22867.348,22883.836,22885.139,22889.934,22891.805,22893.164,22894.861,22899.896,22904.707,22908.801,22930.367,22938.402,22939.721,22943.525,22945.32,22947.492,22948.662,22950.334,22959.709,22963.471,22964.51,22966.141,22971.303,22998.967,23000.854,23004.08,23007.023,23008.738,23012.404,23016.758,23021.525,23024.607,23042.264,23046.662,23054.877,23065.1,23071.889,23072.703,23082.893,23083.6,23084.482,23085.424,23086.824,23091.361,23092.811,23093.775,23094.879,23100.697,23101.939,23102.896,23104.414,23119.828,23134.521,23158.029,23169.873,23185.455,23193.002,23203.635,23215.139,23240.016,23245.711,23292.318,23296.605,23302.365,23308.27,23315.904,23321.102,23332.998,23341.506,23409.828,23412.012,23435.029,23452.838,23455.879,23458.906,23466.184,23469.414,23472.871,23481.666,23498.684,23505.033,23509.564,23512.52,23515.186,23518.574,23523.863,23531.936,23536.74,23542.723,23548.838,23554.76,23562.938,23571.529,23580.262,23591.471,23603.104,23616.012,23632.432,23639.625,23644.285,23647.492,23649.926,23662.393,23685.717,23706.115,23709.576,23712.881,23714.947,23717.469,23718.699,23719.354,23720.098,23721.582,23724.859,23727.113,23730.83,23731.871,23732.449,23733.119,23733.746,23736.77,23740.248,23741.039,23743.346,23744.08,23744.92,23746.676,23748.258,23754.311,23757.104,23761.822,23764.865,23767.898,23768.873,23770.461,23771.699,23773.434,23774.891,23787.594,23789.635,23792.93,23795.439,23808.748,23811.662,23815.004,23825.592,23840.717,23866.51,23886.449,23894.988,23907.062,23918.68,23925.182,23931.297,23950.816,23956.588,23966.018,23977.09,23989.131,23995.229,24001.217,24005.047,24009.795,24016.24,24019.264,24022.734,24030.998,24037.076,24043.514,24051.572,24057.781,24061.291,24062.861,24065.219,24069.662,24072.699,24074.277,24075.371,24077.604,24090.281,24101.758,24111.873,24120.299,24130.084,24148.021,24155.084,24163.314,24175.641,24186.047,24193.408,24198.551,24211.619,24222.363,24233.119,24240.146,24262.164,24263.938,24270.561,24272.982,24277.697,24278.957,24280.078,24281.832,24300.219,24308.6,24322.201,24346.719,24353.904,24357.635,24363.031,24382.074,24401.41,24419.162,24441.438,24447.264,24450.746,24455.939,24461.83,24463.066,24464.055,24465.045,24466.441,24467.377,24477.221,24487.529,24495.705,24499.166,24502.842,24509.072,24517.582,24519.246,24523.076,24528.625,24537.736,24546.863,24560.479,24572.646,24578.547,24586.375,24600.283,24626.232,24686.986,24698.361,24703.145,24712.984,24716.541,24723.596,24748.486,24756.768,24786.734,24803.717,24808.43,24819.619,24831.184,24841.719,24852.295,24862.473,24870.225,24877.18,24893.859,24895.77,24898.008,24902.062,24917.055,24923.139,24925.918,24926.326,24929.475,24929.996,24930.523,24931.086,24946.258,24947.445,24948.803,24976.998,24994.484,24998.662,25003.566,25018.346,25028.129,25057.748,25115.455,25123.229,25153.986,25155.357,25156.652,25186.523,25203.832,25213.443,25222.701,25233.238,25235.273,25249.875,25255.979,25270.141,25279.344,25280.516,25281.855,25282.693,25284.369,25285.207,25286.883,25288.895,25289.23,25294.934,25298.793,25305.172,25311.369,25317.752,25349.369,25351.795,25352.664,25359.469,25362.033,25365.998,25392.414,25401.236,25413.523,25414.553,25417.223,25418.328,25426.895,25434.73,25439.156,25441.234,25443.965,25447.52,25449.871,25455.404,25457.102,25462.191,25464.387,25470.736,25484.27,25502.551,25504.615,25507.551,25514.158,25523.965,25527.543,25529.209,25540.059,25541.023,25565.791,25569.854,25574.199,25576.043,25581.41,25588.635,25589.246,25601.314,25603.812,25608.691,25616.324,25619.705,25623.053,25625.051,25627.211,25628.375,25629.719,25634.637,25662.344,25663.715,25665.705,25674.982,25686.934,25692.561,25700.838,25714.578,25722.441,25726.305,25727.561,25728.633,25736.914,25801.434,25802.689,25814.473,25823.43,25831.191,25838.641,25847.715,25855.363,25876.436,25903.375,25905.141,25907.074,25908.604,25909.928,25914.393,25924.633,25929.488,25932.33,25938.564,25943.127,25945.641,25947.637,25965.582,25971.414,25981.369,25984.615,25992.303,25995.275,26000.375,26006.611,26008.898,26012.393,26013.957,26017.416,26019.654,26024.967,26033.648,26034.996,26036.555,26037.479,26038.598,26039.941,26045.328,26046.141,26047.547,26048.58,26049.543,26054.055,26054.672,26055.135,26058.383,26059.988,26062.467,26063.029,26063.311,26078.254,26090.828,26098.256,26108.758,26120.385,26129.928,26138.432,26150.779,26170.9,26189.512,26211.109,26226.531,26237.914,26257.326,26261.414,26264.078,26279.299,26284.945,26286.971,26292.984,26307.207,26327.592,26334.57,26343.684,26349.531,26364.078,26377.148,26409.977,26495.504,26508.902,26521.865,26531.592,26532.512,26533.312,26534.166,26534.842,26537.344,26538.119,26539.037,26539.881,26540.334,26540.939,26541.748,26544.688,26545.721,26547.098,26550.186,26551.648,26553.102,26554.186,26555.982,26562.43,26572.543,26576.078,26585.146,26595.045,26604.334,26608.258,26610.938,26612.35,26612.701,26613.359,26619.803,26623.559,26633.666,26638.209,26638.713,26639.217,26640.059,26650.752,26653.885,26656.48,26658.549,26663.268,26668.08,26669.848,26671.822,26672.832,26679.896,26682.133,26682.936,26685.678,26686.404,26691.391,26693.361,26695.795,26702.695,26709.033,26716.133,26717.279,26720.293,26721.555,26722.523,26731.344,26732.621,26735.461,26736.434,26741.311,26745.734,26746.531,26747.385,26748.361,26749.553,26758.596,26759.76,26760.742,26762.543,26771.605,26786.816,26788.896,26791.385,26795.559,26797.939,26800.385,26809.697,26812.691,26816.086,26818.539,26830.729,26831.359,26832.059,26837.971,26839.912,26846.121,26859.195,26871.297,26891.889,26893.402,26894.637,26897.799,26902.484,26925.074,26929.426,26931.924,26937.242,26956.875,26958.912,26963.467,26965.98,26968.826,26984.92,26988.703,27006.807,27043.205,27049.049,27050.584,27052.693,27056.879,27062.916,27067.279,27071.557,27073.836,27074.125,27075.918,27077.25,27080.928,27083.547,27110.691,27147.857,27196.125,27198.635,27241.404,27242.586,27243.768,27244.611,27245.455,27334.562,27346.043,27359.777,27364.152,27372.312,27391.281,27417.34,27423.477,27429.078,27429.926,27431.281,27436.018,27437.369,27438.551,27439.395,27445.805,27450.018,27460.691,27463.062,27465.465,27466.965,27468.561,27490.861,27512.424,27527.84,27537.58,27552.32,27571.348,27576.311,27596.393,27597.404,27598.354,27600.898,27602.559,27604.137,27612.133,27621.225,27634.301,27638.615,27648.625,27656.842,27660.244,27663.99,27666.66,27668.178,27673.203,27673.549,27676.818,27684.949,27688.111,27688.611,27698.125,27698.961,27701.471,27702.643,27704.986,27706.662,27707.834,27709.008,27711.02,27713.701,27716.08,27722.039,27723.34,27724.217,27727.639,27731.299,27731.607,27732.227,27732.848,27743.02,27750.244,27752.719,27755.684,27763.91,27764.414,27785.408,27789.91,27793.996,27795.859,27797.551,27812.43,27817.967,27823.627,27829.074,27833.102,27834.549,27848.832,27873.258,27900.406,27930.928,27981.773,27983.129,28055.48,28056.662,28057.338,28058.35,28059.193,28060.205,28064.082,28064.924,28066.609,28067.789,28070.314,28073.361,28075.139,28076.84,28078.641,28080.414,28082.049,28085.121,28094.057,28097.078,28100.617,28103.211,28112.596,28115.568,28117.629,28119.855,28121.564,28124.635,28126.508,28130.123,28135.992,28141.701,28144.207,28147.412,28154.727,28155.812,28156.279,28157.217,28175.977,28194.895,28212.195,28218.203,28227.15,28238.264,28245.539,28254.123,28270.93,28275.092,28290.127,28297.881,28306.061,28311.533,28317.885,28327.197,28335.09,28341.936,28348.072,28353.756,28359.086,28364.777,28369.457,28378.977,28380.125,28383.145,28389.264,28396.242,28408.906,28426.812,28434.982,28436.912,28439.914,28454.926,28457.16,28459.59,28461.271,28469.578,28472.098,28473.631,28474.494,28475.35,28494.602,28496.203,28499.723,28503.469,28517.268,28522.277,28538.486,28559.467,28575.15,28576.758,28577.391,28578.484,28579.121,28580.133,28580.375,28580.932,28588.75,28596.441,28605.152,28616.191,28631.439,28648.236,28663.047,28670.385,28673.676,28674.947,28676.828,28677.375,28678.9,28679.832,28689.523,28706.533,28745.572,28765.514,28775.387,28779.557,28788.004,28804.258,28810.629,28820.262,28849.262,28882.402,28926.783,28932.215,28934.521,28935.455,28941.572,28942.223,28942.973,28957.812,28959.197,28965.904,28972.5,28973.725,28982.045,29001.486,29007.672,29010.836,29017.199,29018.988,29020.654,29021.822,29024.66,29027.668,29030.344,29034.193,29040.225,29048.826,29053.531,29055.477,29056.518,29057.904,29060.115,29067.277,29068.232,29069.283,29069.887,29070.744,29085.242,29086.736,29087.734,29089.332,29091.098,29092.602,29097.812,29098.945,29100.158,29100.85,29101.957,29105.062,29108.447,29111.828,29112.938,29134.377,29135.723,29137.057,29138.469,29141.979,29145.484,29147.23,29154.963,29163.709,29179.291,29190.547,29220.641,29230.281,29241.688,29253.746,29258.404,29273.977,29280.914,29303.258,29310.855,29312.344,29314.279,29317.145,29352.686,29360.197,29366.223,29377.484,29391.977,29408.506,29419.779,29432.941,29437.012,29448.895,29453.979,29480.246,29484.145,29486.059,29486.84,29507.186,29543.646,29556.197,29563.75,29565.939,29568.807,29569.756,29603.02,29641.051,29669.512,29676.004,29710.088,29723.32,29725.766,29729.014,29746.273,29753.115,29760.926,29769.652,29775.111,29779.344,29785.092,29792.846,29797.318,29798.227,29801.752,29805.5,29809.58,29816.965,29833.006,29835.613,29836.82,29852.686,29854.664,29855.494,29856.684,29873.598,29878.23,29879.598,29895.238,29897.496,29898.189,29906.445,29914.287,29922.256,29924.455,29929.859,29933.092,29938.1,29939.938,29943.496,29952.789,29958.234,29960.785,29962.906,29966.926,29970.326,29972.916,29978.264,29983.941,29985.9,29992.934,29998.094,30000.988,30003.672,30004.738,30005.979,30006.686,30007.391,30008.094,30008.916,30009.795,30010.672,30011.49,30012.311,30013.131,30013.953,30015.008,30022.094,30028.24,30028.764,30034.186,30035.396,30036.793,30037.779,30038.562,30039.289,30040.014,30041.027,30042.041,30043.785,30044.422,30045.221,30047.182,30049.131,30050.617,30057.658,30061.887,30063.176,30063.979,30064.582,30066.648,30070.256,30076.434,30077.373,30078.779,30079.746,30083.553,30088.043,30088.791,30090.717,30092.328,30094.398,30096.418,30103.75,30104.779,30105.596,30107.293,30110.084,30119.662,30125.473,30127.6,30130.385,30131.383,30132.215,30133.938,30135.197,30137.439,30140.668,30143.756,30144.572,30146.207,30149.16,30149.324,30150.971,30151.795,30153.281,30156.975,30159.582,30162.822,30165.104,30166.084,30166.574,30167.064,30167.557,30168.049,30168.541,30171.336,30172.324,30176.695,30178.885,30181.914,30183.352,30188.777,30193.463,30198.467,30203.426,30205.191,30207.285,30209.18,30210.498,30212.686,30215.756,30219.785,30228.893,30232.949,30237.02,30238.324,30244.389,30244.807,30247.682,30249.688,30251.465,30256.916,30258.041,30258.709,30262.186,30272.15,30274.188,30276.387,30277.861,30279.52,30291.334,30295.621,30301.842,30306.568,30314.389,30314.982,30325.396,30327.643,30338.83,30341.23,30342.914,30343.123,30344.568,30345.385,30346.396,30347.199,30349.379,30349.967,30353.059,30355.891,30359.043,30360.012,30363.676,30364.742,30366.314,30368.861,30378.199,30394.008,30395.066,30395.695,30403.877,30411.166,30415.521,30416.156,30430.912,30436.074,30443.846,30444.031,30444.625,30444.822,30449.02,30449.449,30454.047,30455.062,30457.205,30459.443,30468.541,30472.164,30473.264,30478.35,30481.391,30484.715,30492.447,30493.496,30494.328,30494.947,30496.693,30498.617,30499.877,30502.949,30506.539,30508.387,30510.602,30512.924,30516.66,30531.369,30547.32,30553.811,30580.146,30590.617,30591.578,30593.352,30598.254,30601.977,30606.08,30610.836,30615.455,30619.84,30627.08,30630.475,30633.729,30638.992,30648.404,30661.43,30715.465,30734.148,30750.119,30757.793,30765.229,30786.598,30808.352,30824.621,30834.654,30852.059,30870.299,30882.523,30916.643,30932.254,30946.914,30981.141,30995.975,31011.424,31026.428,31043.775,31059.926,31070.428,31091.988,31105.994,31123.963,31133.273,31149.652,31157.039,31182.572,31194.982,31203.967,31216.1,31226.707,31244.4,31265.824,31288.023,31300.109,31308.164,31330.145,31336.488,31344.229,31361.646,31374.668,31380.777,31386.75,31395.502,31401.48,31404.555,31407.816,31413.264,31418.512,31423.676,31440.385,31446.584,31456.305,31467.385,31494.641,31501.637,31508.928,31534.59,31544.465,31559.318,31584.848,31606.055,31617.266,31629.104,31686.117,31717.504,31748.037,31771.926,31794.672,31815.273,31835.885,31844.92,31858.619,31900.092,31910.154,31920.395,31929.986,31939.016,31949.33,31957.867,31967.113,31977.471,32021.301,32034.479,32046.34,32058.205,32071.605,32093.725,32105.426,32115.934,32124.988,32140.988,32160.119,32181.383,32197.227,32213.543,32246.693,32257.666,32265.219,32278.842,32319.039,32327.215,32333.945,32349.438,32422.066,32429.646,32437.215,32469.998,32482.779,32495.178,32514.043,32553.684,32575.287,32602.656,32625.945,32642.887,32655.021,32657.143,32672.805,32736.598,32755.748,32774.523,32807.062,32815.863,32818.324,32819.406,32828.297,32831.602,32833.355,32835.152,32838.773,32881.234,32884.738,32889.559,32894.938,32908.93,32921.727,32930.457,32943.523,32950.582,32958.363,32966.586,32983.469,32990.254,33005.301,33079.191,33095.695,33102.418,33115.492,33131.387,33137.18,33168.527,33174.941,33181.258,33191.316,33203.668,33208.402,33221.164,33225.918,33244.434,33252.633,33265.207,33278.16,33293.039,33301.805,33315.527,33324.133,33340.16,33349.773,33352.805,33356.879,33364.973,33371.395,33373.84,33375.191,33379.363,33384.988,33394.273,33395.527,33405.406,33411.586,33421.352,33424.141,33427.773,33438.215,33442.234,33449.457,33461.156,33479.5,33493.953,33502.352,33510.672,33514.711,33520.57,33527.777,33537.16,33544.016,33547.555,33552.875,33555.062,33558.215,33564.262,33590.918,33597.863,33618.961,33623.672,33657.355,33677.988,33708.414,33719.809,33727.02,33761.938,33775,33807.219,33822.285,33835.004,33840.121,33883.551,33896.941,33903.379,33916.102,33921.945,33927.977,33944.461,33953.027,33960.852,33969.09,33984.879,34001.109,34008.059,34012.094,34029.137,34056.426,34076.023,34086.672,34109.961,34139.27,34149.578,34181.438,34189.738,34196.961,34224.594,34230.781,34238.266,34243.23,34249.855,34266.027,34284.832,34313.969,34336.309,34404.582,34470.582,34503.609,34506.723,34516.977,34547.539,34552.039,34557.496,34566.328,34583.613,34592.551,34600.867,34623.926,34641.746,34645.223,34680.715,34696.859,34711.414,34717.633,34736.922,34742.508,34746.023,34748.816,34751.602,34755.855,34778.199,34790.723,34802.91,34824.289,34854.43,34858.469,34863.531,34875.273,34888.059,34914.879,34921.379,34964.18,34994.656,35011.77,35026.043,35027.832,35028.707,35038.785,35046.605,35082.453,35103.195,35111.562,35134.172,35149.652,35167.75,35177.801,35188.754,35224.219,35304.555,35345.855,35352.586,35389.348,35406.754,35424.516,35431.355,35432.211,35437.488,35442.938,35451.355,35456.996,35502.484,35529.426,35534.98,35539.746,35543.785,35546.578,35551.273,35554.852,35557.398,35560.023,35567.523,35569.285,35570.027,35571.07,35571.84,35572.785,35573.535,35574.523,35575.906,35578.48,35579.594,35581.613,35586.684,35588.984,35590.016,35591.328,35594.152,35595.363,35597.043,35598.844,35604.168,35605.547,35606.504,35609.297,35610.301,35612.098,35615.086,35616.062,35617.117,35620.797,35621.359,35623.664,35624.891,35625.965,35626.543,35628.086,35628.988,35630.301,35633.934,35634.605,35635.539,35636.465,35637.43,35638.375,35638.766,35640.18,35643.855,35644.652,35645.363,35646.012,35647.004,35649.469,35653.027,35654.332,35655.004,35655.949,35657.035,35658.094,35659.031,35659.75,35661.055,35663.879,35668.055,35669.664,35673.68,35678.855,35686.055,35688.566,35689.402,35690.613,35700.363,35705.078,35709.438,35714.133,35719.23,35720.492,35721.531,35722.598,35724.418,35725.324,35726.117,35727.555,35732.527,35736.273,35745.934,35755.988,35759.082,35765.289,35778.309,35782.992,35801.469,35815.906,35828.562,35842.609,35857.578,35883.914,35907.5,35922.809,35935.754,35945.98,35950.781,35963.594,35965.801,35975.949,35981.891,35984.973,35986.164,35990.648,35992.461,35994.52,35996.141,35997.512,35998.625,35999.043,35999.551,35999.965,36001.758,36003.492,36006.758,36009.637,36012.438,36014.676,36016.117,36017.559,36020.52,36026.199,36028.359,36031.559,36032.473,36036.648,36037.758,36038.258,36038.766,36039.426,36040.113,36040.758,36041.449,36044.105,36045.789,36047.105,36051.523,36057.344,36057.648,36058.254,36064.387,36066.633,36069.145,36071.211,36073.934,36076.004,36081.516,36095.27,36120.25,36129.09,36134.055,36139.344,36153.168,36167.402,36171.391,36175.852,36179.867,36189.137,36192.789,36197.516,36200.945,36205.203,36210.461,36217.695,36221.875,36228.215,36234.461,36241.742,36247.316,36251.957,36257.281,36265.012,36274.707,36279.141,36283.676,36293.293,36297.621,36312.02,36316.699,36322.785,36324.113,36325.438,36326.695,36329.797,36331.289,36333.508,36337.742,36354.129,36357.039,36358.988,36365.992,36373.504,36387.539,36392.973,36397.508,36405.824,36409.945,36412.094,36413.891,36419.574,36424.152,36431.254,36432.824,36434.188,36438.055,36439.668,36447.484,36449.355,36455.453,36463.23,36480.098,36482.789,36485.441,36489.188,36491.637,36496.945,36497.996,36498.637,36498.957,36499.355,36499.836,36500.316,36500.875,36504.074,36504.555,36504.875,36505.195,36505.516,36505.836,36506.477,36510.715,36512.234,36513.195,36516.934,36522.191,36523.32,36524.172,36524.906,36527.586,36528.609,36529.773,36530.898,36534.184,36538.438,36549.312,36560.797,36572.652,36579.777,36585.391,36589.543,36591.395,36599.688,36608.688,36657.945,36665.605,36674.078,36675.688,36680.109,36720.402,36739.184,36747.652,36765,36769.391,36796.488,36797.266,36807.082,36815.047,36841.008,36845.219,36860.453,36865.379,36878.977,36881.906,36885.23,36889.492,36890.395,36891.953,36894.902,36896.441,36897.641,36899.242,36900.203,36901.883,36904.441,36907,36908.922,36910.363,36913.359,36914.676,36916.164,36918.328,36920.363,36922.363,36923.082,36924.363,36924.602,36925.48,36928.359,36930.758,36931.637,36932.516,36935.234,36940.914,36942.035,36942.836,36944.277,36945.34,36946.375,36947.746,36951.637,36955.742,36958.316,36959.758,36965.062,36972.809,36975.34,36979.07,36983.93,36994.625,36996.41,37013.047,37015.059,37017.809,37020.605,37022.949,37031.051,37035.285,37039.344,37043.473,37051.523,37068.992,37074.691,37078.723,37082.574,37102.059,37109.82,37117.188,37124.359,37132.262,37140.363,37147.961,37155.793,37163.379,37170.969,37179.473,37195.973,37204.035,37228.977,37248.934,37274.305,37281.156,37288.551,37292.637,37300.965,37304.938,37307.383,37309.84,37311.246,37315.105,37315.57,37319.441,37323.551,37326.227,37329.758,37330.742,37336.516,37337.945,37340.062,37342.281,37344.328,37346.809,37348.008,37349.148,37349.812,37350.297,37351.336,37352.379,37353.5,37355.719,37356.68,37357.641,37358.602,37359.562,37360.523,37362.617,37364.555,37366.316,37367.355,37368.316,37371.117,37373.918,37374.559,37375.359,37384.801,37386.402,37387.688,37388.246,37388.531,37389.371,37394.98,37397.898,37399.234,37400.27,37401.309,37402.402,37404.402,37406.477,37407.742,37411.219,37420.613,37422.375,37423.852,37425.75,37426.98,37428.891,37430.801,37432.949,37437.668,37445.547,37450.656,37454.547,37457.527,37460.254,37463.574,37467.645,37472.512,37475.727,37483.609,37487.488,37492.98,37502.609,37516.129,37519.734,37522.59,37536.492,37539.004,37542.055,37543.48,37546.172,37549.117,37554.84,37557.992,37562.227,37565.969,37572.012,37573.945,37576.383,37578.492,37580.332,37585.898,37590.195,37593.523,37596.297,37606.742,37608.348,37611.355,37612.457,37613.297,37614.133,37615.914,37621.367,37625.367,37626.375,37627.555,37628.516,37629.637,37631.559,37633.879,37635.719,37637.078,37639.316,37640.355,37641.395,37642.754,37644.113,37647.074,37648.273,37649.473,37650.434,37651.395,37652.434,37654.273,37655.195,37656.07,37657.078,37659.957,37662.195,37663.637,37664.277,37664.676,37665.191,37667.391,37667.953,37668.582,37671.719,37672.738,37674.234,37676.336,37680.734,37684.82,37690.312,37701.848,37706.195,37709.336,37715.695,37725.262,37741.992,37743.449,37750.922,37752.305,37754.875,37758.184,37763.926,37769.875,37772.902,37775.254,37776.586,37780.398,37783.09,37783.332,37787.938,37797.879,37802.559,37807.766,37809.152,37831.887,37835.922,37842.355,37843.539,37848.902,37851.391,37853.562,37864.371,37873.602,37875.359,37876.168,37881.035,37884.531,37885.375,37885.953,37896.562,37915.586,37921.57,37924.305,37927.301,37930.16,37945.121,37954.414,37956.586,37959.578,37961.699,37964.023,37965.48,37966.836,37967.797,37978.539,37992.488,38011.414,38018.168,38023.836,38027.086,38030.695,38033.32,38034.934,38036.508,38040.594,38041.496,38042.215,38044.867,38051.945,38053.375,38064.516,38086.418,38093.043,38093.695,38098.141,38104.754,38105.98,38107.922,38113.117,38116.676,38119.039,38121.719,38130.98,38134.18,38154.523,38156.895,38164.027,38169.125,38172.094,38188.332,38195.176,38205.078,38215.801,38232,38238.059,38252.191,38257.738,38261.812,38267.125,38276.855,38281.684,38283.879,38285.262,38290.34,38316.891,38321.527,38325.039,38329.672,38334.535,38340.883,38346.27,38348.707,38351.824,38358.867,38367.809,38370.738,38383.863,38390.547,38427.699,38443.438,38452.203,38469.699,38480.051,38489.078,38501.043,38507.344,38516.633,38522.316,38533.254,38535.211,38536.562,38537.797,38542.48,38545.125,38546.352,38556.773,38564.719,38576.738,38580.914,38594.762,38604.648,38608.746,38624.215,38630.996,38639.004,38641.16,38642.031,38648.461,38650.047,38654.207,38658.711,38668.324,38673.824,38678.215,38681.449,38686.457,38692.852,38700.801,38705.191,38707.121,38709.727,38713.305,38717.168,38730.688,38734.199,38739.156,38749.027,38753.223,38758.949,38764.965,38772.68,38782.742,38787.934,38793.898,38798.344,38802.543,38808.918,38815.613,38822.027,38827.629,38843.328,38847.062,38855.602,38868.238,38883.508,38890.715,38897.25,38902.516,38909.906,38915.781,38919.57,38925.223,38937.363,38943.984,38951.695,38956.938,38957.703,38959.203,38960.664,38988.047,38997.359,39022.25,39045.699,39092.234,39100.961,39105.812,39114.375,39114.75,39116.82,39117.32,39119.277,39126.277,39137.906,39142.324,39146.711,39175.453,39180.492,39197.273,39245.125,39264.566,39266.219,39282.125,39284.379,39287.066,39289.41,39293.668,39297.059,39298.773,39307.527,39310.984,39314.543,39316.336,39322.008,39326.871,39330.645,39335.305,39343.93,39356.141,39367.68,39385.734,39388.215,39455.238,39485.676,39510.484,39526.402,39532.992,39538.352,39542.547,39558.488,39576.941,39582.109,39608.086,39618.637,39640.711,39655.812,39659.73,39662.43,39664.711,39683.43,39684.16,39684.836,39685.949,39687.582,39688.789,39690.496,39697.828,39700.258,39705.473,39709.41,39712.953,39716.715,39725.082,39739.184,39747.043,39757.809,39769.559,39786.09,39797.066,39814.625,39829.734,39839.758,39849.809,39858.453,39865.164,39869.09,39878.246,39899.941,39921.59,39934.387,39941.281,39965.043,39988.719,39998.578,40010.344,40017.754,40021.402,40025.613,40035.941,40040.871,40052.387,40057.793,40059.543,40060.879,40064.078,40066.957,40071.516,40078.078,40079.438,40085.473,40089.336,40091.152,40092.125,40093.398,40094.277,40094.84,40095.598,40096.984,40100.762,40102.453,40105.719,40107.938,40121.031,40125.996,40135.488,40161.723,40184.363,40196.785,40203.922,40215.691,40230.387,40263.246,40286.891,40297.074,40314.516,40331.891,40347.207,40360.93,40367.883,40379.199,40388.051,40392.414,40400.484,40403.445,40410.758,40418.703,40424.676,40432.887,40433.801,40437.328,40438.414,40441.402,40443.359,40444.129,40446.699,40447.02,40448.859,40450.301,40450.539,40451.098,40452.219,40454.457,40457.738,40460.219,40462.699,40463.34,40463.738,40465.785,40468.215,40470.199,40471.961,40479.781,40488.051,40495.59,40534.602,40537.961,40544.508,40547.891,40554.051,40573.859,40576,40587.484,40589.496,40594.117,40601.91,40603.836,40620.355,40621.949,40623.27,40626.055,40635.066,40644.008,40647.891,40650.125,40670.535,40673.879,40677.457,40682.742,40697.754,40705.5,40711.559,40715.855,40720.922,40727.422,40734.23,40751.293,40759.094,40769.102,40775.02,40781.633,40792.777,40802.797,40815.645,40821.137,40823.484,40829.434,40864.895,40878.227,40885.426,40897.465,40909.867,40916.266,40928.676,40976.414,40983.008,40988.914,40990.879,40993.23,41004.109,41015.004,41032.176,41051.305,41058.75,41067.516,41076.832,41094.777,41095.324,41104.258,41111.238,41118.719,41127.867,41134.336,41140.965,41153.527,41160.68,41165.73,41167.52,41171.367,41174.758,41181.254,41186.699,41190.312,41210.113,41214.199,41214.848,41218.445,41221.309,41229.77,41236.258,41248.496,41258.523,41272.816,41287.746,41292.801,41298.043,41309.535,41325.453,41328.387,41330.367,41331.293,41336.973,41338.863,41340.211,41354.262,41355.332,41358.895,41361.93,41368.285,41375.188,41381.391,41391.75,41412.402,41423.523,41426.918,41437.359,41445.793,41456.004,41465.316,41475.41,41500.59,41506.457,41513.098,41517.953,41522.945,41529.602,41535.949,41542.32,41544.016,41545.551,41581.312,41581.75,41582.184,41588.367,41600.434,41604.117,41609.547,41613.93,41632.039,41674.633,41690.922,41701.602,41703.844,41715.07,41719.137,41726.184,41729.574,41730.684,41739.629,41741.598,41749.43,41763.922,41770.898,41778.562,41790.293,41797.348,41840.367,41852.707,41866.699,41883.098,41895.73,41903.664,41913.211,41928.625,41936.738,41948.051,41951.449,41956.57,42000.441,42026.375,42038.41,42059.359,42143.562,42152.211,42162.492,42172.285,42234.324,42247.027,42257.77,42370.605,42398.484,42411.789,42423.555,42435.141,42444.969,42464.703,42484.188,42493.914,42504.621,42526.246,42551.023,42594.801,42604.77,42636.043,42656.043,42669.012,42736.383,42751.922,42756.57,42770.215,42787.004,42801.945,42895.395,42918.891,42950.938,42961.211,42973.855,42983.898,42990.984,42994.609,43003.895,43021.051,43067.055,43075.469,43078.414,43089.234,43094.699,43095.602,43097.129,43112.785,43113.121,43121.832,43130.812,43137.711,43144.461,43147.293,43151.176,43151.895,43160.066,43165.965,43172.344,43180.508,43192.938,43205.137,43220.609,43233.695,43247.297,43306.637,43315.922,43330.457,43346.367,43361.262,43375.918,43406.207,43419.195,43425.723,43442.59,43461.246,43476.109,43490.18,43502.215,43538.816,43559.32,43605.984,43616.418,43622.086,43625.77,43629.52,43633.332,43639.125,43640.32,43644.238,43653.457,43659.543,43662.082,43663.691,43664.676,43665.699,43667.094,43669.59,43671.977,43675.551,43682.199,43688.746,43696.223,43702.484,43706.953,43725.426,43756.668,43763.344,43767.914,43779.051,43781.641,43791.543,43794.148,43798.961,43800.844,43801.758,43802.387,43805.441,43806.668,43808.262,43813.238,43818.762,43821.059,43828.078,43835.668,43839.777,43851.137,43854.281,43856.059,43857.895,43862.008,43872.059,43874.848,43880.176,43884.578,43892.91,43894.645,43894.938,43896.75,43897.887,43901.109,43903.879,43907.664,43912.332,43913.363,43915.617,43922.082,43929.469,43933.922,43939.172,43952.805,43959.137,43960.617,43962.566,43967.344,43974.215,44003.766,44007.656,44008.844,44013.008,44015.227,44017.934,44018.879,44029.008,44032.363,44032.871,44041.992,44058.871,44061.082,44063.156,44063.781,44065.074,44065.895,44066.5,44068.445,44070.723,44072.508,44074.332,44075.605,44078.453,44080.547,44080.984,44085.352,44085.777,44086.273,44088.383,44089.016,44090.02,44091.617,44092.992,44093.684,44094.32,44095.043,44098.387,44099.461,44100.629,44100.957,44106.035,44107.656,44110.625,44113.66,44120.383,44121.301,44121.746,44122.727,44123.758,44126.516,44126.938,44127.992,44128.445,44131.984,44132.559,44134.449,44139.406,44142.645,44143.547,44144.223,44144.852,44145.98,44146.586,44147.887,44148.734,44151.121,44152.082,44155.004,44156.539,44157.078,44157.711,44158.832,44159.809,44171.672,44173.496,44175.148,44177.023,44180.016,44182.137,44209.273,44213.637,44218.211,44220.637,44223.078,44224.535,44224.832,44237.957,44240.27,44245.359,44250.398,44254.016,44259.137,44262.621,44266.859,44268.492,44270.098,44274.156,44276.566,44280.305,44281.223,44285.816,44290.203,44296.449,44299.488,44304.32,44308.562,44310.352,44312.965,44313.949,44314.707,44315.5,44316.164,44371.059,44373.258,44392.918,44409.77,44419.859,44428.199,44439.391,44460.449,44485.719,44488.031,44499.84,44502.238,44504.625,44514.809,44520.746,44523.031,44536.5,44541.031,44545.996,44547.676,44555.215,44563.465,44569.078,44585.895,44589.344,44596.465,44601.035,44603.691,44607.543,44609.367,44612.199,44617.117,44620.246,44622.355,44623.902,44626.652,44628.672,44631.156,44634.953,44656.555,44657.512,44660.531,44664.781,44668.77,44672.875,44675.172,44685.996,44689.324,44692.438,44694.039,44697.641,44700.371,44708.133,44712.023,44712.746,44714.629,44717.203,44720.734,44723.488,44725.238,44726.953,44730.312,44731.094,44732.75,44736.719,44748.434,44752.062,44755.672,44759.934,44762.848,44764.844,44770.254,44775.383,44784.832,44789.57,44792.824,44804.434,44810.496,44814.598,44818.684,44823.801,44833.359,44835.609,44838.449,44839.617,44840.355,44840.883,44841.453,44841.984,44844.195,44846.129,44851.57,44854.211,44855.492,44856.531,44858.336,44859.352,44859.719,44859.98,44860.23,44860.551,44860.871,44861.109,44865.75,44868.07,44869.031,44869.91,44871.672,44873.031,44874.633,44875.352,44875.672,44875.992,44881.832,44883.992,44886.152,44888.871,44892.949,44893.27,44893.59,44893.988,44894.387,44895.906,44896.785,44897.426,44898.066,44898.625,44899.504,44900.305,44901.023,44903.422,44908.301,44912.621,44913.66,44915.5,44918.859,44920.301,44921.582,44921.98,44922.379,44922.859,44925.66,44926.668,44927.641,44928.293,44928.949,44929.562,44930.223,44936.621,44937.582,44938.301,44939.18,44939.98,44940.941,44942.223,44943.902,44944.621,44945.582,44946.461,44947.5,44949.102,44949.98,44950.699,44951.34,44953.102,44954.461,44955.582,44957.262,44959.023,44963.262,44966.062,44967.102,44967.422,44969.102,44970.062,44970.703,44971.742,44973.184,44974.785,44977.105,44979.906,44982.625,44985.023,44986.945,44987.984,44990.465,44991.105,44992.867,44993.348,44993.828,44996.867,44997.746,45002.707,45003.027,45005.586,45007.906,45008.867,45012.844,45015.977,45017.309,45022.828,45023.844,45026.656,45033.359,45037.629,45053.031,45073.707,45077.148,45078.867,45081.277,45082.895,45084.016,45089.512,45094.16,45096.641,45099.531,45103.461,45106.898,45109.223,45112.191,45112.699,45113.219,45115.383,45116.363,45117.371,45118.293,45120.238,45121.262,45122.293,45123.824,45125.242,45130.129,45135.605,45139.246,45142.914,45144.75,45146.867,45148.465,45215.863,45217.816,45218.633,45219.441,45220.852,45222.605,45224.027,45226.344,45230.062,45237.188,45240.793,45243.195,45245.621,45248.066,45251.926,45266.055,45281.156,45282.008,45283.77,45284.312,45285.324,45287.789,45288.223,45288.973,45293.809,45296.543,45304.777,45312.938,45316.043,45318.863,45330.059,45341.645,45347.363,45349.652,45351.641,45354.59,45361.816,45380.289,45382.918,45385.242,45393.574,45397.84,45399.211,45400.5,45400.953,45401.652,45402.176,45402.695,45403.348,45405.508,45406.148,45406.789,45407.348,45408.387,45409.828,45411.27,45413.75,45415.988,45417.43,45419.191,45419.992,45422.719,45427.129,45431.961,45432.844,45433.684,45434.805,45437.445,45437.844,45438.402,45441.867,45450.398,45452.852,45454.508,45456.68,45458.203,45459.508,45460.629,45463.59,45464.641,45465.492,45466.039,45467.051,45469.488,45473.789,45476.543,45479.691,45481.582,45482.781,45489.055,45491.535,45509.293,45511.512,45512.672,45514.008,45516.984,45519.961,45526.871,45534.82,45563.277,45581.695,45586.898,45596.914,45603.5,45622.801,45638.18,45648.707,45653.445,45661.242,45667.117,45677.957,45691.129,45697.398,45706.648,45709.402,45711.168,45713.688,45720.676,45723.68,45728.676,45730.633,45731.793,45732.332,45733.039,45734.41,45735.766,45736.535,45740.117,45742.758,45744.52,45745.16,45745.879,45746.598,45749.879,45750.758,45751.559,45760.598,45763.637,45765.715,45767.074,45768.754,45770.594,45774.035,45775.875,45777.797,45778.438,45779.637,45780.355,45781.234,45782.355,45782.836,45783.234,45783.633,45784.113,45786.113,45788.992,45790.754,45793.234,45797.875,45798.594,45799.633,45800.113,45800.594,45802.273,45803.234,45804.434,45805.715,45807.875,45808.516,45809.074,45812.461,45813.297,45814.418,45815.617,45818.898,45819.938,45821.336,45821.754,45822.906,45824.316,45825.215,45825.859,45828.863,45830.805,45832.484,45834.047,45835.664,45844.738,45849.379,45852.449,45853.652,45855.156,45856.031,45858.371,45859.07,45860.262,45862.344,45863.191,45864.332,45864.906,45867.387,45868.648,45875.445,45878.496,45879.5,45886.824,45887.68,45901.418,45904.938,45906.992,45911.363,45914.137,45915.117,45916.449,45922.152,45923.824,45926.594,45931.68,45935.816,45946.605,45951.062,45969.051,45973.648,45979.879,45982.668,45983.812,45984.91,45988.262,45991.305,45993.586,45998.727,46000.707,46003.629,46006.562,46007.641,46013.414,46014.609,46022.688,46029.992,46031.465,46035.719,46037.156,46041.664,46042.82,46045.344,46047.848,46049.844,46050.758,46058.938,46059.738,46070.969,46075.246,46080.336,46082.078,46085.402,46086.523,46088.711,46093.57,46095.125,46098.227,46103.859,46105.461,46112.68,46118.402,46119.137,46122.055,46122.32,46123.125,46124.902,46126.895,46130.582,46136.91,46145.406,46148.867,46153.797,46154.668,46159.434,46159.586,46160.59,46163.215,46163.617,46166.496,46176.902,46182.586,46183.141,46184.777,46193.047,46194.523,46195.719,46197.531,46199.672,46205.285,46210.297,46214.617,46217.445,46218.168,46218.895,46219.48,46220.215,46220.953,46223.652,46226.102,46227.273,46230.105,46231.82,46233.25,46239.301,46240.887,46241.613,46243.562,46244.129,46244.555,46244.84,46251.848,46252.844,46259.289,46263.527,46265.141,46266.836,46268.176,46270.652,46272.348,46275.094,46276.945,46308.324,46320.664,46336.52,46341.945,46344.363,46348.926,46351.215,46355.438,46359.344,46362.488,46371.969,46374.609,46376.707,46382.371,46387.809,46394.145,46399.199,46402.102,46408.949,46419.879,46427.617,46435.715,46495.352,46497.25,46498.445,46499.465,46501.363,46502.043,46502.316,46502.59,46505.5,46732.07,46783.328,46825.113,46834.152,46847.203,46922.09,46929.82,46935.133,46935.797,46948.945,46950.031,46960.156,46963.727,46965.195,46965.848,46966.461,46967.621,46968.172,46968.922,46970.145,46974.27,46975.152,46976.844,46978.238,46986.746,47003.945,47009.02,47034.926,47038.664,47045.367,47049.844,47066.316,47069.375,47073.145,47094.086,47104.547,47112.938,47124.023,47151.215,47194.594,47200.578,47202.539,47205.16,47220.07,47221.812,47224.023,47225.375,47226.758,47233.703,47237.594,47240.453,47242.828,47255.738,47275.789,47279.809,47295.824,47306.055,47308.605,47311.164,47315.219,47320.844,47324.324,47328.719,47344.93,47351.621,47353.547,47356.113,47362.219,47365.289,47367,47372.699,47375.832,47381.164,47390.809,47393.965,47396.074,47397.715,47399.453,47408.414,47435.086,47440.93,47444.816,47452.254,47455.863,47460.172,47465.613,47468.039,47470.84,47475.32,47480.488,47482.848,47485.875,47489.992,47502.77,47505.91,47512.887,47514.598,47519.699,47522.188,47524.758,47527.91,47531.906,47535.055,47542.023,47545.285,47546.852,47550.797,47552.594,47558.172,47572.309,47575.336,47576.402,47582.574,47586.777,47591.598,47644.93,47682.73,47689.344,47696.629,47706.613,47715.98,47743.672,47750.113,47758.723,47798.102,47821.176,47833.871,47857.059,47859.574,47861.703,47863.766,47865.633,47870.23,47873.383,47875.141,47884.859,47888.035,47894.898,47903.82,47906.703,47915.938,47940.961,47946.297,47948.129,47951.879,47957.691,47966.008,47967.297,47967.961,47970.672,47973.609,47977.902,47981.516,47983.445,47984.242,47984.789,47986.086,47987.129,47987.617,47988.27,47989.582,47990.246,47990.617,47990.895,47991.496,47992.234,47993.121,47994.387,47996.031,48003.059,48004.758,48005.805,48007.039,48012.719,48023.441,48031.391,48037.105,48039.629,48041.359,48045.254,48046.938,48055.379,48058.852,48067.578,48070,48075.047,48078.207,48079.188,48080.66,48081.289,48083.273,48084.207,48084.578,48086.242,48087.184,48090.594,48097.555,48099.234,48100.594,48101.555,48104.273,48105.633,48106.992,48107.871,48111.871,48112.75,48113.551,48118.191,48119.711,48122.109,48123.789,48126.508,48127.547,48128.828,48129.148,48129.469,48130.75,48132.191,48133.633,48134.992,48136.512,48138.434,48140.035,48141.957,48142.758,48144.359,48144.84,48145.32,48145.879,48146.598,48147.316,48157.238,48158.727,48159.441,48159.902,48160.371,48161.305,48163.504,48166.387,48168.43,48170.352,48172.031,48176.266,48178.711,48184.516,48200.523,48204.801,48208.336,48210.102,48212.348,48214.945,48216.734,48227.508,48230.082,48231.406,48234.504,48235.922,48239.203,48240.562,48241.922,48244.16,48246.32,48250.398,48254.238,48262.504,48267.199,48273.508,48274.457,48275.516,48279.676,48280.332,48281.051,48282.266,48284.27,48286.473,48288.441,48291.02,48294.02,48298.887,48300.43,48302.008,48303.492,48305.164,48308.035,48312.066,48313.23,48314.137,48319.344,48321.312,48326.07,48331.059,48334.742,48337.391,48341.535,48352.227,48356.781,48359.398,48360.648,48361.656,48363.461,48366.371,48368.086,48369.629,48370.812,48372.02,48373.387,48374.777,48377.836,48385.488,48387.68,48389.711,48392.484,48395.406,48398.074,48400.008,48401.703,48403.227,48404.863,48408.676,48413.617,48415.664,48417.242,48420.867,48424.996,48426.746,48428.332,48429.176,48432.82,48433.738,48434.938,48436.004,48437.539,48439.289,48445.316,48446.977,48448.789,48450.355,48453.562,48457.629,48459.469,48461.57,48462.73,48466.152,48468.922,48472.285,48474.09,48479.473,48481.855,48486.016,48494.496,48500.738,48504.789,48526.32,48530.508,48534.469,48538.773,48540.273,48543.113,48548.621,48553.699,48559.348,48563.352,48579.898,48581.785,48583.02,48585.008,48593.348,48595.355,48597.559,48604.562,48607.113,48609.621,48612.332,48617.211,48621.125,48623.305,48626.441,48632.105,48639.645,48660.102,48664.07,48670.391,48673.578,48675.598,48676.828,48680.16,48687.203,48689.461,48699.809,48702.633,48705.547,48712.113,48713.594,48714.633,48718.688,48719.555,48720.82,48722.582,48724.039,48724.867,48726.535,48727.453,48728.297,48729.812,48731.98,48734.461,48735.922,48740.715,48746.535,48750.605,48755.785,48759.438,48761.973,48765.129,48768.285,48777.762,48782.676,48790.914,48795.305,48797.727,48803.273,48805.891,48808.172,48811.113,48812.43,48817.516,48820.492,48823.625,48826.875,48832.176,48834.922,48839.91,48841.621,48848.66,48862.676,48864.672,48870.23,48875,48882.137,48885.719,48890.52,48892.879,48899.172,48922.773,48927.141,48931.465,48941.391,48954.441,48972.441,48974.926,48975.797,48976.445,48983.359,48984.977,48986.598,48992.316,48993.395,48995.766,49000.773,49003.203,49005.777,49029.27,49040.133,49046.98,49057.164,49063.844,49065.449,49067.969,49070.133,49075.672,49086.867,49087.973,49089.102,49089.719,49094.199,49106.555,49110.852,49113.223,49114.215,49115.613,49117.762,49119.789,49130.047,49132.039,49134.121,49136.195,49137.316,49139.273,49143.918,49149.871,49157.047,49162.164,49164.641,49165.578,49166.641,49167.996,49169.176,49171.383,49173.383,49178.297,49180.387,49182.059,49187.438,49189.137,49189.695,49194.48,49198.613,49199.277,49203.668,49209.398,49213.062,49220.129,49240.527,49253.953,49260.383,49268.336,49277.121,49281.109,49291.109,49303.168,49313.25,49317.992,49321.695,49323.551,49324.328,49326.473,49354.41,49357.562,49360.328,49364.664,49367.773,49371.391,49378.266,49386.102,49390.523,49394.023,49422.027,49428.027,49434.414,49435.973,49437.191,49438.336,49439.117,49439.777,49444.824,49455.957,49458.789,49463.691,49469.762,49473.527,49477.402,49480.547,49482.152,49483.582,49483.875,49484.711,49485.008,49486.746,49490.629,49494.184,49495.355,49495.699,49496.172,49498.547,49500.531,49503.844,49504.445,49505.848,49509.559,49511.418,49512.207,49515.059,49519.074,49524.082,49530.02,49536.953,49537.957,49541.145,49543.992,49545.984,49548.605,49551.305,49554.488,49557.535,49573.797,49574.98,49581.332,49583.965,49589.957,49594.965,49597.766,49601.57,49602.047,49603.727,49612.832,49618.207,49623.996,49624.469,49625.039,49628.738,49633.539,49652.758,49657.098,49668.762,49670.844,49671.109,49676.539,49677.879,49678.238,49678.953,49679.309,49679.977,49680.688,49681.398,49682.109,49687.895,49691.355,49707.02,49709.184,49712.945,49726.434,49726.984,49727.641,49728.172,49731.207,49733.73,49734.148,49740.809,49744.566,49750.559,49751.059,49751.449,49751.785,49753.625,49753.863,49755.383,49757.062,49757.621,49758.102,49765.898,49778.855,49780.07,49784.332,49793.551,49799.734,49806.277,49814.652,49823.691,49839.066,49840.98,49842.551,49842.973,49869.367,49904.094,49945.973,49949.934,49959.938,49962.387,49964.996,49974.316,49974.922,49977.301,49978.266,49986.32,49993.34,49997.039,50000.5,50003.938,50021.707,50033.738,50034.789,50035.867,50036.602,50037.852,50038.859,50039.465,50040.16,50042.52,50044.832,50048.758,50052,50053.648,50054.574,50057.293,50058.457,50060.617,50062.438,50063.016,50064.516,50067.75,50068.176,50068.496,50068.895,50069.613,50072.332,50072.973,50073.453,50073.691,50074.172,50075.934,50076.574,50076.973,50077.293,50077.613,50081.133,50081.773,50082.668,50083.469,50084.859,50086.977,50090.859,50092.664,50095.574,50099.77,50103.707,50113.117,50118.926,50126.211,50129.02,50130.223,50131.875,50134.789,50140.703,50141.809,50153.672,50161.16,50165.184,50169.438,50170.348,50171.473,50172.582,50190.004,50194.207,50198.156,50200.055,50200.715,50201.398,50201.914,50202.242,50203.105,50204.047,50204.848,50206.148,50210.316,50221.762,50222.23,50224.762,50230.41,50232.891,50235.039,50237.062,50239.285,50245.102,50246.641,50248.09,50249.602,50250.469,50251.531,50260.547,50262.531,50266.617,50268.789,50277.617,50284.949,50285.441,50286.074,50286.645,50289.379,50301.938,50305.082,50308.082,50309.785,50312.426,50314.926,50316.559,50318.883,50321.125,50322.02,50323.336,50324.887,50328.996,50330.133,50331.035,50332.098,50333.105,50336.672,50339.082,50341.328,50351.051,50356.316,50361.367,50371.211,50383.184,50393.809,50399.641,50407.844,50420.035,50427.875,50434.344,50439.516,50444.977,50456.52,50464.785,50472.746,50481.875,50490.648,50510.312,50516.406,50556.57,50561.801,50566.695,50570.422,50575.801,50577.457,50580.668,50583.223,50587.719,50599.797,50600.902,50602.234,50603.121,50604.059,50608.371,50610.562,50616.457,50619.414,50619.957,50620.508,50625.004,50625.273,50626.172,50626.43,50628.812,50629.676,50632.477,50634.586,50640.477,50645.586,50646.984,50648.793,50655.836,50657.664,50659.68,50666.105,50671.918,50677.703,50679.23,50681.566,50704.109,50717.164,50815.203,50828.355,50839.523,50861.711,50924.566,50937.168,50965.266,50985.949,50991.406,50997.219,51002.434,51008.004,51014.617,51021.039,51032.453,51036.242,51040.41,51054.418,51055.91,51057.074,51058.5,51060.164,51062.512,51074.066,51081.395,51104.617,51107.711,51108.988,51110.191,51123.559,51145,51180.578,51187.191,51192.426,51219.234,51244.988,51250.168,51264.699,51271.969,51283.656,51296.746,51298.945,51310.641,51317.273,51323.031,51329.766,51349.012,51352.824,51355.945,51361.547,51369.625,51372.824,51375.703,51377.781,51383.383,51387.703,51392.184,51396.262,51401.141,51408.98,51412.422,51421.062,51422.344,51424.328,51426.043,51426.57,51429.449,51431.129,51432.41,51433.77,51434.648,51435.449,51437.289,51438.57,51441.609,51442.969,51446.449,51447.934,51449.508,51452.172,51453.934,51455.48,51455.996,51460.555,51462.555,51466.477,51467.355,51469.836,51470.156,51473.035,51474.875,51476.555,51478.793,51480.312,51482.391,51483.992,51486.711,51489.352,51491.672,51496.633,51500.711,51504.473,51506.5,51508.891,51513.211,51514.938,51518.766,51520.586,51523.988,51527.227,51529.488,51530.43,51531.344,51533.16,51537.238,51537.656,51537.926,51538.164,51538.562,51539.441,51540.32,51543.359,51544.16,51544.961,51546.32,51546.879,51547.438,51548.078,51548.957,51549.836,51550.957,51551.277,51551.598,51552.156,51552.957,51555.234,51556.812,51564.281,51567.047,51568.867,51571.828,51574.441,51577.469,51580.602,51583.762,51587.137,51596.66,51597.473,51599.969,51608.238,51614.398,51622.047,51627.754,51634.227,51634.762,51637.473,51639.805,51642.523,51644.445,51645.062,51646.742,51648.184,51650.105,51651.707,51654.746,51655.305,51663.145,51675.344,51684.629,51685.434,51692.176,51692.746,51699.246,51704.395,51718.539,51728.973,51734.055,51739.621,51742.836,51747.125,51750.703,51754.066,51756.301,51758.762,51761.742,51767.145,51773.477,51778.535,51779.145,51779.906,51780.773,51788.426,51798.117,51801.039,51801.914,51802.449,51802.949,51807.93,51812.719,51820.75,51831.828,51836.383,51840.562,51850.23,51854.625,51869.445,51875.73,51877.914,51884.062,51887.367,51889.504,51893.953,51900.609,51904.832,51908.457,51915.383,51919.871,51923.176,51926.945,51929.824,51932.953,51937.527,51944.25,51945.188,51952.5,51954.84,51963.266,51973.66,51984.203,52000.773,52005.734,52010.758,52014.5,52016.086,52020.445,52023.871,52026.848,52042.906,52050.133,52050.828,52072.914,52082.234,52086.039,52140.566,52151.82,52154.188,52159.215,52161.168,52167.484,52174.887,52179.516,52199.422,52201.152,52237.57,52270.027,52323.262,52347.398,52354.59,52356.324,52359.273,52363.98,52369.176,52392.102,52418,52425.648,52429.621,52433.059,52443.773,52451.023,52454.211,52456.703,52460.449,52464.535,52469.691,52474.375,52479.281,52490.484,52499.375,52511.129,52554.977,52566.539,52568.824,52572.23,52581.805,52587.211,52589.824,52593.484,52601.855,52614.781,52621.52,52628.902,52640.211,52641.812,52646.461,52652.133,52653.109,52654.086,52656.703,52659.531,52661.762,52668.676,52671.566,52679.902,52687.512,52690.051,52702.105,52704.035,52707.617,52709.945,52711.328,52712.523,52717.688,52722.98,52728.852,52732.434,52737.734,52744.684,52755.316,52761,52767.941,52779.008,52786.297,52790.672,52791.977,52797.387,52807.16,52811.547,52829.824,52837.984,52844.43,52849.441,52853.965,52868.207,52872.301,52883.121,52885.441,52901.758,52914.824,52926.914,52931.086,52934.453,52935.758,52942.492,52953.848,52959.277,52962.375,52965.789,52967.504,52972.242,52984.016,52999.008,53019.965,53027.898,53038.09,53048.531,53052.996,53057.176,53062.137,53070.793,53074.254,53080.133,53082.715,53084.73,53088.664,53091.82,53097.707,53103.637,53107.797,53113.344,53123.934,53134.75,53140.25,53144.379,53145.855,53148.602,53149.457,53150.484,53151.992,53154.422,53156.105,53157.254,53162.113,53169.328,53173.664,53177.941,53180.059,53189.805,53192.602,53194.688,53195.824,53197.512,53209.02,53209.93,53210.605,53213.223,53224.348,53226.449,53232.492,53235.207,53238.121,53238.938,53241.738,53243.656,53245.152,53246.395,53247.719,53253.812,53256.531,53259.543,53262.086,53262.742,53264.219,53265.293,53267.934,53269.812,53273.988,53281.754,53285.273,53289.172,53294.082,53297.066,53301.336,53309.867,53313.688,53315.543,53319.211,53333.871,53346.277,53347.879,53349.766,53353.793,53356.191,53358.484,53360.523,53363.324,53366.812,53370.332,53371.461,53375.848,53379.152,53379.914,53380.832,53386.926,53395.867,53399.082,53420.574,53423.52,53425.281,53435.734,53438.082,53440.16,53441.664,53444.551,53446.641,53462.059,53463.086,53489.281,53499.543,53501.906,53516.812,53523.242,53524.723,53528.898,53534.602,53540.254,53541.594,53542.633,53543.754,53547.098,53550.055,53550.434,53550.852,53552.438,53563.555,53576.246,53581.496,53585.664,53589.344,53601.477,53607.766,53611.973,53618.711,53622.727,53627.211,53628.945,53630.504,53632.406,53633.793,53635.652,53639.684,53644.109,53647.516,53654.219,53655.539,53656.918,53663.098,53669.047,53681.383,53685.535,53689.285,53692.066,53701.758,53710.836,53721.066,53722.184,53730.562,53741.57,53746.328,53748.965,53755.711,53761.359,53764.766,53768.336,53772.406,53774.945,53778.082,53782.316,53791.789,53799.879,53802.23,53811.949,53817.75,53829.297,53840.133,53843.016,53843.344,53844.219,53845.34,53850.777,53854.09,53855.531,53859.965,53863.016,53867.711,53877.867,53881.25,53888.953,53892.871,53902.004,53910.602,53919.141,53924.891,53932.113,53940.652,53942.266,53943.684,53946.227,53946.977,53948.355,53952.621,53958.281,53958.852,53959.598,53964.219,53978.438,53979.328,53979.715,53980.539,53982.914,53983.281,53985.984,53986.582,53987.324,53988.227,53993.477,53995.953,54000.992,54005.898,54012.012,54014.613,54017.281,54020.836,54023.797,54034.094,54045.492,54050.617,54056.184,54058.09,54060.133,54061.562,54062.57,54063.273,54064.352,54065.574,54072.242,54091.965,54098.859,54100.695,54103.812,54114.957,54117.277,54118.441,54120.395,54122.215,54124.863,54141.512,54143.449,54155.816,54174.805,54179.68,54184.711,54190.938,54192.477,54194.203,54200.426,54202.684,54204.598,54208.133,54212.816,54219.762,54222.895,54224.59,54229.051,54231.34,54232.109,54232.629,54232.926,54233.328,54234.934,54238.57,54239.238,54239.918,54240.863,54241.48,54244.324,54245.73,54247.191,54253.742,54258.977,54262.195,54268.105,54271.688,54280.789,54282.82,54285.59,54288.195,54295.43,54298.383,54306.777,54313.504,54319.047,54325.398,54340.324,54347.602,54352.078,54364,54367.305,54371.605,54374.027,54377.203,54378.645,54387.938,54409.375,54411.426,54414.996,54417.508,54425.719,54427.355,54428.625,54435.492,54440.656,54443.223,54449.168,54449.941,54450.371,54451.871,54458.617,54461.641,54462.805,54480.145,54482.273,54484.676,54485.965,54487.523,54496.992,54498.34,54505.07,54509.355,54510.496,54511.988,54516.062,54518.637,54519.469,54520.84,54522.016,54524.742,54525.734,54532.543,54536.895,54537.449,54537.922,54538.48,54538.984,54542.594,54552.043,54553.926,54555.07,54555.812,54556.801,54559.176,54560.34,54563.273,54565.32,54567.059,54570.043,54571,54572.457,54573.711,54576.188,54576.688,54577.613,54577.918,54580.695,54583.449,54584.051,54585.82,54586.242,54586.723,54587.762,54588.242,54591.441,54596.883,54603.617,54611.172,54612.738,54613.914,54617.84,54619.426,54623.586,54627.211,54628.449,54635.637,54647.996,54650.672,54652.434,54665.094,54678.164,54680.34,54682.879,54683.727,54684.77,54688.242,54692.824,54695.012,54698.117,54701.719,54705.176,54708.902,54712.426,54714.512,54716.789,54728.059,54739.156,54746.48,54752.355,54769.418,54779.234,54785.234,54789.254,54799.34,54800.352,54800.934,54801.953,54805.434,54806.363,54807.816,54808.383,54808.66,54809.309,54810.934,54814.219,54814.488,54815.203,54815.422,54815.652,54815.871,54819.621,54822.895,54824.879,54828.75,54845.562,54848.77,54852.055,54856.254,54857.125,54860.902,54863.73,54864.551,54867.973,54873.566,54885.301,54896.094,54930.555,54944.383,54956.641,54960.906,54965.945,54988.684,54998.438,55004.117,55008.051,55010.066,55014.695,55017.672,55024.75,55027.867,55030.688,55035.363,55038.301,55043.641,55051.422,55059.984,55060.383,55060.902,55063.844,55065.043,55065.855,55068.352,55069.086,55079.387,55084.023,55091.035,55092.625,55093.664,55098.848,55099.727,55101.031,55110.727,55114.148,55118.566,55126.246,55129.906,55132.895,55143.055,55143.566,55143.727,55143.887,55144.125,55144.445,55145.645,55149.258,55156.184,55156.934,55157.438,55157.711,55157.953,55158.191,55158.75,55162.988,55163.512,55163.863,55166.305,55167.637,55169.043,55174.457,55177.477,55179.895,55181.641,55183.828,55189.141,55193.598,55203.188,55218.141,55224.457,55228.203,55231.504,55236.879,55243.309,55254.078,55254.828,55270.211,55272.402,55279.73,55283.441,55288.965,55292.301,55295.574,55298.109,55308.789,55314.812,55317.734,55332.094,55347.832,55365.559,55387.102,55399.789,55408.906,55416.238,55424.008,55431.047,55439.336,55445.207,55451.535,55458.379,55464.68,55469.215,55472.047,55480.074,55490.816,55497.203,55501.098,55505.395,55510.027,55510.777,55511.23,55518.504,55537.812,55548.242,55564.82,55567.809,55571.137,55575.672,55586.742,55595.227,55598.266,55600.938,55602.984,55605.395,55625.707,55628.816,55631.383,55633.684,55637.992,55641.855,55652.227,55671.203,55676.238,55679.766,55683.41,55685.551,55687.973,55689.879,55691.57,55697.387,55699.781,55700.895,55702.027,55704.637,55714.293,55717.984,55730.527,55735.93,55738.672,55741.316,55746.809,55766.449,55770.59,55774.77,55781.445,55786.812,55800.566,55804.664,55807.594,55809.773,55824.75,55829.07,55831.73,55847.059,55852.566,55857.23,55860.719,55872.047,55875.125,55877.355,55887.441,55891.84,55901.023,55905.738,55910.988,55916.082,55920.859,55927.602,55930.676,55933.371,55935.023,55937.184,55938.707,55940.031,55942.914,55946.625,55955.395,55957.484,55958.375,55959.543,55960.199,55970.234,55987.98,55991.828,55993.074,55995.16,55999.457,56005.414,56006.66,56007.906,56011.461,56017.039,56019.707,56043.914,56044.977,56056.691,56058.195,56058.621,56063.891,56072.922,56091.898,56101.645,56107.359,56114.297,56123.727,56125.184,56128.043,56139.574,56142.039,56147.176,56154.879,56165.68,56177.176,56183.793,56191.016,56192.949,56194.949,56196.949,56198.871,56201.926,56204.062,56210.824,56213.113,56213.957,56228.352,56232.594,56238.156,56242.578,56245.777,56260.789,56292.406,56302.879,56305.836,56307.227,56308.656,56311.133,56339.188,56342.492,56352.055,56361.684,56365.695,56369.055,56371.996,56375.199,56379.641,56393.43,56397.867,56400.719,56403.871,56406.723,56422.816,56427.07,56430.961,56433.219,56435.191,56438.559,56440.242,56442.398,56443.086,56447.188,56451.125,56453.938,56458.57,56462.156,56464.555,56467.5,56471.176,56474.68,56479.129,56483.766,56486.895,56519.23,56522.555,56526.586,56528.449,56531.059,56532.512,56534.836,56536.52,56540.617,56544.191,56552.359,56571.891,56576.379,56584.48,56593.555,56596.098,56599.199,56602.293,56605.344,56609.688,56619.266,56623.109,56646.035,56658.879,56664.664,56669.051,56671.496,56673.012,56674.676,56676.781,56679.512,56685.402,56698.555,56709.25,56711.66,56712.477,56716.785,56719.957,56724.801,56729.148,56732.352,56735.711,56738.598,56741.656,56744.379,56747.191,56750.137,56754.586,56758.613,56765.215,56780.059,56784.379,56787.012,56790.379,56792.602,56794.824,56796.414,56798.758,56801.523,56803.949,56805.883,56807.965,56810.566,56812.355,56814.305,56817.969,56820.586,56821.594,56824.934,56827.387,56836.969,56840.496,56846.605,56848.484,56851.438,56856.332,56860.461,56864.539,56868.707,56876.367,56877.902,56886,56891.008,56896.082,56896.996,56897.734,56898.473,56899.805,56901.238,56904.672,56921.375,56927.188,56937.172,56937.848,56938.523,56940.68,56942.109,56945.156,56950.5,56950.742,56951.352,56951.598,56954.383,56954.812,56964.043,56965.395,56966.176,56967.328,56967.742,56968.227,56974.84,56976.371,56977.926,56983.434,56994.262,56997.969,57002.062,57009.406,57032.473,57035.418,57043.602,57052.305,57054.027,57056.199,57060.82,57062.758,57066.324,57073.336,57075.902,57079.434,57082.703,57086.012,57089.879,57092.137,57094.281,57095.301,57101.434,57103.336,57104.898,57105.785,57106.699,57107.422,57116.902,57131.402,57147.527,57163.527,57173.238,57189.77,57195.148,57199.949,57202.508,57203.82,57208.281,57213.008,57217.473,57228.855,57232.312,57242.75,57246.641,57252.676,57256.621,57260.984,57267.57,57272.191,57277.605,57283.277,57288.879,57295.707,57297.652,57298.723,57299.824,57300.699,57303.668,57304.648,57306.469,57308.301,57317.086,57320.176,57325.832,57329.801,57342.812,57346.453,57347.691,57360.578,57367.777,57391.984,57397.121,57400.383,57402.859,57406.246,57411.805,57415.809,57437.285,57442.656,57445.102,57449.266,57455.488,57460.352,57466.305,57471.602,57503.211,57513.535,57522.18,57522.75,57525.113,57525.812,57526.285,57527.008,57532.113,57541.273,57544.297,57550.449,57552.664,57554.48,57557.25,57559.266,57561.34,57562.688,57566.031,57567.484,57569.367,57570.656,57574.75,57582.152,57584.395,57586.102,57596.07,57606.254,57617.754,57627.555,57629.812,57630.137,57630.785,57631.09,57632.312,57632.926,57633.234,57633.562,57634.793,57636.371,57637.77,57642.844,57645.164,57652.473,57658.977,57662.16,57664.359,57665.203,57665.551,57665.664,57665.77,57665.871,57666.07,57669.934,57671.645,57672.18,57683.098,57684.574,57687.051,57690.66,57693.781,57694.934,57697.398,57698.148,57699.824,57702.039,57704.953,57712.336,57714.727,57720.008,57723.207,57725.238,57726.766,57731.508,57734.391,57737.453,57743.609,57744.004,57751.438,57754.395,57756.605,57766.195,57794.523,57813.77,57831.141,57835.316,57841.832,57843.359,57853.996,57858.121,57860.316,57868.156,57870.848,57877.027,57890.504,57891.699,57892,57895.961,57909.832,57925.539,57933.016,57933.449,57933.742,57934.016,57949.879,57956.281,57966.938,57967.129,57967.336,57968.973,57970.574,57973.922,57976.438,57981.602,57995.02,58001.594,58019.102,58024.477,58035.301,58044.938,58054.754,58057.344,58061.637,58067.254,58073.191,58082.879,58088.93,58091.836,58098.281,58104.199,58111.715,58114.453,58116.047,58119.879,58120.812,58122.996,58125.371,58129.699,58129.902,58131.055,58132.863,58138.57,58139.488,58140.336,58143.25,58145.953,58147.395,58147.574,58148.113,58149.445,58155.828,58156.449,58157.227,58163.215,58165.055,58165.98,58166.715,58171.016,58173.887,58175.016,58176.062,58177.281,58178.844,58180.574,58181.094,58181.957,58189.508,58192.234,58193.688,58195.824,58198.168,58199.816,58202.113,58203.723,58217.227,58227.262,58228.535,58233.523,58242.457,58244.039,58247.828,58250.082,58255.457,58261.137,58267.055,58273.207,58277.516,58277.898]
      },
      "geometry": {
        "type": "LineString",
        "coordinates": [
          [11.575539, 48.137389, 516.0],
          [11.575554, 48.137418, 516.0],
          [11.576015, 48.137317, 516.0],
          [11.576391, 48.137235, 515.0],
          [11.576298, 48.137118, 515.0],
          [11.576235, 48.137058, 515.0],
          [11.576468, 48.136996, 515.0],
          [11.576605, 48.136948, 515.0],
          [11.576734, 48.136886, 514.75],
          [11.576801, 48.136836, 514.5],
          [11.577114, 48.136651, 513.25],
          [11.577147, 48.136628, 513.25],
          [11.577196, 48.136594, 513.0],
          [11.577261, 48.136545, 513.0],
          [11.577449, 48.136443, 513.0],
          [11.577601, 48.136384, 512.5],
          [11.577946, 48.136264, 512.0],
          [11.578227, 48.136202, 512.0],
          [11.578571, 48.136133, 512.0],
          [11.579076, 48.136060, 512.0],
          [11.579197, 48.136035, 512.0],
          [11.579517, 48.135958, 512.0],
          [11.579804, 48.135882, 512.0],
          [11.580202, 48.135775, 512.0],
          [11.580531, 48.135663, 512.0],
          [11.581291, 48.135405, 512.0],
          [11.581352, 48.135384, 512.0],
          [11.581391, 48.135314, 512.0],
          [11.581442, 48.135200, 512.25],
          [11.581484, 48.135052, 512.75],
          [11.581456, 48.134974, 513.0],
          [11.581492, 48.134898, 513.25],
          [11.581491, 48.134847, 513.5],
          [11.581597, 48.134807, 513.5],
          [11.581784, 48.134722, 514.0],
          [11.581871, 48.134680, 514.0],
          [11.582057, 48.134607, 514.0],
          [11.582119, 48.134563, 514.0],
          [11.582171, 48.134515, 514.0],
          [11.582227, 48.134449, 514.0],
          [11.582288, 48.134358, 514.0],
          [11.582436, 48.134163, 514.0],
          [11.582617, 48.133947, 514.0],
          [11.582663, 48.133889, 514.0],
          [11.582684, 48.133867, 514.0],
          [11.582694, 48.133855, 514.0],
          [11.582696, 48.133852, 514.0],
          [11.582704, 48.133843, 514.0],
          [11.582729, 48.133816, 514.0],
          [11.582885, 48.133598, 514.0],
          [11.583169, 48.133176, 514.0],
          [11.583271, 48.133048, 514.0],
          [11.583437, 48.132997, 514.0],
          [11.583608, 48.132887, 514.0],
          [11.583903, 48.132740, 514.0],
          [11.584653, 48.132366, 515.0],
          [11.584707, 48.132342, 515.0],
          [11.584850, 48.132287, 515.25],
          [11.584961, 48.132216, 515.75],
          [11.585141, 48.132114, 514.25],
          [11.585679, 48.131878, 515.0],
          [11.585762, 48.131840, 515.5],
          [11.585845, 48.131808, 516.0],
          [11.586163, 48.131714, 516.0],
          [11.586350, 48.131672, 516.0],
          [11.586507, 48.131640, 513.75],
          [11.587381, 48.131466, 511.0],
          [11.587614, 48.131430, 513.5],
          [11.587809, 48.131425, 515.0],
          [11.587950, 48.131436, 515.0],
          [11.588140, 48.131448, 515.0],
          [11.589005, 48.131543, 517.5],
          [11.589423, 48.131578, 519.75],
          [11.589482, 48.131576, 520.0],
          [11.589535, 48.131557, 520.0],
          [11.589567, 48.131559, 520.0],
          [11.589594, 48.131549, 520.0],
          [11.589972, 48.131258, 522.25],
          [11.590097, 48.131160, 522.75],
          [11.590215, 48.131073, 523.0],
          [11.590458, 48.130894, 524.25],
          [11.591197, 48.130350, 527.5],
          [11.591316, 48.130262, 528.0],
          [11.591462, 48.130158, 528.0],
          [11.591741, 48.129971, 528.0],
          [11.592164, 48.129686, 528.0],
          [11.592381, 48.129540, 528.0],
          [11.592609, 48.129391, 528.0],
          [11.593145, 48.129033, 528.0],
          [11.593204, 48.128946, 528.0],
          [11.593685, 48.128574, 528.0],
          [11.593758, 48.128511, 528.0],
          [11.593826, 48.128477, 528.0],
          [11.593862, 48.128459, 528.0],
          [11.593927, 48.128427, 527.75],
          [11.594135, 48.128311, 528.0],
          [11.594330, 48.128215, 528.0],
          [11.594352, 48.128203, 528.0],
          [11.594328, 48.128140, 528.0],
          [11.594239, 48.128100, 528.0],
          [11.594244, 48.128078, 528.0],
          [11.594523, 48.127523, 528.0],
          [11.594953, 48.126664, 529.0],
          [11.594959, 48.126587, 529.0],
          [11.595133, 48.126199, 529.0],
          [11.595180, 48.126133, 529.0],
          [11.595912, 48.125085, 529.0],
          [11.596134, 48.124793, 529.0],
          [11.596211, 48.124683, 529.0],
          [11.596515, 48.124288, 529.0],
          [11.596811, 48.123903, 529.0],
          [11.596876, 48.123840, 529.0],
          [11.597003, 48.123715, 528.75],
          [11.597184, 48.123537, 527.75],
          [11.597559, 48.123170, 526.75],
          [11.597615, 48.123118, 526.75],
          [11.597900, 48.122824, 526.75],
          [11.598068, 48.122615, 527.75],
          [11.598081, 48.122555, 528.25],
          [11.598186, 48.122404, 528.25],
          [11.598217, 48.122376, 528.25],
          [11.598249, 48.122328, 528.0],
          [11.598543, 48.121852, 529.25],
          [11.598806, 48.121495, 530.0],
          [11.598880, 48.121375, 530.0],
          [11.598926, 48.121302, 530.0],
          [11.599022, 48.121150, 530.25],
          [11.599572, 48.120242, 531.0],
          [11.599623, 48.120156, 531.0],
          [11.599871, 48.119770, 531.25],
          [11.599917, 48.119695, 531.25],
          [11.599933, 48.119646, 531.0],
          [11.599920, 48.119610, 531.0],
          [11.599972, 48.119504, 531.0],
          [11.600026, 48.119409, 531.0],
          [11.600068, 48.119331, 531.25],
          [11.600177, 48.119124, 531.25],
          [11.600208, 48.119064, 531.5],
          [11.600417, 48.118670, 532.0],
          [11.600448, 48.118612, 532.0],
          [11.600486, 48.118538, 532.0],
          [11.600890, 48.117768, 532.0],
          [11.601029, 48.117512, 532.25],
          [11.601064, 48.117446, 532.0],
          [11.601223, 48.117141, 532.25],
          [11.601315, 48.116965, 532.75],
          [11.601425, 48.116757, 533.0],
          [11.601621, 48.116375, 533.0],
          [11.601645, 48.116328, 533.0],
          [11.601780, 48.116068, 533.0],
          [11.601869, 48.115896, 533.0],
          [11.601901, 48.115807, 533.0],
          [11.601893, 48.115781, 533.0],
          [11.601920, 48.115716, 533.0],
          [11.601935, 48.115682, 533.0],
          [11.601943, 48.115663, 533.0],
          [11.601961, 48.115616, 533.0],
          [11.602004, 48.115512, 533.0],
          [11.602049, 48.115505, 533.0],
          [11.602211, 48.115583, 533.0],
          [11.602397, 48.115665, 533.0],
          [11.602413, 48.115448, 533.25],
          [11.602719, 48.115433, 533.25],
          [11.603150, 48.115404, 534.0],
          [11.604450, 48.115318, 534.75],
          [11.604767, 48.115303, 534.75],
          [11.605930, 48.115303, 535.25],
          [11.607016, 48.115319, 536.0],
          [11.607136, 48.115321, 536.0],
          [11.608034, 48.115336, 536.0],
          [11.609089, 48.115345, 536.0],
          [11.609872, 48.115359, 536.0],
          [11.610231, 48.115357, 536.0],
          [11.610510, 48.115358, 536.0],
          [11.610675, 48.115358, 536.25],
          [11.611443, 48.115360, 536.5],
          [11.611599, 48.115360, 536.5],
          [11.611674, 48.115360, 536.5],
          [11.611843, 48.115361, 536.5],
          [11.612094, 48.115362, 536.5],
          [11.612335, 48.115364, 536.5],
          [11.612455, 48.115364, 536.25],
          [11.612835, 48.115366, 537.0],
          [11.612966, 48.115374, 537.0],
          [11.612997, 48.115282, 537.0],
          [11.613076, 48.115057, 537.0],
          [11.613060, 48.114968, 537.0],
          [11.613054, 48.114903, 536.75],
          [11.613075, 48.114779, 537.0],
          [11.613089, 48.114709, 537.0],
          [11.613147, 48.114643, 537.0],
          [11.613236, 48.114221, 537.0],
          [11.613238, 48.114132, 536.75],
          [11.613256, 48.114052, 536.5],
          [11.613306, 48.113840, 536.25],
          [11.613443, 48.113307, 536.5],
          [11.613627, 48.112776, 536.0],
          [11.613777, 48.112426, 536.25],
          [11.614160, 48.111640, 536.0],
          [11.614157, 48.111586, 536.0],
          [11.614213, 48.111517, 536.0],
          [11.614330, 48.111375, 535.75],
          [11.614374, 48.111321, 535.75],
          [11.614431, 48.111359, 535.75],
          [11.614494, 48.111403, 535.75],
          [11.614568, 48.111453, 535.75],
          [11.615145, 48.111888, 535.0],
          [11.615218, 48.111949, 535.0],
          [11.615272, 48.111994, 535.0],
          [11.615466, 48.112163, 535.0],
          [11.615555, 48.112182, 535.0],
          [11.615672, 48.112209, 535.0],
          [11.615730, 48.112326, 535.0],
          [11.616207, 48.112811, 534.0],
          [11.616265, 48.112845, 534.0],
          [11.616320, 48.112861, 534.0],
          [11.616397, 48.112858, 534.0],
          [11.616469, 48.112837, 534.0],
          [11.616523, 48.112808, 534.0],
          [11.616587, 48.112775, 534.0],
          [11.616709, 48.112684, 534.25],
          [11.616905, 48.112530, 534.0],
          [11.617283, 48.112181, 534.0],
          [11.617359, 48.112091, 534.0],
          [11.617428, 48.111991, 534.0],
          [11.617450, 48.111955, 534.0],
          [11.617455, 48.111945, 534.0],
          [11.617539, 48.111749, 534.0],
          [11.617558, 48.111628, 534.0],
          [11.617652, 48.111437, 534.0],
          [11.617669, 48.111402, 534.0],
          [11.617713, 48.111341, 534.0],
          [11.617817, 48.111051, 534.0],
          [11.617918, 48.110771, 534.0],
          [11.618103, 48.110256, 534.0],
          [11.618124, 48.110199, 534.0],
          [11.618348, 48.109616, 535.0],
          [11.618369, 48.109563, 535.0],
          [11.618464, 48.109316, 535.0],
          [11.618627, 48.108894, 535.0],
          [11.618661, 48.108812, 535.25],
          [11.618717, 48.108673, 535.75],
          [11.618742, 48.108609, 536.0],
          [11.618775, 48.108528, 536.0],
          [11.618882, 48.108287, 536.0],
          [11.618905, 48.108236, 536.0],
          [11.619020, 48.108041, 536.0],
          [11.619147, 48.107878, 536.0],
          [11.619323, 48.107692, 536.0],
          [11.619488, 48.107538, 535.75],
          [11.619748, 48.107314, 536.0],
          [11.620093, 48.107032, 536.0],
          [11.620127, 48.107006, 536.0],
          [11.620688, 48.106569, 536.75],
          [11.620918, 48.106403, 536.0],
          [11.620981, 48.106357, 536.0],
          [11.621072, 48.106291, 536.25],
          [11.622055, 48.105563, 536.5],
          [11.623124, 48.104807, 537.5],
          [11.623381, 48.104629, 537.25],
          [11.623480, 48.104560, 537.25],
          [11.623653, 48.104434, 537.0],
          [11.623712, 48.104390, 537.0],
          [11.624105, 48.104110, 538.0],
          [11.624174, 48.104060, 538.0],
          [11.624228, 48.104021, 538.0],
          [11.624287, 48.103974, 538.0],
          [11.624511, 48.103797, 538.0],
          [11.624660, 48.103682, 538.0],
          [11.624771, 48.103584, 538.0],
          [11.624840, 48.103523, 538.0],
          [11.625443, 48.103036, 538.0],
          [11.625639, 48.102893, 538.25],
          [11.625755, 48.102804, 538.25],
          [11.625807, 48.102765, 538.0],
          [11.625931, 48.102685, 538.0],
          [11.625982, 48.102652, 538.0],
          [11.626239, 48.102458, 538.0],
          [11.626340, 48.102382, 538.0],
          [11.626549, 48.102241, 538.0],
          [11.626943, 48.101967, 538.0],
          [11.627138, 48.101861, 538.0],
          [11.627332, 48.101763, 538.0],
          [11.627655, 48.101599, 538.0],
          [11.627960, 48.101457, 538.25],
          [11.628349, 48.101304, 538.0],
          [11.628572, 48.101252, 538.0],
          [11.629008, 48.101150, 538.0],
          [11.629410, 48.101057, 538.0],
          [11.629581, 48.101017, 538.25],
          [11.629647, 48.101002, 538.25],
          [11.630169, 48.100847, 538.75],
          [11.630211, 48.100832, 538.75],
          [11.630247, 48.100811, 538.75],
          [11.630272, 48.100768, 538.75],
          [11.630279, 48.100735, 538.5],
          [11.630267, 48.100548, 538.0],
          [11.630255, 48.100383, 538.0],
          [11.630244, 48.100208, 538.25],
          [11.630237, 48.100010, 538.75],
          [11.630240, 48.099999, 539.0],
          [11.630253, 48.099965, 539.0],
          [11.630341, 48.099867, 539.0],
          [11.630372, 48.099853, 539.0],
          [11.630503, 48.099820, 539.0],
          [11.630808, 48.099745, 539.0],
          [11.630881, 48.099730, 539.0],
          [11.630940, 48.099718, 539.0],
          [11.630988, 48.099708, 539.0],
          [11.631002, 48.099633, 539.0],
          [11.631025, 48.099533, 539.0],
          [11.631059, 48.099389, 539.0],
          [11.631130, 48.099083, 539.0],
          [11.631141, 48.099036, 539.0],
          [11.631175, 48.098888, 539.0],
          [11.631219, 48.098698, 539.0],
          [11.631322, 48.098256, 539.0],
          [11.631340, 48.098179, 539.0],
          [11.631526, 48.097711, 539.0],
          [11.631635, 48.097411, 539.0],
          [11.631786, 48.096994, 539.75],
          [11.632007, 48.096518, 540.0],
          [11.632140, 48.096233, 540.0],
          [11.632168, 48.096173, 540.0],
          [11.632289, 48.095984, 540.0],
          [11.632339, 48.095910, 540.0],
          [11.632516, 48.095650, 540.0],
          [11.632618, 48.095500, 540.0],
          [11.632827, 48.095193, 540.25],
          [11.632932, 48.095195, 540.5],
          [11.632997, 48.095194, 540.75],
          [11.633061, 48.095193, 541.0],
          [11.633544, 48.095133, 541.0],
          [11.635447, 48.094831, 541.0],
          [11.635740, 48.094782, 541.0],
          [11.635857, 48.094762, 541.0],
          [11.636005, 48.094738, 541.0],
          [11.636438, 48.094648, 541.0],
          [11.636542, 48.094625, 541.0],
          [11.636625, 48.094606, 541.0],
          [11.637061, 48.094504, 541.0],
          [11.637240, 48.094462, 541.0],
          [11.637551, 48.094384, 541.0],
          [11.637631, 48.094342, 541.0],
          [11.637648, 48.094318, 541.0],
          [11.637805, 48.094361, 541.0],
          [11.638359, 48.094215, 542.0],
          [11.638424, 48.094051, 541.25],
          [11.638579, 48.094050, 541.0],
          [11.639069, 48.093967, 540.25],
          [11.639263, 48.093904, 540.25],
          [11.639395, 48.093829, 540.75],
          [11.639453, 48.093762, 541.25],
          [11.639430, 48.093676, 541.5],
          [11.639310, 48.093306, 541.5],
          [11.639146, 48.093033, 542.0],
          [11.639050, 48.092961, 542.25],
          [11.639123, 48.092621, 541.5],
          [11.638981, 48.092371, 541.5],
          [11.639015, 48.092052, 541.75],
          [11.638880, 48.091800, 542.0],
          [11.638741, 48.091530, 542.0],
          [11.638822, 48.091378, 542.0],
          [11.638757, 48.091244, 542.0],
          [11.638745, 48.091217, 542.0],
          [11.638696, 48.091114, 542.0],
          [11.638670, 48.091059, 542.0],
          [11.638656, 48.090979, 542.0],
          [11.638667, 48.090895, 542.0],
          [11.638712, 48.090806, 542.0],
          [11.638714, 48.090695, 542.0],
          [11.638658, 48.090567, 542.0],
          [11.638646, 48.090529, 542.0],
          [11.638629, 48.090496, 542.0],
          [11.638493, 48.090228, 543.0],
          [11.638470, 48.090182, 543.0],
          [11.638422, 48.090088, 543.0],
          [11.638559, 48.090055, 543.0],
          [11.638812, 48.089996, 543.0],
          [11.638862, 48.089984, 543.0],
          [11.639753, 48.089775, 543.0],
          [11.639922, 48.089736, 543.0],
          [11.639982, 48.089722, 543.0],
          [11.640049, 48.089706, 543.0],
          [11.640261, 48.089656, 543.0],
          [11.640223, 48.089547, 543.0],
          [11.640197, 48.089396, 543.0],
          [11.640193, 48.089314, 543.0],
          [11.640208, 48.089203, 543.0],
          [11.640238, 48.089118, 543.0],
          [11.640378, 48.088909, 543.0],
          [11.640431, 48.088834, 543.0],
          [11.640438, 48.088824, 543.0],
          [11.640479, 48.088768, 543.0],
          [11.640693, 48.088469, 543.25],
          [11.640836, 48.088273, 543.0],
          [11.641297, 48.087642, 544.0],
          [11.641362, 48.087552, 544.0],
          [11.641420, 48.087473, 544.0],
          [11.641478, 48.087393, 544.0],
          [11.641490, 48.087376, 544.0],
          [11.641543, 48.087304, 544.0],
          [11.641915, 48.086795, 544.0],
          [11.642026, 48.086683, 544.0],
          [11.642133, 48.086603, 544.0],
          [11.642362, 48.086511, 544.25],
          [11.642587, 48.086454, 544.0],
          [11.643169, 48.086315, 544.0],
          [11.643340, 48.086282, 544.0],
          [11.643525, 48.086256, 544.0],
          [11.644056, 48.086252, 544.0],
          [11.644155, 48.086221, 544.0],
          [11.644927, 48.086229, 544.0],
          [11.645031, 48.086260, 544.0],
          [11.645114, 48.086259, 544.0],
          [11.645200, 48.086266, 544.0],
          [11.645310, 48.086296, 544.0],
          [11.645425, 48.086347, 544.0],
          [11.645484, 48.086288, 544.0],
          [11.645521, 48.086291, 544.0],
          [11.645568, 48.086285, 544.0],
          [11.646894, 48.085098, 545.0],
          [11.648116, 48.084040, 545.0],
          [11.648514, 48.083703, 546.0],
          [11.648675, 48.083557, 546.0],
          [11.648877, 48.083347, 546.0],
          [11.648933, 48.083255, 546.0],
          [11.649232, 48.082672, 546.0],
          [11.649796, 48.081547, 546.25],
          [11.649827, 48.081385, 547.0],
          [11.649875, 48.081238, 547.0],
          [11.649938, 48.081122, 546.75],
          [11.649954, 48.081095, 547.0],
          [11.650028, 48.080978, 547.75],
          [11.650121, 48.080883, 547.75],
          [11.651062, 48.079057, 547.5],
          [11.651084, 48.079014, 547.25],
          [11.651223, 48.078748, 547.0],
          [11.651330, 48.078541, 547.0],
          [11.651341, 48.078478, 547.0],
          [11.651365, 48.078322, 547.0],
          [11.651392, 48.078253, 546.75],
          [11.651465, 48.078063, 546.5],
          [11.651456, 48.077992, 546.5],
          [11.651490, 48.077918, 546.0],
          [11.651533, 48.077822, 545.5],
          [11.651575, 48.077758, 545.25],
          [11.651518, 48.077740, 545.5],
          [11.651433, 48.077693, 546.0],
          [11.651378, 48.077624, 546.5],
          [11.651363, 48.077535, 546.75],
          [11.651409, 48.077415, 546.75],
          [11.651480, 48.077280, 547.25],
          [11.651516, 48.077165, 548.0],
          [11.651521, 48.077057, 548.25],
          [11.651596, 48.076906, 548.5],
          [11.651675, 48.076801, 549.0],
          [11.651767, 48.076711, 549.25],
          [11.651964, 48.076603, 550.0],
          [11.652235, 48.076471, 550.0],
          [11.652267, 48.076454, 550.0],
          [11.652314, 48.076430, 550.0],
          [11.652375, 48.076349, 549.75],
          [11.652425, 48.076258, 549.75],
          [11.652459, 48.076140, 549.75],
          [11.652475, 48.075951, 549.75],
          [11.652489, 48.075880, 549.75],
          [11.652549, 48.075813, 550.0],
          [11.652625, 48.075748, 550.0],
          [11.652706, 48.075696, 550.25],
          [11.652839, 48.075593, 550.5],
          [11.652987, 48.075489, 549.75],
          [11.653039, 48.075427, 549.5],
          [11.653091, 48.075356, 549.25],
          [11.653111, 48.075331, 549.0],
          [11.653144, 48.075303, 549.0],
          [11.653194, 48.075268, 549.0],
          [11.653252, 48.075224, 549.0],
          [11.653293, 48.075179, 549.0],
          [11.653173, 48.075133, 549.0],
          [11.653071, 48.075095, 549.0],
          [11.653145, 48.075021, 549.0],
          [11.653184, 48.074970, 549.0],
          [11.653276, 48.074788, 549.0],
          [11.653393, 48.074556, 549.5],
          [11.653448, 48.074460, 549.75],
          [11.653597, 48.074174, 549.75],
          [11.653641, 48.074118, 550.0],
          [11.653678, 48.074069, 550.0],
          [11.653741, 48.074006, 550.0],
          [11.653769, 48.073971, 550.0],
          [11.653859, 48.073856, 550.0],
          [11.653934, 48.073765, 550.0],
          [11.654039, 48.073639, 550.0],
          [11.654181, 48.073457, 550.0],
          [11.654681, 48.072856, 550.75],
          [11.654716, 48.072814, 550.75],
          [11.654742, 48.072782, 550.75],
          [11.655129, 48.072307, 551.0],
          [11.655700, 48.071604, 551.5],
          [11.655775, 48.071512, 551.5],
          [11.655857, 48.071410, 551.75],
          [11.655929, 48.071307, 552.0],
          [11.655988, 48.071213, 552.25],
          [11.656084, 48.071046, 552.25],
          [11.656126, 48.070992, 552.25],
          [11.656214, 48.070879, 552.5],
          [11.656250, 48.070817, 552.5],
          [11.656537, 48.070430, 552.25],
          [11.656785, 48.070093, 552.75],
          [11.656880, 48.070040, 552.75],
          [11.657016, 48.069881, 553.0],
          [11.657274, 48.069577, 553.0],
          [11.657307, 48.069538, 553.0],
          [11.657335, 48.069505, 553.0],
          [11.657596, 48.069196, 553.0],
          [11.657919, 48.068808, 553.25],
          [11.657948, 48.068774, 553.25],
          [11.657979, 48.068738, 553.5],
          [11.658050, 48.068657, 553.75],
          [11.658242, 48.068438, 553.5],
          [11.658350, 48.068314, 554.0],
          [11.658547, 48.068090, 554.0],
          [11.658577, 48.068041, 554.0],
          [11.658598, 48.068001, 554.0],
          [11.658683, 48.067900, 554.25],
          [11.659004, 48.067484, 554.0],
          [11.659054, 48.067416, 554.0],
          [11.659100, 48.067353, 554.25],
          [11.659162, 48.067270, 554.75],
          [11.659215, 48.067202, 554.75],
          [11.659374, 48.066997, 554.75],
          [11.659487, 48.066850, 554.5],
          [11.659520, 48.066807, 554.5],
          [11.659558, 48.066756, 554.5],
          [11.660234, 48.065879, 555.0],
          [11.660328, 48.065756, 555.0],
          [11.660521, 48.065492, 555.0],
          [11.660608, 48.065368, 555.0],
          [11.660632, 48.065331, 555.0],
          [11.660657, 48.065276, 555.0],
          [11.660650, 48.065254, 555.0],
          [11.660614, 48.065221, 555.0],
          [11.660632, 48.065196, 555.0],
          [11.660679, 48.065131, 555.0],
          [11.660732, 48.065057, 555.0],
          [11.660749, 48.065032, 555.0],
          [11.660799, 48.065032, 555.0],
          [11.660833, 48.065024, 555.0],
          [11.660860, 48.065005, 555.0],
          [11.661039, 48.064759, 555.0],
          [11.661069, 48.064718, 555.0],
          [11.661087, 48.064695, 555.0],
          [11.661125, 48.064646, 555.0],
          [11.661254, 48.064481, 555.25],
          [11.661312, 48.064406, 555.75],
          [11.661387, 48.064307, 555.75],
          [11.661557, 48.064085, 556.0],
          [11.661612, 48.064011, 556.0],
          [11.661681, 48.063922, 556.0],
          [11.661717, 48.063874, 556.0],
          [11.661774, 48.063799, 556.0],
          [11.661897, 48.063681, 556.0],
          [11.661981, 48.063554, 556.0],
          [11.662019, 48.063466, 556.0],
          [11.662059, 48.063423, 556.0],
          [11.662087, 48.063391, 556.0],
          [11.662313, 48.063094, 555.75],
          [11.662334, 48.063066, 555.75],
          [11.662366, 48.063025, 556.0],
          [11.662382, 48.062986, 556.0],
          [11.662560, 48.062744, 557.0],
          [11.662575, 48.062723, 557.0],
          [11.662767, 48.062463, 557.0],
          [11.662851, 48.062350, 557.0],
          [11.662939, 48.062230, 557.0],
          [11.662961, 48.062200, 557.0],
          [11.663067, 48.062057, 557.0],
          [11.663180, 48.061903, 557.0],
          [11.663186, 48.061895, 557.0],
          [11.663283, 48.061763, 557.5],
          [11.663303, 48.061737, 557.5],
          [11.663341, 48.061684, 557.75],
          [11.663474, 48.061504, 557.75],
          [11.663579, 48.061362, 557.75],
          [11.663588, 48.061324, 557.75],
          [11.663614, 48.061286, 558.0],
          [11.663649, 48.061237, 558.0],
          [11.663720, 48.061135, 558.0],
          [11.663835, 48.060977, 558.0],
          [11.664108, 48.060588, 558.0],
          [11.664169, 48.060563, 558.0],
          [11.664197, 48.060528, 558.0],
          [11.664243, 48.060412, 558.0],
          [11.664412, 48.060162, 558.25],
          [11.664589, 48.059913, 559.0],
          [11.664673, 48.059795, 559.0],
          [11.664720, 48.059734, 559.0],
          [11.664812, 48.059644, 559.0],
          [11.664843, 48.059569, 559.0],
          [11.664930, 48.059456, 559.0],
          [11.664988, 48.059378, 559.0],
          [11.665069, 48.059282, 559.0],
          [11.665106, 48.059232, 559.0],
          [11.665293, 48.058946, 559.75],
          [11.665321, 48.058906, 559.75],
          [11.665363, 48.058842, 559.5],
          [11.665452, 48.058712, 559.75],
          [11.665572, 48.058539, 560.0],
          [11.665617, 48.058501, 560.0],
          [11.665671, 48.058459, 560.0],
          [11.665774, 48.058327, 560.0],
          [11.665972, 48.058039, 560.0],
          [11.666174, 48.057750, 560.0],
          [11.666359, 48.057458, 560.0],
          [11.666446, 48.057336, 560.0],
          [11.666602, 48.057144, 560.0],
          [11.666723, 48.056972, 560.75],
          [11.666750, 48.056931, 561.0],
          [11.666824, 48.056824, 561.0],
          [11.667043, 48.056506, 561.0],
          [11.667084, 48.056450, 561.0],
          [11.667106, 48.056389, 561.0],
          [11.667128, 48.056350, 561.0],
          [11.667159, 48.056310, 561.0],
          [11.667222, 48.056270, 561.0],
          [11.667308, 48.056140, 561.0],
          [11.667462, 48.055904, 561.0],
          [11.667546, 48.055777, 561.0],
          [11.667590, 48.055709, 561.0],
          [11.667674, 48.055581, 561.5],
          [11.667916, 48.055218, 562.0],
          [11.668008, 48.055078, 562.0],
          [11.668138, 48.054882, 562.0],
          [11.668175, 48.054808, 562.0],
          [11.668168, 48.054780, 562.0],
          [11.668176, 48.054746, 562.0],
          [11.668242, 48.054646, 562.0],
          [11.668296, 48.054569, 562.0],
          [11.668389, 48.054503, 561.75],
          [11.668670, 48.054080, 562.75],
          [11.668874, 48.053755, 562.75],
          [11.668991, 48.053559, 562.75],
          [11.669094, 48.053386, 562.75],
          [11.669202, 48.053206, 563.25],
          [11.669245, 48.053134, 563.5],
          [11.669314, 48.053021, 563.25],
          [11.669420, 48.052841, 563.5],
          [11.669532, 48.052657, 564.0],
          [11.669655, 48.052440, 563.75],
          [11.669827, 48.052155, 564.0],
          [11.669842, 48.052131, 564.0],
          [11.669862, 48.052098, 564.0],
          [11.670193, 48.051545, 564.25],
          [11.670349, 48.051278, 564.75],
          [11.670366, 48.051214, 564.75],
          [11.670305, 48.051134, 564.75],
          [11.670292, 48.051093, 564.75],
          [11.670304, 48.051040, 564.75],
          [11.670332, 48.050990, 564.5],
          [11.670378, 48.050946, 564.5],
          [11.670443, 48.050915, 564.5],
          [11.670551, 48.050889, 564.75],
          [11.670589, 48.050838, 564.75],
          [11.670933, 48.050253, 565.0],
          [11.670959, 48.050209, 565.0],
          [11.670992, 48.050145, 565.0],
          [11.671460, 48.049243, 565.25],
          [11.671762, 48.048630, 565.25],
          [11.671953, 48.048277, 566.0],
          [11.672411, 48.047270, 566.5],
          [11.672624, 48.046784, 566.5],
          [11.672747, 48.046440, 566.75],
          [11.672889, 48.046143, 566.75],
          [11.673016, 48.045843, 567.5],
          [11.673024, 48.045757, 567.75],
          [11.672996, 48.045683, 567.5],
          [11.672878, 48.045541, 567.25],
          [11.672922, 48.045529, 567.5],
          [11.672961, 48.045518, 567.5],
          [11.673003, 48.045512, 567.75],
          [11.673119, 48.045521, 568.0],
          [11.673131, 48.045491, 568.0],
          [11.673154, 48.045438, 568.0],
          [11.673190, 48.045356, 568.0],
          [11.673202, 48.045328, 568.0],
          [11.673209, 48.045310, 567.75],
          [11.673204, 48.045291, 568.0],
          [11.673197, 48.045266, 567.75],
          [11.673183, 48.045237, 567.75],
          [11.673186, 48.045194, 567.75],
          [11.673298, 48.045134, 567.75],
          [11.673365, 48.045074, 568.0],
          [11.673946, 48.044323, 568.5],
          [11.674254, 48.043988, 568.5],
          [11.674412, 48.043804, 568.5],
          [11.674416, 48.043723, 568.25],
          [11.674496, 48.043709, 568.25],
          [11.674579, 48.043677, 568.5],
          [11.674676, 48.043608, 568.75],
          [11.676038, 48.042490, 569.5],
          [11.676369, 48.042203, 569.75],
          [11.676422, 48.042159, 569.75],
          [11.676654, 48.041967, 569.75],
          [11.676832, 48.041820, 569.0],
          [11.677122, 48.041580, 569.25],
          [11.677174, 48.041534, 569.25],
          [11.677734, 48.041088, 570.75],
          [11.677827, 48.041014, 570.0],
          [11.677954, 48.041015, 568.75],
          [11.678091, 48.040956, 568.5],
          [11.678866, 48.040369, 567.75],
          [11.679272, 48.040091, 567.5],
          [11.679763, 48.039796, 566.25],
          [11.680218, 48.039438, 566.0],
          [11.680376, 48.039257, 567.75],
          [11.680700, 48.038968, 568.25],
          [11.681025, 48.038692, 569.0],
          [11.681779, 48.038105, 570.75],
          [11.682498, 48.037504, 572.75],
          [11.682516, 48.037356, 572.75],
          [11.682890, 48.037072, 573.0],
          [11.683579, 48.036550, 574.0],
          [11.684668, 48.035778, 575.75],
          [11.684918, 48.035613, 574.5],
          [11.685068, 48.035514, 575.0],
          [11.685257, 48.035392, 575.25],
          [11.685715, 48.035052, 575.75],
          [11.686059, 48.034797, 575.5],
          [11.686257, 48.034643, 576.0],
          [11.686395, 48.034525, 576.25],
          [11.686467, 48.034458, 576.0],
          [11.686557, 48.034372, 575.5],
          [11.686620, 48.034335, 575.5],
          [11.686704, 48.034285, 575.5],
          [11.686720, 48.034275, 575.5],
          [11.687005, 48.034130, 576.0],
          [11.687432, 48.033825, 576.5],
          [11.688307, 48.033199, 576.75],
          [11.688469, 48.033084, 576.5],
          [11.688563, 48.033025, 576.5],
          [11.688795, 48.032878, 576.75],
          [11.688881, 48.032824, 576.75],
          [11.689410, 48.032440, 577.0],
          [11.689696, 48.032222, 577.75],
          [11.689853, 48.032102, 577.5],
          [11.690089, 48.031911, 577.75],
          [11.690155, 48.031857, 577.5],
          [11.691051, 48.031109, 577.75],
          [11.691144, 48.031057, 577.75],
          [11.691654, 48.030670, 578.0],
          [11.692435, 48.030063, 578.5],
          [11.692976, 48.029658, 578.5],
          [11.694038, 48.028823, 579.25],
          [11.694426, 48.028461, 579.25],
          [11.694791, 48.028089, 579.25],
          [11.695054, 48.027793, 579.25],
          [11.695319, 48.027390, 579.75],
          [11.695483, 48.026926, 578.25],
          [11.695846, 48.026996, 580.0],
          [11.696063, 48.027068, 580.5],
          [11.696161, 48.027080, 580.25],
          [11.696268, 48.027067, 580.0],
          [11.696366, 48.027010, 580.0],
          [11.697233, 48.026280, 580.5],
          [11.697344, 48.026192, 580.25],
          [11.697476, 48.026122, 580.0],
          [11.698192, 48.025599, 580.5],
          [11.699234, 48.024801, 581.0],
          [11.700740, 48.023584, 581.5],
          [11.701868, 48.022644, 582.25],
          [11.702446, 48.022144, 582.75],
          [11.702705, 48.021929, 583.0],
          [11.702924, 48.021783, 583.0],
          [11.703133, 48.021682, 583.25],
          [11.703410, 48.021577, 583.25],
          [11.703625, 48.021473, 583.0],
          [11.704025, 48.021331, 583.75],
          [11.704786, 48.021098, 584.0],
          [11.705229, 48.020985, 584.0],
          [11.705943, 48.020823, 584.0],
          [11.706067, 48.020818, 584.0],
          [11.706161, 48.020862, 584.0],
          [11.706993, 48.020706, 584.0],
          [11.707194, 48.020670, 584.0],
          [11.707202, 48.020669, 584.0],
          [11.707226, 48.020663, 584.0],
          [11.707546, 48.020583, 584.0],
          [11.707848, 48.020495, 584.5],
          [11.708076, 48.020410, 584.0],
          [11.708482, 48.020253, 585.0],
          [11.708578, 48.020210, 585.0],
          [11.708789, 48.020129, 584.5],
          [11.709278, 48.019928, 584.75],
          [11.709396, 48.019881, 584.75],
          [11.709594, 48.019800, 585.0],
          [11.709893, 48.019689, 584.75],
          [11.710027, 48.019639, 584.75],
          [11.710264, 48.019556, 584.5],
          [11.710431, 48.019504, 584.75],
          [11.710691, 48.019445, 585.0],
          [11.710740, 48.019433, 585.0],
          [11.710776, 48.019427, 585.0],
          [11.710857, 48.019412, 585.0],
          [11.710867, 48.019410, 585.0],
          [11.711024, 48.019391, 585.0],
          [11.711197, 48.019379, 585.0],
          [11.711422, 48.019366, 585.0],
          [11.711569, 48.019354, 585.0],
          [11.711654, 48.019345, 585.0],
          [11.711711, 48.019334, 585.0],
          [11.711746, 48.019328, 585.0],
          [11.711745, 48.019296, 585.0],
          [11.711758, 48.019278, 585.0],
          [11.711779, 48.019265, 585.0],
          [11.711806, 48.019257, 585.0],
          [11.711864, 48.019261, 585.0],
          [11.711881, 48.019241, 585.0],
          [11.711963, 48.019146, 585.0],
          [11.712030, 48.018997, 585.0],
          [11.712070, 48.018822, 585.0],
          [11.712085, 48.018757, 585.0],
          [11.712126, 48.018579, 585.5],
          [11.712138, 48.018528, 585.75],
          [11.712149, 48.018473, 585.75],
          [11.712194, 48.018256, 586.0],
          [11.712216, 48.018151, 586.0],
          [11.712289, 48.017783, 586.0],
          [11.712322, 48.017616, 586.0],
          [11.712327, 48.017591, 586.0],
          [11.712457, 48.017125, 586.0],
          [11.712530, 48.016937, 586.0],
          [11.712564, 48.016878, 586.0],
          [11.712653, 48.016727, 586.25],
          [11.712660, 48.016715, 586.25],
          [11.712778, 48.016537, 587.0],
          [11.712828, 48.016453, 587.0],
          [11.712905, 48.016315, 587.0],
          [11.712965, 48.016181, 587.0],
          [11.713060, 48.015946, 587.0],
          [11.713242, 48.015461, 587.75],
          [11.713426, 48.014947, 588.0],
          [11.713439, 48.014912, 588.0],
          [11.713517, 48.014744, 588.0],
          [11.713589, 48.014600, 588.0],
          [11.713667, 48.014478, 588.0],
          [11.713743, 48.014393, 588.0],
          [11.713818, 48.014315, 588.25],
          [11.713907, 48.014252, 588.5],
          [11.713980, 48.014201, 588.5],
          [11.714130, 48.014118, 588.25],
          [11.714251, 48.014064, 588.5],
          [11.714489, 48.013963, 589.0],
          [11.714678, 48.013883, 588.75],
          [11.715155, 48.013659, 589.0],
          [11.715344, 48.013572, 589.0],
          [11.715667, 48.013400, 589.25],
          [11.715746, 48.013360, 589.5],
          [11.716010, 48.013212, 589.25],
          [11.716144, 48.013133, 589.5],
          [11.716870, 48.012718, 590.0],
          [11.717033, 48.012724, 590.0],
          [11.717420, 48.012506, 590.0],
          [11.717783, 48.012298, 590.5],
          [11.718074, 48.012129, 590.5],
          [11.719322, 48.011430, 590.75],
          [11.719926, 48.011069, 591.0],
          [11.720525, 48.010684, 591.0],
          [11.720821, 48.010468, 591.75],
          [11.721096, 48.010238, 591.75],
          [11.721517, 48.009856, 591.25],
          [11.722380, 48.008955, 592.0],
          [11.722688, 48.008577, 592.25],
          [11.723014, 48.008166, 592.5],
          [11.724189, 48.006529, 593.25],
          [11.724925, 48.005539, 594.0],
          [11.725399, 48.004984, 594.5],
          [11.725433, 48.004945, 594.25],
          [11.725467, 48.004911, 594.25],
          [11.727429, 48.002979, 595.25],
          [11.728425, 48.001964, 595.75],
          [11.729242, 48.001156, 596.5],
          [11.729362, 48.001055, 596.25],
          [11.729507, 48.000969, 596.25],
          [11.729654, 48.000887, 596.0],
          [11.730130, 48.000589, 596.0],
          [11.730704, 48.000276, 596.0],
          [11.731790, 47.999689, 596.25],
          [11.732370, 47.999368, 596.25],
          [11.732452, 47.999302, 595.5],
          [11.732500, 47.999248, 594.75],
          [11.732501, 47.999204, 594.25],
          [11.732476, 47.999158, 594.0],
          [11.732136, 47.998861, 595.25],
          [11.732075, 47.998776, 595.75],
          [11.732091, 47.998699, 596.0],
          [11.732384, 47.998218, 597.5],
          [11.733534, 47.996318, 598.25],
          [11.733585, 47.996158, 598.75],
          [11.733543, 47.996089, 598.75],
          [11.733813, 47.995674, 599.0],
          [11.733939, 47.995408, 598.75],
          [11.734053, 47.995105, 599.0],
          [11.734115, 47.995117, 599.0],
          [11.734264, 47.995147, 599.0],
          [11.735397, 47.995371, 599.75],
          [11.735563, 47.995073, 599.75],
          [11.735727, 47.994774, 599.5],
          [11.735947, 47.994372, 600.25],
          [11.736451, 47.993612, 600.0],
          [11.736727, 47.993297, 600.75],
          [11.736877, 47.993147, 600.75],
          [11.736944, 47.993038, 600.75],
          [11.736902, 47.992912, 600.75],
          [11.736833, 47.992787, 600.75],
          [11.737139, 47.992802, 601.0],
          [11.737353, 47.992811, 600.75],
          [11.737529, 47.992819, 600.75],
          [11.737548, 47.992776, 601.0],
          [11.737819, 47.992283, 601.0],
          [11.737902, 47.992196, 601.0],
          [11.738024, 47.992107, 601.0],
          [11.738170, 47.992018, 600.75],
          [11.738281, 47.991935, 601.0],
          [11.738414, 47.991820, 600.75],
          [11.738574, 47.991668, 600.75],
          [11.738683, 47.991543, 601.0],
          [11.738938, 47.991274, 601.0],
          [11.739018, 47.991224, 601.0],
          [11.739173, 47.991159, 601.0],
          [11.739287, 47.991135, 601.0],
          [11.739400, 47.991124, 601.0],
          [11.739548, 47.991117, 601.0],
          [11.740239, 47.991094, 601.0],
          [11.740508, 47.991072, 601.0],
          [11.740733, 47.991026, 601.0],
          [11.741229, 47.990848, 601.0],
          [11.741691, 47.990673, 601.0],
          [11.742358, 47.990466, 601.25],
          [11.743987, 47.990092, 601.0],
          [11.744159, 47.990058, 601.0],
          [11.744411, 47.990021, 601.0],
          [11.744634, 47.989960, 601.0],
          [11.745175, 47.989770, 601.0],
          [11.745749, 47.989582, 601.0],
          [11.746843, 47.989123, 601.5],
          [11.747499, 47.988753, 601.0],
          [11.748304, 47.988398, 601.0],
          [11.749107, 47.988054, 600.0],
          [11.749575, 47.987892, 600.25],
          [11.749967, 47.987690, 601.0],
          [11.750699, 47.987251, 601.0],
          [11.751376, 47.987003, 600.0],
          [11.751886, 47.986806, 600.0],
          [11.752459, 47.986646, 600.0],
          [11.752550, 47.986550, 600.0],
          [11.753357, 47.986178, 599.0],
          [11.754011, 47.985931, 598.25],
          [11.754677, 47.985640, 599.0],
          [11.755316, 47.985317, 599.0],
          [11.755780, 47.985003, 599.0],
          [11.756156, 47.984733, 599.0],
          [11.756698, 47.984366, 599.0],
          [11.757122, 47.984035, 599.25],
          [11.757555, 47.983734, 599.75],
          [11.757831, 47.983604, 600.0],
          [11.758249, 47.983357, 600.0],
          [11.758666, 47.983086, 599.5],
          [11.759200, 47.982670, 599.5],
          [11.759593, 47.982314, 600.0],
          [11.760011, 47.982000, 600.0],
          [11.760158, 47.981853, 600.25],
          [11.760364, 47.981674, 600.5],
          [11.760949, 47.981330, 600.5],
          [11.763002, 47.979920, 601.0],
          [11.763738, 47.979400, 602.0],
          [11.764484, 47.978887, 602.0],
          [11.764889, 47.978575, 602.5],
          [11.766206, 47.977498, 603.25],
          [11.766543, 47.977198, 603.5],
          [11.766736, 47.977000, 603.0],
          [11.767091, 47.976594, 599.5],
          [11.767133, 47.976467, 599.0],
          [11.767231, 47.975698, 599.0],
          [11.767259, 47.975345, 599.5],
          [11.767339, 47.974516, 600.0],
          [11.767489, 47.972738, 600.0],
          [11.767510, 47.972232, 600.75],
          [11.767511, 47.972216, 601.0],
          [11.767814, 47.972240, 600.75],
          [11.767832, 47.972161, 600.75],
          [11.767850, 47.972076, 600.75],
          [11.767008, 47.972009, 600.75],
          [11.766654, 47.971991, 601.0],
          [11.765782, 47.971929, 602.0],
          [11.765812, 47.971898, 602.0],
          [11.765874, 47.971848, 602.0],
          [11.766437, 47.971386, 601.75],
          [11.766610, 47.971265, 601.5],
          [11.766709, 47.971212, 601.5],
          [11.766815, 47.971154, 601.75],
          [11.766955, 47.971129, 601.75],
          [11.767008, 47.971127, 601.75],
          [11.767202, 47.971129, 601.75],
          [11.767330, 47.971127, 601.75],
          [11.767408, 47.971117, 601.75],
          [11.767531, 47.971080, 601.75],
          [11.767596, 47.971034, 601.5],
          [11.767666, 47.970946, 601.25],
          [11.767756, 47.970775, 601.25],
          [11.767794, 47.970701, 601.25],
          [11.767885, 47.970561, 601.5],
          [11.768009, 47.970440, 601.5],
          [11.768228, 47.970247, 602.0],
          [11.768363, 47.970129, 601.75],
          [11.768650, 47.969908, 601.75],
          [11.768790, 47.969803, 601.75],
          [11.768936, 47.969693, 601.75],
          [11.769088, 47.969579, 601.5],
          [11.769150, 47.969539, 601.5],
          [11.769287, 47.969451, 601.75],
          [11.769623, 47.969199, 602.25],
          [11.769755, 47.969063, 602.25],
          [11.769906, 47.968924, 602.25],
          [11.770023, 47.968890, 602.0],
          [11.770085, 47.968807, 602.0],
          [11.770355, 47.968604, 602.0],
          [11.770426, 47.968549, 602.0],
          [11.771105, 47.968021, 602.0],
          [11.771436, 47.967768, 602.75],
          [11.771671, 47.967766, 602.75],
          [11.772138, 47.967793, 602.75],
          [11.772986, 47.967868, 603.5],
          [11.773989, 47.968004, 604.75],
          [11.774823, 47.968084, 605.25],
          [11.776112, 47.968202, 608.0],
          [11.776176, 47.968208, 608.0],
          [11.776965, 47.968259, 610.0],
          [11.777050, 47.968265, 610.0],
          [11.777066, 47.968136, 610.0],
          [11.777149, 47.967466, 610.0],
          [11.777193, 47.967197, 610.75],
          [11.777236, 47.966917, 610.75],
          [11.777330, 47.966874, 610.5],
          [11.777519, 47.965537, 611.75],
          [11.777600, 47.965029, 611.75],
          [11.777665, 47.964527, 612.0],
          [11.777698, 47.964194, 611.75],
          [11.777682, 47.963938, 611.75],
          [11.777657, 47.963760, 612.0],
          [11.777610, 47.963549, 611.75],
          [11.777546, 47.963342, 611.75],
          [11.777451, 47.963123, 611.75],
          [11.777336, 47.962911, 611.5],
          [11.777181, 47.962670, 611.5],
          [11.776996, 47.962342, 611.0],
          [11.776978, 47.962222, 610.75],
          [11.777003, 47.961988, 610.25],
          [11.777098, 47.961762, 610.25],
          [11.777332, 47.961607, 610.75],
          [11.777424, 47.961566, 610.5],
          [11.777698, 47.961453, 610.75],
          [11.777961, 47.961372, 611.0],
          [11.778061, 47.961314, 611.0],
          [11.778291, 47.961282, 611.0],
          [11.778509, 47.961267, 611.5],
          [11.778545, 47.961265, 611.75],
          [11.778578, 47.961263, 611.75],
          [11.778615, 47.961261, 612.0],
          [11.778727, 47.961254, 612.0],
          [11.779408, 47.961214, 612.75],
          [11.779563, 47.961205, 613.0],
          [11.779857, 47.961194, 613.25],
          [11.780170, 47.961193, 614.0],
          [11.780241, 47.961199, 614.0],
          [11.780426, 47.961216, 614.5],
          [11.780726, 47.961247, 615.25],
          [11.780872, 47.961259, 615.75],
          [11.781146, 47.961263, 617.5],
          [11.781256, 47.961251, 617.75],
          [11.781397, 47.961232, 617.75],
          [11.781554, 47.961194, 617.5],
          [11.781948, 47.961075, 617.75],
          [11.782123, 47.961016, 619.0],
          [11.782338, 47.960944, 619.25],
          [11.782490, 47.960869, 619.0],
          [11.782610, 47.960786, 619.75],
          [11.782699, 47.960702, 620.5],
          [11.782764, 47.960639, 620.75],
          [11.782835, 47.960571, 620.75],
          [11.782986, 47.960395, 621.5],
          [11.783074, 47.960286, 621.75],
          [11.783194, 47.960111, 622.5],
          [11.783273, 47.959976, 623.0],
          [11.783337, 47.959843, 622.75],
          [11.783386, 47.959741, 622.75],
          [11.783460, 47.959587, 623.25],
          [11.783524, 47.959582, 622.75],
          [11.783651, 47.959319, 622.75],
          [11.784345, 47.957059, 626.25],
          [11.784591, 47.956213, 628.0],
          [11.785228, 47.953784, 630.25],
          [11.785302, 47.953600, 630.75],
          [11.785364, 47.953480, 630.75],
          [11.785409, 47.953394, 630.75],
          [11.785540, 47.953183, 631.0],
          [11.785750, 47.952895, 631.75],
          [11.786176, 47.952531, 633.0],
          [11.786405, 47.952347, 634.0],
          [11.786969, 47.951993, 635.75],
          [11.787007, 47.951952, 636.0],
          [11.787255, 47.951836, 637.0],
          [11.787876, 47.951583, 638.5],
          [11.788154, 47.951460, 639.0],
          [11.788343, 47.951377, 639.0],
          [11.788465, 47.951304, 639.25],
          [11.788569, 47.951242, 639.5],
          [11.788883, 47.951028, 639.25],
          [11.789179, 47.950794, 639.75],
          [11.789460, 47.950459, 641.25],
          [11.789756, 47.950131, 642.0],
          [11.789985, 47.949815, 643.5],
          [11.790021, 47.949806, 643.5],
          [11.790073, 47.949808, 643.0],
          [11.790389, 47.949878, 641.5],
          [11.790477, 47.949648, 641.5],
          [11.790570, 47.949478, 641.75],
          [11.790663, 47.949370, 641.75],
          [11.790823, 47.949244, 641.75],
          [11.790922, 47.949186, 641.5],
          [11.791163, 47.949067, 641.25],
          [11.791387, 47.948968, 641.0],
          [11.791918, 47.948805, 641.0],
          [11.792057, 47.948747, 641.0],
          [11.792151, 47.948694, 641.0],
          [11.792235, 47.948637, 641.0],
          [11.792311, 47.948560, 641.0],
          [11.792367, 47.948483, 641.0],
          [11.792436, 47.948349, 641.5],
          [11.792569, 47.947947, 641.0],
          [11.792590, 47.947809, 641.0],
          [11.792558, 47.947466, 641.0],
          [11.793215, 47.947270, 641.75],
          [11.793597, 47.947153, 642.0],
          [11.793732, 47.947123, 642.25],
          [11.793794, 47.947139, 642.25],
          [11.793822, 47.947104, 642.25],
          [11.793867, 47.947048, 642.5],
          [11.794302, 47.946904, 642.75],
          [11.794505, 47.946825, 642.5],
          [11.795084, 47.946551, 644.0],
          [11.795386, 47.946409, 644.25],
          [11.795654, 47.946266, 645.0],
          [11.795864, 47.946126, 645.0],
          [11.796193, 47.945863, 645.75],
          [11.796292, 47.945787, 646.0],
          [11.796640, 47.945574, 646.0],
          [11.796696, 47.945546, 646.0],
          [11.796854, 47.945465, 646.75],
          [11.796990, 47.945396, 647.0],
          [11.797071, 47.945353, 647.0],
          [11.797505, 47.945121, 647.0],
          [11.798186, 47.944722, 648.0],
          [11.798636, 47.944545, 648.5],
          [11.799479, 47.944284, 650.0],
          [11.799979, 47.944100, 650.5],
          [11.800417, 47.943921, 650.5],
          [11.801186, 47.943548, 651.25],
          [11.801541, 47.943436, 650.0],
          [11.802361, 47.943245, 650.75],
          [11.802710, 47.943189, 650.5],
          [11.802831, 47.943182, 650.25],
          [11.802999, 47.943225, 650.5],
          [11.803175, 47.943257, 650.0],
          [11.803552, 47.943294, 648.75],
          [11.803653, 47.943289, 648.5],
          [11.803701, 47.943246, 648.25],
          [11.803750, 47.943108, 647.75],
          [11.803761, 47.943078, 647.5],
          [11.803848, 47.942811, 647.0],
          [11.803880, 47.942710, 647.0],
          [11.803903, 47.942638, 647.0],
          [11.803889, 47.942594, 647.0],
          [11.804113, 47.942563, 647.25],
          [11.804887, 47.942448, 646.0],
          [11.804982, 47.942433, 646.0],
          [11.805228, 47.942399, 647.0],
          [11.805332, 47.942384, 647.0],
          [11.805321, 47.942344, 646.75],
          [11.805439, 47.942208, 645.25],
          [11.805533, 47.942134, 644.75],
          [11.805612, 47.941966, 644.0],
          [11.805634, 47.941870, 644.0],
          [11.805637, 47.941453, 644.5],
          [11.805657, 47.941229, 645.0],
          [11.805691, 47.941086, 645.5],
          [11.805796, 47.940829, 647.0],
          [11.805847, 47.940736, 648.25],
          [11.805907, 47.940649, 649.25],
          [11.806043, 47.940488, 650.75],
          [11.806118, 47.940380, 651.75],
          [11.806172, 47.940282, 652.5],
          [11.806314, 47.939888, 653.75],
          [11.806419, 47.939660, 653.75],
          [11.806586, 47.939348, 652.75],
          [11.806756, 47.939082, 651.25],
          [11.806894, 47.938840, 651.0],
          [11.807037, 47.938560, 650.5],
          [11.807255, 47.938224, 650.75],
          [11.807563, 47.937653, 648.25],
          [11.807738, 47.937150, 645.75],
          [11.807875, 47.936603, 644.25],
          [11.807881, 47.936278, 643.0],
          [11.807908, 47.935982, 642.0],
          [11.807940, 47.935846, 641.5],
          [11.808048, 47.935661, 642.0],
          [11.808386, 47.935321, 641.5],
          [11.808682, 47.935081, 641.5],
          [11.808784, 47.934926, 641.25],
          [11.808829, 47.934803, 641.0],
          [11.808893, 47.934676, 640.75],
          [11.809021, 47.934492, 640.5],
          [11.809194, 47.934297, 639.75],
          [11.809438, 47.934100, 638.0],
          [11.809621, 47.933895, 637.25],
          [11.809860, 47.933702, 634.75],
          [11.810006, 47.933567, 633.75],
          [11.810067, 47.933486, 633.25],
          [11.810130, 47.933372, 632.5],
          [11.810169, 47.933268, 632.5],
          [11.810259, 47.932918, 633.25],
          [11.810464, 47.931993, 636.75],
          [11.810528, 47.931835, 637.75],
          [11.810751, 47.931483, 641.0],
          [11.811027, 47.931084, 644.75],
          [11.811141, 47.930939, 646.75],
          [11.811165, 47.930893, 647.5],
          [11.811175, 47.930845, 648.0],
          [11.811428, 47.930799, 649.25],
          [11.811441, 47.930747, 649.5],
          [11.811696, 47.930347, 651.25],
          [11.811830, 47.930066, 650.0],
          [11.811822, 47.929792, 648.0],
          [11.811808, 47.929623, 646.5],
          [11.811751, 47.929209, 643.25],
          [11.811754, 47.928904, 642.25],
          [11.811780, 47.928759, 641.25],
          [11.811802, 47.928689, 641.0],
          [11.811843, 47.928597, 640.5],
          [11.811895, 47.928510, 640.5],
          [11.811958, 47.928412, 640.0],
          [11.812030, 47.928331, 639.5],
          [11.812306, 47.927957, 638.75],
          [11.812412, 47.927846, 638.25],
          [11.812569, 47.927729, 638.0],
          [11.812713, 47.927605, 638.0],
          [11.812924, 47.927364, 637.0],
          [11.813306, 47.926828, 637.0],
          [11.813568, 47.926396, 636.75],
          [11.813705, 47.926143, 636.5],
          [11.813739, 47.926054, 636.25],
          [11.813760, 47.925934, 636.0],
          [11.813771, 47.925699, 635.5],
          [11.813791, 47.925559, 635.25],
          [11.813949, 47.925016, 635.75],
          [11.814003, 47.924843, 635.5],
          [11.814027, 47.924725, 635.5],
          [11.814034, 47.924662, 635.25],
          [11.814009, 47.924518, 635.5],
          [11.813913, 47.924314, 635.25],
          [11.813853, 47.924134, 635.0],
          [11.813692, 47.923754, 634.0],
          [11.813646, 47.923556, 633.75],
          [11.813615, 47.923331, 633.75],
          [11.813730, 47.923271, 633.0],
          [11.813791, 47.923203, 632.5],
          [11.813803, 47.923120, 632.5],
          [11.813728, 47.922767, 632.5],
          [11.813698, 47.922681, 633.5],
          [11.813582, 47.922403, 634.5],
          [11.813500, 47.922213, 632.75],
          [11.813489, 47.922069, 633.75],
          [11.813393, 47.921786, 634.5],
          [11.813304, 47.921747, 634.5],
          [11.813318, 47.921642, 634.75],
          [11.813324, 47.921595, 634.75],
          [11.813320, 47.921173, 636.5],
          [11.813334, 47.920971, 639.0],
          [11.813390, 47.920834, 641.5],
          [11.813447, 47.920748, 642.75],
          [11.813478, 47.920702, 643.25],
          [11.813651, 47.920501, 644.75],
          [11.813969, 47.920153, 646.25],
          [11.813900, 47.920116, 646.5],
          [11.813407, 47.919846, 645.75],
          [11.813198, 47.919733, 645.0],
          [11.812813, 47.919414, 643.0],
          [11.812670, 47.919284, 642.0],
          [11.812599, 47.919177, 641.5],
          [11.812573, 47.919055, 640.5],
          [11.812637, 47.918789, 639.25],
          [11.812738, 47.918533, 638.5],
          [11.812841, 47.918313, 638.0],
          [11.813005, 47.917938, 639.0],
          [11.813031, 47.917779, 639.75],
          [11.813003, 47.917655, 640.0],
          [11.812948, 47.917459, 639.75],
          [11.812930, 47.917393, 639.25],
          [11.812892, 47.917221, 638.25],
          [11.812841, 47.916684, 636.0],
          [11.812835, 47.916606, 635.5],
          [11.812801, 47.916358, 634.5],
          [11.812735, 47.916017, 632.75],
          [11.812773, 47.915929, 632.25],
          [11.812910, 47.915816, 631.25],
          [11.813054, 47.915709, 630.5],
          [11.813253, 47.915599, 630.5],
          [11.814015, 47.915317, 631.5],
          [11.814179, 47.915198, 632.0],
          [11.814265, 47.915095, 632.0],
          [11.814319, 47.914978, 632.5],
          [11.814330, 47.914766, 632.0],
          [11.814277, 47.914632, 631.0],
          [11.814167, 47.914474, 630.0],
          [11.814055, 47.914344, 629.0],
          [11.813936, 47.914221, 628.0],
          [11.813861, 47.914074, 627.25],
          [11.813881, 47.913941, 627.0],
          [11.813946, 47.913819, 626.5],
          [11.813971, 47.913800, 626.5],
          [11.814056, 47.913734, 626.25],
          [11.814179, 47.913687, 626.0],
          [11.814574, 47.913584, 624.5],
          [11.815095, 47.913479, 624.0],
          [11.815717, 47.913334, 620.75],
          [11.816563, 47.913079, 615.5],
          [11.817054, 47.912945, 612.5],
          [11.817334, 47.912869, 612.5],
          [11.817421, 47.912845, 612.75],
          [11.817543, 47.912812, 612.75],
          [11.817802, 47.912745, 611.75],
          [11.817948, 47.912675, 611.25],
          [11.818172, 47.912458, 610.75],
          [11.818233, 47.912404, 610.75],
          [11.818347, 47.912323, 610.5],
          [11.818539, 47.912235, 611.5],
          [11.818734, 47.912179, 611.75],
          [11.818929, 47.912139, 612.0],
          [11.819086, 47.912120, 612.0],
          [11.819190, 47.912134, 612.0],
          [11.819268, 47.912163, 612.0],
          [11.819363, 47.912194, 612.0],
          [11.819519, 47.912229, 611.5],
          [11.819764, 47.912269, 610.5],
          [11.820109, 47.912306, 608.5],
          [11.820296, 47.912326, 607.75],
          [11.820636, 47.912349, 606.75],
          [11.820998, 47.912348, 606.0],
          [11.821776, 47.912328, 605.5],
          [11.822273, 47.912332, 605.5],
          [11.822904, 47.912353, 606.25],
          [11.824055, 47.912421, 605.0],
          [11.824673, 47.912470, 605.0],
          [11.825032, 47.912485, 605.0],
          [11.825353, 47.912387, 604.5],
          [11.825477, 47.912355, 603.75],
          [11.825698, 47.912245, 603.0],
          [11.826048, 47.912000, 601.25],
          [11.826215, 47.911898, 600.5],
          [11.826726, 47.911647, 599.75],
          [11.826925, 47.911500, 599.75],
          [11.827073, 47.911350, 600.0],
          [11.827205, 47.911177, 600.0],
          [11.827514, 47.910669, 598.75],
          [11.827621, 47.910522, 598.75],
          [11.827685, 47.910456, 598.75],
          [11.827769, 47.910385, 598.25],
          [11.827835, 47.910342, 598.0],
          [11.827949, 47.910278, 598.0],
          [11.828093, 47.910222, 597.75],
          [11.828269, 47.910175, 597.0],
          [11.828429, 47.910117, 597.0],
          [11.829212, 47.909713, 597.75],
          [11.830038, 47.909343, 593.5],
          [11.830425, 47.909153, 591.0],
          [11.830994, 47.908857, 590.5],
          [11.831183, 47.908713, 590.0],
          [11.831302, 47.908609, 589.5],
          [11.831445, 47.908464, 587.75],
          [11.831511, 47.908389, 586.5],
          [11.831614, 47.908252, 584.5],
          [11.831761, 47.908083, 582.25],
          [11.831967, 47.907865, 579.5],
          [11.832091, 47.907592, 575.75],
          [11.831959, 47.907512, 574.0],
          [11.831831, 47.907380, 572.75],
          [11.831771, 47.907110, 569.75],
          [11.831788, 47.906955, 568.25],
          [11.831883, 47.906782, 565.0],
          [11.832011, 47.906632, 561.5],
          [11.832116, 47.906473, 560.0],
          [11.832257, 47.906284, 558.0],
          [11.832289, 47.906251, 557.75],
          [11.832387, 47.906152, 557.0],
          [11.832678, 47.905954, 556.0],
          [11.832743, 47.905912, 556.0],
          [11.833397, 47.905493, 555.0],
          [11.833490, 47.905434, 555.0],
          [11.834154, 47.905009, 554.0],
          [11.834494, 47.904787, 554.0],
          [11.834596, 47.904725, 554.0],
          [11.834682, 47.904664, 553.75],
          [11.837678, 47.902559, 551.75],
          [11.837802, 47.902472, 551.75],
          [11.838357, 47.902092, 551.25],
          [11.837405, 47.901234, 551.5],
          [11.836937, 47.900789, 552.0],
          [11.837296, 47.900649, 551.5],
          [11.838618, 47.900179, 551.0],
          [11.840408, 47.899509, 550.0],
          [11.845921, 47.897408, 546.5],
          [11.847265, 47.896891, 546.0],
          [11.848371, 47.896490, 545.0],
          [11.849117, 47.896243, 545.0],
          [11.849704, 47.896067, 545.0],
          [11.850713, 47.895796, 544.0],
          [11.851366, 47.895648, 543.0],
          [11.852086, 47.895504, 542.5],
          [11.852263, 47.895474, 542.5],
          [11.852404, 47.895449, 542.75],
          [11.852611, 47.895404, 543.0],
          [11.852914, 47.895304, 541.5],
          [11.853156, 47.895212, 538.5],
          [11.853174, 47.895193, 538.25],
          [11.853178, 47.895176, 538.0],
          [11.853165, 47.895108, 537.5],
          [11.853133, 47.895017, 536.75],
          [11.853222, 47.894974, 536.25],
          [11.853302, 47.894959, 536.0],
          [11.853363, 47.894952, 536.25],
          [11.853405, 47.894832, 536.25],
          [11.853527, 47.894365, 535.75],
          [11.853563, 47.894249, 535.25],
          [11.853666, 47.894022, 535.5],
          [11.853757, 47.893906, 535.25],
          [11.853844, 47.893811, 535.0],
          [11.853935, 47.893729, 534.75],
          [11.854091, 47.893619, 534.75],
          [11.854312, 47.893493, 534.5],
          [11.854698, 47.893340, 534.0],
          [11.854931, 47.893246, 533.5],
          [11.855162, 47.893101, 533.5],
          [11.855299, 47.892989, 533.75],
          [11.855386, 47.892900, 533.5],
          [11.855434, 47.892840, 533.5],
          [11.855546, 47.892659, 534.25],
          [11.857262, 47.892748, 532.0],
          [11.857963, 47.892792, 532.0],
          [11.858286, 47.892773, 532.0],
          [11.858725, 47.892662, 532.25],
          [11.859122, 47.892513, 532.0],
          [11.859371, 47.892346, 532.5],
          [11.859595, 47.892151, 531.75],
          [11.859740, 47.892096, 531.5],
          [11.859961, 47.892064, 531.25],
          [11.860887, 47.891977, 531.75],
          [11.864774, 47.891611, 531.0],
          [11.865523, 47.891517, 530.25],
          [11.865784, 47.891497, 530.0],
          [11.866325, 47.891444, 530.0],
          [11.866427, 47.891436, 530.0],
          [11.869576, 47.891156, 529.75],
          [11.870472, 47.891067, 528.75],
          [11.872374, 47.890832, 528.25],
          [11.873294, 47.890720, 527.0],
          [11.873692, 47.890644, 526.75],
          [11.874082, 47.890511, 526.75],
          [11.874579, 47.890311, 526.75],
          [11.875126, 47.890076, 526.25],
          [11.875645, 47.889872, 526.75],
          [11.876113, 47.889679, 526.5],
          [11.876332, 47.889608, 526.0],
          [11.876707, 47.889445, 526.75],
          [11.876888, 47.889325, 526.0],
          [11.876974, 47.889268, 526.0],
          [11.877043, 47.889212, 526.0],
          [11.877411, 47.888793, 525.25],
          [11.877482, 47.888647, 525.75],
          [11.877553, 47.888506, 525.5],
          [11.877616, 47.888417, 525.25],
          [11.877938, 47.888336, 525.75],
          [11.878496, 47.888161, 525.0],
          [11.879078, 47.887760, 524.75],
          [11.879475, 47.887428, 524.5],
          [11.879529, 47.887364, 524.25],
          [11.879578, 47.887258, 524.0],
          [11.879514, 47.886839, 524.0],
          [11.879623, 47.886744, 524.0],
          [11.881081, 47.885811, 523.0],
          [11.881732, 47.885387, 523.0],
          [11.882446, 47.884994, 522.75],
          [11.882686, 47.884856, 522.75],
          [11.882893, 47.884782, 523.0],
          [11.883173, 47.884715, 522.75],
          [11.883357, 47.884724, 523.0],
          [11.883635, 47.884804, 523.25],
          [11.883787, 47.884839, 523.0],
          [11.883953, 47.884824, 522.75],
          [11.884050, 47.884787, 522.5],
          [11.884187, 47.884692, 522.0],
          [11.884382, 47.884538, 522.25],
          [11.884487, 47.884486, 522.0],
          [11.884595, 47.884444, 522.0],
          [11.884847, 47.884393, 522.0],
          [11.885106, 47.884358, 521.75],
          [11.885325, 47.884297, 521.25],
          [11.885604, 47.884171, 521.75],
          [11.886582, 47.883685, 520.5],
          [11.888853, 47.882608, 519.0],
          [11.890370, 47.881897, 519.75],
          [11.891655, 47.881266, 518.5],
          [11.892345, 47.880949, 518.25],
          [11.892612, 47.880806, 518.75],
          [11.892774, 47.880697, 518.5],
          [11.893340, 47.880423, 518.5],
          [11.894020, 47.880125, 517.75],
          [11.894449, 47.879950, 518.5],
          [11.895017, 47.879771, 518.75],
          [11.895281, 47.879671, 517.75],
          [11.895517, 47.879520, 517.25],
          [11.895747, 47.879434, 517.5],
          [11.896154, 47.879344, 517.0],
          [11.896395, 47.879310, 517.0],
          [11.896984, 47.879231, 516.75],
          [11.897429, 47.879204, 517.0],
          [11.898144, 47.879177, 517.0],
          [11.898532, 47.879190, 517.0],
          [11.898741, 47.879207, 517.0],
          [11.898912, 47.879248, 516.75],
          [11.899221, 47.878904, 516.75],
          [11.899382, 47.878815, 516.0],
          [11.899532, 47.878787, 516.0],
          [11.899619, 47.878784, 516.0],
          [11.899940, 47.878803, 515.75],
          [11.902565, 47.879205, 513.75],
          [11.902903, 47.879261, 513.25],
          [11.903119, 47.879324, 513.0],
          [11.903272, 47.879383, 513.25],
          [11.903405, 47.879449, 513.75],
          [11.903543, 47.879543, 513.5],
          [11.903761, 47.879772, 513.5],
          [11.903999, 47.880156, 514.0],
          [11.904105, 47.880245, 514.5],
          [11.904252, 47.880315, 514.5],
          [11.904395, 47.880348, 514.0],
          [11.905137, 47.880450, 513.75],
          [11.906126, 47.880627, 513.25],
          [11.906633, 47.880725, 513.5],
          [11.908067, 47.880956, 513.0],
          [11.908559, 47.881022, 512.5],
          [11.910323, 47.881128, 512.75],
          [11.910881, 47.881140, 511.75],
          [11.911313, 47.881118, 511.75],
          [11.911512, 47.881087, 512.0],
          [11.911653, 47.881038, 512.0],
          [11.911513, 47.880909, 511.75],
          [11.911419, 47.880809, 512.0],
          [11.911314, 47.880678, 511.5],
          [11.911296, 47.880658, 511.25],
          [11.911289, 47.880648, 511.25],
          [11.911382, 47.880614, 511.75],
          [11.911570, 47.880556, 512.0],
          [11.911970, 47.880478, 508.75],
          [11.912641, 47.880125, 510.0],
          [11.912999, 47.879898, 509.75],
          [11.913180, 47.879775, 509.5],
          [11.914164, 47.879088, 509.0],
          [11.914554, 47.878880, 509.25],
          [11.914787, 47.878777, 508.75],
          [11.915024, 47.878688, 509.25],
          [11.915371, 47.878606, 509.25],
          [11.915779, 47.878545, 509.25],
          [11.916057, 47.878520, 508.25],
          [11.916340, 47.878513, 508.25],
          [11.916893, 47.878544, 508.5],
          [11.917037, 47.878551, 508.25],
          [11.918708, 47.878646, 508.0],
          [11.919165, 47.878627, 508.0],
          [11.919566, 47.878597, 508.25],
          [11.919816, 47.878562, 508.25],
          [11.920048, 47.878490, 507.25],
          [11.920394, 47.878326, 507.5],
          [11.920706, 47.878147, 506.5],
          [11.920904, 47.878045, 507.75],
          [11.921264, 47.877724, 507.25],
          [11.921603, 47.877384, 507.25],
          [11.922425, 47.876478, 506.5],
          [11.922632, 47.876304, 506.0],
          [11.922897, 47.876126, 506.25],
          [11.923111, 47.876021, 506.0],
          [11.923363, 47.875922, 505.25],
          [11.923727, 47.875835, 506.75],
          [11.924011, 47.875812, 506.5],
          [11.924351, 47.875805, 506.5],
          [11.924921, 47.875836, 506.75],
          [11.925533, 47.875894, 505.0],
          [11.925846, 47.875896, 505.0],
          [11.926361, 47.875915, 504.25],
          [11.926894, 47.875912, 504.25],
          [11.927388, 47.875874, 504.75],
          [11.927813, 47.875826, 505.75],
          [11.928200, 47.875769, 503.75],
          [11.928666, 47.875681, 503.0],
          [11.929103, 47.875561, 504.75],
          [11.929546, 47.875405, 503.25],
          [11.929957, 47.875252, 504.5],
          [11.930315, 47.875100, 502.75],
          [11.930654, 47.874944, 503.25],
          [11.931124, 47.874680, 503.25],
          [11.931465, 47.874472, 503.0],
          [11.932108, 47.874060, 502.25],
          [11.932151, 47.874044, 502.25],
          [11.932247, 47.874027, 502.25],
          [11.932395, 47.874039, 502.5],
          [11.932506, 47.874033, 502.5],
          [11.932597, 47.874009, 502.75],
          [11.932639, 47.873990, 503.0],
          [11.933474, 47.873439, 502.5],
          [11.934871, 47.872504, 501.5],
          [11.936278, 47.871622, 500.75],
          [11.936486, 47.871488, 501.0],
          [11.937302, 47.870929, 500.25],
          [11.937344, 47.870900, 500.25],
          [11.937403, 47.870794, 500.25],
          [11.937604, 47.870574, 499.25],
          [11.938259, 47.870178, 498.5],
          [11.938871, 47.869929, 498.5],
          [11.939090, 47.869859, 498.25],
          [11.939331, 47.869819, 498.75],
          [11.939556, 47.869830, 499.0],
          [11.939695, 47.869818, 499.0],
          [11.939814, 47.869798, 499.0],
          [11.940574, 47.869600, 498.5],
          [11.941716, 47.869287, 498.25],
          [11.942208, 47.869145, 499.75],
          [11.942293, 47.869140, 499.75],
          [11.942382, 47.869143, 499.75],
          [11.942512, 47.869158, 499.75],
          [11.942804, 47.869181, 498.75],
          [11.943078, 47.869138, 498.75],
          [11.943484, 47.869020, 498.0],
          [11.943879, 47.868856, 498.5],
          [11.944232, 47.868745, 497.5],
          [11.944350, 47.868677, 497.5],
          [11.944429, 47.868585, 497.75],
          [11.944493, 47.868472, 497.25],
          [11.944562, 47.868419, 497.25],
          [11.944630, 47.868401, 497.5],
          [11.944834, 47.868317, 497.75],
          [11.945200, 47.868262, 496.5],
          [11.945693, 47.868214, 496.5],
          [11.946405, 47.868179, 496.25],
          [11.946876, 47.868200, 496.5],
          [11.948832, 47.868498, 495.5],
          [11.949892, 47.868629, 497.25],
          [11.950380, 47.868656, 495.75],
          [11.951805, 47.868861, 495.5],
          [11.952818, 47.868956, 494.75],
          [11.953819, 47.868997, 493.75],
          [11.955211, 47.868969, 494.0],
          [11.956490, 47.868866, 494.5],
          [11.957288, 47.868786, 493.0],
          [11.957741, 47.868692, 493.5],
          [11.958793, 47.868424, 492.75],
          [11.959284, 47.868308, 493.25],
          [11.960056, 47.868177, 492.0],
          [11.960998, 47.867954, 492.0],
          [11.961418, 47.867866, 492.0],
          [11.962936, 47.867503, 492.0],
          [11.964459, 47.867131, 490.5],
          [11.964621, 47.867078, 490.75],
          [11.964755, 47.866983, 491.0],
          [11.964905, 47.866903, 490.75],
          [11.965146, 47.866824, 489.75],
          [11.965657, 47.866682, 490.0],
          [11.966597, 47.866456, 489.0],
          [11.967552, 47.866324, 489.0],
          [11.968245, 47.866285, 489.5],
          [11.969940, 47.866292, 489.25],
          [11.970388, 47.866348, 489.25],
          [11.970533, 47.866394, 489.75],
          [11.970611, 47.866405, 489.75],
          [11.970690, 47.866433, 489.75],
          [11.970674, 47.866376, 489.75],
          [11.970544, 47.865826, 490.75],
          [11.970533, 47.865782, 490.75],
          [11.970640, 47.865792, 490.25],
          [11.970748, 47.865803, 489.5],
          [11.970980, 47.865741, 488.25],
          [11.971288, 47.865638, 488.5],
          [11.971442, 47.865565, 489.5],
          [11.971616, 47.865463, 488.0],
          [11.971908, 47.865252, 487.75],
          [11.972072, 47.865122, 487.0],
          [11.972234, 47.864977, 488.5],
          [11.972456, 47.864716, 487.5],
          [11.972880, 47.863921, 486.75],
          [11.973081, 47.863662, 487.5],
          [11.973300, 47.863432, 486.75],
          [11.973756, 47.863089, 487.25],
          [11.974346, 47.862809, 486.25],
          [11.974631, 47.862720, 486.25],
          [11.975099, 47.862617, 485.75],
          [11.975613, 47.862560, 485.5],
          [11.976230, 47.862544, 486.0],
          [11.976578, 47.862566, 485.5],
          [11.977008, 47.862611, 485.0],
          [11.977560, 47.862739, 485.75],
          [11.978643, 47.863014, 485.0],
          [11.978983, 47.863086, 485.25],
          [11.979199, 47.863115, 484.5],
          [11.979439, 47.863129, 484.25],
          [11.979665, 47.863126, 483.75],
          [11.979917, 47.863101, 484.25],
          [11.980374, 47.863022, 484.5],
          [11.980894, 47.862863, 483.0],
          [11.981324, 47.862680, 483.0],
          [11.981553, 47.862561, 483.25],
          [11.981809, 47.862389, 482.75],
          [11.982785, 47.861657, 483.75],
          [11.983024, 47.861510, 482.5],
          [11.983329, 47.861356, 483.0],
          [11.983643, 47.861228, 482.5],
          [11.984080, 47.861076, 482.75],
          [11.984330, 47.860999, 482.25],
          [11.984610, 47.860933, 482.0],
          [11.985003, 47.860856, 482.75],
          [11.985292, 47.860822, 482.75],
          [11.985696, 47.860794, 481.75],
          [11.985915, 47.860788, 481.75],
          [11.986789, 47.860744, 481.25],
          [11.987185, 47.860750, 480.5],
          [11.987331, 47.860712, 480.5],
          [11.987506, 47.860683, 480.5],
          [11.987858, 47.860605, 480.75],
          [11.988058, 47.860546, 480.75],
          [11.988851, 47.860235, 481.25],
          [11.988894, 47.860206, 481.25],
          [11.988998, 47.860137, 481.25],
          [11.988864, 47.860029, 482.5],
          [11.989056, 47.859927, 481.75],
          [11.989570, 47.859860, 480.5],
          [11.990725, 47.859322, 479.75],
          [11.991237, 47.859065, 480.0],
          [11.991816, 47.858788, 479.75],
          [11.992493, 47.858496, 479.25],
          [11.993868, 47.857913, 479.0],
          [11.993959, 47.857855, 479.25],
          [11.993992, 47.857833, 479.5],
          [11.993998, 47.857807, 479.5],
          [11.994033, 47.857786, 479.75],
          [11.994068, 47.857764, 480.0],
          [11.994116, 47.857737, 480.0],
          [11.994212, 47.857743, 479.75],
          [11.994270, 47.857728, 479.5],
          [11.994464, 47.857659, 478.75],
          [11.994638, 47.857599, 479.0],
          [11.995053, 47.857420, 478.5],
          [11.995471, 47.857225, 478.75],
          [11.996516, 47.856679, 477.75],
          [11.997698, 47.856045, 477.25],
          [11.998636, 47.855533, 478.5],
          [11.999525, 47.855062, 476.75],
          [12.000197, 47.854699, 477.5],
          [12.000842, 47.854397, 476.75],
          [12.001277, 47.854231, 476.0],
          [12.001746, 47.854084, 476.25],
          [12.002036, 47.854000, 475.25],
          [12.002730, 47.853860, 476.0],
          [12.002970, 47.853818, 475.0],
          [12.003204, 47.853789, 474.5],
          [12.003927, 47.853739, 474.0],
          [12.004348, 47.853726, 474.0],
          [12.004773, 47.853730, 474.0],
          [12.007337, 47.853834, 474.25],
          [12.011038, 47.853957, 472.5],
          [12.013376, 47.854025, 471.0],
          [12.014057, 47.854014, 470.75],
          [12.014322, 47.854003, 470.75],
          [12.014613, 47.853970, 470.5],
          [12.015103, 47.853890, 472.25],
          [12.015207, 47.853864, 472.5],
          [12.015502, 47.853791, 471.0],
          [12.015997, 47.853651, 471.75],
          [12.016198, 47.853585, 471.5],
          [12.016307, 47.853537, 471.25],
          [12.016435, 47.853467, 471.25],
          [12.016618, 47.853369, 472.25],
          [12.016866, 47.853191, 471.75],
          [12.016978, 47.853111, 472.25],
          [12.017073, 47.853042, 472.5],
          [12.017219, 47.853005, 472.0],
          [12.017469, 47.852891, 471.25],
          [12.017689, 47.852751, 471.0],
          [12.017883, 47.852514, 471.75],
          [12.019236, 47.851164, 471.0],
          [12.019483, 47.850934, 470.5],
          [12.020637, 47.849723, 470.25],
          [12.020752, 47.849564, 470.0],
          [12.020789, 47.849496, 470.5],
          [12.021027, 47.849302, 469.75],
          [12.021868, 47.848807, 469.25],
          [12.022473, 47.848480, 469.0],
          [12.022761, 47.848341, 470.5],
          [12.023183, 47.848216, 468.5],
          [12.024386, 47.847926, 468.5],
          [12.025419, 47.847636, 468.75],
          [12.025692, 47.847579, 468.75],
          [12.026352, 47.847497, 469.0],
          [12.029768, 47.847190, 468.75],
          [12.031445, 47.847071, 467.75],
          [12.031601, 47.847056, 467.25],
          [12.031760, 47.847013, 467.75],
          [12.032112, 47.846844, 467.0],
          [12.032211, 47.846815, 466.5],
          [12.032409, 47.846821, 466.25],
          [12.033169, 47.846918, 467.25],
          [12.033555, 47.846895, 467.75],
          [12.034064, 47.846878, 466.75],
          [12.036529, 47.846728, 466.25],
          [12.037140, 47.846678, 466.0],
          [12.037538, 47.846638, 466.0],
          [12.038290, 47.846513, 465.5],
          [12.041179, 47.846002, 465.0],
          [12.041617, 47.845935, 464.75],
          [12.042061, 47.845891, 465.25],
          [12.042383, 47.845844, 465.25],
          [12.042619, 47.845752, 465.0],
          [12.042681, 47.845736, 465.0],
          [12.042770, 47.845723, 465.0],
          [12.043060, 47.845791, 465.0],
          [12.043237, 47.845841, 464.75],
          [12.043918, 47.845944, 465.0],
          [12.044672, 47.846196, 464.5],
          [12.044982, 47.846276, 465.25],
          [12.045809, 47.846522, 464.25],
          [12.047129, 47.846883, 465.0],
          [12.048370, 47.847197, 465.5],
          [12.049492, 47.847539, 464.25],
          [12.051154, 47.848072, 464.25],
          [12.051773, 47.848262, 462.75],
          [12.052062, 47.848329, 463.75],
          [12.052747, 47.848619, 462.5],
          [12.053063, 47.848746, 461.0],
          [12.053393, 47.848847, 460.25],
          [12.053673, 47.848904, 462.5],
          [12.053870, 47.848944, 462.0],
          [12.054155, 47.848990, 460.5],
          [12.054253, 47.849005, 460.25],
          [12.055020, 47.849124, 461.0],
          [12.055591, 47.849186, 461.5],
          [12.055873, 47.849195, 461.25],
          [12.056192, 47.849199, 461.0],
          [12.056502, 47.849165, 461.0],
          [12.056912, 47.849157, 461.0],
          [12.057222, 47.849133, 460.0],
          [12.057486, 47.849106, 459.25],
          [12.057739, 47.849072, 459.0],
          [12.058260, 47.849006, 459.25],
          [12.058702, 47.848949, 460.0],
          [12.059323, 47.848868, 461.0],
          [12.059432, 47.848849, 461.0],
          [12.060061, 47.848770, 458.5],
          [12.060487, 47.848727, 458.75],
          [12.061033, 47.848656, 459.25],
          [12.062038, 47.848520, 458.25],
          [12.063018, 47.848378, 459.25],
          [12.063550, 47.848314, 460.0],
          [12.063866, 47.848287, 459.0],
          [12.064847, 47.848165, 458.25],
          [12.065343, 47.848099, 459.25],
          [12.066066, 47.848015, 458.25],
          [12.066790, 47.847912, 457.5],
          [12.067513, 47.847835, 458.0],
          [12.068028, 47.847779, 458.75],
          [12.069617, 47.847574, 457.75],
          [12.070455, 47.847504, 458.5],
          [12.070846, 47.847484, 457.75],
          [12.072594, 47.847376, 455.75],
          [12.075033, 47.847181, 456.0],
          [12.077615, 47.846975, 458.0],
          [12.079118, 47.846851, 455.5],
          [12.079644, 47.846795, 455.75],
          [12.079851, 47.846773, 456.0],
          [12.080047, 47.846703, 456.5],
          [12.080100, 47.846694, 456.5],
          [12.080276, 47.846664, 456.75],
          [12.080594, 47.846584, 456.25],
          [12.080807, 47.846514, 455.25],
          [12.080885, 47.846386, 455.0],
          [12.080870, 47.846325, 455.0],
          [12.080875, 47.846235, 455.0],
          [12.081113, 47.845798, 455.0],
          [12.081246, 47.845534, 455.0],
          [12.081261, 47.845491, 455.0],
          [12.081272, 47.845281, 455.0],
          [12.081283, 47.845127, 455.25],
          [12.081331, 47.845014, 455.75],
          [12.081759, 47.844487, 454.75],
          [12.082138, 47.843801, 455.0],
          [12.082333, 47.843648, 455.0],
          [12.082460, 47.843512, 455.0],
          [12.082515, 47.843391, 455.0],
          [12.082745, 47.843306, 455.0],
          [12.082750, 47.843192, 455.0],
          [12.082719, 47.842936, 455.0],
          [12.082720, 47.842832, 455.0],
          [12.082734, 47.842771, 455.0],
          [12.082919, 47.842749, 455.0],
          [12.083186, 47.842706, 455.0],
          [12.083431, 47.842654, 455.0],
          [12.083622, 47.842613, 454.75],
          [12.085297, 47.842262, 453.75],
          [12.085707, 47.842104, 454.5],
          [12.085880, 47.842033, 454.25],
          [12.086143, 47.841880, 454.0],
          [12.086168, 47.841857, 454.0],
          [12.086411, 47.841602, 454.0],
          [12.086620, 47.841432, 454.0],
          [12.086747, 47.841301, 454.0],
          [12.086835, 47.841112, 454.0],
          [12.086921, 47.840787, 454.0],
          [12.087321, 47.839855, 454.0],
          [12.087667, 47.838975, 454.0],
          [12.088043, 47.837980, 454.0],
          [12.088507, 47.837048, 454.25],
          [12.088792, 47.836564, 454.5],
          [12.089012, 47.836160, 454.75],
          [12.089395, 47.835546, 455.5],
          [12.089478, 47.835520, 455.25],
          [12.089695, 47.835156, 454.5],
          [12.089994, 47.834699, 457.0],
          [12.090537, 47.834007, 459.75],
          [12.090776, 47.833722, 460.75],
          [12.090966, 47.833433, 462.75],
          [12.091086, 47.832948, 463.25],
          [12.091098, 47.832885, 463.5],
          [12.091142, 47.832733, 464.5],
          [12.091229, 47.832346, 466.0],
          [12.091259, 47.831991, 466.0],
          [12.091259, 47.831874, 466.0],
          [12.091191, 47.831301, 466.0],
          [12.091183, 47.831229, 466.0],
          [12.091109, 47.830892, 466.0],
          [12.090976, 47.830562, 465.25],
          [12.090911, 47.830423, 465.25],
          [12.090845, 47.830282, 465.75],
          [12.090809, 47.830193, 465.75],
          [12.090672, 47.829924, 465.25],
          [12.090561, 47.829688, 465.75],
          [12.090513, 47.829667, 466.0],
          [12.090468, 47.829573, 466.0],
          [12.090432, 47.829226, 466.25],
          [12.090469, 47.828967, 466.75],
          [12.090600, 47.828483, 466.75],
          [12.090812, 47.827924, 467.0],
          [12.090906, 47.827748, 466.75],
          [12.091030, 47.827593, 466.75],
          [12.091370, 47.827303, 466.5],
          [12.091445, 47.827317, 466.25],
          [12.091908, 47.827086, 466.0],
          [12.092308, 47.826834, 465.75],
          [12.092707, 47.826546, 465.75],
          [12.093129, 47.826028, 466.25],
          [12.093328, 47.825865, 465.75],
          [12.093554, 47.825712, 465.25],
          [12.093720, 47.825628, 465.0],
          [12.093980, 47.825542, 465.0],
          [12.094165, 47.825493, 465.0],
          [12.094414, 47.825459, 465.25],
          [12.094745, 47.825452, 466.0],
          [12.095008, 47.825463, 465.25],
          [12.095112, 47.825468, 464.75],
          [12.095222, 47.825471, 464.25],
          [12.096059, 47.825526, 463.25],
          [12.096204, 47.825532, 463.25],
          [12.097119, 47.825559, 462.0],
          [12.097173, 47.825558, 462.0],
          [12.097553, 47.825558, 461.75],
          [12.098125, 47.825557, 461.5],
          [12.098349, 47.825568, 461.0],
          [12.099261, 47.825617, 461.75],
          [12.099930, 47.825650, 461.5],
          [12.100368, 47.825668, 462.0],
          [12.100782, 47.825681, 462.0],
          [12.101744, 47.825722, 460.75],
          [12.101779, 47.825726, 461.0],
          [12.102012, 47.825747, 461.0],
          [12.102165, 47.825752, 461.5],
          [12.102295, 47.825761, 461.5],
          [12.102365, 47.825743, 461.25],
          [12.102394, 47.825724, 461.0],
          [12.102453, 47.825667, 461.0],
          [12.102494, 47.825648, 461.0],
          [12.102562, 47.825632, 461.0],
          [12.102614, 47.825605, 461.0],
          [12.102788, 47.825555, 461.0],
          [12.103211, 47.825450, 461.0],
          [12.104161, 47.825204, 460.5],
          [12.104215, 47.825192, 460.5],
          [12.104711, 47.825065, 460.0],
          [12.105277, 47.824934, 459.0],
          [12.105436, 47.824905, 458.25],
          [12.105663, 47.824888, 458.25],
          [12.105907, 47.824889, 459.25],
          [12.105977, 47.824951, 459.5],
          [12.106235, 47.824944, 460.0],
          [12.106700, 47.824909, 460.0],
          [12.107114, 47.824902, 460.25],
          [12.107353, 47.824914, 460.25],
          [12.107526, 47.824934, 460.25],
          [12.108032, 47.825028, 460.75],
          [12.108180, 47.825040, 460.75],
          [12.108259, 47.825038, 460.75],
          [12.108394, 47.825021, 461.0],
          [12.108563, 47.824970, 461.0],
          [12.108710, 47.824886, 461.0],
          [12.108821, 47.824798, 460.75],
          [12.109157, 47.824590, 460.25],
          [12.109498, 47.824393, 460.75],
          [12.110011, 47.824015, 461.5],
          [12.110216, 47.823880, 461.0],
          [12.110409, 47.823770, 460.75],
          [12.111349, 47.823322, 460.75],
          [12.111963, 47.823050, 460.75],
          [12.112397, 47.822830, 460.0],
          [12.112771, 47.822618, 460.25],
          [12.112889, 47.822534, 460.0],
          [12.113642, 47.822000, 458.5],
          [12.114081, 47.821709, 458.0],
          [12.114522, 47.821444, 458.5],
          [12.115656, 47.820902, 458.25],
          [12.116681, 47.820432, 457.0],
          [12.117396, 47.820065, 457.0],
          [12.117518, 47.819989, 456.75],
          [12.117799, 47.819815, 456.5],
          [12.118104, 47.819489, 456.75],
          [12.118498, 47.819227, 457.0],
          [12.118746, 47.819121, 456.5],
          [12.119381, 47.818898, 455.25],
          [12.119984, 47.818745, 454.0],
          [12.120177, 47.818767, 454.0],
          [12.120222, 47.818733, 454.0],
          [12.120281, 47.818692, 454.0],
          [12.120360, 47.818676, 454.0],
          [12.120435, 47.818659, 454.0],
          [12.120499, 47.818644, 454.0],
          [12.120532, 47.818641, 454.0],
          [12.120692, 47.818610, 453.5],
          [12.120640, 47.818490, 453.5],
          [12.120425, 47.817938, 453.25],
          [12.120315, 47.817758, 453.75],
          [12.120264, 47.817629, 454.0],
          [12.119920, 47.816642, 454.0],
          [12.119056, 47.813723, 454.25],
          [12.118990, 47.813376, 454.5],
          [12.119003, 47.813322, 454.5],
          [12.119065, 47.813253, 454.5],
          [12.119237, 47.813097, 454.5],
          [12.119261, 47.813071, 454.5],
          [12.119293, 47.812995, 454.5],
          [12.119301, 47.812841, 454.75],
          [12.119241, 47.812802, 454.75],
          [12.119161, 47.812755, 455.0],
          [12.119085, 47.812711, 454.75],
          [12.119059, 47.812369, 455.75],
          [12.119016, 47.812264, 455.5],
          [12.118908, 47.812159, 454.5],
          [12.118862, 47.812056, 454.5],
          [12.118849, 47.811989, 454.5],
          [12.118889, 47.811864, 454.25],
          [12.119018, 47.811578, 453.5],
          [12.119262, 47.811223, 453.0],
          [12.119764, 47.810606, 451.25],
          [12.119950, 47.810365, 453.25],
          [12.120079, 47.810158, 453.25],
          [12.120177, 47.809935, 453.75],
          [12.120276, 47.809609, 454.75],
          [12.120303, 47.809377, 455.0],
          [12.120307, 47.809197, 455.0],
          [12.120358, 47.809087, 455.25],
          [12.120381, 47.809085, 455.5],
          [12.120575, 47.809074, 456.0],
          [12.120837, 47.809092, 455.75],
          [12.121293, 47.808755, 451.0],
          [12.121535, 47.808723, 449.75],
          [12.122322, 47.808767, 449.0],
          [12.122403, 47.808726, 449.25],
          [12.122458, 47.808703, 449.5],
          [12.122513, 47.808660, 449.75],
          [12.122610, 47.808637, 449.75],
          [12.122720, 47.808631, 449.75],
          [12.122758, 47.808647, 449.75],
          [12.122809, 47.808684, 449.75],
          [12.122964, 47.808709, 449.25],
          [12.123130, 47.808740, 449.0],
          [12.123584, 47.808834, 449.75],
          [12.123652, 47.808492, 449.75],
          [12.123733, 47.808146, 450.0],
          [12.123674, 47.808080, 450.0],
          [12.123591, 47.808046, 449.75],
          [12.123365, 47.808028, 449.0],
          [12.123300, 47.808007, 448.75],
          [12.123256, 47.807969, 448.75],
          [12.123198, 47.807882, 448.5],
          [12.123133, 47.807719, 449.25],
          [12.123284, 47.807699, 450.25],
          [12.124854, 47.807575, 451.75],
          [12.125046, 47.807565, 451.0],
          [12.125033, 47.807526, 451.0],
          [12.124932, 47.807046, 452.5],
          [12.125015, 47.806841, 452.75],
          [12.124983, 47.806448, 453.25],
          [12.124982, 47.806091, 453.5],
          [12.125058, 47.805338, 452.5],
          [12.125245, 47.804197, 453.25],
          [12.125621, 47.802391, 453.5],
          [12.125669, 47.802180, 452.25],
          [12.125927, 47.800997, 452.0],
          [12.126192, 47.799635, 452.75],
          [12.126232, 47.799167, 452.0],
          [12.126209, 47.798100, 453.0],
          [12.126151, 47.797667, 455.0],
          [12.126095, 47.797340, 455.0],
          [12.125872, 47.796559, 454.0],
          [12.125567, 47.795830, 453.75],
          [12.125438, 47.795577, 453.5],
          [12.125146, 47.795095, 453.0],
          [12.124977, 47.794856, 453.25],
          [12.124679, 47.794434, 454.25],
          [12.124035, 47.793479, 453.75],
          [12.123816, 47.793091, 453.25],
          [12.123525, 47.792579, 453.5],
          [12.123016, 47.791451, 453.75],
          [12.122772, 47.790808, 455.75],
          [12.122464, 47.789924, 454.0],
          [12.122359, 47.789788, 453.5],
          [12.122206, 47.789655, 453.75],
          [12.121947, 47.789484, 454.5],
          [12.121636, 47.789278, 453.0],
          [12.121136, 47.788882, 454.5],
          [12.120592, 47.788426, 453.25],
          [12.120620, 47.788410, 453.25],
          [12.120965, 47.788223, 452.75],
          [12.121232, 47.788109, 454.25],
          [12.121578, 47.787957, 454.5],
          [12.121763, 47.787883, 454.5],
          [12.121906, 47.787813, 455.5],
          [12.122054, 47.787610, 453.5],
          [12.122078, 47.787532, 453.0],
          [12.122101, 47.786813, 453.0],
          [12.122235, 47.785820, 454.75],
          [12.122479, 47.784798, 454.5],
          [12.122678, 47.784183, 453.5],
          [12.123051, 47.783299, 454.75],
          [12.123689, 47.782107, 454.0],
          [12.124177, 47.781367, 455.0],
          [12.124337, 47.781367, 454.5],
          [12.124424, 47.781285, 454.75],
          [12.124566, 47.781082, 455.0],
          [12.124578, 47.781007, 454.5],
          [12.124528, 47.780949, 454.75],
          [12.124446, 47.780897, 455.0],
          [12.124406, 47.780937, 455.0],
          [12.124376, 47.780998, 455.25],
          [12.124380, 47.781071, 455.75],
          [12.124413, 47.781123, 455.75],
          [12.124427, 47.781127, 455.75],
          [12.126783, 47.781863, 455.0],
          [12.126939, 47.781916, 455.75],
          [12.127133, 47.781601, 455.25],
          [12.127124, 47.781486, 455.25],
          [12.127085, 47.781377, 454.75],
          [12.127541, 47.780740, 454.25],
          [12.127868, 47.780337, 453.75],
          [12.128272, 47.779912, 454.25],
          [12.128744, 47.779474, 453.75],
          [12.129167, 47.779113, 454.5],
          [12.129852, 47.778565, 454.25],
          [12.129938, 47.778508, 454.0],
          [12.130406, 47.778175, 454.75],
          [12.131479, 47.777448, 454.75],
          [12.131712, 47.777314, 454.0],
          [12.132034, 47.776953, 454.0],
          [12.132123, 47.776829, 453.5],
          [12.132168, 47.776548, 454.0],
          [12.132185, 47.776374, 455.5],
          [12.132246, 47.776249, 455.25],
          [12.132956, 47.775032, 454.25],
          [12.133439, 47.774169, 454.0],
          [12.133628, 47.773687, 455.5],
          [12.133819, 47.773151, 455.0],
          [12.134159, 47.772128, 455.25],
          [12.134515, 47.770729, 454.25],
          [12.134817, 47.769067, 453.75],
          [12.134910, 47.768592, 454.0],
          [12.134991, 47.767967, 455.75],
          [12.135006, 47.767576, 456.5],
          [12.134990, 47.767090, 456.25],
          [12.134960, 47.766705, 455.75],
          [12.134895, 47.766224, 455.25],
          [12.134824, 47.765860, 455.0],
          [12.133891, 47.761548, 456.25],
          [12.133828, 47.761194, 456.0],
          [12.133747, 47.760577, 456.0],
          [12.133728, 47.760403, 456.0],
          [12.133652, 47.759612, 456.0],
          [12.133678, 47.758620, 456.25],
          [12.133696, 47.758377, 456.5],
          [12.133733, 47.757936, 456.0],
          [12.134178, 47.755448, 457.5],
          [12.134991, 47.751060, 457.75],
          [12.135399, 47.748909, 457.0],
          [12.135445, 47.748679, 457.25],
          [12.135463, 47.748634, 457.5],
          [12.135670, 47.748518, 457.25],
          [12.135724, 47.748459, 457.0],
          [12.135753, 47.748250, 457.0],
          [12.135718, 47.748198, 457.25],
          [12.135667, 47.748160, 457.5],
          [12.135592, 47.748080, 458.5],
          [12.135569, 47.748018, 458.75],
          [12.135598, 47.747830, 458.0],
          [12.135832, 47.746702, 457.75],
          [12.135893, 47.746521, 457.25],
          [12.135999, 47.746355, 456.75],
          [12.136153, 47.746239, 457.0],
          [12.136385, 47.746118, 457.75],
          [12.137010, 47.745885, 456.75],
          [12.137260, 47.745762, 457.25],
          [12.137421, 47.745638, 457.25],
          [12.137470, 47.745560, 457.75],
          [12.137551, 47.745425, 458.25],
          [12.137618, 47.745250, 458.5],
          [12.137662, 47.744992, 458.25],
          [12.137666, 47.744967, 458.25],
          [12.137708, 47.744760, 458.75],
          [12.137747, 47.744261, 458.0],
          [12.137755, 47.743964, 457.75],
          [12.137768, 47.743688, 457.75],
          [12.137780, 47.743606, 458.0],
          [12.137952, 47.743105, 458.0],
          [12.138108, 47.742524, 458.0],
          [12.138235, 47.742209, 458.0],
          [12.138463, 47.741658, 458.0],
          [12.138653, 47.741315, 459.25],
          [12.138725, 47.741205, 459.5],
          [12.138771, 47.741133, 459.75],
          [12.138781, 47.741117, 459.75],
          [12.138814, 47.741070, 459.75],
          [12.138841, 47.741032, 459.5],
          [12.138913, 47.740937, 459.25],
          [12.139040, 47.740766, 460.25],
          [12.139210, 47.740560, 461.75],
          [12.139355, 47.740363, 460.0],
          [12.139311, 47.740358, 460.0],
          [12.139285, 47.740366, 460.0],
          [12.139248, 47.740393, 460.25],
          [12.139148, 47.740437, 460.5],
          [12.139098, 47.740432, 460.5],
          [12.138017, 47.740133, 460.75],
          [12.137148, 47.739939, 464.75],
          [12.136932, 47.739901, 465.5],
          [12.136932, 47.739875, 465.25],
          [12.136930, 47.739808, 465.0],
          [12.137222, 47.739074, 463.25],
          [12.137615, 47.738183, 463.0],
          [12.137933, 47.737468, 462.5],
          [12.138274, 47.736813, 463.5],
          [12.138700, 47.736048, 462.75],
          [12.140956, 47.732444, 462.5],
          [12.142637, 47.729742, 462.75],
          [12.143056, 47.729107, 463.0],
          [12.143176, 47.729001, 463.25],
          [12.143246, 47.728892, 464.5],
          [12.143285, 47.728835, 464.75],
          [12.143333, 47.728762, 464.75],
          [12.143412, 47.728609, 464.75],
          [12.143456, 47.728467, 464.5],
          [12.149664, 47.718566, 464.0],
          [12.149760, 47.718474, 463.75],
          [12.149910, 47.718450, 463.5],
          [12.150024, 47.718460, 463.25],
          [12.150048, 47.718449, 463.5],
          [12.150102, 47.718363, 464.75],
          [12.150173, 47.718252, 465.25],
          [12.150175, 47.718225, 465.25],
          [12.150176, 47.718209, 465.25],
          [12.149999, 47.718101, 464.75],
          [12.150007, 47.718005, 464.75],
          [12.150786, 47.716904, 463.25],
          [12.151231, 47.716399, 463.0],
          [12.151416, 47.716214, 463.0],
          [12.152148, 47.715541, 464.0],
          [12.152821, 47.715054, 463.0],
          [12.153670, 47.714524, 463.0],
          [12.155562, 47.713456, 463.0],
          [12.156436, 47.712943, 463.25],
          [12.157143, 47.712447, 462.75],
          [12.157832, 47.711883, 463.5],
          [12.158303, 47.711429, 464.25],
          [12.158841, 47.710841, 463.75],
          [12.159488, 47.710016, 464.0],
          [12.160081, 47.709156, 464.0],
          [12.160691, 47.708303, 463.5],
          [12.160794, 47.708138, 464.0],
          [12.161582, 47.706807, 463.25],
          [12.162112, 47.705616, 463.5],
          [12.162496, 47.704606, 464.0],
          [12.162542, 47.704561, 463.75],
          [12.162625, 47.704535, 463.5],
          [12.162763, 47.704516, 463.5],
          [12.162762, 47.704502, 463.5],
          [12.162754, 47.704368, 463.5],
          [12.162753, 47.704344, 463.5],
          [12.162661, 47.704325, 463.75],
          [12.162613, 47.704273, 463.5],
          [12.162619, 47.704197, 463.5],
          [12.162742, 47.703753, 464.75],
          [12.163137, 47.702122, 463.75],
          [12.163169, 47.701986, 463.5],
          [12.163326, 47.701148, 464.75],
          [12.164419, 47.695749, 465.5],
          [12.165435, 47.690945, 464.75],
          [12.165615, 47.690152, 464.75],
          [12.165753, 47.689672, 465.0],
          [12.165851, 47.689377, 465.5],
          [12.167431, 47.684751, 465.5],
          [12.168012, 47.683078, 465.75],
          [12.168166, 47.682691, 465.0],
          [12.168421, 47.682133, 465.5],
          [12.168598, 47.681767, 465.5],
          [12.169063, 47.680938, 465.25],
          [12.169444, 47.680329, 466.5],
          [12.169852, 47.679719, 465.0],
          [12.170421, 47.678921, 465.25],
          [12.170845, 47.678371, 466.5],
          [12.171156, 47.677997, 466.0],
          [12.171624, 47.677471, 465.5],
          [12.172112, 47.676964, 465.5],
          [12.172485, 47.676602, 465.5],
          [12.172871, 47.676250, 465.75],
          [12.173194, 47.675963, 465.75],
          [12.173705, 47.675542, 465.75],
          [12.174229, 47.675135, 465.5],
          [12.175128, 47.674489, 465.5],
          [12.175519, 47.674226, 466.5],
          [12.175662, 47.674152, 466.75],
          [12.175796, 47.674098, 466.25],
          [12.175959, 47.674061, 466.0],
          [12.176118, 47.674027, 465.75],
          [12.176631, 47.673947, 466.0],
          [12.177208, 47.673883, 467.75],
          [12.177691, 47.673895, 467.25],
          [12.178125, 47.673941, 466.75],
          [12.178370, 47.673996, 466.5],
          [12.178420, 47.673910, 465.75],
          [12.178503, 47.673793, 466.0],
          [12.178612, 47.673713, 466.25],
          [12.178974, 47.673454, 467.0],
          [12.179377, 47.673129, 467.0],
          [12.179442, 47.673077, 467.0],
          [12.179747, 47.672832, 467.0],
          [12.180502, 47.672242, 467.0],
          [12.181814, 47.671191, 467.0],
          [12.182229, 47.670864, 467.75],
          [12.182311, 47.670799, 467.75],
          [12.182462, 47.670680, 467.75],
          [12.182804, 47.670408, 468.0],
          [12.183025, 47.670233, 468.0],
          [12.183127, 47.670144, 468.0],
          [12.183280, 47.670000, 468.0],
          [12.183436, 47.669848, 468.0],
          [12.183839, 47.669428, 467.0],
          [12.183992, 47.669270, 467.0],
          [12.184045, 47.669180, 467.0],
          [12.184219, 47.668902, 467.0],
          [12.184262, 47.668855, 467.25],
          [12.184373, 47.668764, 467.75],
          [12.184624, 47.668569, 468.0],
          [12.184726, 47.668497, 468.0],
          [12.184870, 47.668443, 468.0],
          [12.184930, 47.668427, 468.0],
          [12.184726, 47.667876, 468.0],
          [12.184614, 47.667532, 468.0],
          [12.184596, 47.667441, 468.0],
          [12.184414, 47.666574, 469.5],
          [12.184365, 47.666295, 471.25],
          [12.184372, 47.666088, 472.75],
          [12.184402, 47.665942, 471.5],
          [12.184531, 47.665548, 471.25],
          [12.184690, 47.665018, 469.0],
          [12.184844, 47.664992, 470.25],
          [12.185088, 47.664853, 471.75],
          [12.185189, 47.664763, 470.75],
          [12.185223, 47.664733, 470.0],
          [12.185313, 47.664609, 470.0],
          [12.185357, 47.664519, 470.0],
          [12.185393, 47.664410, 469.75],
          [12.185428, 47.664241, 470.25],
          [12.185477, 47.663966, 470.5],
          [12.185515, 47.663828, 470.75],
          [12.185551, 47.663700, 471.5],
          [12.185572, 47.663588, 472.5],
          [12.185548, 47.663409, 472.5],
          [12.185494, 47.663230, 473.25],
          [12.185474, 47.663179, 473.5],
          [12.185411, 47.662909, 474.0],
          [12.185346, 47.662369, 475.0],
          [12.185350, 47.662305, 475.75],
          [12.185243, 47.661669, 475.75],
          [12.185254, 47.661542, 475.5],
          [12.185310, 47.661255, 476.5],
          [12.185396, 47.660962, 476.5],
          [12.185496, 47.660730, 476.25],
          [12.185626, 47.660492, 476.5],
          [12.185925, 47.660090, 475.75],
          [12.186325, 47.659575, 471.5],
          [12.186592, 47.659411, 469.5],
          [12.186774, 47.659270, 470.5],
          [12.186810, 47.659219, 469.75],
          [12.186959, 47.659175, 469.75],
          [12.187079, 47.659105, 471.5],
          [12.187338, 47.658921, 471.75],
          [12.187583, 47.658705, 472.75],
          [12.187734, 47.658614, 470.5],
          [12.187983, 47.658525, 472.75],
          [12.188367, 47.658362, 470.75],
          [12.189402, 47.658077, 474.0],
          [12.190137, 47.657931, 473.25],
          [12.190326, 47.657868, 473.75],
          [12.190806, 47.657619, 474.5],
          [12.190999, 47.657538, 475.75],
          [12.191222, 47.657472, 476.75],
          [12.191313, 47.657332, 473.5],
          [12.191433, 47.657196, 471.75],
          [12.191465, 47.657134, 470.75],
          [12.191477, 47.657071, 469.75],
          [12.191451, 47.657017, 468.75],
          [12.191381, 47.656955, 467.0],
          [12.191275, 47.656887, 467.5],
          [12.191235, 47.656794, 467.75],
          [12.191240, 47.656662, 468.0],
          [12.191278, 47.656547, 468.0],
          [12.191357, 47.656431, 468.0],
          [12.191683, 47.656059, 468.0],
          [12.191793, 47.655897, 468.25],
          [12.191927, 47.655619, 468.0],
          [12.192175, 47.654971, 469.0],
          [12.192474, 47.654281, 468.0],
          [12.192595, 47.653931, 468.0],
          [12.192647, 47.653846, 468.0],
          [12.192731, 47.653738, 468.0],
          [12.192852, 47.653621, 468.0],
          [12.193283, 47.653280, 468.0],
          [12.194595, 47.652139, 469.0],
          [12.195029, 47.651739, 469.0],
          [12.195411, 47.651436, 468.5],
          [12.195717, 47.651159, 468.75],
          [12.196123, 47.650807, 469.0],
          [12.196966, 47.650097, 469.0],
          [12.198985, 47.648515, 470.0],
          [12.199051, 47.648506, 470.0],
          [12.199328, 47.648405, 469.5],
          [12.199408, 47.648344, 469.0],
          [12.199425, 47.648253, 469.0],
          [12.199385, 47.648118, 469.0],
          [12.199219, 47.647776, 469.75],
          [12.199200, 47.647724, 469.5],
          [12.199209, 47.647678, 469.5],
          [12.199132, 47.647475, 469.0],
          [12.199099, 47.647185, 468.5],
          [12.199115, 47.646855, 469.25],
          [12.199148, 47.646729, 469.75],
          [12.199237, 47.646481, 469.5],
          [12.199311, 47.646169, 469.25],
          [12.199383, 47.646039, 469.25],
          [12.199470, 47.645937, 469.5],
          [12.199595, 47.645829, 469.25],
          [12.199721, 47.645762, 469.25],
          [12.199910, 47.645676, 469.5],
          [12.200007, 47.645606, 469.75],
          [12.200091, 47.645507, 469.5],
          [12.200171, 47.645355, 469.25],
          [12.200208, 47.645217, 469.0],
          [12.200239, 47.644940, 468.25],
          [12.200246, 47.644718, 469.0],
          [12.200225, 47.644496, 469.0],
          [12.200161, 47.644404, 469.25],
          [12.199894, 47.644145, 468.75],
          [12.199848, 47.644049, 469.25],
          [12.199825, 47.643928, 469.5],
          [12.199817, 47.643713, 469.5],
          [12.199786, 47.643643, 469.75],
          [12.199739, 47.643595, 469.75],
          [12.199664, 47.643556, 470.25],
          [12.199527, 47.643527, 470.75],
          [12.199057, 47.643461, 471.0],
          [12.198777, 47.643419, 470.5],
          [12.199013, 47.643133, 471.0],
          [12.199177, 47.642961, 471.25],
          [12.199524, 47.642646, 469.5],
          [12.199787, 47.642422, 468.75],
          [12.200029, 47.642205, 472.25],
          [12.200204, 47.642012, 471.75],
          [12.200254, 47.641942, 473.0],
          [12.200300, 47.641854, 472.75],
          [12.200328, 47.641752, 472.75],
          [12.200347, 47.641625, 473.0],
          [12.200239, 47.641435, 474.0],
          [12.200233, 47.641388, 474.25],
          [12.200262, 47.640758, 477.75],
          [12.200424, 47.640411, 476.5],
          [12.200643, 47.639867, 476.5],
          [12.200685, 47.639796, 476.5],
          [12.200736, 47.639751, 476.75],
          [12.200804, 47.639719, 477.0],
          [12.200908, 47.639691, 476.75],
          [12.201219, 47.639666, 476.5],
          [12.201356, 47.639670, 476.75],
          [12.201542, 47.639713, 478.0],
          [12.201651, 47.639722, 478.75],
          [12.201735, 47.639718, 478.25],
          [12.201713, 47.639596, 477.75],
          [12.201656, 47.639316, 477.25],
          [12.201634, 47.639200, 477.75],
          [12.201370, 47.639239, 477.0],
          [12.201283, 47.639237, 477.25],
          [12.201218, 47.639222, 477.25],
          [12.201150, 47.639191, 477.75],
          [12.200976, 47.639072, 476.75],
          [12.200903, 47.638998, 476.75],
          [12.200887, 47.638921, 477.0],
          [12.200926, 47.638775, 476.25],
          [12.201127, 47.638248, 477.5],
          [12.201543, 47.637103, 476.25],
          [12.201889, 47.636052, 476.5],
          [12.203511, 47.630757, 476.0],
          [12.203622, 47.630342, 477.5],
          [12.203669, 47.630138, 476.75],
          [12.203713, 47.629880, 476.0],
          [12.203758, 47.629709, 476.0],
          [12.203829, 47.629563, 476.75],
          [12.203897, 47.629473, 477.5],
          [12.204344, 47.628857, 475.75],
          [12.204443, 47.628685, 477.0],
          [12.204478, 47.628586, 477.0],
          [12.204497, 47.628098, 476.75],
          [12.204527, 47.627861, 476.25],
          [12.204534, 47.627651, 476.0],
          [12.204515, 47.627448, 476.25],
          [12.204517, 47.627312, 476.25],
          [12.204540, 47.627098, 475.75],
          [12.204533, 47.626969, 476.0],
          [12.204495, 47.626857, 476.5],
          [12.204411, 47.626717, 477.25],
          [12.204118, 47.626388, 477.75],
          [12.204052, 47.626291, 476.75],
          [12.204014, 47.626173, 476.25],
          [12.204015, 47.625879, 476.0],
          [12.204152, 47.625062, 477.0],
          [12.204268, 47.624434, 476.5],
          [12.204435, 47.623737, 477.5],
          [12.204561, 47.623371, 476.0],
          [12.204736, 47.622979, 477.25],
          [12.205053, 47.622384, 476.75],
          [12.205564, 47.621495, 477.0],
          [12.206597, 47.619546, 476.5],
          [12.207284, 47.618261, 476.5],
          [12.207899, 47.617050, 476.25],
          [12.208275, 47.616277, 477.25],
          [12.208592, 47.615558, 477.75],
          [12.208846, 47.614939, 477.0],
          [12.209069, 47.614308, 476.25],
          [12.209166, 47.613980, 477.5],
          [12.209227, 47.613700, 476.25],
          [12.209264, 47.613451, 475.75],
          [12.209292, 47.613103, 475.5],
          [12.209297, 47.612616, 476.0],
          [12.209273, 47.612363, 476.25],
          [12.209235, 47.612097, 476.5],
          [12.209172, 47.611820, 477.25],
          [12.209056, 47.611432, 476.25],
          [12.208945, 47.611110, 476.75],
          [12.208863, 47.610901, 477.0],
          [12.208663, 47.610453, 477.0],
          [12.208660, 47.610328, 477.0],
          [12.208699, 47.610175, 476.0],
          [12.208714, 47.610056, 476.0],
          [12.208709, 47.609854, 476.25],
          [12.208687, 47.609593, 476.75],
          [12.208663, 47.609513, 477.25],
          [12.208625, 47.609444, 477.75],
          [12.208476, 47.609316, 477.25],
          [12.208081, 47.609086, 477.75],
          [12.208050, 47.609065, 477.75],
          [12.207949, 47.608978, 477.75],
          [12.207806, 47.608850, 478.0],
          [12.207660, 47.608695, 477.5],
          [12.207550, 47.608518, 477.25],
          [12.207446, 47.608276, 477.75],
          [12.207379, 47.607989, 477.5],
          [12.207307, 47.607725, 477.25],
          [12.207215, 47.607464, 477.75],
          [12.207123, 47.607261, 477.5],
          [12.207011, 47.607060, 477.5],
          [12.206891, 47.606899, 478.0],
          [12.206751, 47.606761, 478.0],
          [12.206517, 47.606602, 477.75],
          [12.206355, 47.606534, 477.75],
          [12.206148, 47.606483, 478.25],
          [12.206002, 47.606462, 478.25],
          [12.204498, 47.606246, 478.5],
          [12.203972, 47.606103, 478.5],
          [12.203513, 47.605932, 478.75],
          [12.203028, 47.605760, 478.25],
          [12.202729, 47.605667, 479.25],
          [12.202347, 47.605569, 479.25],
          [12.201739, 47.605432, 478.5],
          [12.200893, 47.605311, 478.75],
          [12.200108, 47.605223, 478.25],
          [12.198944, 47.605071, 479.0],
          [12.196989, 47.604865, 479.25],
          [12.196435, 47.604801, 479.75],
          [12.194341, 47.604518, 479.75],
          [12.193797, 47.604464, 477.75],
          [12.193428, 47.604443, 478.5],
          [12.193019, 47.604443, 478.75],
          [12.190675, 47.604343, 477.0],
          [12.189597, 47.604324, 476.5],
          [12.186692, 47.604325, 477.25],
          [12.186480, 47.604322, 477.25],
          [12.186278, 47.604306, 477.25],
          [12.185967, 47.604248, 477.0],
          [12.185786, 47.604205, 477.0],
          [12.185632, 47.604164, 477.5],
          [12.184907, 47.603981, 477.5],
          [12.184510, 47.603869, 478.0],
          [12.184378, 47.603819, 477.75],
          [12.184235, 47.603740, 477.5],
          [12.183880, 47.603445, 478.0],
          [12.183703, 47.603349, 478.5],
          [12.182898, 47.603058, 478.25],
          [12.182579, 47.602934, 478.75],
          [12.182258, 47.602784, 479.0],
          [12.181845, 47.602577, 479.75],
          [12.181452, 47.602361, 479.25],
          [12.181054, 47.602177, 479.0],
          [12.180825, 47.602079, 479.0],
          [12.180225, 47.601732, 480.0],
          [12.179903, 47.601527, 479.75],
          [12.179743, 47.601405, 480.0],
          [12.179249, 47.600983, 478.25],
          [12.178992, 47.600727, 478.0],
          [12.178503, 47.600292, 478.0],
          [12.178462, 47.600246, 477.75],
          [12.178443, 47.600181, 477.75],
          [12.178459, 47.600127, 477.75],
          [12.178491, 47.600091, 478.0],
          [12.179133, 47.599621, 479.0],
          [12.179093, 47.599589, 479.0],
          [12.178894, 47.599457, 479.75],
          [12.178844, 47.599422, 479.75],
          [12.178393, 47.599731, 478.5],
          [12.178289, 47.599794, 478.25],
          [12.178205, 47.599822, 478.25],
          [12.178117, 47.599832, 478.0],
          [12.178038, 47.599828, 478.0],
          [12.177962, 47.599812, 478.25],
          [12.177890, 47.599787, 478.5],
          [12.177748, 47.599717, 478.75],
          [12.177355, 47.599487, 478.75],
          [12.177092, 47.599315, 478.25],
          [12.176860, 47.599155, 478.75],
          [12.176637, 47.598985, 479.0],
          [12.175856, 47.598353, 479.0],
          [12.175560, 47.598072, 479.75],
          [12.173526, 47.595856, 479.75],
          [12.173247, 47.595631, 479.5],
          [12.171897, 47.594777, 479.25],
          [12.171529, 47.594483, 479.0],
          [12.171280, 47.594375, 478.75],
          [12.171118, 47.594275, 478.75],
          [12.171000, 47.594205, 479.5],
          [12.170848, 47.594155, 479.75],
          [12.170072, 47.593718, 479.25],
          [12.169203, 47.593267, 478.75],
          [12.168451, 47.592899, 478.75],
          [12.168200, 47.592756, 479.0],
          [12.167961, 47.592611, 478.75],
          [12.167835, 47.592516, 479.0],
          [12.167666, 47.592373, 479.0],
          [12.167301, 47.592021, 481.0],
          [12.167203, 47.591892, 480.0],
          [12.167086, 47.591674, 479.75],
          [12.166912, 47.591215, 479.25],
          [12.166876, 47.591086, 479.25],
          [12.166827, 47.590520, 480.25],
          [12.166826, 47.590090, 479.75],
          [12.166849, 47.589772, 479.25],
          [12.166876, 47.589537, 480.0],
          [12.166923, 47.589343, 480.75],
          [12.166985, 47.588978, 480.25],
          [12.167186, 47.588194, 480.5],
          [12.167113, 47.588182, 479.75],
          [12.165703, 47.588004, 478.75],
          [12.165609, 47.587992, 479.5],
          [12.165682, 47.587923, 479.0],
          [12.165726, 47.587819, 478.75],
          [12.166072, 47.586568, 480.0],
          [12.166133, 47.586279, 480.0],
          [12.166252, 47.586075, 479.25],
          [12.166489, 47.585281, 479.25],
          [12.166541, 47.585233, 478.75],
          [12.166610, 47.585017, 478.25],
          [12.166693, 47.584685, 479.75],
          [12.166789, 47.584168, 479.5],
          [12.166871, 47.583539, 479.5],
          [12.166890, 47.583081, 479.5],
          [12.166911, 47.583000, 479.25],
          [12.166849, 47.582573, 479.25],
          [12.166796, 47.582351, 479.5],
          [12.166745, 47.582104, 480.0],
          [12.166684, 47.581905, 480.25],
          [12.166578, 47.581613, 479.25],
          [12.166323, 47.581076, 480.25],
          [12.166168, 47.580878, 481.25],
          [12.165978, 47.580685, 480.5],
          [12.165884, 47.580604, 480.0],
          [12.165765, 47.580504, 480.25],
          [12.165472, 47.580300, 480.75],
          [12.164959, 47.579969, 481.0],
          [12.164886, 47.579938, 481.25],
          [12.164770, 47.579911, 481.5],
          [12.164694, 47.579885, 481.5],
          [12.164188, 47.579635, 481.75],
          [12.163694, 47.579417, 481.5],
          [12.162771, 47.579137, 482.25],
          [12.160909, 47.578501, 481.5],
          [12.158311, 47.577663, 483.75],
          [12.157589, 47.577419, 482.5],
          [12.157168, 47.577307, 482.25],
          [12.156752, 47.577222, 483.25],
          [12.154886, 47.576725, 482.25],
          [12.153421, 47.576445, 482.25],
          [12.153098, 47.576396, 483.0],
          [12.151942, 47.576330, 483.5],
          [12.151623, 47.576284, 482.25],
          [12.151526, 47.576277, 481.75],
          [12.150926, 47.576276, 481.5],
          [12.150602, 47.576262, 481.25],
          [12.149556, 47.576170, 480.5],
          [12.149194, 47.576128, 481.75],
          [12.148802, 47.576071, 482.75],
          [12.148449, 47.576002, 483.25],
          [12.148188, 47.575981, 483.5],
          [12.148032, 47.575958, 483.25],
          [12.147595, 47.575840, 483.5],
          [12.147033, 47.575648, 483.5],
          [12.146918, 47.575593, 483.25],
          [12.146723, 47.575469, 484.25],
          [12.146645, 47.575382, 485.25],
          [12.146764, 47.575325, 484.5],
          [12.146789, 47.575293, 484.5],
          [12.146798, 47.575251, 484.25],
          [12.146788, 47.575195, 484.25],
          [12.146445, 47.574735, 484.75],
          [12.146204, 47.574530, 486.5],
          [12.145965, 47.574214, 486.75],
          [12.145747, 47.573877, 486.0],
          [12.145642, 47.573616, 483.75],
          [12.145563, 47.573460, 483.25],
          [12.145311, 47.573101, 483.5],
          [12.145160, 47.572918, 484.0],
          [12.144607, 47.572174, 484.0],
          [12.144360, 47.571827, 483.5],
          [12.143994, 47.571271, 483.5],
          [12.143746, 47.570831, 483.5],
          [12.143560, 47.570478, 483.25],
          [12.143459, 47.570264, 483.5],
          [12.143395, 47.570085, 483.0],
          [12.143319, 47.569763, 483.25],
          [12.143315, 47.569625, 483.25],
          [12.143346, 47.569517, 483.0],
          [12.143399, 47.569417, 483.5],
          [12.143481, 47.569322, 484.5],
          [12.143608, 47.569227, 483.75],
          [12.143942, 47.569029, 485.0],
          [12.143994, 47.568973, 484.75],
          [12.144014, 47.568912, 484.5],
          [12.143927, 47.568674, 483.75],
          [12.143903, 47.568610, 483.5],
          [12.143679, 47.568181, 483.0],
          [12.143626, 47.568130, 483.75],
          [12.143569, 47.568104, 484.0],
          [12.143496, 47.568090, 484.0],
          [12.143385, 47.568100, 484.0],
          [12.143323, 47.568100, 483.75],
          [12.143255, 47.568090, 483.5],
          [12.143193, 47.568052, 483.25],
          [12.143152, 47.567994, 483.25],
          [12.143088, 47.567860, 483.5],
          [12.143013, 47.567730, 483.75],
          [12.142702, 47.567241, 483.25],
          [12.142248, 47.566427, 483.5],
          [12.142174, 47.566312, 484.0],
          [12.141902, 47.565968, 483.5],
          [12.141004, 47.564759, 484.25],
          [12.140809, 47.564539, 484.25],
          [12.140701, 47.564239, 484.5],
          [12.140526, 47.564064, 484.5],
          [12.140297, 47.563877, 484.0],
          [12.140197, 47.563765, 484.75],
          [12.140059, 47.563431, 484.25],
          [12.139942, 47.563013, 485.0],
          [12.139862, 47.562865, 484.25],
          [12.139738, 47.562701, 484.0],
          [12.139526, 47.562459, 484.5],
          [12.139459, 47.562398, 484.5],
          [12.139525, 47.562362, 484.5],
          [12.139573, 47.562323, 484.25],
          [12.139627, 47.562264, 484.5],
          [12.139610, 47.562199, 484.5],
          [12.139493, 47.562063, 484.5],
          [12.139182, 47.561760, 484.75],
          [12.139007, 47.561626, 484.25],
          [12.138704, 47.561424, 484.75],
          [12.137963, 47.560962, 487.75],
          [12.137864, 47.560918, 488.5],
          [12.137742, 47.560877, 490.0],
          [12.137595, 47.560799, 489.75],
          [12.137524, 47.560746, 489.0],
          [12.137470, 47.560694, 488.25],
          [12.137417, 47.560627, 487.5],
          [12.137287, 47.560432, 487.75],
          [12.137214, 47.560360, 487.75],
          [12.137085, 47.560276, 487.75],
          [12.136652, 47.560063, 487.75],
          [12.136262, 47.559902, 487.75],
          [12.135886, 47.559755, 487.75],
          [12.135053, 47.559483, 488.0],
          [12.134310, 47.559151, 487.75],
          [12.133733, 47.558870, 486.75],
          [12.132249, 47.557898, 487.0],
          [12.131490, 47.557430, 486.75],
          [12.130711, 47.556968, 487.5],
          [12.129788, 47.556461, 487.5],
          [12.128499, 47.555733, 487.0],
          [12.127944, 47.555410, 487.0],
          [12.126645, 47.554588, 486.5],
          [12.126181, 47.554370, 487.0],
          [12.125771, 47.554092, 487.75],
          [12.125384, 47.553859, 487.75],
          [12.125003, 47.553583, 487.75],
          [12.124631, 47.553324, 488.25],
          [12.124289, 47.553022, 487.75],
          [12.123887, 47.552750, 487.75],
          [12.123521, 47.552444, 488.25],
          [12.122127, 47.551087, 488.25],
          [12.121705, 47.550656, 488.0],
          [12.120516, 47.549226, 488.25],
          [12.119737, 47.548114, 488.0],
          [12.119130, 47.547194, 488.0],
          [12.118024, 47.545403, 488.0],
          [12.117574, 47.544741, 487.75],
          [12.117184, 47.543776, 487.5],
          [12.117077, 47.543599, 487.5],
          [12.116956, 47.543445, 487.75],
          [12.115868, 47.542210, 487.75],
          [12.115440, 47.541848, 487.75],
          [12.114752, 47.541372, 487.75],
          [12.114231, 47.540949, 488.0],
          [12.113933, 47.540751, 488.25],
          [12.113535, 47.540556, 489.25],
          [12.113073, 47.540287, 488.75],
          [12.112609, 47.539961, 488.75],
          [12.112162, 47.539636, 488.75],
          [12.111618, 47.539226, 488.75],
          [12.110113, 47.538237, 489.5],
          [12.109330, 47.537748, 489.0],
          [12.108600, 47.537320, 490.0],
          [12.108011, 47.536999, 489.75],
          [12.107382, 47.536672, 489.0],
          [12.106399, 47.536192, 490.75],
          [12.105373, 47.535730, 490.0],
          [12.104822, 47.535489, 490.0],
          [12.104697, 47.535437, 490.25],
          [12.104319, 47.535395, 490.75],
          [12.104137, 47.535339, 490.5],
          [12.104065, 47.535291, 490.5],
          [12.103941, 47.535166, 490.25],
          [12.103829, 47.535095, 490.5],
          [12.103718, 47.535041, 490.25],
          [12.101219, 47.534270, 491.75],
          [12.100997, 47.534189, 490.25],
          [12.099916, 47.533676, 488.25],
          [12.099359, 47.533386, 489.0],
          [12.099251, 47.533322, 489.5],
          [12.099221, 47.533301, 489.5],
          [12.098901, 47.533069, 489.75],
          [12.098749, 47.532978, 488.75],
          [12.097748, 47.532522, 489.75],
          [12.097431, 47.532351, 488.5],
          [12.096684, 47.531947, 488.75],
          [12.096508, 47.531827, 488.25],
          [12.096299, 47.531724, 488.5],
          [12.095463, 47.531334, 488.75],
          [12.095076, 47.531140, 488.75],
          [12.094446, 47.530808, 489.75],
          [12.093534, 47.530277, 489.25],
          [12.093465, 47.530253, 489.25],
          [12.093375, 47.530237, 489.5],
          [12.093299, 47.530239, 489.75],
          [12.093221, 47.530084, 489.5],
          [12.093202, 47.530079, 489.5],
          [12.093097, 47.530102, 489.75],
          [12.092989, 47.530124, 490.0],
          [12.092961, 47.530117, 490.0],
          [12.092931, 47.530062, 490.0],
          [12.092886, 47.530024, 490.0],
          [12.092769, 47.530001, 490.0],
          [12.092716, 47.530010, 490.0],
          [12.092479, 47.530063, 490.0],
          [12.092444, 47.529991, 490.0],
          [12.090726, 47.529944, 490.0],
          [12.090069, 47.529887, 489.0],
          [12.089937, 47.529885, 489.5],
          [12.089760, 47.529907, 491.5],
          [12.089559, 47.529936, 492.25],
          [12.089464, 47.529941, 492.5],
          [12.089373, 47.529935, 492.75],
          [12.089160, 47.529897, 492.5],
          [12.088251, 47.529729, 492.0],
          [12.088012, 47.529685, 492.0],
          [12.087933, 47.529670, 492.0],
          [12.087613, 47.529608, 492.5],
          [12.086042, 47.529303, 494.0],
          [12.085677, 47.529215, 494.25],
          [12.085393, 47.529121, 494.25],
          [12.085100, 47.528999, 494.5],
          [12.084752, 47.528816, 495.0],
          [12.084041, 47.528370, 495.0],
          [12.083311, 47.527923, 495.0],
          [12.082995, 47.527697, 495.0],
          [12.082654, 47.527399, 495.25],
          [12.080709, 47.525676, 495.0],
          [12.080653, 47.525636, 495.0],
          [12.080581, 47.525621, 495.0],
          [12.080494, 47.525620, 494.5],
          [12.079641, 47.525774, 494.0],
          [12.079228, 47.525838, 495.0],
          [12.078978, 47.525866, 495.0],
          [12.078678, 47.525875, 495.0],
          [12.078425, 47.525882, 494.5],
          [12.077713, 47.525881, 494.25],
          [12.077316, 47.525873, 494.25],
          [12.076973, 47.525850, 494.0],
          [12.076695, 47.525819, 493.5],
          [12.076042, 47.525714, 493.75],
          [12.075556, 47.525609, 494.0],
          [12.075069, 47.525462, 492.25],
          [12.074582, 47.525287, 493.5],
          [12.074188, 47.525109, 493.0],
          [12.073789, 47.524898, 493.0],
          [12.073342, 47.524616, 493.0],
          [12.072903, 47.524306, 493.25],
          [12.072358, 47.523892, 493.5],
          [12.071639, 47.523318, 493.75],
          [12.071201, 47.522928, 493.75],
          [12.071084, 47.522801, 494.25],
          [12.070991, 47.522677, 493.25],
          [12.070775, 47.522326, 493.5],
          [12.070663, 47.522051, 492.75],
          [12.070599, 47.521799, 493.5],
          [12.070555, 47.521488, 495.0],
          [12.070566, 47.521202, 494.75],
          [12.070621, 47.520883, 493.75],
          [12.070735, 47.520557, 494.75],
          [12.070928, 47.520237, 494.5],
          [12.071205, 47.519914, 494.25],
          [12.071399, 47.519717, 494.75],
          [12.071525, 47.519607, 494.0],
          [12.071843, 47.519371, 494.0],
          [12.072196, 47.519137, 495.0],
          [12.072245, 47.519092, 494.75],
          [12.072272, 47.519051, 494.75],
          [12.072272, 47.519002, 494.75],
          [12.072226, 47.518931, 494.75],
          [12.069604, 47.517190, 494.75],
          [12.069491, 47.517074, 494.25],
          [12.069285, 47.516803, 494.0],
          [12.068681, 47.515761, 494.0],
          [12.068007, 47.514620, 495.0],
          [12.067794, 47.514205, 495.75],
          [12.067054, 47.512587, 498.25],
          [12.066993, 47.512495, 498.75],
          [12.066787, 47.511953, 498.5],
          [12.066696, 47.511618, 499.0],
          [12.066622, 47.511265, 499.0],
          [12.066612, 47.511146, 499.0],
          [12.066616, 47.511027, 498.75],
          [12.066627, 47.510884, 498.75],
          [12.066659, 47.510697, 498.75],
          [12.066746, 47.510283, 499.0],
          [12.066809, 47.509967, 498.75],
          [12.066830, 47.509861, 498.75],
          [12.066922, 47.509407, 499.0],
          [12.066939, 47.509310, 499.0],
          [12.066954, 47.509209, 499.0],
          [12.066939, 47.509099, 499.0],
          [12.066887, 47.508993, 499.0],
          [12.066086, 47.508358, 499.0],
          [12.065564, 47.507935, 499.0],
          [12.065239, 47.507661, 499.0],
          [12.065134, 47.507570, 499.0],
          [12.064884, 47.507362, 499.25],
          [12.064850, 47.507333, 499.5],
          [12.064911, 47.507300, 499.25],
          [12.065009, 47.507243, 499.0],
          [12.065145, 47.507145, 498.75],
          [12.065304, 47.507013, 498.0],
          [12.065453, 47.506850, 498.0],
          [12.065641, 47.506595, 498.25],
          [12.065733, 47.506462, 499.0],
          [12.065909, 47.506204, 498.25],
          [12.066518, 47.505430, 498.5],
          [12.066603, 47.505310, 499.5],
          [12.066699, 47.505176, 499.5],
          [12.066889, 47.504945, 498.75],
          [12.067762, 47.503842, 499.0],
          [12.067978, 47.503607, 499.0],
          [12.068249, 47.503355, 499.5],
          [12.068529, 47.503139, 499.75],
          [12.068456, 47.503091, 499.75],
          [12.067093, 47.501958, 499.0],
          [12.066964, 47.501787, 499.5],
          [12.066893, 47.501650, 500.0],
          [12.066846, 47.501561, 500.75],
          [12.066789, 47.501270, 502.25],
          [12.066710, 47.501181, 502.5],
          [12.066554, 47.501073, 503.0],
          [12.066209, 47.500888, 503.0],
          [12.066038, 47.500761, 503.0],
          [12.065984, 47.500705, 503.0],
          [12.065943, 47.500649, 503.0],
          [12.065894, 47.500534, 503.0],
          [12.065881, 47.500462, 503.0],
          [12.065884, 47.500408, 503.0],
          [12.065922, 47.500323, 503.0],
          [12.066012, 47.500228, 503.0],
          [12.067423, 47.499233, 504.5],
          [12.067624, 47.499043, 504.75],
          [12.067783, 47.498847, 504.75],
          [12.067891, 47.498653, 504.5],
          [12.067958, 47.498473, 504.0],
          [12.067991, 47.498333, 503.75],
          [12.067998, 47.498154, 503.75],
          [12.067983, 47.498021, 503.5],
          [12.067943, 47.497804, 502.5],
          [12.067701, 47.496859, 505.0],
          [12.067640, 47.496666, 509.5],
          [12.067478, 47.496196, 507.0],
          [12.067396, 47.495992, 504.0],
          [12.067370, 47.495897, 503.5],
          [12.067333, 47.495590, 502.25],
          [12.067294, 47.495314, 503.75],
          [12.067265, 47.495245, 504.0],
          [12.067385, 47.495222, 504.0],
          [12.067428, 47.495226, 504.0],
          [12.067592, 47.495327, 504.0],
          [12.067701, 47.495354, 504.25],
          [12.068124, 47.495309, 503.5],
          [12.068189, 47.495102, 504.25],
          [12.068209, 47.495031, 504.25],
          [12.068226, 47.494937, 504.25],
          [12.068242, 47.494731, 504.5],
          [12.068255, 47.494584, 504.5],
          [12.068084, 47.494461, 504.0],
          [12.068034, 47.494417, 504.0],
          [12.067974, 47.494327, 504.0],
          [12.067946, 47.494280, 504.0],
          [12.067919, 47.494232, 504.0],
          [12.068043, 47.494207, 504.0],
          [12.068113, 47.494187, 504.0],
          [12.068254, 47.494139, 504.0],
          [12.068874, 47.493847, 505.0],
          [12.068805, 47.493784, 505.25],
          [12.068781, 47.493762, 505.25],
          [12.068107, 47.493316, 505.0],
          [12.067958, 47.493212, 505.25],
          [12.067284, 47.492745, 505.25],
          [12.067154, 47.492691, 505.25],
          [12.067079, 47.492661, 505.25],
          [12.066987, 47.492600, 505.5],
          [12.066677, 47.492396, 505.25],
          [12.066277, 47.492115, 506.0],
          [12.065605, 47.491645, 506.0],
          [12.065513, 47.491581, 506.25],
          [12.065487, 47.491563, 506.25],
          [12.064210, 47.490695, 506.0],
          [12.063548, 47.490245, 505.75],
          [12.063146, 47.489983, 505.5],
          [12.062494, 47.489574, 506.0],
          [12.062532, 47.489551, 506.0],
          [12.062593, 47.489476, 506.0],
          [12.062674, 47.489383, 506.0],
          [12.062711, 47.489272, 506.25],
          [12.062331, 47.489108, 506.0],
          [12.061931, 47.488934, 505.0],
          [12.061812, 47.488884, 505.0],
          [12.061468, 47.488737, 505.0],
          [12.061331, 47.488678, 505.0],
          [12.061166, 47.488607, 505.0],
          [12.060917, 47.488501, 505.25],
          [12.060836, 47.488466, 505.5],
          [12.060770, 47.488439, 505.5],
          [12.060727, 47.488425, 505.75],
          [12.060708, 47.488440, 505.75],
          [12.060659, 47.488458, 505.75],
          [12.060621, 47.488461, 505.75],
          [12.060584, 47.488456, 505.75],
          [12.060550, 47.488442, 506.0],
          [12.060524, 47.488421, 506.0],
          [12.060510, 47.488396, 506.0],
          [12.060509, 47.488369, 506.0],
          [12.060520, 47.488344, 506.0],
          [12.060494, 47.488333, 506.0],
          [12.060471, 47.488322, 506.0],
          [12.060452, 47.488315, 506.0],
          [12.060383, 47.488283, 506.0],
          [12.060339, 47.488265, 506.0],
          [12.060247, 47.488264, 505.75],
          [12.060176, 47.488270, 505.5],
          [12.060104, 47.488285, 505.25],
          [12.060023, 47.488314, 505.0],
          [12.059850, 47.488390, 504.75],
          [12.059582, 47.488505, 504.5],
          [12.059478, 47.488532, 504.25],
          [12.059411, 47.488537, 504.0],
          [12.059342, 47.488530, 504.0],
          [12.059107, 47.488488, 503.75],
          [12.058971, 47.488456, 503.5],
          [12.058791, 47.488399, 502.75],
          [12.058588, 47.488321, 501.75],
          [12.058469, 47.488264, 501.5],
          [12.058399, 47.488198, 501.5],
          [12.058368, 47.488147, 501.5],
          [12.058340, 47.488095, 501.75],
          [12.058264, 47.487879, 501.5],
          [12.058202, 47.487752, 501.5],
          [12.058039, 47.487674, 501.0],
          [12.057928, 47.487541, 501.0],
          [12.057353, 47.487098, 500.25],
          [12.057285, 47.486925, 500.0],
          [12.056526, 47.486405, 500.0],
          [12.055810, 47.485974, 500.75],
          [12.055305, 47.485701, 500.75],
          [12.055225, 47.485660, 500.75],
          [12.054887, 47.485497, 500.25],
          [12.054327, 47.485233, 500.25],
          [12.053812, 47.484992, 500.25],
          [12.053643, 47.484911, 500.5],
          [12.053395, 47.484797, 500.25],
          [12.052895, 47.484564, 500.0],
          [12.052181, 47.484230, 500.0],
          [12.051520, 47.483922, 500.0],
          [12.051375, 47.483888, 500.0],
          [12.050905, 47.483813, 501.75],
          [12.050764, 47.483764, 502.0],
          [12.050677, 47.483728, 502.0],
          [12.050650, 47.483717, 502.0],
          [12.050283, 47.483569, 501.0],
          [12.050237, 47.483527, 500.75],
          [12.050087, 47.483657, 500.25],
          [12.049895, 47.483889, 500.0],
          [12.049808, 47.483948, 499.5],
          [12.049731, 47.483982, 499.0],
          [12.049646, 47.484007, 499.0],
          [12.049562, 47.484023, 499.0],
          [12.047800, 47.484173, 499.75],
          [12.047661, 47.484115, 499.75],
          [12.046272, 47.483773, 499.75],
          [12.045658, 47.483710, 499.75],
          [12.045303, 47.483637, 500.0],
          [12.044403, 47.483434, 499.5],
          [12.044157, 47.483386, 500.0],
          [12.043082, 47.483243, 499.0],
          [12.042711, 47.483184, 499.25],
          [12.042546, 47.483142, 500.0],
          [12.042290, 47.483007, 500.0],
          [12.042187, 47.482982, 500.0],
          [12.041520, 47.483021, 500.0],
          [12.041268, 47.483011, 499.5],
          [12.041026, 47.482986, 499.25],
          [12.040493, 47.482914, 499.5],
          [12.039794, 47.482870, 500.5],
          [12.038264, 47.482709, 499.25],
          [12.037073, 47.482517, 500.5],
          [12.036928, 47.482471, 500.75],
          [12.036566, 47.482471, 500.0],
          [12.036188, 47.482488, 500.0],
          [12.036101, 47.482486, 499.75],
          [12.035265, 47.482400, 499.25],
          [12.035137, 47.482376, 499.5],
          [12.034289, 47.482296, 500.5],
          [12.033208, 47.482179, 500.0],
          [12.032876, 47.482154, 500.0],
          [12.032208, 47.482076, 500.25],
          [12.031532, 47.482011, 501.0],
          [12.031349, 47.481987, 500.25],
          [12.030960, 47.481912, 500.0],
          [12.030728, 47.481842, 500.0],
          [12.030166, 47.481730, 500.5],
          [12.029836, 47.481682, 501.0],
          [12.028925, 47.481588, 500.25],
          [12.028726, 47.481518, 500.5],
          [12.028655, 47.481506, 500.5],
          [12.028561, 47.481513, 500.75],
          [12.028371, 47.481537, 502.0],
          [12.028118, 47.481611, 502.5],
          [12.028000, 47.481621, 502.5],
          [12.027874, 47.481620, 502.0],
          [12.027793, 47.481608, 502.0],
          [12.027716, 47.481578, 502.25],
          [12.027540, 47.481461, 501.75],
          [12.027417, 47.481429, 500.75],
          [12.027228, 47.481408, 500.0],
          [12.026874, 47.481405, 500.75],
          [12.026827, 47.481393, 500.5],
          [12.026799, 47.481375, 500.5],
          [12.026783, 47.481353, 500.25],
          [12.026777, 47.481321, 500.5],
          [12.026856, 47.480851, 501.0],
          [12.026821, 47.480723, 501.0],
          [12.026811, 47.480543, 501.5],
          [12.026800, 47.480507, 501.5],
          [12.026779, 47.480484, 501.75],
          [12.026689, 47.480450, 502.25],
          [12.026641, 47.480426, 502.25],
          [12.026623, 47.480406, 502.25],
          [12.026623, 47.480355, 502.5],
          [12.026646, 47.480278, 502.75],
          [12.026649, 47.480212, 502.5],
          [12.026626, 47.480172, 502.5],
          [12.026595, 47.480141, 502.25],
          [12.026533, 47.480110, 502.0],
          [12.026449, 47.480094, 502.0],
          [12.026028, 47.480069, 501.75],
          [12.024914, 47.479893, 501.0],
          [12.024378, 47.479749, 501.0],
          [12.024013, 47.479690, 501.0],
          [12.023966, 47.479683, 501.0],
          [12.023790, 47.479660, 501.0],
          [12.023215, 47.479469, 501.0],
          [12.022897, 47.479394, 501.0],
          [12.022733, 47.479371, 501.0],
          [12.022564, 47.479360, 501.0],
          [12.022294, 47.479354, 501.0],
          [12.021887, 47.479357, 501.0],
          [12.021730, 47.479373, 501.0],
          [12.021452, 47.479421, 501.0],
          [12.021182, 47.479479, 501.0],
          [12.020992, 47.479537, 501.0],
          [12.020807, 47.479608, 501.0],
          [12.020449, 47.479703, 501.5],
          [12.020198, 47.479741, 501.0],
          [12.019544, 47.479787, 501.25],
          [12.018414, 47.479832, 501.0],
          [12.018223, 47.479850, 501.0],
          [12.017773, 47.479920, 501.25],
          [12.016723, 47.480040, 501.75],
          [12.016480, 47.480044, 501.75],
          [12.016265, 47.480014, 501.75],
          [12.015971, 47.479947, 501.5],
          [12.015461, 47.479777, 501.75],
          [12.015383, 47.479760, 501.75],
          [12.015299, 47.479750, 501.75],
          [12.015115, 47.479748, 501.75],
          [12.014832, 47.479784, 501.75],
          [12.014639, 47.479798, 501.5],
          [12.014579, 47.479928, 501.25],
          [12.014517, 47.480036, 501.0],
          [12.014482, 47.480082, 501.0],
          [12.014433, 47.480122, 501.0],
          [12.014378, 47.480173, 501.25],
          [12.014356, 47.480208, 501.25],
          [12.014324, 47.480338, 501.75],
          [12.014283, 47.480501, 501.5],
          [12.014265, 47.480565, 501.25],
          [12.013660, 47.480488, 502.25],
          [12.008299, 47.479915, 503.5],
          [12.002687, 47.479324, 504.5],
          [12.002630, 47.479316, 504.75],
          [11.995961, 47.478612, 505.25],
          [11.995978, 47.478541, 505.75],
          [11.996017, 47.478374, 506.0],
          [11.996032, 47.478297, 506.0],
          [11.995983, 47.478036, 506.0],
          [11.995874, 47.478045, 506.0],
          [11.995275, 47.478088, 507.0],
          [11.994964, 47.478082, 507.0],
          [11.994424, 47.478094, 506.5],
          [11.994161, 47.478089, 506.25],
          [11.993421, 47.478016, 507.5],
          [11.992824, 47.477932, 508.25],
          [11.992517, 47.477862, 508.5],
          [11.992251, 47.477768, 508.0],
          [11.992051, 47.477715, 508.0],
          [11.991918, 47.477687, 508.0],
          [11.991478, 47.477644, 508.25],
          [11.991204, 47.477627, 508.25],
          [11.990719, 47.477629, 509.0],
          [11.990502, 47.477650, 509.0],
          [11.990253, 47.477695, 509.75],
          [11.990161, 47.477706, 509.75],
          [11.990101, 47.477700, 509.5],
          [11.990051, 47.477684, 509.5],
          [11.990017, 47.477655, 509.75],
          [11.989993, 47.477615, 510.0],
          [11.989923, 47.477351, 509.75],
          [11.989749, 47.476785, 511.5],
          [11.989743, 47.476765, 511.5],
          [11.989694, 47.476771, 511.25],
          [11.989675, 47.476774, 511.25],
          [11.989445, 47.476800, 510.25],
          [11.989392, 47.476806, 510.5],
          [11.989250, 47.476816, 510.75],
          [11.989152, 47.476808, 511.0],
          [11.988694, 47.476773, 511.0],
          [11.987567, 47.476686, 510.75],
          [11.987227, 47.476659, 510.75],
          [11.987092, 47.476649, 511.0],
          [11.987026, 47.476881, 510.0],
          [11.987003, 47.477026, 509.75],
          [11.986976, 47.477102, 509.25],
          [11.986927, 47.477177, 509.0],
          [11.986883, 47.477225, 509.0],
          [11.986891, 47.477236, 509.0],
          [11.986888, 47.477262, 509.0],
          [11.986875, 47.477277, 509.0],
          [11.986851, 47.477284, 509.0],
          [11.986845, 47.477284, 509.0],
          [11.986829, 47.477338, 509.0],
          [11.986738, 47.477538, 508.25],
          [11.986718, 47.477606, 508.0],
          [11.986736, 47.477617, 508.25],
          [11.986745, 47.477638, 508.25],
          [11.986742, 47.477653, 508.0],
          [11.986716, 47.477672, 508.0],
          [11.986704, 47.477676, 508.0],
          [11.986678, 47.477675, 508.0],
          [11.986647, 47.477660, 508.0],
          [11.986642, 47.477628, 508.0],
          [11.986250, 47.477509, 508.75],
          [11.985892, 47.477440, 508.75],
          [11.985335, 47.477323, 509.75],
          [11.984612, 47.477142, 508.5],
          [11.983878, 47.476910, 509.0],
          [11.983157, 47.476637, 509.25],
          [11.982406, 47.476332, 509.5],
          [11.981784, 47.476063, 509.0],
          [11.981524, 47.475942, 509.0],
          [11.981345, 47.475859, 509.5],
          [11.980668, 47.475520, 509.5],
          [11.980111, 47.475270, 509.25],
          [11.979939, 47.475210, 509.0],
          [11.979848, 47.475183, 509.25],
          [11.979750, 47.475140, 509.25],
          [11.979421, 47.474973, 509.0],
          [11.978902, 47.474710, 510.0],
          [11.978585, 47.474568, 509.5],
          [11.978245, 47.474430, 511.25],
          [11.977905, 47.474309, 511.25],
          [11.977513, 47.474184, 515.5],
          [11.977183, 47.474089, 514.5],
          [11.977121, 47.474074, 515.0],
          [11.976945, 47.474028, 516.75],
          [11.976886, 47.474006, 516.75],
          [11.976841, 47.473987, 516.75],
          [11.976774, 47.473965, 516.5],
          [11.976725, 47.473958, 516.25],
          [11.976652, 47.473958, 516.0],
          [11.976559, 47.473977, 514.5],
          [11.976302, 47.474073, 512.25],
          [11.976202, 47.474092, 511.5],
          [11.976112, 47.474095, 511.0],
          [11.976011, 47.474088, 510.0],
          [11.975802, 47.474046, 509.0],
          [11.975646, 47.474015, 508.5],
          [11.975126, 47.474074, 506.0],
          [11.974780, 47.474165, 506.75],
          [11.974627, 47.474188, 506.5],
          [11.974573, 47.474188, 506.5],
          [11.974512, 47.474190, 506.25],
          [11.974322, 47.474173, 506.25],
          [11.974173, 47.474141, 506.75],
          [11.974064, 47.474107, 506.75],
          [11.973940, 47.474040, 506.25],
          [11.973763, 47.473901, 505.75],
          [11.973418, 47.473573, 506.25],
          [11.973284, 47.473458, 506.0],
          [11.973130, 47.473375, 506.5],
          [11.973027, 47.473340, 507.0],
          [11.972905, 47.473306, 506.75],
          [11.972759, 47.473279, 506.75],
          [11.972295, 47.473232, 506.5],
          [11.972010, 47.473197, 506.0],
          [11.971849, 47.473160, 505.75],
          [11.971746, 47.473125, 506.0],
          [11.971652, 47.473079, 506.0],
          [11.971513, 47.472989, 506.25],
          [11.971249, 47.472760, 505.5],
          [11.970854, 47.472382, 505.5],
          [11.970737, 47.472281, 505.25],
          [11.970597, 47.472182, 505.75],
          [11.970402, 47.472059, 506.0],
          [11.969700, 47.471670, 506.0],
          [11.969571, 47.471615, 506.25],
          [11.969469, 47.471583, 506.5],
          [11.969149, 47.471513, 505.75],
          [11.968481, 47.471423, 506.0],
          [11.967991, 47.471350, 506.0],
          [11.967771, 47.471308, 505.75],
          [11.967576, 47.471247, 505.5],
          [11.967187, 47.471066, 506.0],
          [11.966295, 47.470670, 506.0],
          [11.965920, 47.470476, 505.75],
          [11.965684, 47.470319, 505.5],
          [11.965519, 47.470197, 505.75],
          [11.965461, 47.470137, 505.75],
          [11.965410, 47.470077, 506.0],
          [11.964701, 47.469022, 506.25],
          [11.963563, 47.468518, 506.75],
          [11.955707, 47.465018, 507.0],
          [11.953371, 47.463997, 506.25],
          [11.951588, 47.463205, 507.5],
          [11.950545, 47.462753, 507.75],
          [11.947211, 47.461268, 507.5],
          [11.946927, 47.461158, 507.0],
          [11.946657, 47.461068, 507.75],
          [11.945940, 47.460859, 508.0],
          [11.938170, 47.458769, 508.75],
          [11.937979, 47.458733, 508.75],
          [11.937853, 47.458696, 509.5],
          [11.937714, 47.458657, 509.75],
          [11.936919, 47.458431, 508.75],
          [11.929436, 47.456411, 509.0],
          [11.929113, 47.456305, 509.0],
          [11.928691, 47.456104, 509.0],
          [11.928522, 47.455984, 509.0],
          [11.928142, 47.455644, 509.0],
          [11.926941, 47.456063, 510.0],
          [11.926646, 47.456158, 510.0],
          [11.926455, 47.456188, 510.0],
          [11.926291, 47.456201, 510.0],
          [11.925983, 47.456199, 510.0],
          [11.925727, 47.456163, 510.0],
          [11.924741, 47.455956, 510.0],
          [11.923414, 47.455654, 510.0],
          [11.923114, 47.455539, 510.5],
          [11.921433, 47.454665, 510.0],
          [11.919983, 47.453918, 510.0],
          [11.913343, 47.451382, 511.0],
          [11.913105, 47.451292, 511.75],
          [11.913026, 47.451261, 512.0],
          [11.912365, 47.450978, 511.75],
          [11.911881, 47.450783, 512.0],
          [11.911649, 47.450688, 512.0],
          [11.910687, 47.450288, 512.0],
          [11.909711, 47.449882, 512.0],
          [11.909421, 47.449766, 512.0],
          [11.909090, 47.449624, 512.0],
          [11.908811, 47.449507, 512.5],
          [11.908311, 47.449227, 512.0],
          [11.907972, 47.449016, 512.0],
          [11.906760, 47.448315, 512.0],
          [11.906223, 47.448004, 512.25],
          [11.906134, 47.447939, 512.0],
          [11.906065, 47.447866, 512.0],
          [11.905510, 47.447592, 512.0],
          [11.905271, 47.447446, 512.0],
          [11.904979, 47.447273, 512.0],
          [11.904929, 47.447244, 512.0],
          [11.904368, 47.446978, 513.0],
          [11.904289, 47.446934, 512.75],
          [11.904001, 47.446760, 512.5],
          [11.903956, 47.446732, 512.75],
          [11.903591, 47.446493, 513.0],
          [11.903009, 47.446106, 512.75],
          [11.902812, 47.445965, 512.5],
          [11.902736, 47.445894, 512.75],
          [11.902634, 47.445870, 512.75],
          [11.902432, 47.445800, 513.0],
          [11.902327, 47.445761, 513.0],
          [11.902073, 47.445655, 513.0],
          [11.901703, 47.445512, 512.0],
          [11.901232, 47.445358, 513.0],
          [11.900886, 47.445263, 512.75],
          [11.900755, 47.445226, 513.0],
          [11.900652, 47.445199, 513.0],
          [11.900588, 47.445182, 513.0],
          [11.900297, 47.445100, 513.0],
          [11.900246, 47.445081, 513.0],
          [11.900044, 47.445000, 513.0],
          [11.899838, 47.444917, 513.0],
          [11.899037, 47.444549, 513.0],
          [11.898804, 47.444465, 513.0],
          [11.898604, 47.444406, 513.0],
          [11.898166, 47.444284, 513.25],
          [11.897800, 47.444131, 513.75],
          [11.897282, 47.443854, 513.75],
          [11.897062, 47.443739, 514.0],
          [11.896922, 47.443676, 514.0],
          [11.896477, 47.443473, 514.0],
          [11.896305, 47.443383, 514.0],
          [11.895825, 47.443100, 513.75],
          [11.895700, 47.443010, 513.0],
          [11.895551, 47.442875, 513.25],
          [11.894848, 47.442053, 513.25],
          [11.894713, 47.441865, 513.75],
          [11.894582, 47.441656, 514.5],
          [11.894489, 47.441567, 515.0],
          [11.894439, 47.441531, 515.25],
          [11.894377, 47.441493, 515.25],
          [11.894313, 47.441466, 515.0],
          [11.894256, 47.441446, 515.0],
          [11.894310, 47.441360, 515.75],
          [11.894342, 47.441219, 515.25],
          [11.894337, 47.441151, 515.0],
          [11.894311, 47.441044, 514.75],
          [11.894271, 47.441063, 514.75],
          [11.894103, 47.441141, 514.75],
          [11.894025, 47.441160, 514.25],
          [11.893952, 47.441168, 513.75],
          [11.893890, 47.441163, 513.25],
          [11.893770, 47.441139, 512.5],
          [11.893113, 47.440461, 512.25],
          [11.893052, 47.440397, 512.5],
          [11.892917, 47.440258, 512.5],
          [11.892763, 47.440100, 513.25],
          [11.892047, 47.439398, 512.25],
          [11.891543, 47.438920, 513.75],
          [11.891280, 47.438730, 514.25],
          [11.891204, 47.438690, 514.75],
          [11.891058, 47.438615, 515.25],
          [11.890549, 47.438388, 515.0],
          [11.890172, 47.438258, 514.25],
          [11.889847, 47.438160, 514.25],
          [11.889556, 47.438085, 515.5],
          [11.889310, 47.438045, 515.5],
          [11.888782, 47.437976, 513.75],
          [11.888432, 47.437955, 514.0],
          [11.888103, 47.437946, 514.0],
          [11.886917, 47.438021, 515.0],
          [11.885791, 47.438105, 515.25],
          [11.885046, 47.438151, 514.5],
          [11.884320, 47.438154, 514.5],
          [11.883721, 47.438139, 514.75],
          [11.883143, 47.438087, 516.25],
          [11.882819, 47.438116, 516.5],
          [11.882533, 47.438065, 515.0],
          [11.882438, 47.438005, 514.75],
          [11.881718, 47.437861, 514.75],
          [11.881146, 47.437717, 515.25],
          [11.880595, 47.437550, 515.25],
          [11.880142, 47.437379, 514.75],
          [11.879861, 47.437264, 515.75],
          [11.879378, 47.437042, 515.0],
          [11.878595, 47.436605, 515.75],
          [11.878031, 47.436228, 516.5],
          [11.877293, 47.435667, 517.75],
          [11.876886, 47.435231, 520.0],
          [11.876537, 47.434920, 519.75],
          [11.876269, 47.434635, 520.25],
          [11.875987, 47.434335, 519.75],
          [11.875883, 47.434202, 519.75],
          [11.875853, 47.434077, 521.0],
          [11.875610, 47.433879, 519.75],
          [11.875356, 47.433591, 519.5],
          [11.875314, 47.433493, 519.25],
          [11.875265, 47.433377, 519.5],
          [11.874592, 47.432674, 518.0],
          [11.874466, 47.432559, 517.75],
          [11.874353, 47.432487, 518.0],
          [11.874283, 47.432479, 518.0],
          [11.874196, 47.432454, 518.0],
          [11.874137, 47.432407, 517.75],
          [11.873866, 47.432089, 517.75],
          [11.873557, 47.431802, 517.5],
          [11.873214, 47.431437, 517.25],
          [11.872940, 47.431130, 517.0],
          [11.872713, 47.430813, 518.0],
          [11.872601, 47.430593, 517.5],
          [11.872572, 47.430492, 517.5],
          [11.872547, 47.430234, 518.5],
          [11.872497, 47.430020, 519.75],
          [11.872450, 47.429880, 519.25],
          [11.872313, 47.429657, 518.5],
          [11.872244, 47.429431, 518.0],
          [11.872166, 47.429316, 518.0],
          [11.872157, 47.429303, 518.0],
          [11.872088, 47.429131, 518.5],
          [11.871924, 47.428864, 518.75],
          [11.871882, 47.428826, 518.25],
          [11.871823, 47.428796, 517.75],
          [11.871800, 47.428775, 517.75],
          [11.871791, 47.428748, 517.75],
          [11.871799, 47.428703, 518.0],
          [11.871770, 47.428610, 518.25],
          [11.871606, 47.428492, 518.5],
          [11.871346, 47.428175, 518.5],
          [11.871202, 47.427989, 518.75],
          [11.870909, 47.427679, 519.25],
          [11.870628, 47.427417, 519.0],
          [11.870465, 47.427295, 519.25],
          [11.870323, 47.427208, 519.25],
          [11.870158, 47.427120, 517.75],
          [11.869764, 47.426910, 518.75],
          [11.869544, 47.426817, 517.75],
          [11.867774, 47.426186, 518.0],
          [11.867155, 47.426003, 517.75],
          [11.865820, 47.425642, 518.5],
          [11.865207, 47.425470, 518.25],
          [11.864930, 47.425394, 518.0],
          [11.864333, 47.425232, 519.0],
          [11.863293, 47.424929, 518.5],
          [11.862935, 47.424797, 518.5],
          [11.861822, 47.424303, 518.0],
          [11.861037, 47.423895, 519.5],
          [11.860739, 47.423753, 518.75],
          [11.860417, 47.423607, 519.75],
          [11.859952, 47.423382, 519.25],
          [11.859484, 47.423131, 519.25],
          [11.859025, 47.422863, 519.0],
          [11.858604, 47.422585, 519.5],
          [11.858130, 47.422255, 519.5],
          [11.857684, 47.421887, 519.25],
          [11.857291, 47.421541, 519.25],
          [11.856933, 47.421189, 519.5],
          [11.856726, 47.420960, 519.0],
          [11.856407, 47.420585, 519.5],
          [11.856084, 47.420202, 519.75],
          [11.855970, 47.420039, 519.75],
          [11.855716, 47.419576, 519.25],
          [11.855329, 47.418940, 520.5],
          [11.855148, 47.418687, 519.5],
          [11.854844, 47.418299, 519.75],
          [11.854292, 47.417686, 519.5],
          [11.853811, 47.417201, 520.5],
          [11.853265, 47.416683, 519.25],
          [11.852558, 47.416038, 519.25],
          [11.852131, 47.415687, 519.75],
          [11.850819, 47.414696, 520.5],
          [11.847661, 47.412454, 520.0],
          [11.847629, 47.412432, 519.75],
          [11.845563, 47.410972, 520.0],
          [11.845072, 47.410645, 520.75],
          [11.844934, 47.410556, 521.25],
          [11.844573, 47.410398, 523.5],
          [11.844166, 47.410130, 526.75],
          [11.843923, 47.409983, 523.75],
          [11.843720, 47.409885, 524.25],
          [11.843547, 47.409800, 522.75],
          [11.843456, 47.409748, 522.5],
          [11.843361, 47.409661, 522.25],
          [11.843287, 47.409571, 522.0],
          [11.843197, 47.409438, 522.5],
          [11.843164, 47.409389, 522.75],
          [11.843088, 47.409233, 522.75],
          [11.842995, 47.409096, 522.75],
          [11.842858, 47.409061, 521.75],
          [11.842759, 47.408979, 521.0],
          [11.842525, 47.409062, 521.0],
          [11.842359, 47.409110, 521.25],
          [11.842217, 47.409125, 521.75],
          [11.842133, 47.409119, 521.0],
          [11.842054, 47.409099, 520.25],
          [11.840018, 47.408163, 520.25],
          [11.839920, 47.408095, 521.0],
          [11.839809, 47.407985, 521.25],
          [11.839753, 47.407895, 521.5],
          [11.839589, 47.407554, 521.0],
          [11.839485, 47.407368, 521.25],
          [11.839228, 47.407076, 521.5],
          [11.839112, 47.406950, 521.75],
          [11.838824, 47.406666, 521.75],
          [11.838011, 47.405905, 522.5],
          [11.837189, 47.405156, 521.75],
          [11.837133, 47.405097, 521.75],
          [11.836947, 47.404897, 522.25],
          [11.836894, 47.404808, 522.0],
          [11.836865, 47.404739, 522.0],
          [11.836858, 47.404646, 522.0],
          [11.836881, 47.404395, 522.25],
          [11.836928, 47.404186, 522.75],
          [11.836993, 47.403979, 522.25],
          [11.837522, 47.402796, 521.75],
          [11.837697, 47.402369, 521.75],
          [11.837742, 47.402310, 522.25],
          [11.837888, 47.402180, 522.75],
          [11.837979, 47.402110, 522.25],
          [11.838041, 47.402003, 522.0],
          [11.838053, 47.401940, 522.0],
          [11.838181, 47.401975, 522.0],
          [11.838499, 47.402174, 524.25],
          [11.838650, 47.402229, 524.75],
          [11.838610, 47.402257, 524.5],
          [11.838532, 47.402244, 524.75],
          [11.838168, 47.402083, 522.75],
          [11.836843, 47.401422, 524.75],
          [11.836763, 47.401374, 525.5],
          [11.836589, 47.401220, 523.75],
          [11.836369, 47.401063, 522.75],
          [11.836535, 47.401115, 522.5],
          [11.836785, 47.401234, 523.5],
          [11.837060, 47.401389, 523.5],
          [11.836871, 47.401689, 522.5],
          [11.836843, 47.401889, 522.5],
          [11.836293, 47.402861, 522.5],
          [11.836193, 47.403117, 522.25],
          [11.836042, 47.403600, 522.0],
          [11.835946, 47.404180, 522.0],
          [11.835925, 47.404560, 522.0],
          [11.835925, 47.404608, 522.0],
          [11.836002, 47.405161, 522.0],
          [11.835995, 47.405200, 522.25],
          [11.835967, 47.405242, 522.25],
          [11.835920, 47.405276, 522.5],
          [11.835837, 47.405305, 522.75],
          [11.835326, 47.405349, 520.25],
          [11.835187, 47.405357, 520.5],
          [11.835113, 47.405367, 521.25],
          [11.835050, 47.405394, 521.75],
          [11.834829, 47.405567, 522.75],
          [11.834762, 47.405589, 522.5],
          [11.834698, 47.405591, 522.25],
          [11.834599, 47.405567, 522.25],
          [11.833520, 47.405166, 521.75],
          [11.832517, 47.404831, 522.0],
          [11.830860, 47.404313, 522.0],
          [11.830120, 47.404119, 522.75],
          [11.828896, 47.403834, 522.0],
          [11.828256, 47.403673, 521.5],
          [11.827423, 47.403430, 521.5],
          [11.826564, 47.403168, 521.5],
          [11.824759, 47.402605, 521.5],
          [11.824490, 47.402526, 523.25],
          [11.821517, 47.401602, 523.0],
          [11.821175, 47.401504, 522.5],
          [11.820821, 47.401413, 523.5],
          [11.820403, 47.401317, 523.25],
          [11.819815, 47.401223, 523.0],
          [11.819390, 47.401170, 522.75],
          [11.818603, 47.401128, 523.75],
          [11.817995, 47.401117, 523.75],
          [11.812607, 47.401155, 523.5],
          [11.812433, 47.401158, 523.5],
          [11.810618, 47.401168, 523.5],
          [11.809208, 47.401147, 523.5],
          [11.808984, 47.401129, 523.75],
          [11.808783, 47.401117, 524.25],
          [11.808169, 47.401037, 523.25],
          [11.807855, 47.400982, 522.5],
          [11.807581, 47.400923, 523.0],
          [11.807026, 47.400789, 524.0],
          [11.805820, 47.400482, 523.75],
          [11.805370, 47.400343, 523.75],
          [11.805111, 47.400249, 524.5],
          [11.804971, 47.400186, 525.0],
          [11.804823, 47.400134, 524.75],
          [11.804627, 47.400056, 524.75],
          [11.804273, 47.399912, 524.25],
          [11.803776, 47.399685, 524.5],
          [11.803474, 47.399531, 524.25],
          [11.803084, 47.399309, 524.0],
          [11.802735, 47.399091, 524.25],
          [11.802433, 47.398880, 524.5],
          [11.802046, 47.398579, 524.75],
          [11.801667, 47.398237, 524.75],
          [11.801301, 47.397866, 524.75],
          [11.800896, 47.397381, 525.0],
          [11.800525, 47.396803, 524.75],
          [11.800271, 47.396199, 525.25],
          [11.799894, 47.395354, 525.0],
          [11.799718, 47.395053, 525.75],
          [11.799545, 47.394846, 525.5],
          [11.799454, 47.394706, 525.75],
          [11.799365, 47.394592, 525.5],
          [11.798868, 47.394068, 525.75],
          [11.797726, 47.392967, 525.0],
          [11.796673, 47.392009, 524.5],
          [11.796454, 47.391858, 524.0],
          [11.796311, 47.391696, 524.25],
          [11.796219, 47.391601, 524.25],
          [11.796099, 47.391514, 525.0],
          [11.796061, 47.391471, 525.25],
          [11.796053, 47.391449, 525.5],
          [11.796055, 47.391420, 526.0],
          [11.796101, 47.391386, 526.75],
          [11.795996, 47.391280, 526.0],
          [11.795906, 47.391213, 526.0],
          [11.795791, 47.391106, 526.5],
          [11.795746, 47.391073, 526.0],
          [11.795703, 47.391062, 525.75],
          [11.795655, 47.391065, 525.25],
          [11.795611, 47.391052, 525.0],
          [11.795417, 47.390959, 525.25],
          [11.795257, 47.390861, 526.25],
          [11.795215, 47.390834, 526.0],
          [11.795049, 47.390726, 524.5],
          [11.795031, 47.390685, 524.75],
          [11.795040, 47.390640, 525.25],
          [11.795087, 47.390573, 526.25],
          [11.795083, 47.390518, 527.0],
          [11.795044, 47.390357, 528.25],
          [11.795001, 47.390295, 528.75],
          [11.794821, 47.390117, 529.75],
          [11.794626, 47.390034, 529.5],
          [11.794527, 47.390086, 529.0],
          [11.794492, 47.390090, 529.0],
          [11.794433, 47.390076, 529.0],
          [11.794406, 47.390044, 529.0],
          [11.794300, 47.390051, 527.75],
          [11.794165, 47.390123, 525.0],
          [11.793169, 47.390689, 525.0],
          [11.793043, 47.390747, 526.0],
          [11.792831, 47.390679, 526.0],
          [11.792684, 47.390613, 526.25],
          [11.791731, 47.390067, 524.75],
          [11.791536, 47.389968, 525.0],
          [11.791279, 47.389860, 524.5],
          [11.790515, 47.389627, 525.0],
          [11.789476, 47.389322, 525.25],
          [11.788026, 47.388919, 526.75],
          [11.786446, 47.388497, 525.75],
          [11.785975, 47.388401, 527.25],
          [11.785406, 47.388308, 528.5],
          [11.784679, 47.387960, 527.25],
          [11.784257, 47.387778, 527.25],
          [11.783846, 47.387578, 527.0],
          [11.782691, 47.386915, 527.25],
          [11.782266, 47.386730, 526.75],
          [11.781872, 47.386321, 527.25],
          [11.781289, 47.385815, 526.75],
          [11.780693, 47.385408, 527.5],
          [11.780445, 47.385201, 528.0],
          [11.780155, 47.384913, 527.0],
          [11.779986, 47.384790, 528.0],
          [11.779689, 47.384671, 527.75],
          [11.779334, 47.384487, 528.0],
          [11.779146, 47.384335, 526.75],
          [11.778896, 47.384222, 527.0],
          [11.778221, 47.384100, 527.0],
          [11.777691, 47.384059, 526.75],
          [11.777155, 47.384057, 526.75],
          [11.776627, 47.384099, 527.75],
          [11.776277, 47.384164, 528.5],
          [11.776016, 47.384232, 527.5],
          [11.775900, 47.384277, 527.25],
          [11.775745, 47.384346, 527.5],
          [11.775574, 47.384454, 529.0],
          [11.775449, 47.384534, 529.0],
          [11.775366, 47.384483, 528.5],
          [11.775290, 47.384479, 528.25],
          [11.775131, 47.384537, 527.75],
          [11.774491, 47.384813, 529.25],
          [11.773623, 47.385138, 528.0],
          [11.772969, 47.385332, 528.75],
          [11.772382, 47.385473, 528.75],
          [11.771634, 47.385625, 528.5],
          [11.770536, 47.385775, 529.75],
          [11.770097, 47.385812, 530.25],
          [11.769523, 47.385844, 530.0],
          [11.768605, 47.385857, 530.0],
          [11.767813, 47.385839, 530.0],
          [11.767242, 47.385801, 530.0],
          [11.766824, 47.385764, 529.75],
          [11.765690, 47.385613, 529.25],
          [11.764908, 47.385474, 529.75],
          [11.764249, 47.385322, 530.5],
          [11.763702, 47.385179, 529.75],
          [11.761799, 47.384604, 528.5],
          [11.761674, 47.384593, 529.0],
          [11.761376, 47.384647, 531.0],
          [11.761272, 47.384630, 531.5],
          [11.761078, 47.384433, 529.75],
          [11.761014, 47.384379, 529.25],
          [11.760933, 47.384333, 528.75],
          [11.760781, 47.384276, 528.5],
          [11.759611, 47.383922, 530.0],
          [11.759117, 47.383749, 530.5],
          [11.758439, 47.383478, 531.5],
          [11.756924, 47.382775, 531.0],
          [11.756492, 47.382544, 531.0],
          [11.756281, 47.382357, 530.25],
          [11.755879, 47.382145, 530.0],
          [11.754698, 47.381386, 530.0],
          [11.753726, 47.380729, 530.75],
          [11.752708, 47.379958, 530.0],
          [11.751618, 47.379099, 530.5],
          [11.751332, 47.378886, 530.75],
          [11.751162, 47.378727, 530.25],
          [11.750856, 47.378484, 529.75],
          [11.750525, 47.378287, 530.5],
          [11.750471, 47.378241, 530.5],
          [11.750435, 47.378197, 530.25],
          [11.750407, 47.378144, 530.25],
          [11.750391, 47.378067, 530.0],
          [11.750362, 47.378020, 530.0],
          [11.749909, 47.377689, 531.0],
          [11.749397, 47.377290, 530.75],
          [11.749027, 47.377039, 531.5],
          [11.748838, 47.376930, 531.25],
          [11.748640, 47.376835, 531.75],
          [11.748193, 47.376678, 531.0],
          [11.747686, 47.376537, 532.0],
          [11.747584, 47.376494, 531.75],
          [11.747365, 47.376371, 531.75],
          [11.747058, 47.376184, 531.75],
          [11.746567, 47.375854, 531.75],
          [11.746050, 47.375526, 531.75],
          [11.745297, 47.375014, 531.75],
          [11.744609, 47.374566, 531.75],
          [11.744259, 47.374355, 531.75],
          [11.743832, 47.374029, 531.5],
          [11.743010, 47.373508, 531.5],
          [11.741411, 47.372550, 531.25],
          [11.737985, 47.370527, 532.0],
          [11.737250, 47.370082, 531.5],
          [11.736943, 47.369908, 531.5],
          [11.736429, 47.369679, 532.75],
          [11.736231, 47.369579, 532.5],
          [11.735830, 47.369328, 532.25],
          [11.734465, 47.368531, 532.75],
          [11.733934, 47.368213, 532.25],
          [11.732330, 47.367279, 533.25],
          [11.731376, 47.366735, 533.5],
          [11.731068, 47.366605, 533.5],
          [11.730387, 47.366254, 533.5],
          [11.729753, 47.365963, 534.25],
          [11.729120, 47.365686, 534.25],
          [11.728392, 47.365357, 533.75],
          [11.727756, 47.365092, 534.25],
          [11.727169, 47.364897, 533.75],
          [11.726634, 47.364757, 533.75],
          [11.725817, 47.364615, 536.0],
          [11.725701, 47.364583, 535.75],
          [11.725531, 47.364523, 534.75],
          [11.725158, 47.364416, 533.75],
          [11.724152, 47.364212, 535.25],
          [11.723635, 47.364120, 534.5],
          [11.723373, 47.364045, 533.75],
          [11.723338, 47.364034, 533.75],
          [11.723538, 47.363854, 533.25],
          [11.723549, 47.363823, 533.25],
          [11.723540, 47.363790, 533.25],
          [11.723506, 47.363761, 533.5],
          [11.722304, 47.363368, 533.5],
          [11.722200, 47.363352, 533.25],
          [11.722116, 47.363302, 533.75],
          [11.720733, 47.362333, 534.5],
          [11.719818, 47.361669, 534.5],
          [11.719531, 47.361501, 533.75],
          [11.719204, 47.361332, 534.0],
          [11.718247, 47.360839, 534.0],
          [11.717511, 47.360490, 533.25],
          [11.715895, 47.359517, 534.25],
          [11.712349, 47.357943, 535.0],
          [11.711935, 47.357711, 535.5],
          [11.710286, 47.356685, 535.75],
          [11.710213, 47.356618, 535.25],
          [11.710131, 47.356543, 534.5],
          [11.708085, 47.355487, 534.75],
          [11.707220, 47.355030, 536.0],
          [11.706606, 47.354614, 534.75],
          [11.706149, 47.354279, 535.5],
          [11.705654, 47.353856, 535.5],
          [11.705528, 47.353799, 535.75],
          [11.705040, 47.353262, 536.5],
          [11.704838, 47.352984, 536.25],
          [11.704441, 47.352266, 536.0],
          [11.704160, 47.351806, 536.0],
          [11.704125, 47.351749, 536.0],
          [11.704095, 47.351680, 536.0],
          [11.704099, 47.351636, 536.0],
          [11.704132, 47.351551, 536.0],
          [11.704150, 47.351505, 536.0],
          [11.704161, 47.351415, 536.0],
          [11.704152, 47.351309, 536.0],
          [11.704151, 47.351292, 536.0],
          [11.704131, 47.350982, 536.0],
          [11.704119, 47.350779, 536.0],
          [11.704130, 47.350439, 536.0],
          [11.704185, 47.350093, 535.75],
          [11.704320, 47.349650, 534.5],
          [11.704688, 47.348395, 537.25],
          [11.704741, 47.348290, 537.5],
          [11.704760, 47.348244, 537.0],
          [11.704957, 47.347732, 534.75],
          [11.704954, 47.347597, 536.0],
          [11.704924, 47.347433, 537.0],
          [11.705627, 47.345982, 535.5],
          [11.705725, 47.345524, 535.75],
          [11.705691, 47.345108, 537.75],
          [11.705688, 47.345069, 538.0],
          [11.705822, 47.345063, 538.25],
          [11.705824, 47.345023, 538.5],
          [11.705830, 47.344679, 538.0],
          [11.705862, 47.344292, 537.5],
          [11.705887, 47.344040, 537.0],
          [11.705897, 47.343921, 537.0],
          [11.705914, 47.343760, 536.75],
          [11.705918, 47.343557, 536.75],
          [11.705911, 47.343422, 536.75],
          [11.705871, 47.343145, 537.25],
          [11.705860, 47.343064, 537.5],
          [11.705788, 47.342789, 537.0],
          [11.705754, 47.342653, 536.5],
          [11.705651, 47.342281, 536.5],
          [11.705424, 47.341500, 536.25],
          [11.705106, 47.340507, 536.25],
          [11.705056, 47.340416, 536.75],
          [11.704955, 47.340326, 537.5],
          [11.704580, 47.340176, 537.25],
          [11.703948, 47.339934, 537.0],
          [11.703753, 47.340031, 537.5],
          [11.703665, 47.340064, 537.75],
          [11.703192, 47.340238, 539.0],
          [11.703146, 47.340255, 539.0],
          [11.702456, 47.339279, 539.0],
          [11.702322, 47.339106, 539.0],
          [11.702151, 47.338928, 539.0],
          [11.702061, 47.338847, 538.75],
          [11.701813, 47.338615, 538.75],
          [11.701528, 47.338373, 539.75],
          [11.701503, 47.338352, 539.75],
          [11.701011, 47.337937, 540.0],
          [11.700914, 47.337841, 540.0],
          [11.700723, 47.337651, 540.0],
          [11.700392, 47.337352, 540.0],
          [11.700241, 47.337211, 540.0],
          [11.699993, 47.337199, 540.0],
          [11.699859, 47.337183, 540.5],
          [11.699726, 47.337149, 540.5],
          [11.699657, 47.337115, 540.5],
          [11.699593, 47.337071, 540.5],
          [11.699409, 47.336905, 541.0],
          [11.698386, 47.335895, 541.5],
          [11.698322, 47.335845, 541.75],
          [11.698205, 47.335781, 541.5],
          [11.697582, 47.335477, 541.0],
          [11.696787, 47.335105, 541.0],
          [11.696447, 47.334910, 541.0],
          [11.695903, 47.334587, 540.5],
          [11.695140, 47.334102, 541.0],
          [11.694682, 47.333767, 540.5],
          [11.694493, 47.333609, 540.75],
          [11.694408, 47.333592, 541.0],
          [11.694340, 47.333616, 541.0],
          [11.693890, 47.333905, 541.0],
          [11.691140, 47.330970, 540.75],
          [11.691081, 47.330922, 541.0],
          [11.690493, 47.330470, 541.0],
          [11.690024, 47.330130, 541.0],
          [11.689575, 47.329830, 540.75],
          [11.689154, 47.329564, 541.0],
          [11.688622, 47.329248, 541.0],
          [11.688156, 47.328992, 541.0],
          [11.687005, 47.328384, 541.75],
          [11.685634, 47.327642, 542.75],
          [11.685523, 47.327615, 543.0],
          [11.685395, 47.327613, 543.0],
          [11.685289, 47.327618, 543.0],
          [11.685203, 47.327648, 543.0],
          [11.684963, 47.327784, 543.0],
          [11.684501, 47.328076, 543.75],
          [11.684264, 47.328211, 544.0],
          [11.684118, 47.328130, 544.0],
          [11.683817, 47.327961, 544.25],
          [11.683611, 47.327864, 545.0],
          [11.683485, 47.327811, 545.0],
          [11.683381, 47.327775, 545.0],
          [11.682748, 47.327479, 547.0],
          [11.682488, 47.327378, 547.0],
          [11.682032, 47.327208, 547.5],
          [11.681849, 47.327148, 547.25],
          [11.681391, 47.326963, 547.0],
          [11.681209, 47.326888, 547.0],
          [11.680915, 47.326728, 547.0],
          [11.680576, 47.326515, 547.0],
          [11.680460, 47.326428, 547.0],
          [11.680297, 47.326287, 547.0],
          [11.680317, 47.326205, 547.0],
          [11.680377, 47.326031, 547.0],
          [11.680380, 47.325915, 547.0],
          [11.680191, 47.325663, 547.0],
          [11.679884, 47.325255, 547.0],
          [11.679833, 47.325186, 546.5],
          [11.679720, 47.325086, 545.0],
          [11.679628, 47.325058, 545.0],
          [11.679505, 47.325049, 545.25],
          [11.679368, 47.325051, 545.5],
          [11.678842, 47.325159, 545.0],
          [11.678765, 47.325172, 545.0],
          [11.678606, 47.325131, 543.75],
          [11.678489, 47.325081, 543.5],
          [11.678406, 47.325029, 543.25],
          [11.678133, 47.324731, 542.75],
          [11.678167, 47.324697, 542.75],
          [11.678157, 47.324655, 542.5],
          [11.677966, 47.324450, 542.75],
          [11.677882, 47.324359, 543.0],
          [11.677706, 47.324254, 543.0],
          [11.677672, 47.324226, 543.0],
          [11.677653, 47.324211, 543.0],
          [11.677086, 47.323733, 545.0],
          [11.676586, 47.323407, 546.0],
          [11.676238, 47.323205, 546.0],
          [11.675597, 47.322893, 545.5],
          [11.674678, 47.322520, 544.5],
          [11.673762, 47.322190, 543.0],
          [11.672960, 47.321979, 542.5],
          [11.672021, 47.321813, 543.25],
          [11.670892, 47.321699, 545.0],
          [11.669257, 47.321650, 543.5],
          [11.667700, 47.321731, 544.25],
          [11.666317, 47.321852, 543.25],
          [11.665464, 47.321927, 543.75],
          [11.664283, 47.322040, 548.0],
          [11.664121, 47.322051, 547.25],
          [11.663932, 47.322053, 545.25],
          [11.662466, 47.322164, 543.5],
          [11.661982, 47.322182, 543.5],
          [11.661825, 47.322143, 543.5],
          [11.661299, 47.322124, 543.25],
          [11.659975, 47.322003, 542.5],
          [11.658667, 47.321842, 544.0],
          [11.658063, 47.321730, 543.0],
          [11.657423, 47.321622, 543.75],
          [11.657020, 47.321503, 543.75],
          [11.655958, 47.321290, 543.75],
          [11.654883, 47.321091, 543.25],
          [11.652466, 47.320680, 543.75],
          [11.646074, 47.319468, 544.0],
          [11.645337, 47.319338, 545.5],
          [11.644515, 47.319154, 545.5],
          [11.643896, 47.319088, 546.0],
          [11.643829, 47.319069, 545.75],
          [11.643772, 47.319042, 545.25],
          [11.643722, 47.319000, 544.75],
          [11.643698, 47.318957, 544.5],
          [11.643655, 47.318779, 544.0],
          [11.643620, 47.318730, 544.0],
          [11.643551, 47.318691, 544.0],
          [11.643473, 47.318667, 544.25],
          [11.643455, 47.318639, 544.5],
          [11.643412, 47.318611, 544.5],
          [11.643359, 47.318590, 544.75],
          [11.643144, 47.318550, 545.0],
          [11.643068, 47.318554, 545.0],
          [11.642975, 47.318586, 545.0],
          [11.642788, 47.318682, 545.0],
          [11.642697, 47.318713, 545.25],
          [11.642596, 47.318731, 545.25],
          [11.642517, 47.318737, 545.25],
          [11.642388, 47.318722, 545.25],
          [11.641820, 47.318609, 544.25],
          [11.641145, 47.318454, 545.25],
          [11.640818, 47.318373, 544.0],
          [11.640194, 47.318203, 545.0],
          [11.639470, 47.317989, 544.75],
          [11.638841, 47.317770, 545.0],
          [11.638613, 47.317675, 545.5],
          [11.638466, 47.317600, 545.5],
          [11.638383, 47.317555, 545.25],
          [11.638365, 47.317539, 545.25],
          [11.638365, 47.317503, 545.0],
          [11.638623, 47.317201, 545.0],
          [11.638751, 47.317006, 544.75],
          [11.639143, 47.316534, 545.0],
          [11.639326, 47.316326, 545.0],
          [11.639332, 47.316295, 545.0],
          [11.639315, 47.316272, 545.0],
          [11.639266, 47.316248, 545.0],
          [11.638466, 47.315887, 544.25],
          [11.638258, 47.315801, 544.75],
          [11.638077, 47.315742, 544.75],
          [11.637947, 47.315677, 544.75],
          [11.637743, 47.315557, 546.0],
          [11.637437, 47.315417, 545.0],
          [11.637331, 47.315348, 544.75],
          [11.637244, 47.315252, 544.5],
          [11.637180, 47.315207, 544.25],
          [11.636733, 47.314942, 544.5],
          [11.636590, 47.314867, 544.5],
          [11.636527, 47.314845, 544.5],
          [11.636336, 47.314805, 545.0],
          [11.636291, 47.314784, 545.0],
          [11.635982, 47.314573, 544.25],
          [11.635880, 47.314485, 544.5],
          [11.635761, 47.314406, 545.0],
          [11.635356, 47.314170, 547.75],
          [11.635095, 47.314051, 546.5],
          [11.634713, 47.313865, 545.75],
          [11.634643, 47.313844, 545.75],
          [11.634467, 47.313816, 546.25],
          [11.634395, 47.313795, 546.25],
          [11.634346, 47.313762, 546.0],
          [11.633942, 47.313436, 546.0],
          [11.633895, 47.313380, 546.0],
          [11.633801, 47.313204, 544.75],
          [11.633751, 47.313156, 544.75],
          [11.633434, 47.312943, 544.75],
          [11.633225, 47.312739, 545.0],
          [11.633173, 47.312706, 545.0],
          [11.633104, 47.312691, 545.25],
          [11.633037, 47.312694, 545.75],
          [11.632979, 47.312712, 546.5],
          [11.632633, 47.312938, 547.0],
          [11.632570, 47.312948, 547.0],
          [11.632518, 47.312943, 547.25],
          [11.632441, 47.312908, 547.5],
          [11.632956, 47.312529, 547.0],
          [11.633773, 47.311906, 546.5],
          [11.633886, 47.311796, 546.25],
          [11.633956, 47.311701, 546.5],
          [11.634017, 47.311566, 547.5],
          [11.634032, 47.311487, 547.75],
          [11.634034, 47.311408, 548.0],
          [11.634021, 47.310977, 550.0],
          [11.634035, 47.310901, 549.25],
          [11.634094, 47.310754, 547.5],
          [11.633992, 47.310689, 548.0],
          [11.633137, 47.310268, 547.5],
          [11.633101, 47.310248, 547.5],
          [11.633055, 47.310222, 547.5],
          [11.632768, 47.310052, 547.5],
          [11.632638, 47.309988, 546.75],
          [11.632309, 47.309837, 547.75],
          [11.631357, 47.309470, 546.75],
          [11.630405, 47.309143, 546.25],
          [11.629203, 47.308799, 547.75],
          [11.629114, 47.308766, 547.75],
          [11.629126, 47.308695, 547.0],
          [11.629234, 47.308484, 546.0],
          [11.629403, 47.308211, 546.25],
          [11.630179, 47.306886, 545.5],
          [11.630310, 47.306668, 545.75],
          [11.630391, 47.306556, 546.0],
          [11.630569, 47.306364, 546.75],
          [11.631413, 47.305692, 547.0],
          [11.631502, 47.305612, 547.0],
          [11.631680, 47.305423, 547.0],
          [11.631764, 47.305310, 547.0],
          [11.631842, 47.305175, 547.0],
          [11.632202, 47.304495, 547.75],
          [11.632279, 47.304332, 548.0],
          [11.630715, 47.303800, 546.0],
          [11.628584, 47.303044, 547.75],
          [11.628847, 47.302738, 547.0],
          [11.628767, 47.302668, 547.0],
          [11.628639, 47.302730, 547.5],
          [11.628298, 47.302876, 546.5],
          [11.627799, 47.302980, 546.75],
          [11.627471, 47.303056, 547.0],
          [11.627139, 47.303134, 546.75],
          [11.626937, 47.303182, 546.25],
          [11.626916, 47.303185, 546.25],
          [11.626748, 47.303207, 546.0],
          [11.626621, 47.303240, 545.75],
          [11.626249, 47.303203, 545.5],
          [11.626029, 47.303160, 546.0],
          [11.623937, 47.302655, 546.0],
          [11.621392, 47.302040, 546.75],
          [11.617842, 47.301179, 546.75],
          [11.617768, 47.301299, 547.0],
          [11.616587, 47.303394, 547.0],
          [11.616546, 47.303453, 547.0],
          [11.616465, 47.303487, 547.0],
          [11.616405, 47.303500, 547.0],
          [11.616340, 47.303493, 547.0],
          [11.610146, 47.301261, 547.0],
          [11.609388, 47.300994, 547.25],
          [11.608505, 47.300671, 547.5],
          [11.608266, 47.300552, 548.0],
          [11.607828, 47.300308, 548.0],
          [11.606705, 47.299664, 547.75],
          [11.605191, 47.298805, 548.0],
          [11.604835, 47.298596, 548.0],
          [11.604470, 47.298428, 548.0],
          [11.604415, 47.298410, 548.0],
          [11.604314, 47.298390, 548.0],
          [11.603952, 47.298346, 548.0],
          [11.603842, 47.298331, 548.0],
          [11.603756, 47.298361, 548.0],
          [11.603713, 47.298395, 548.0],
          [11.603590, 47.298722, 548.0],
          [11.603491, 47.298932, 548.0],
          [11.603242, 47.299390, 548.75],
          [11.603137, 47.299462, 549.25],
          [11.603022, 47.299498, 549.75],
          [11.602950, 47.299507, 550.0],
          [11.602858, 47.299500, 549.75],
          [11.601579, 47.299235, 550.25],
          [11.600316, 47.299068, 551.25],
          [11.599341, 47.298987, 551.75],
          [11.598356, 47.298944, 549.75],
          [11.597309, 47.298970, 551.0],
          [11.595940, 47.299084, 551.25],
          [11.595458, 47.299149, 550.0],
          [11.594115, 47.299370, 551.5],
          [11.594097, 47.299321, 551.25],
          [11.594081, 47.299272, 551.0],
          [11.594281, 47.299230, 551.0],
          [11.594367, 47.299132, 550.0],
          [11.594352, 47.299029, 550.0],
          [11.594245, 47.298520, 550.0],
          [11.594141, 47.297982, 550.0],
          [11.593061, 47.298069, 550.0],
          [11.592690, 47.298058, 549.75],
          [11.591901, 47.298007, 550.0],
          [11.591402, 47.297940, 551.0],
          [11.591225, 47.297868, 551.25],
          [11.591092, 47.297773, 552.0],
          [11.590977, 47.297847, 551.75],
          [11.590889, 47.297831, 551.75],
          [11.590505, 47.297791, 551.0],
          [11.590480, 47.297788, 551.0],
          [11.590232, 47.297753, 551.0],
          [11.589646, 47.297674, 551.25],
          [11.589403, 47.297640, 551.0],
          [11.589364, 47.297636, 551.0],
          [11.588622, 47.297529, 551.0],
          [11.588560, 47.297520, 551.0],
          [11.588524, 47.297654, 551.0],
          [11.588507, 47.297712, 551.0],
          [11.588463, 47.297830, 551.0],
          [11.588424, 47.297917, 551.0],
          [11.588399, 47.297973, 551.0],
          [11.588369, 47.298035, 551.0],
          [11.588217, 47.298016, 551.0],
          [11.588005, 47.297988, 551.0],
          [11.587789, 47.297973, 550.5],
          [11.587221, 47.297936, 550.0],
          [11.587106, 47.297927, 550.0],
          [11.587030, 47.297922, 550.0],
          [11.586727, 47.297898, 550.0],
          [11.586405, 47.297879, 550.0],
          [11.586384, 47.297878, 550.0],
          [11.586333, 47.297874, 550.0],
          [11.586281, 47.297871, 550.0],
          [11.585558, 47.297828, 550.75],
          [11.585087, 47.297759, 551.25],
          [11.584929, 47.297728, 551.5],
          [11.584690, 47.297682, 550.5],
          [11.584084, 47.297521, 550.75],
          [11.584041, 47.297510, 550.75],
          [11.582501, 47.297113, 550.75],
          [11.582649, 47.296859, 550.25],
          [11.582786, 47.296622, 550.0],
          [11.582815, 47.296524, 550.5],
          [11.582688, 47.296500, 550.5],
          [11.581429, 47.296373, 550.0],
          [11.581077, 47.296336, 551.0],
          [11.580701, 47.296301, 551.0],
          [11.580320, 47.296264, 551.0],
          [11.580031, 47.296236, 551.0],
          [11.579933, 47.296213, 551.0],
          [11.578982, 47.295872, 551.0],
          [11.577316, 47.295263, 551.0],
          [11.575350, 47.294702, 551.0],
          [11.573280, 47.294099, 551.5],
          [11.569780, 47.293101, 552.0],
          [11.569685, 47.293064, 552.0],
          [11.565402, 47.290922, 553.0],
          [11.565314, 47.290896, 553.0],
          [11.565292, 47.290868, 553.0],
          [11.565241, 47.290830, 553.0],
          [11.565207, 47.290794, 553.0],
          [11.565178, 47.290743, 553.0],
          [11.565117, 47.290541, 553.0],
          [11.565106, 47.290496, 553.0],
          [11.564977, 47.290516, 553.0],
          [11.564881, 47.290519, 553.0],
          [11.564688, 47.290508, 553.0],
          [11.564477, 47.290464, 553.25],
          [11.564363, 47.290423, 553.25],
          [11.564265, 47.290377, 553.5],
          [11.564177, 47.290319, 553.75],
          [11.564099, 47.290254, 553.75],
          [11.564026, 47.290189, 553.5],
          [11.563939, 47.290059, 553.75],
          [11.563764, 47.289735, 554.75],
          [11.563680, 47.289633, 555.0],
          [11.563540, 47.289512, 554.75],
          [11.563427, 47.289432, 555.0],
          [11.563007, 47.289198, 555.5],
          [11.562802, 47.289159, 555.0],
          [11.562649, 47.289149, 554.75],
          [11.562473, 47.289152, 554.75],
          [11.562346, 47.289147, 554.75],
          [11.562120, 47.289096, 554.75],
          [11.561988, 47.289055, 554.75],
          [11.561768, 47.288954, 555.0],
          [11.561348, 47.288721, 554.0],
          [11.561011, 47.288923, 554.5],
          [11.560870, 47.289001, 554.75],
          [11.560728, 47.289062, 556.0],
          [11.560369, 47.289222, 556.0],
          [11.560304, 47.289267, 554.75],
          [11.560278, 47.289241, 554.75],
          [11.560231, 47.289193, 554.75],
          [11.559454, 47.288338, 555.0],
          [11.558544, 47.287385, 554.25],
          [11.557771, 47.286673, 554.75],
          [11.557442, 47.286383, 554.0],
          [11.556960, 47.285973, 554.0],
          [11.556394, 47.285520, 554.25],
          [11.555972, 47.285194, 553.75],
          [11.555537, 47.284870, 554.25],
          [11.554629, 47.284236, 554.25],
          [11.554381, 47.284071, 554.0],
          [11.553604, 47.283589, 554.75],
          [11.553138, 47.283328, 554.5],
          [11.552656, 47.283078, 554.75],
          [11.552258, 47.282889, 554.0],
          [11.551852, 47.282706, 554.5],
          [11.551294, 47.282478, 555.0],
          [11.550755, 47.282281, 554.75],
          [11.550203, 47.282091, 554.0],
          [11.549842, 47.281977, 555.25],
          [11.549441, 47.281863, 554.75],
          [11.549031, 47.281755, 554.5],
          [11.548639, 47.281662, 555.0],
          [11.548245, 47.281572, 554.25],
          [11.547584, 47.281435, 555.0],
          [11.547513, 47.281422, 555.25],
          [11.547340, 47.281391, 555.75],
          [11.546746, 47.281308, 553.75],
          [11.546146, 47.281237, 554.0],
          [11.545340, 47.281158, 555.25],
          [11.544005, 47.281043, 555.0],
          [11.543241, 47.280998, 554.0],
          [11.543075, 47.281004, 554.0],
          [11.542805, 47.280977, 553.75],
          [11.542004, 47.280831, 556.0],
          [11.541850, 47.280809, 555.5],
          [11.541653, 47.280792, 555.0],
          [11.541506, 47.280772, 554.75],
          [11.540837, 47.280628, 554.75],
          [11.540676, 47.280584, 555.5],
          [11.540610, 47.280546, 556.0],
          [11.540588, 47.280518, 556.0],
          [11.540584, 47.280483, 556.0],
          [11.540789, 47.279850, 557.5],
          [11.540716, 47.279818, 557.5],
          [11.540513, 47.279762, 557.25],
          [11.540217, 47.279692, 556.25],
          [11.539366, 47.279526, 557.5],
          [11.538926, 47.279430, 556.25],
          [11.537601, 47.279164, 556.25],
          [11.536416, 47.278898, 558.0],
          [11.535651, 47.278746, 559.5],
          [11.535565, 47.278737, 559.5],
          [11.535520, 47.278740, 559.25],
          [11.535448, 47.278760, 558.75],
          [11.535412, 47.278781, 558.25],
          [11.535318, 47.278814, 557.25],
          [11.535287, 47.278820, 557.0],
          [11.535217, 47.278815, 556.5],
          [11.534548, 47.278636, 557.5],
          [11.533862, 47.278465, 557.0],
          [11.533180, 47.278306, 557.25],
          [11.532487, 47.278160, 558.25],
          [11.531228, 47.277924, 557.25],
          [11.529959, 47.277711, 557.5],
          [11.529023, 47.277580, 558.5],
          [11.528520, 47.277516, 558.5],
          [11.528279, 47.277492, 558.5],
          [11.528176, 47.277483, 558.0],
          [11.527990, 47.277488, 557.25],
          [11.527940, 47.277498, 557.25],
          [11.527812, 47.277540, 557.25],
          [11.527723, 47.277559, 557.0],
          [11.526786, 47.277509, 556.75],
          [11.525698, 47.277323, 558.25],
          [11.523512, 47.276813, 560.0],
          [11.522245, 47.276494, 560.5],
          [11.521112, 47.276394, 557.75],
          [11.520747, 47.276345, 558.25],
          [11.520243, 47.276297, 559.75],
          [11.518919, 47.276200, 558.75],
          [11.518349, 47.276184, 558.25],
          [11.517620, 47.276114, 558.75],
          [11.515987, 47.276054, 560.75],
          [11.513578, 47.276159, 560.75],
          [11.510074, 47.276476, 557.5],
          [11.509390, 47.276471, 557.75],
          [11.509178, 47.276445, 558.75],
          [11.509096, 47.276434, 559.0],
          [11.508764, 47.276339, 560.5],
          [11.508719, 47.276342, 560.5],
          [11.508701, 47.276378, 560.0],
          [11.508454, 47.277203, 559.25],
          [11.508429, 47.277262, 560.0],
          [11.508328, 47.277510, 560.75],
          [11.508197, 47.277770, 560.75],
          [11.508117, 47.277760, 560.75],
          [11.507600, 47.277708, 561.0],
          [11.506255, 47.277524, 561.0],
          [11.505805, 47.277451, 561.0],
          [11.505742, 47.277306, 561.25],
          [11.505397, 47.277096, 561.25],
          [11.505274, 47.277070, 561.25],
          [11.505176, 47.277010, 561.0],
          [11.505098, 47.276982, 561.0],
          [11.504894, 47.276926, 561.0],
          [11.504666, 47.276889, 561.0],
          [11.504479, 47.276814, 561.0],
          [11.504222, 47.276705, 561.0],
          [11.503812, 47.276544, 561.0],
          [11.503180, 47.276323, 560.75],
          [11.502771, 47.276194, 560.0],
          [11.502628, 47.276143, 560.5],
          [11.502569, 47.276114, 560.75],
          [11.502503, 47.276060, 560.75],
          [11.502423, 47.275972, 561.0],
          [11.502155, 47.275641, 560.75],
          [11.502117, 47.275593, 560.5],
          [11.502059, 47.275546, 560.25],
          [11.502020, 47.275522, 560.25],
          [11.501949, 47.275491, 560.0],
          [11.500887, 47.275170, 560.5],
          [11.500778, 47.275135, 560.5],
          [11.500706, 47.275108, 560.5],
          [11.500602, 47.275063, 560.75],
          [11.500506, 47.275004, 560.75],
          [11.500438, 47.274946, 561.0],
          [11.500268, 47.274699, 560.75],
          [11.500218, 47.274645, 560.5],
          [11.500147, 47.274600, 560.75],
          [11.500103, 47.274580, 560.75],
          [11.500036, 47.274560, 561.0],
          [11.499829, 47.274508, 561.0],
          [11.499581, 47.274457, 560.75],
          [11.499337, 47.274397, 560.75],
          [11.499293, 47.274341, 560.5],
          [11.497900, 47.273991, 561.5],
          [11.497910, 47.273929, 561.75],
          [11.497915, 47.273870, 561.75],
          [11.497880, 47.273806, 561.5],
          [11.497681, 47.273686, 561.5],
          [11.497584, 47.273478, 560.75],
          [11.497482, 47.273413, 561.0],
          [11.496663, 47.273174, 559.0],
          [11.496035, 47.273102, 560.5],
          [11.495181, 47.273086, 562.0],
          [11.494157, 47.273008, 560.25],
          [11.491980, 47.273134, 561.25],
          [11.491252, 47.273241, 561.25],
          [11.490369, 47.273304, 561.25],
          [11.489578, 47.273382, 562.0],
          [11.489254, 47.273437, 562.0],
          [11.487786, 47.273484, 560.5],
          [11.487294, 47.273550, 561.25],
          [11.485608, 47.273519, 561.25],
          [11.484981, 47.273509, 561.0],
          [11.484901, 47.273549, 561.5],
          [11.484892, 47.273621, 562.5],
          [11.484765, 47.273738, 561.5],
          [11.482255, 47.273399, 562.0],
          [11.481592, 47.273296, 561.25],
          [11.481118, 47.273211, 558.5],
          [11.480294, 47.273044, 561.75],
          [11.479208, 47.272834, 561.75],
          [11.477926, 47.272540, 561.5],
          [11.476912, 47.272321, 560.5],
          [11.476144, 47.272173, 562.25],
          [11.475818, 47.272115, 561.25],
          [11.475083, 47.272007, 562.5],
          [11.474743, 47.271900, 562.25],
          [11.473171, 47.271636, 563.5],
          [11.472754, 47.271569, 561.5],
          [11.472540, 47.271527, 560.75],
          [11.472459, 47.271498, 560.5],
          [11.470632, 47.271169, 561.0],
          [11.467848, 47.270674, 561.25],
          [11.467177, 47.270604, 563.0],
          [11.466771, 47.270573, 563.5],
          [11.466655, 47.270549, 563.75],
          [11.466508, 47.270437, 562.5],
          [11.466439, 47.270404, 562.25],
          [11.464241, 47.269988, 563.5],
          [11.461326, 47.269455, 563.25],
          [11.459211, 47.269142, 563.5],
          [11.458591, 47.269022, 562.25],
          [11.455897, 47.268451, 562.5],
          [11.455158, 47.268305, 564.0],
          [11.455018, 47.268298, 564.25],
          [11.454771, 47.268187, 562.75],
          [11.453586, 47.267983, 563.75],
          [11.453051, 47.267919, 563.5],
          [11.452580, 47.267843, 564.5],
          [11.452130, 47.267754, 565.5],
          [11.451690, 47.267723, 564.25],
          [11.451333, 47.267714, 564.0],
          [11.450860, 47.267719, 564.0],
          [11.450363, 47.267745, 565.0],
          [11.450117, 47.267779, 565.75],
          [11.450059, 47.267786, 565.75],
          [11.449775, 47.267835, 564.5],
          [11.449398, 47.267903, 563.25],
          [11.449078, 47.267976, 564.0],
          [11.448602, 47.268099, 564.75],
          [11.447712, 47.268359, 565.75],
          [11.447549, 47.268423, 565.5],
          [11.447509, 47.268369, 565.25],
          [11.446956, 47.267583, 565.0],
          [11.446912, 47.267521, 566.5],
          [11.446896, 47.267499, 567.0],
          [11.446835, 47.267518, 566.5],
          [11.445666, 47.267876, 565.5],
          [11.445394, 47.267858, 566.5],
          [11.445354, 47.267812, 566.75],
          [11.444776, 47.267121, 566.0],
          [11.444690, 47.267018, 566.0],
          [11.444663, 47.266986, 566.0],
          [11.444274, 47.266644, 566.0],
          [11.443903, 47.266317, 566.0],
          [11.443463, 47.266024, 566.0],
          [11.443319, 47.265955, 566.0],
          [11.442975, 47.265789, 566.0],
          [11.442764, 47.265708, 566.25],
          [11.442417, 47.265578, 566.0],
          [11.442287, 47.265544, 566.0],
          [11.442044, 47.265481, 566.25],
          [11.441356, 47.265300, 566.0],
          [11.440980, 47.265234, 566.5],
          [11.440808, 47.265206, 566.75],
          [11.440662, 47.265182, 566.75],
          [11.440316, 47.265125, 565.75],
          [11.440049, 47.265088, 566.0],
          [11.439872, 47.265066, 566.5],
          [11.439534, 47.265037, 567.0],
          [11.439159, 47.265004, 567.0],
          [11.439016, 47.264992, 566.75],
          [11.438486, 47.264954, 566.75],
          [11.438123, 47.264926, 567.0],
          [11.437912, 47.264914, 567.0],
          [11.437715, 47.264917, 567.0],
          [11.437641, 47.264918, 567.0],
          [11.437550, 47.264919, 567.0],
          [11.437525, 47.264950, 567.0],
          [11.437489, 47.264976, 567.0],
          [11.437443, 47.264994, 567.0],
          [11.437382, 47.265004, 566.75],
          [11.437319, 47.264999, 567.0],
          [11.437262, 47.264982, 567.0],
          [11.437216, 47.264952, 566.75],
          [11.437186, 47.264914, 566.75],
          [11.437176, 47.264872, 566.75],
          [11.437186, 47.264831, 566.75],
          [11.437227, 47.264786, 567.0],
          [11.437088, 47.264408, 566.75],
          [11.436907, 47.264116, 567.0],
          [11.436893, 47.264095, 567.0],
          [11.436692, 47.263905, 567.75],
          [11.436646, 47.263862, 567.75],
          [11.436554, 47.263851, 567.75],
          [11.436497, 47.263829, 567.75],
          [11.436460, 47.263803, 567.75],
          [11.436432, 47.263771, 567.5],
          [11.436416, 47.263737, 567.5],
          [11.436414, 47.263685, 567.25],
          [11.436437, 47.263637, 567.25],
          [11.436441, 47.263539, 567.0],
          [11.436431, 47.263500, 567.0],
          [11.436408, 47.263460, 567.0],
          [11.436327, 47.263360, 566.75],
          [11.436232, 47.263276, 567.0],
          [11.436147, 47.263241, 567.5],
          [11.435884, 47.263191, 570.0],
          [11.435647, 47.263174, 569.0],
          [11.435657, 47.263112, 568.25],
          [11.435666, 47.263069, 567.75],
          [11.435683, 47.263039, 567.5],
          [11.435787, 47.262962, 568.0],
          [11.436054, 47.262823, 567.25],
          [11.436477, 47.262630, 567.5],
          [11.436425, 47.262573, 566.75],
          [11.436308, 47.262500, 566.0],
          [11.436222, 47.262461, 566.0],
          [11.435877, 47.262330, 566.0],
          [11.435485, 47.262206, 566.0],
          [11.435445, 47.262172, 566.25],
          [11.435317, 47.262114, 566.5],
          [11.435199, 47.262074, 566.5],
          [11.435054, 47.262042, 566.75],
          [11.434914, 47.262039, 567.0],
          [11.434469, 47.262086, 567.75],
          [11.434406, 47.262092, 567.75],
          [11.434357, 47.262097, 567.75],
          [11.434242, 47.262108, 567.5],
          [11.434047, 47.262146, 567.5],
          [11.433404, 47.262336, 567.5],
          [11.433012, 47.262464, 567.5],
          [11.432850, 47.262511, 567.25],
          [11.432630, 47.262560, 567.0],
          [11.432556, 47.262572, 567.25],
          [11.432493, 47.262574, 567.25],
          [11.432349, 47.262565, 567.0],
          [11.432249, 47.262543, 567.0],
          [11.432082, 47.262475, 566.75],
          [11.431860, 47.262386, 567.0],
          [11.431642, 47.262300, 567.0],
          [11.431586, 47.262278, 567.0],
          [11.431478, 47.262227, 567.0],
          [11.431267, 47.262162, 567.0],
          [11.431256, 47.262158, 567.0],
          [11.431140, 47.262112, 567.0],
          [11.431087, 47.262086, 567.0],
          [11.431008, 47.262024, 567.0],
          [11.430766, 47.261927, 567.25],
          [11.430618, 47.261853, 567.5],
          [11.430443, 47.261718, 567.0],
          [11.430303, 47.261636, 567.0],
          [11.430242, 47.261607, 567.0],
          [11.430201, 47.261603, 567.0],
          [11.430164, 47.261591, 567.0],
          [11.430132, 47.261570, 567.0],
          [11.430112, 47.261544, 567.0],
          [11.430106, 47.261514, 567.0],
          [11.429908, 47.261448, 567.0],
          [11.429853, 47.261413, 567.0],
          [11.429521, 47.261307, 566.75],
          [11.429355, 47.261265, 567.0],
          [11.429130, 47.261211, 567.0],
          [11.429031, 47.261192, 567.25],
          [11.428679, 47.261151, 567.75],
          [11.428415, 47.261134, 568.5],
          [11.428165, 47.261181, 569.0],
          [11.427904, 47.261217, 569.25],
          [11.427810, 47.261212, 569.5],
          [11.427849, 47.261144, 569.75],
          [11.427870, 47.261085, 570.0],
          [11.427880, 47.261038, 570.0],
          [11.427886, 47.260970, 570.25],
          [11.427859, 47.260876, 570.5],
          [11.427816, 47.260770, 571.5],
          [11.427248, 47.260868, 573.0],
          [11.427054, 47.260915, 574.0],
          [11.426866, 47.260971, 574.25],
          [11.426806, 47.260990, 574.5],
          [11.426486, 47.261124, 574.0],
          [11.426458, 47.261135, 574.0],
          [11.426314, 47.261208, 574.0],
          [11.426223, 47.261147, 574.0],
          [11.426139, 47.261090, 574.0],
          [11.425894, 47.260935, 574.5],
          [11.425855, 47.260896, 574.75],
          [11.425836, 47.260877, 574.75],
          [11.425689, 47.260783, 575.0],
          [11.425312, 47.260541, 575.75],
          [11.425204, 47.260486, 575.25],
          [11.425076, 47.260432, 575.25],
          [11.424996, 47.260402, 575.5],
          [11.424905, 47.260370, 575.5],
          [11.424275, 47.260135, 576.0],
          [11.424037, 47.260061, 576.25],
          [11.423708, 47.259975, 576.75],
          [11.423409, 47.259887, 576.25],
          [11.422952, 47.259747, 576.75],
          [11.422912, 47.259734, 576.75],
          [11.422357, 47.259561, 577.5],
          [11.422236, 47.259524, 577.75],
          [11.421549, 47.259310, 577.5],
          [11.421405, 47.259266, 577.75],
          [11.421308, 47.259236, 578.0],
          [11.421296, 47.259233, 578.0],
          [11.421207, 47.259212, 578.0],
          [11.421157, 47.259224, 578.0],
          [11.421099, 47.259237, 578.0],
          [11.421044, 47.259250, 578.0],
          [11.420917, 47.259207, 578.0],
          [11.420883, 47.259195, 578.0],
          [11.420712, 47.259103, 578.0],
          [11.420544, 47.259047, 578.25],
          [11.420353, 47.258979, 578.25],
          [11.420292, 47.258959, 578.25],
          [11.420073, 47.258887, 578.5],
          [11.420012, 47.258867, 578.75],
          [11.419915, 47.258837, 578.5],
          [11.419727, 47.258783, 578.0],
          [11.419189, 47.258638, 579.0],
          [11.418360, 47.258420, 580.0],
          [11.418296, 47.258403, 580.0],
          [11.418253, 47.258393, 580.0],
          [11.417807, 47.258284, 580.5],
          [11.417413, 47.258197, 581.0],
          [11.417166, 47.258143, 581.0],
          [11.417130, 47.258134, 581.0],
          [11.416387, 47.257953, 582.0],
          [11.416093, 47.257885, 582.0],
          [11.415586, 47.257755, 581.75],
          [11.415571, 47.257751, 581.75],
          [11.415535, 47.257740, 582.0],
          [11.415518, 47.257736, 582.0],
          [11.415283, 47.257673, 582.5],
          [11.415264, 47.257668, 582.5],
          [11.414999, 47.257598, 582.5],
          [11.414936, 47.257581, 582.5],
          [11.414816, 47.257549, 582.75],
          [11.414689, 47.257515, 583.0],
          [11.414272, 47.257408, 584.0],
          [11.414077, 47.257359, 583.75],
          [11.414013, 47.257343, 583.75],
          [11.413716, 47.257268, 583.75],
          [11.413543, 47.257224, 584.0],
          [11.413381, 47.257200, 584.75],
          [11.412924, 47.257140, 584.5],
          [11.412859, 47.257132, 584.5],
          [11.412804, 47.257125, 584.5],
          [11.412764, 47.257120, 584.5],
          [11.412656, 47.257125, 584.75],
          [11.412535, 47.257108, 584.75],
          [11.412556, 47.257057, 584.75],
          [11.412375, 47.257052, 585.0],
          [11.412146, 47.257054, 585.0],
          [11.412204, 47.256980, 585.0],
          [11.412280, 47.256894, 585.0],
          [11.412346, 47.256807, 585.25],
          [11.412423, 47.256674, 585.75],
          [11.412622, 47.256125, 586.25],
          [11.412862, 47.255562, 587.25],
          [11.412946, 47.255327, 587.75],
          [11.413248, 47.254416, 591.5],
          [11.413407, 47.253961, 593.5],
          [11.413407, 47.253914, 593.75],
          [11.413399, 47.253879, 594.0],
          [11.413340, 47.253805, 594.0],
          [11.413261, 47.253768, 594.25],
          [11.413196, 47.253720, 595.25],
          [11.413151, 47.253662, 596.75],
          [11.413128, 47.253606, 598.25],
          [11.413124, 47.253549, 598.25],
          [11.413155, 47.253458, 598.75],
          [11.413130, 47.253414, 598.75],
          [11.413093, 47.253378, 598.75],
          [11.413017, 47.253332, 599.25],
          [11.412891, 47.253284, 602.25],
          [11.412722, 47.253243, 604.25],
          [11.411856, 47.253127, 606.5],
          [11.411485, 47.253072, 608.0],
          [11.411198, 47.253014, 610.25],
          [11.411052, 47.252977, 610.75],
          [11.410907, 47.252935, 611.25],
          [11.410535, 47.252806, 613.25],
          [11.410167, 47.252693, 615.75],
          [11.409867, 47.252610, 617.0],
          [11.409608, 47.252557, 616.5],
          [11.409203, 47.252508, 618.5],
          [11.408800, 47.252463, 620.5],
          [11.408505, 47.252407, 621.25],
          [11.407841, 47.252230, 624.75],
          [11.407544, 47.252156, 627.25],
          [11.407244, 47.252100, 628.25],
          [11.406608, 47.251998, 631.75],
          [11.406382, 47.251953, 635.5],
          [11.406172, 47.251898, 638.0],
          [11.405964, 47.251834, 639.25],
          [11.405730, 47.251740, 640.25],
          [11.405538, 47.251646, 642.75],
          [11.405426, 47.251581, 644.75],
          [11.405225, 47.251445, 647.25],
          [11.405096, 47.251343, 648.0],
          [11.404943, 47.251190, 648.75],
          [11.404867, 47.251103, 650.0],
          [11.404752, 47.250937, 651.0],
          [11.404710, 47.250856, 651.25],
          [11.404618, 47.250593, 654.25],
          [11.404606, 47.250447, 655.25],
          [11.404618, 47.250335, 656.0],
          [11.404675, 47.250208, 657.75],
          [11.404744, 47.250110, 659.75],
          [11.404879, 47.249965, 661.75],
          [11.405047, 47.249806, 664.25],
          [11.405210, 47.249592, 664.75],
          [11.405332, 47.249488, 666.25],
          [11.405437, 47.249436, 667.25],
          [11.405764, 47.249298, 668.25],
          [11.405858, 47.249245, 669.0],
          [11.405955, 47.249161, 669.0],
          [11.406112, 47.248940, 670.25],
          [11.406234, 47.248736, 670.5],
          [11.406302, 47.248606, 669.75],
          [11.406345, 47.248479, 670.5],
          [11.406364, 47.248245, 670.0],
          [11.406362, 47.248085, 670.5],
          [11.406346, 47.248016, 671.5],
          [11.406320, 47.247952, 672.75],
          [11.406245, 47.247857, 673.0],
          [11.406190, 47.247768, 673.75],
          [11.406155, 47.247657, 673.25],
          [11.406106, 47.247316, 674.75],
          [11.406056, 47.247194, 675.75],
          [11.405963, 47.247057, 678.0],
          [11.405825, 47.246924, 679.5],
          [11.405482, 47.246633, 682.0],
          [11.405416, 47.246545, 683.25],
          [11.405363, 47.246454, 684.25],
          [11.405255, 47.246150, 686.75],
          [11.405205, 47.246040, 688.75],
          [11.405094, 47.245882, 690.25],
          [11.404865, 47.245638, 692.5],
          [11.404626, 47.245399, 693.25],
          [11.404512, 47.245267, 694.75],
          [11.404397, 47.245098, 694.75],
          [11.404106, 47.244630, 703.5],
          [11.403918, 47.244378, 708.0],
          [11.403701, 47.244151, 711.25],
          [11.403480, 47.243961, 712.5],
          [11.403237, 47.243793, 714.75],
          [11.402995, 47.243650, 716.75],
          [11.402751, 47.243566, 720.25],
          [11.402633, 47.243547, 722.0],
          [11.402462, 47.243537, 723.75],
          [11.401977, 47.243572, 727.5],
          [11.401844, 47.243568, 728.75],
          [11.401719, 47.243555, 730.0],
          [11.401619, 47.243519, 731.5],
          [11.401523, 47.243471, 731.75],
          [11.401429, 47.243391, 732.0],
          [11.401370, 47.243308, 732.0],
          [11.401337, 47.243214, 732.75],
          [11.401314, 47.243111, 734.0],
          [11.401292, 47.242771, 740.25],
          [11.401266, 47.242652, 741.5],
          [11.401209, 47.242550, 742.5],
          [11.401131, 47.242463, 744.75],
          [11.401012, 47.242390, 746.5],
          [11.400789, 47.242291, 748.25],
          [11.400680, 47.242224, 749.5],
          [11.400591, 47.242156, 750.5],
          [11.400519, 47.242090, 751.0],
          [11.400418, 47.241969, 753.0],
          [11.400321, 47.241830, 755.5],
          [11.400248, 47.241674, 758.25],
          [11.400207, 47.241545, 758.75],
          [11.400185, 47.241403, 760.0],
          [11.400170, 47.241147, 764.5],
          [11.400157, 47.241060, 765.75],
          [11.400136, 47.240999, 766.5],
          [11.400084, 47.240895, 768.25],
          [11.399909, 47.240652, 773.5],
          [11.399874, 47.240594, 774.0],
          [11.399855, 47.240539, 774.25],
          [11.399839, 47.240416, 775.25],
          [11.399873, 47.239849, 780.75],
          [11.399858, 47.239767, 781.0],
          [11.399832, 47.239688, 781.75],
          [11.399626, 47.239435, 786.0],
          [11.399583, 47.239317, 787.0],
          [11.399578, 47.239199, 788.75],
          [11.399645, 47.239021, 790.25],
          [11.399796, 47.238694, 794.5],
          [11.399892, 47.238528, 798.0],
          [11.400034, 47.238315, 800.25],
          [11.400167, 47.238146, 803.5],
          [11.400278, 47.238025, 805.0],
          [11.400357, 47.237941, 807.0],
          [11.400371, 47.237927, 807.25],
          [11.400485, 47.237818, 808.0],
          [11.400998, 47.237387, 812.25],
          [11.401231, 47.237192, 812.25],
          [11.401537, 47.236975, 812.75],
          [11.402179, 47.236562, 814.25],
          [11.402394, 47.236400, 814.5],
          [11.402459, 47.236350, 814.75],
          [11.402489, 47.236327, 815.0],
          [11.402683, 47.236169, 815.75],
          [11.402737, 47.236092, 816.0],
          [11.402752, 47.236052, 816.0],
          [11.402757, 47.236010, 816.25],
          [11.402744, 47.235917, 816.5],
          [11.402464, 47.235181, 820.5],
          [11.402433, 47.235103, 821.0],
          [11.402396, 47.235000, 821.5],
          [11.402359, 47.234893, 822.5],
          [11.402305, 47.234677, 825.0],
          [11.402299, 47.234476, 826.25],
          [11.402312, 47.234347, 827.75],
          [11.402348, 47.234190, 830.0],
          [11.402375, 47.234104, 830.75],
          [11.402412, 47.234009, 831.5],
          [11.402452, 47.233916, 832.75],
          [11.402564, 47.233729, 834.25],
          [11.402618, 47.233654, 835.25],
          [11.402724, 47.233531, 838.5],
          [11.403232, 47.233059, 845.75],
          [11.403364, 47.232903, 846.5],
          [11.403413, 47.232829, 846.75],
          [11.403478, 47.232682, 848.0],
          [11.403514, 47.232500, 849.75],
          [11.403519, 47.232430, 850.0],
          [11.403492, 47.232041, 852.0],
          [11.403494, 47.231953, 852.75],
          [11.403506, 47.231861, 853.25],
          [11.403554, 47.231726, 854.5],
          [11.403635, 47.231581, 856.25],
          [11.403678, 47.231525, 856.5],
          [11.403811, 47.231390, 857.75],
          [11.403872, 47.231341, 858.25],
          [11.404114, 47.231196, 860.5],
          [11.404245, 47.231145, 861.5],
          [11.404456, 47.231079, 862.0],
          [11.404680, 47.231022, 863.5],
          [11.404943, 47.230956, 864.75],
          [11.405107, 47.230914, 865.5],
          [11.405353, 47.230856, 866.75],
          [11.405525, 47.230823, 867.0],
          [11.405910, 47.230764, 867.25],
          [11.405682, 47.230663, 867.5],
          [11.405613, 47.230621, 867.75],
          [11.405521, 47.230555, 867.75],
          [11.405353, 47.230402, 868.0],
          [11.405236, 47.230274, 868.5],
          [11.405197, 47.230221, 868.5],
          [11.405179, 47.230192, 868.5],
          [11.405111, 47.230082, 868.5],
          [11.405035, 47.229934, 869.0],
          [11.404917, 47.229704, 869.75],
          [11.404897, 47.229666, 869.75],
          [11.404768, 47.229405, 870.25],
          [11.404680, 47.229228, 870.5],
          [11.404553, 47.228972, 871.5],
          [11.404515, 47.228894, 871.75],
          [11.404468, 47.228802, 872.25],
          [11.404353, 47.228528, 872.75],
          [11.404302, 47.228409, 872.75],
          [11.404205, 47.228180, 873.0],
          [11.404109, 47.227817, 873.75],
          [11.404012, 47.227234, 874.75],
          [11.403933, 47.226770, 875.75],
          [11.403898, 47.226500, 876.5],
          [11.403880, 47.226216, 876.75],
          [11.403897, 47.226077, 877.0],
          [11.404083, 47.225925, 877.5],
          [11.404363, 47.225736, 877.5],
          [11.404734, 47.225468, 877.75],
          [11.404961, 47.225237, 878.0],
          [11.405070, 47.225103, 878.0],
          [11.405202, 47.224894, 878.25],
          [11.405241, 47.224805, 878.5],
          [11.405278, 47.224692, 879.0],
          [11.405313, 47.224498, 879.75],
          [11.405410, 47.223995, 883.75],
          [11.405451, 47.223864, 885.0],
          [11.405631, 47.223574, 888.0],
          [11.405665, 47.223500, 888.25],
          [11.405858, 47.223002, 891.0],
          [11.405978, 47.222662, 892.75],
          [11.406146, 47.222222, 896.0],
          [11.406220, 47.222043, 897.25],
          [11.406279, 47.221933, 898.25],
          [11.406507, 47.221556, 903.0],
          [11.406571, 47.221417, 905.75],
          [11.406713, 47.221175, 911.5],
          [11.406769, 47.221052, 913.5],
          [11.406795, 47.220944, 914.75],
          [11.406798, 47.220896, 915.25],
          [11.406764, 47.220483, 917.0],
          [11.406770, 47.220309, 917.0],
          [11.406793, 47.220218, 917.25],
          [11.406864, 47.220039, 917.75],
          [11.406915, 47.219947, 917.75],
          [11.406982, 47.219859, 918.5],
          [11.407196, 47.219602, 919.0],
          [11.407340, 47.219447, 919.25],
          [11.407460, 47.219287, 919.5],
          [11.407572, 47.219097, 919.75],
          [11.407780, 47.218675, 920.25],
          [11.408068, 47.218113, 920.25],
          [11.408156, 47.217863, 920.75],
          [11.408175, 47.217713, 921.0],
          [11.408216, 47.217158, 922.25],
          [11.408292, 47.216430, 924.75],
          [11.408318, 47.215911, 926.5],
          [11.408318, 47.215649, 928.0],
          [11.408277, 47.215137, 930.0],
          [11.408209, 47.214542, 932.75],
          [11.408224, 47.214280, 933.25],
          [11.408369, 47.213574, 935.75],
          [11.408392, 47.213371, 936.75],
          [11.408392, 47.213167, 936.75],
          [11.408280, 47.212258, 937.5],
          [11.408242, 47.212018, 937.75],
          [11.408281, 47.211786, 939.0],
          [11.408323, 47.211652, 940.0],
          [11.408406, 47.211524, 941.5],
          [11.408608, 47.211311, 944.5],
          [11.408866, 47.211110, 946.75],
          [11.409171, 47.210852, 951.0],
          [11.409365, 47.210648, 954.0],
          [11.409779, 47.210105, 961.0],
          [11.410433, 47.209502, 965.5],
          [11.410879, 47.209149, 968.25],
          [11.410935, 47.209106, 968.5],
          [11.411058, 47.208924, 968.5],
          [11.411587, 47.208393, 970.0],
          [11.411680, 47.208280, 970.0],
          [11.411755, 47.208166, 971.25],
          [11.411855, 47.207981, 972.0],
          [11.412048, 47.207564, 972.5],
          [11.412162, 47.207365, 973.75],
          [11.412287, 47.207195, 974.75],
          [11.412566, 47.206851, 977.75],
          [11.412786, 47.206602, 980.0],
          [11.412825, 47.206548, 980.25],
          [11.413128, 47.206043, 983.25],
          [11.413257, 47.205809, 985.5],
          [11.413312, 47.205569, 986.5],
          [11.413460, 47.205586, 987.75],
          [11.413788, 47.205685, 990.75],
          [11.413887, 47.205700, 991.75],
          [11.413957, 47.205703, 992.25],
          [11.414010, 47.205701, 992.5],
          [11.414059, 47.205692, 992.75],
          [11.414138, 47.205675, 993.25],
          [11.414439, 47.205589, 996.75],
          [11.414601, 47.205521, 998.5],
          [11.414752, 47.205474, 1000.25],
          [11.415007, 47.205432, 1003.5],
          [11.415360, 47.205409, 1006.75],
          [11.415405, 47.205401, 1007.25],
          [11.415457, 47.205381, 1007.75],
          [11.415588, 47.205348, 1009.25],
          [11.415704, 47.205278, 1010.5],
          [11.416009, 47.205239, 1013.75],
          [11.416081, 47.205253, 1014.5],
          [11.416368, 47.204942, 1016.75],
          [11.416648, 47.204624, 1017.0],
          [11.416896, 47.204423, 1017.5],
          [11.417115, 47.204237, 1018.25],
          [11.417141, 47.204204, 1018.0],
          [11.417150, 47.204191, 1018.0],
          [11.417280, 47.204010, 1018.75],
          [11.417359, 47.203859, 1019.25],
          [11.417737, 47.203112, 1021.0],
          [11.417973, 47.202678, 1023.25],
          [11.418086, 47.202469, 1023.5],
          [11.418353, 47.202028, 1026.0],
          [11.418545, 47.201718, 1027.5],
          [11.418762, 47.201427, 1030.0],
          [11.418887, 47.201265, 1031.25],
          [11.419012, 47.201104, 1032.75],
          [11.419369, 47.200721, 1037.0],
          [11.420096, 47.200018, 1044.75],
          [11.420498, 47.199632, 1049.75],
          [11.420583, 47.199561, 1050.75],
          [11.421003, 47.199267, 1054.5],
          [11.421231, 47.199120, 1056.25],
          [11.421486, 47.198967, 1057.5],
          [11.421657, 47.198894, 1056.0],
          [11.421684, 47.198885, 1056.0],
          [11.421845, 47.198841, 1056.0],
          [11.422031, 47.198817, 1056.25],
          [11.422274, 47.198798, 1057.5],
          [11.422447, 47.198771, 1058.0],
          [11.423476, 47.198518, 1062.0],
          [11.424056, 47.198369, 1065.5],
          [11.424233, 47.198305, 1064.5],
          [11.424374, 47.198259, 1065.25],
          [11.424485, 47.198234, 1066.25],
          [11.424567, 47.198226, 1066.75],
          [11.424683, 47.198227, 1067.75],
          [11.424789, 47.198242, 1067.25],
          [11.424874, 47.198264, 1066.5],
          [11.424974, 47.198297, 1066.25],
          [11.425182, 47.198390, 1067.5],
          [11.425267, 47.198404, 1066.0],
          [11.425303, 47.198402, 1066.0],
          [11.425350, 47.198390, 1066.25],
          [11.425375, 47.198374, 1066.25],
          [11.425402, 47.198338, 1066.0],
          [11.425409, 47.198309, 1066.25],
          [11.425402, 47.198276, 1066.25],
          [11.425374, 47.198213, 1065.5],
          [11.425283, 47.198061, 1061.25],
          [11.425253, 47.197981, 1060.5],
          [11.425212, 47.197790, 1058.75],
          [11.425168, 47.197499, 1057.75],
          [11.425108, 47.197323, 1059.25],
          [11.425065, 47.197252, 1059.0],
          [11.425004, 47.197184, 1060.0],
          [11.424896, 47.197097, 1061.5],
          [11.424828, 47.197061, 1060.75],
          [11.424655, 47.196987, 1058.75],
          [11.424433, 47.196926, 1057.75],
          [11.423991, 47.196827, 1056.5],
          [11.423879, 47.196788, 1056.0],
          [11.423796, 47.196745, 1055.25],
          [11.423564, 47.196515, 1053.0],
          [11.423485, 47.196420, 1051.75],
          [11.423420, 47.196249, 1051.75],
          [11.423356, 47.195971, 1051.5],
          [11.423359, 47.195891, 1051.75],
          [11.423384, 47.195811, 1052.0],
          [11.423619, 47.195432, 1047.25],
          [11.423664, 47.195372, 1047.0],
          [11.423868, 47.195160, 1046.5],
          [11.423979, 47.195062, 1046.25],
          [11.424086, 47.194988, 1046.0],
          [11.424144, 47.194956, 1046.25],
          [11.424290, 47.194895, 1047.25],
          [11.424372, 47.194869, 1047.5],
          [11.424500, 47.194840, 1047.5],
          [11.424865, 47.194782, 1047.25],
          [11.424928, 47.194765, 1047.25],
          [11.425014, 47.194726, 1046.5],
          [11.425077, 47.194675, 1047.0],
          [11.425121, 47.194626, 1047.75],
          [11.425155, 47.194537, 1048.0],
          [11.425158, 47.194504, 1048.0],
          [11.425142, 47.194380, 1048.0],
          [11.425083, 47.194144, 1049.25],
          [11.425091, 47.194088, 1049.0],
          [11.425116, 47.194043, 1049.25],
          [11.425154, 47.194012, 1049.75],
          [11.425203, 47.193985, 1050.5],
          [11.425335, 47.193937, 1051.0],
          [11.425769, 47.193850, 1047.5],
          [11.425921, 47.193812, 1047.25],
          [11.425996, 47.193784, 1047.25],
          [11.426082, 47.193732, 1046.75],
          [11.426153, 47.193659, 1046.75],
          [11.426203, 47.193582, 1047.0],
          [11.426232, 47.193520, 1047.5],
          [11.426249, 47.193476, 1047.75],
          [11.426264, 47.193397, 1047.75],
          [11.426267, 47.193246, 1048.25],
          [11.426286, 47.193106, 1050.0],
          [11.426301, 47.193065, 1051.0],
          [11.426413, 47.192884, 1052.0],
          [11.426563, 47.192720, 1053.25],
          [11.426952, 47.192436, 1049.0],
          [11.427063, 47.192322, 1049.0],
          [11.427098, 47.192270, 1048.25],
          [11.427143, 47.192179, 1047.0],
          [11.427323, 47.191586, 1045.0],
          [11.427384, 47.191286, 1044.5],
          [11.427473, 47.190994, 1044.0],
          [11.427599, 47.190688, 1043.75],
          [11.427713, 47.190258, 1041.75],
          [11.427775, 47.190128, 1039.5],
          [11.427845, 47.190019, 1038.5],
          [11.427919, 47.189918, 1038.25],
          [11.428051, 47.189764, 1038.5],
          [11.428122, 47.189689, 1038.0],
          [11.428181, 47.189620, 1037.5],
          [11.428262, 47.189499, 1037.75],
          [11.428402, 47.189218, 1039.75],
          [11.428566, 47.188961, 1041.5],
          [11.428746, 47.188625, 1047.25],
          [11.428911, 47.188346, 1048.75],
          [11.428938, 47.188275, 1050.25],
          [11.428964, 47.188157, 1051.75],
          [11.428957, 47.187959, 1054.0],
          [11.428943, 47.187891, 1054.75],
          [11.428861, 47.187635, 1056.5],
          [11.428837, 47.187463, 1059.5],
          [11.428852, 47.187333, 1062.5],
          [11.428884, 47.187208, 1065.0],
          [11.428933, 47.187091, 1067.25],
          [11.429047, 47.186879, 1069.25],
          [11.429220, 47.186639, 1068.75],
          [11.429341, 47.186470, 1070.0],
          [11.429473, 47.186289, 1069.75],
          [11.429602, 47.186138, 1070.25],
          [11.429684, 47.186068, 1070.25],
          [11.429945, 47.185902, 1071.0],
          [11.429998, 47.185874, 1071.25],
          [11.430338, 47.185743, 1070.5],
          [11.430544, 47.185656, 1068.0],
          [11.430639, 47.185603, 1068.5],
          [11.430704, 47.185557, 1069.0],
          [11.430852, 47.185431, 1067.5],
          [11.430922, 47.185355, 1066.5],
          [11.431027, 47.185258, 1066.0],
          [11.431142, 47.185158, 1064.5],
          [11.431270, 47.185071, 1063.25],
          [11.431378, 47.185025, 1063.75],
          [11.431434, 47.185017, 1063.25],
          [11.431494, 47.185018, 1063.0],
          [11.431550, 47.185028, 1063.0],
          [11.431771, 47.185096, 1062.5],
          [11.431953, 47.185151, 1060.0],
          [11.432435, 47.185299, 1056.75],
          [11.432862, 47.185435, 1052.75],
          [11.433278, 47.185572, 1049.0],
          [11.433625, 47.185651, 1047.0],
          [11.433861, 47.185681, 1046.0],
          [11.434097, 47.185694, 1044.75],
          [11.434579, 47.185676, 1039.25],
          [11.435507, 47.185760, 1039.75],
          [11.435861, 47.185803, 1038.5],
          [11.436385, 47.185765, 1036.75],
          [11.436528, 47.185761, 1036.5],
          [11.436979, 47.185800, 1038.5],
          [11.437094, 47.185794, 1038.25],
          [11.437138, 47.185781, 1038.75],
          [11.437183, 47.185760, 1039.25],
          [11.437236, 47.185712, 1040.25],
          [11.437263, 47.185662, 1040.5],
          [11.437267, 47.185615, 1041.0],
          [11.437250, 47.185568, 1041.25],
          [11.437183, 47.185462, 1042.75],
          [11.437161, 47.185412, 1044.0],
          [11.437150, 47.185377, 1044.75],
          [11.437121, 47.185244, 1047.5],
          [11.437125, 47.185082, 1048.25],
          [11.437125, 47.185071, 1048.25],
          [11.437126, 47.185051, 1048.25],
          [11.437112, 47.184894, 1049.25],
          [11.437101, 47.184845, 1049.75],
          [11.437073, 47.184781, 1049.75],
          [11.437033, 47.184732, 1049.75],
          [11.436973, 47.184685, 1050.5],
          [11.436924, 47.184658, 1051.0],
          [11.436755, 47.184585, 1050.75],
          [11.435856, 47.184246, 1048.25],
          [11.434919, 47.183933, 1051.5],
          [11.434719, 47.183810, 1054.25],
          [11.434644, 47.183713, 1054.5],
          [11.434596, 47.183615, 1055.75],
          [11.434527, 47.183382, 1057.25],
          [11.434509, 47.183091, 1057.5],
          [11.434487, 47.183016, 1058.25],
          [11.434426, 47.182942, 1059.25],
          [11.434330, 47.182882, 1058.5],
          [11.434075, 47.182720, 1058.5],
          [11.433957, 47.182635, 1058.0],
          [11.433847, 47.182522, 1058.75],
          [11.433778, 47.182438, 1059.0],
          [11.433731, 47.182348, 1060.25],
          [11.433695, 47.182250, 1061.75],
          [11.433666, 47.182136, 1063.25],
          [11.433666, 47.182076, 1064.25],
          [11.433685, 47.181997, 1066.0],
          [11.433721, 47.181931, 1067.5],
          [11.433780, 47.181859, 1068.5],
          [11.433837, 47.181810, 1069.0],
          [11.433904, 47.181775, 1069.25],
          [11.433990, 47.181738, 1068.5],
          [11.434192, 47.181690, 1067.0],
          [11.434544, 47.181662, 1066.25],
          [11.434712, 47.181604, 1066.25],
          [11.434791, 47.181504, 1067.0],
          [11.434844, 47.181258, 1067.5],
          [11.434945, 47.181178, 1068.25],
          [11.435312, 47.181013, 1070.0],
          [11.435540, 47.180960, 1068.5],
          [11.436113, 47.180868, 1063.0],
          [11.436252, 47.180812, 1061.75],
          [11.436327, 47.180720, 1061.5],
          [11.436357, 47.180624, 1061.5],
          [11.436297, 47.180357, 1060.5],
          [11.436323, 47.180260, 1061.5],
          [11.436373, 47.180163, 1063.0],
          [11.436520, 47.179977, 1065.75],
          [11.437122, 47.179347, 1063.25],
          [11.437229, 47.179204, 1062.75],
          [11.437285, 47.179105, 1062.75],
          [11.437385, 47.178865, 1064.5],
          [11.437509, 47.178649, 1065.5],
          [11.437983, 47.178157, 1065.0],
          [11.438175, 47.177968, 1065.25],
          [11.438349, 47.177834, 1065.75],
          [11.438955, 47.177361, 1062.75],
          [11.439190, 47.177124, 1062.5],
          [11.439250, 47.177000, 1062.75],
          [11.439274, 47.176887, 1062.5],
          [11.439268, 47.176465, 1061.5],
          [11.439308, 47.176184, 1062.0],
          [11.439410, 47.175860, 1063.0],
          [11.439444, 47.175779, 1062.75],
          [11.439492, 47.175694, 1061.75],
          [11.439650, 47.175483, 1062.0],
          [11.439722, 47.175408, 1062.25],
          [11.439954, 47.175213, 1064.5],
          [11.440001, 47.175165, 1065.25],
          [11.440098, 47.174986, 1065.25],
          [11.440245, 47.174635, 1067.0],
          [11.440386, 47.173983, 1065.25],
          [11.440390, 47.173807, 1063.5],
          [11.440387, 47.173605, 1062.75],
          [11.440363, 47.173381, 1063.5],
          [11.440355, 47.173241, 1063.5],
          [11.440369, 47.172933, 1060.5],
          [11.440398, 47.172848, 1058.5],
          [11.440434, 47.172781, 1056.25],
          [11.440458, 47.172753, 1055.0],
          [11.440512, 47.172720, 1053.0],
          [11.440590, 47.172696, 1051.0],
          [11.440671, 47.172682, 1049.75],
          [11.440766, 47.172680, 1049.0],
          [11.441289, 47.172711, 1047.75],
          [11.441373, 47.172707, 1047.25],
          [11.441426, 47.172690, 1047.25],
          [11.441468, 47.172666, 1047.25],
          [11.441492, 47.172635, 1047.0],
          [11.441503, 47.172602, 1046.5],
          [11.441480, 47.172530, 1044.75],
          [11.441313, 47.172069, 1042.25],
          [11.441283, 47.171903, 1042.75],
          [11.441285, 47.171797, 1043.0],
          [11.441355, 47.171470, 1044.0],
          [11.441386, 47.171114, 1044.75],
          [11.441436, 47.171033, 1043.75],
          [11.441508, 47.170998, 1044.0],
          [11.441572, 47.170983, 1044.75],
          [11.441895, 47.171027, 1046.0],
          [11.442008, 47.171020, 1046.0],
          [11.442115, 47.170992, 1046.5],
          [11.442202, 47.170938, 1046.25],
          [11.442402, 47.170693, 1045.0],
          [11.442648, 47.170486, 1046.0],
          [11.442968, 47.170240, 1049.0],
          [11.443305, 47.169883, 1052.0],
          [11.443612, 47.169565, 1053.25],
          [11.443800, 47.169403, 1054.25],
          [11.444016, 47.169252, 1053.75],
          [11.444150, 47.169143, 1051.25],
          [11.444197, 47.169092, 1051.5],
          [11.444378, 47.168808, 1054.5],
          [11.444518, 47.168643, 1057.5],
          [11.445534, 47.167565, 1059.25],
          [11.445765, 47.167324, 1059.5],
          [11.446045, 47.167046, 1059.75],
          [11.446102, 47.167002, 1060.0],
          [11.446278, 47.166865, 1060.0],
          [11.447108, 47.166362, 1065.5],
          [11.447552, 47.166048, 1066.75],
          [11.447808, 47.165902, 1067.25],
          [11.448327, 47.165642, 1068.5],
          [11.448493, 47.165565, 1068.5],
          [11.449170, 47.165254, 1071.75],
          [11.449188, 47.165246, 1072.25],
          [11.449371, 47.165164, 1075.0],
          [11.449510, 47.165102, 1076.25],
          [11.449922, 47.164918, 1079.0],
          [11.450007, 47.164887, 1079.25],
          [11.450556, 47.164688, 1076.75],
          [11.450733, 47.164593, 1077.0],
          [11.451112, 47.164265, 1074.75],
          [11.451287, 47.164155, 1073.0],
          [11.451613, 47.164000, 1071.0],
          [11.452172, 47.163793, 1065.5],
          [11.452282, 47.163768, 1065.5],
          [11.452487, 47.163755, 1068.0],
          [11.452693, 47.163773, 1070.75],
          [11.452878, 47.163806, 1068.0],
          [11.453063, 47.163839, 1061.0],
          [11.453319, 47.163866, 1058.0],
          [11.453475, 47.163847, 1057.25],
          [11.453723, 47.163756, 1055.75],
          [11.454041, 47.163567, 1054.25],
          [11.454397, 47.163412, 1053.25],
          [11.454674, 47.163312, 1051.75],
          [11.454892, 47.163254, 1052.0],
          [11.455291, 47.163188, 1053.0],
          [11.455456, 47.163167, 1052.75],
          [11.455645, 47.163154, 1052.75],
          [11.455904, 47.163154, 1052.5],
          [11.456199, 47.163174, 1051.0],
          [11.456533, 47.163189, 1048.75],
          [11.456648, 47.163189, 1048.25],
          [11.456855, 47.163154, 1046.25],
          [11.456887, 47.163147, 1046.0],
          [11.457026, 47.163120, 1045.0],
          [11.457439, 47.162969, 1043.0],
          [11.457785, 47.162843, 1040.0],
          [11.457910, 47.162798, 1038.5],
          [11.458050, 47.162777, 1037.75],
          [11.458492, 47.162763, 1035.25],
          [11.459421, 47.162686, 1034.0],
          [11.459598, 47.162666, 1033.25],
          [11.459717, 47.162638, 1034.0],
          [11.459919, 47.162557, 1035.25],
          [11.459992, 47.162455, 1036.5],
          [11.460009, 47.162345, 1037.25],
          [11.459954, 47.162231, 1038.5],
          [11.459740, 47.162139, 1038.5],
          [11.459557, 47.162097, 1039.75],
          [11.459386, 47.162078, 1038.75],
          [11.459220, 47.162052, 1036.25],
          [11.458884, 47.161988, 1038.75],
          [11.458300, 47.161936, 1038.25],
          [11.458130, 47.161904, 1038.75],
          [11.457782, 47.161797, 1037.0],
          [11.457287, 47.161578, 1035.5],
          [11.456623, 47.161324, 1037.5],
          [11.456508, 47.161245, 1036.75],
          [11.456087, 47.160810, 1039.75],
          [11.455993, 47.160745, 1042.0],
          [11.455880, 47.160700, 1043.25],
          [11.455755, 47.160677, 1043.5],
          [11.455618, 47.160678, 1043.0],
          [11.455130, 47.160712, 1043.0],
          [11.454800, 47.160713, 1042.25],
          [11.454493, 47.160683, 1042.25],
          [11.454222, 47.160598, 1042.5],
          [11.453968, 47.160458, 1045.0],
          [11.453594, 47.160178, 1047.25],
          [11.453420, 47.160106, 1047.75],
          [11.453257, 47.160080, 1047.25],
          [11.453137, 47.160039, 1048.5],
          [11.452748, 47.159985, 1052.75],
          [11.452605, 47.159948, 1054.0],
          [11.452475, 47.159895, 1055.0],
          [11.452365, 47.159825, 1055.5],
          [11.452277, 47.159745, 1057.0],
          [11.452207, 47.159657, 1058.0],
          [11.452157, 47.159563, 1058.25],
          [11.452128, 47.159467, 1059.25],
          [11.452125, 47.159368, 1059.75],
          [11.452148, 47.159273, 1060.5],
          [11.452198, 47.159183, 1062.25],
          [11.452355, 47.159015, 1063.25],
          [11.452448, 47.158935, 1064.25],
          [11.452694, 47.158788, 1069.0],
          [11.452905, 47.158671, 1070.75],
          [11.453258, 47.158503, 1071.0],
          [11.453359, 47.158416, 1070.25],
          [11.453464, 47.158307, 1070.0],
          [11.453533, 47.158230, 1069.5],
          [11.453758, 47.157821, 1066.25],
          [11.453758, 47.157672, 1064.5],
          [11.453779, 47.157511, 1062.5],
          [11.453830, 47.157311, 1061.0],
          [11.453861, 47.157188, 1060.25],
          [11.453922, 47.156948, 1058.75],
          [11.453928, 47.156923, 1059.0],
          [11.453915, 47.156627, 1057.5],
          [11.453889, 47.156233, 1055.25],
          [11.453916, 47.156009, 1055.25],
          [11.454014, 47.155689, 1054.0],
          [11.454039, 47.155589, 1052.75],
          [11.454100, 47.155094, 1053.0],
          [11.454142, 47.154998, 1053.5],
          [11.454225, 47.154880, 1053.75],
          [11.454376, 47.154711, 1051.75],
          [11.454535, 47.154557, 1051.0],
          [11.454715, 47.154307, 1047.75],
          [11.454780, 47.154181, 1047.25],
          [11.454818, 47.154059, 1047.0],
          [11.454827, 47.153990, 1046.75],
          [11.454833, 47.153935, 1046.25],
          [11.454812, 47.153817, 1045.75],
          [11.454764, 47.153706, 1045.25],
          [11.454651, 47.153611, 1044.0],
          [11.454377, 47.153456, 1044.0],
          [11.454275, 47.153372, 1042.75],
          [11.454198, 47.153282, 1041.0],
          [11.454157, 47.153177, 1040.25],
          [11.454152, 47.153068, 1040.5],
          [11.454175, 47.152962, 1040.25],
          [11.454268, 47.152750, 1040.25],
          [11.454405, 47.152560, 1039.0],
          [11.454558, 47.152393, 1038.0],
          [11.454620, 47.152288, 1036.5],
          [11.454633, 47.152179, 1035.0],
          [11.454588, 47.151866, 1034.0],
          [11.454589, 47.151552, 1031.5],
          [11.454596, 47.151476, 1031.0],
          [11.454617, 47.151384, 1030.5],
          [11.455429, 47.150481, 1023.75],
          [11.455554, 47.150320, 1022.75],
          [11.455637, 47.150194, 1022.75],
          [11.455652, 47.150138, 1023.0],
          [11.455656, 47.150111, 1023.0],
          [11.455647, 47.150034, 1022.75],
          [11.455297, 47.149658, 1023.25],
          [11.455170, 47.149505, 1024.0],
          [11.455127, 47.149425, 1024.0],
          [11.455103, 47.149342, 1022.75],
          [11.455103, 47.149250, 1022.0],
          [11.455137, 47.149150, 1021.5],
          [11.455240, 47.148938, 1019.0],
          [11.455380, 47.148732, 1018.5],
          [11.455477, 47.148630, 1018.5],
          [11.455823, 47.148335, 1016.75],
          [11.456434, 47.147920, 1019.0],
          [11.456554, 47.147832, 1018.5],
          [11.456648, 47.147739, 1017.5],
          [11.456731, 47.147605, 1017.5],
          [11.456776, 47.147524, 1017.5],
          [11.456820, 47.147393, 1017.5],
          [11.456845, 47.147248, 1017.0],
          [11.456855, 47.147086, 1016.75],
          [11.456856, 47.146724, 1016.25],
          [11.456852, 47.146193, 1016.25],
          [11.456883, 47.145865, 1016.0],
          [11.456976, 47.145556, 1014.5],
          [11.457045, 47.145380, 1015.5],
          [11.457164, 47.145162, 1016.5],
          [11.457317, 47.144977, 1017.5],
          [11.457488, 47.144831, 1018.75],
          [11.457679, 47.144703, 1019.75],
          [11.457831, 47.144630, 1019.75],
          [11.458345, 47.144440, 1022.0],
          [11.458508, 47.144376, 1023.75],
          [11.458660, 47.144285, 1025.25],
          [11.458879, 47.144098, 1025.75],
          [11.459355, 47.143600, 1024.25],
          [11.459439, 47.143510, 1023.0],
          [11.459558, 47.143415, 1021.75],
          [11.460100, 47.143167, 1023.5],
          [11.460264, 47.143077, 1021.75],
          [11.460396, 47.142956, 1022.25],
          [11.460440, 47.142898, 1022.75],
          [11.460489, 47.142805, 1023.5],
          [11.460520, 47.142704, 1024.0],
          [11.460532, 47.142531, 1024.75],
          [11.460524, 47.142443, 1025.25],
          [11.460458, 47.142230, 1026.25],
          [11.460426, 47.142128, 1025.5],
          [11.460276, 47.141773, 1022.75],
          [11.460241, 47.141641, 1022.0],
          [11.460256, 47.141448, 1021.25],
          [11.460292, 47.141285, 1018.0],
          [11.460334, 47.141084, 1014.0],
          [11.460432, 47.140642, 1016.0],
          [11.460485, 47.140310, 1015.5],
          [11.460414, 47.140091, 1015.75],
          [11.460293, 47.139861, 1017.0],
          [11.459952, 47.139233, 1015.0],
          [11.459895, 47.139128, 1014.5],
          [11.459774, 47.138927, 1014.0],
          [11.459710, 47.138867, 1014.25],
          [11.459611, 47.138828, 1015.0],
          [11.459518, 47.138802, 1015.5],
          [11.459298, 47.138778, 1015.25],
          [11.458857, 47.138744, 1014.0],
          [11.458391, 47.138712, 1012.0],
          [11.458262, 47.138690, 1011.0],
          [11.458105, 47.138640, 1010.0],
          [11.457983, 47.138572, 1008.0],
          [11.457882, 47.138472, 1006.5],
          [11.457759, 47.138274, 1006.5],
          [11.457574, 47.138041, 1004.25],
          [11.457359, 47.137890, 1002.5],
          [11.457176, 47.137803, 999.5],
          [11.456853, 47.137682, 996.25],
          [11.456682, 47.137650, 993.75],
          [11.456509, 47.137635, 993.0],
          [11.456282, 47.137636, 992.5],
          [11.456057, 47.137665, 991.75],
          [11.455592, 47.137779, 986.75],
          [11.455395, 47.137812, 985.75],
          [11.455191, 47.137815, 985.5],
          [11.455035, 47.137791, 984.75],
          [11.454881, 47.137757, 984.25],
          [11.454721, 47.137713, 983.5],
          [11.454452, 47.137625, 982.5],
          [11.454327, 47.137580, 982.0],
          [11.454220, 47.137533, 981.5],
          [11.454114, 47.137464, 981.0],
          [11.453817, 47.137212, 979.25],
          [11.453586, 47.137012, 979.25],
          [11.453397, 47.136919, 978.75],
          [11.453300, 47.136891, 977.75],
          [11.453328, 47.136847, 978.5],
          [11.453336, 47.136792, 979.0],
          [11.453257, 47.136586, 979.0],
          [11.453222, 47.136535, 978.75],
          [11.453161, 47.136487, 978.25],
          [11.453209, 47.136240, 979.25],
          [11.453134, 47.136176, 979.0],
          [11.452995, 47.136086, 978.0],
          [11.453059, 47.135921, 978.25],
          [11.453255, 47.135604, 978.0],
          [11.453335, 47.135325, 978.0],
          [11.453546, 47.135014, 978.25],
          [11.454020, 47.134527, 982.0],
          [11.454121, 47.134316, 982.0],
          [11.454221, 47.134211, 983.0],
          [11.454322, 47.133948, 983.0],
          [11.454386, 47.133625, 987.25],
          [11.454431, 47.133233, 989.75],
          [11.454414, 47.133203, 990.25],
          [11.454162, 47.133060, 986.75],
          [11.454111, 47.133029, 986.75],
          [11.454080, 47.132947, 987.0],
          [11.454036, 47.132834, 986.75],
          [11.454101, 47.132658, 987.5],
          [11.454140, 47.132423, 987.0],
          [11.454182, 47.132304, 987.0],
          [11.454206, 47.132194, 986.75],
          [11.454140, 47.132113, 985.25],
          [11.453723, 47.131917, 983.25],
          [11.453463, 47.131811, 983.5],
          [11.453445, 47.131803, 983.5],
          [11.453656, 47.131595, 984.75],
          [11.454179, 47.131188, 984.75],
          [11.454326, 47.131059, 986.5],
          [11.454338, 47.130927, 988.0],
          [11.454328, 47.130892, 988.25],
          [11.454088, 47.129998, 990.25],
          [11.454004, 47.129807, 990.0],
          [11.453844, 47.129487, 989.75],
          [11.453926, 47.129469, 989.75],
          [11.454140, 47.129411, 989.25],
          [11.454253, 47.129381, 989.0],
          [11.454373, 47.129334, 988.25],
          [11.454247, 47.128963, 989.25],
          [11.454085, 47.128628, 989.5],
          [11.454062, 47.128560, 989.5],
          [11.454109, 47.128556, 989.25],
          [11.454669, 47.128514, 986.5],
          [11.454987, 47.128501, 987.25],
          [11.455053, 47.128498, 987.75],
          [11.455083, 47.128479, 988.25],
          [11.455066, 47.127941, 991.0],
          [11.454983, 47.127381, 990.75],
          [11.454950, 47.127208, 991.75],
          [11.454904, 47.127119, 991.5],
          [11.454797, 47.127004, 990.5],
          [11.454585, 47.126877, 989.0],
          [11.453637, 47.126406, 989.75],
          [11.453082, 47.126011, 989.25],
          [11.452978, 47.125921, 989.5],
          [11.452839, 47.125781, 989.25],
          [11.452776, 47.125693, 990.0],
          [11.452732, 47.125605, 990.75],
          [11.452712, 47.125556, 991.0],
          [11.452659, 47.125500, 990.25],
          [11.452662, 47.125453, 990.25],
          [11.452384, 47.124967, 990.25],
          [11.452109, 47.124419, 991.25],
          [11.451967, 47.123692, 992.25],
          [11.451900, 47.123441, 993.0],
          [11.451860, 47.123226, 993.25],
          [11.451866, 47.123115, 994.0],
          [11.451915, 47.123018, 995.0],
          [11.451987, 47.122958, 994.75],
          [11.451911, 47.122918, 994.0],
          [11.451777, 47.122889, 992.25],
          [11.451495, 47.122837, 993.25],
          [11.451446, 47.122824, 994.0],
          [11.451425, 47.122798, 994.25],
          [11.451470, 47.122684, 993.75],
          [11.451538, 47.122417, 994.5],
          [11.451578, 47.122374, 994.75],
          [11.451701, 47.122022, 995.75],
          [11.451838, 47.121339, 997.0],
          [11.451889, 47.121084, 997.0],
          [11.451894, 47.121057, 997.0],
          [11.451966, 47.120875, 997.0],
          [11.452075, 47.120602, 997.25],
          [11.452086, 47.120551, 997.25],
          [11.452105, 47.120472, 997.5],
          [11.452089, 47.120271, 998.0],
          [11.452058, 47.120126, 998.0],
          [11.452007, 47.120034, 998.0],
          [11.451938, 47.119932, 998.25],
          [11.451762, 47.119618, 999.0],
          [11.451719, 47.119491, 999.0],
          [11.451572, 47.118796, 1000.25],
          [11.451553, 47.118704, 1000.5],
          [11.451535, 47.118479, 1001.5],
          [11.451528, 47.118221, 1003.0],
          [11.451562, 47.118079, 1003.25],
          [11.451680, 47.117607, 1002.75],
          [11.451792, 47.117279, 1004.5],
          [11.451870, 47.116928, 1006.0],
          [11.451921, 47.116520, 1006.25],
          [11.452112, 47.115947, 1007.25],
          [11.452231, 47.115656, 1006.5],
          [11.452440, 47.115142, 1008.0],
          [11.452502, 47.114897, 1007.75],
          [11.452500, 47.114721, 1008.0],
          [11.452455, 47.114533, 1009.0],
          [11.452353, 47.114198, 1009.5],
          [11.452302, 47.114016, 1009.5],
          [11.452298, 47.113923, 1009.5],
          [11.452296, 47.113870, 1009.75],
          [11.452286, 47.113667, 1009.75],
          [11.452328, 47.112624, 1010.75],
          [11.452349, 47.112432, 1011.25],
          [11.452391, 47.112259, 1010.75],
          [11.452481, 47.112048, 1011.0],
          [11.452600, 47.111833, 1011.0],
          [11.452756, 47.111520, 1010.75],
          [11.452922, 47.111297, 1011.25],
          [11.453027, 47.111203, 1011.25],
          [11.453183, 47.111082, 1011.0],
          [11.453375, 47.110949, 1010.75],
          [11.453661, 47.110782, 1011.0],
          [11.453792, 47.110726, 1010.5],
          [11.454467, 47.110439, 1010.5],
          [11.454784, 47.110305, 1011.25],
          [11.456690, 47.108830, 1013.25],
          [11.457222, 47.108282, 1014.5],
          [11.457629, 47.107913, 1014.0],
          [11.458186, 47.107291, 1015.25],
          [11.458412, 47.106936, 1016.25],
          [11.458551, 47.106586, 1016.5],
          [11.458667, 47.106141, 1017.25],
          [11.458803, 47.105953, 1018.25],
          [11.459067, 47.105709, 1018.75],
          [11.459328, 47.105578, 1018.5],
          [11.459750, 47.105442, 1020.25],
          [11.459833, 47.105410, 1020.25],
          [11.459884, 47.105478, 1018.5],
          [11.459883, 47.105516, 1017.75],
          [11.459861, 47.105662, 1017.75],
          [11.459879, 47.105734, 1018.5],
          [11.459935, 47.105783, 1019.25],
          [11.460545, 47.106030, 1019.75],
          [11.461038, 47.106171, 1020.0],
          [11.461520, 47.106183, 1022.5],
          [11.461646, 47.106182, 1024.25],
          [11.462132, 47.106080, 1024.25],
          [11.462424, 47.105951, 1025.5],
          [11.462638, 47.105804, 1023.0],
          [11.463118, 47.105401, 1025.0],
          [11.463248, 47.105222, 1026.25],
          [11.463419, 47.105097, 1028.25],
          [11.463447, 47.105040, 1027.25],
          [11.463443, 47.104993, 1025.25],
          [11.463417, 47.104682, 1022.5],
          [11.463421, 47.104596, 1022.0],
          [11.463481, 47.104338, 1021.5],
          [11.463572, 47.104106, 1022.0],
          [11.463776, 47.103720, 1023.0],
          [11.463879, 47.103460, 1022.75],
          [11.463954, 47.103231, 1022.5],
          [11.463968, 47.103068, 1022.75],
          [11.463940, 47.102796, 1022.5],
          [11.463958, 47.102505, 1023.25],
          [11.463934, 47.102129, 1023.25],
          [11.463944, 47.101912, 1023.25],
          [11.463974, 47.101820, 1023.5],
          [11.464050, 47.101724, 1024.0],
          [11.464179, 47.101633, 1024.75],
          [11.464347, 47.101551, 1024.75],
          [11.464887, 47.101344, 1026.0],
          [11.465038, 47.101263, 1025.75],
          [11.465194, 47.101109, 1026.0],
          [11.465369, 47.100713, 1026.0],
          [11.465418, 47.100524, 1026.0],
          [11.465456, 47.100269, 1026.25],
          [11.465512, 47.100056, 1027.25],
          [11.465541, 47.099785, 1027.75],
          [11.465548, 47.099470, 1028.75],
          [11.465583, 47.099316, 1029.5],
          [11.465676, 47.099166, 1030.25],
          [11.465817, 47.099028, 1029.25],
          [11.466009, 47.098913, 1029.25],
          [11.466301, 47.098780, 1029.75],
          [11.466588, 47.098605, 1030.0],
          [11.466778, 47.098457, 1031.25],
          [11.466920, 47.098303, 1031.5],
          [11.467190, 47.097895, 1032.75],
          [11.467265, 47.097763, 1032.25],
          [11.467423, 47.097467, 1032.75],
          [11.467666, 47.096859, 1032.0],
          [11.467835, 47.096256, 1033.25],
          [11.467916, 47.095970, 1033.75],
          [11.468022, 47.095743, 1034.5],
          [11.468172, 47.095531, 1034.0],
          [11.468398, 47.095264, 1034.5],
          [11.468474, 47.095008, 1034.5],
          [11.468504, 47.094866, 1035.25],
          [11.468511, 47.094676, 1036.0],
          [11.468479, 47.094264, 1039.5],
          [11.468401, 47.094090, 1041.0],
          [11.468312, 47.093920, 1042.25],
          [11.468202, 47.093829, 1043.0],
          [11.468185, 47.093815, 1043.0],
          [11.468140, 47.093789, 1043.0],
          [11.468096, 47.093762, 1043.0],
          [11.468326, 47.093352, 1046.75],
          [11.468404, 47.093204, 1048.25],
          [11.468636, 47.092890, 1051.0],
          [11.468964, 47.092740, 1055.0],
          [11.469630, 47.092462, 1058.75],
          [11.469638, 47.092245, 1056.25],
          [11.469589, 47.092021, 1051.25],
          [11.469693, 47.091380, 1045.75],
          [11.469674, 47.091358, 1045.5],
          [11.469457, 47.091316, 1045.25],
          [11.469473, 47.091279, 1045.25],
          [11.469583, 47.091153, 1045.0],
          [11.469651, 47.090746, 1045.75],
          [11.469818, 47.090007, 1048.0],
          [11.469893, 47.089809, 1049.0],
          [11.469978, 47.089589, 1048.75],
          [11.470176, 47.088667, 1051.5],
          [11.470277, 47.088297, 1048.75],
          [11.470755, 47.087607, 1053.75],
          [11.471953, 47.086148, 1056.75],
          [11.472490, 47.085596, 1058.5],
          [11.472557, 47.085569, 1059.25],
          [11.472913, 47.085155, 1060.25],
          [11.472982, 47.085076, 1059.75],
          [11.473059, 47.084943, 1058.75],
          [11.473117, 47.084866, 1060.0],
          [11.473254, 47.084718, 1060.0],
          [11.473383, 47.084646, 1060.75],
          [11.473452, 47.084622, 1061.25],
          [11.473810, 47.084551, 1062.0],
          [11.474008, 47.084501, 1061.0],
          [11.474120, 47.084395, 1058.5],
          [11.474170, 47.084326, 1058.0],
          [11.474432, 47.084360, 1059.5],
          [11.474688, 47.084339, 1062.25],
          [11.474802, 47.084270, 1063.5],
          [11.474955, 47.084155, 1063.25],
          [11.475166, 47.083971, 1064.5],
          [11.475425, 47.083589, 1064.25],
          [11.475738, 47.083107, 1063.75],
          [11.476209, 47.082607, 1065.75],
          [11.476308, 47.082517, 1065.0],
          [11.477204, 47.082085, 1076.5],
          [11.477703, 47.081860, 1079.5],
          [11.478107, 47.081625, 1081.5],
          [11.478359, 47.081507, 1084.25],
          [11.478489, 47.081462, 1084.25],
          [11.478623, 47.081436, 1083.5],
          [11.478688, 47.081484, 1085.25],
          [11.478955, 47.081602, 1087.0],
          [11.479377, 47.081708, 1087.25],
          [11.479492, 47.081748, 1088.0],
          [11.479983, 47.081917, 1090.75],
          [11.480132, 47.081986, 1094.0],
          [11.480408, 47.082171, 1095.75],
          [11.480612, 47.082288, 1097.5],
          [11.480669, 47.082250, 1097.25],
          [11.480668, 47.082207, 1096.25],
          [11.480640, 47.082171, 1095.5],
          [11.480061, 47.081796, 1091.5],
          [11.480039, 47.081778, 1091.25],
          [11.480027, 47.081756, 1091.0],
          [11.480030, 47.081713, 1091.0],
          [11.480037, 47.081640, 1090.75],
          [11.480054, 47.081587, 1090.75],
          [11.480121, 47.081546, 1091.5],
          [11.480432, 47.081468, 1095.5],
          [11.480500, 47.081437, 1097.25],
          [11.480563, 47.081376, 1100.5],
          [11.480584, 47.081338, 1102.5],
          [11.480596, 47.081306, 1104.0],
          [11.480581, 47.081271, 1105.0],
          [11.480504, 47.081205, 1105.5],
          [11.480274, 47.081068, 1103.0],
          [11.480118, 47.080961, 1102.25],
          [11.479978, 47.080804, 1104.0],
          [11.479873, 47.080620, 1105.0],
          [11.479891, 47.080437, 1109.75],
          [11.479774, 47.080319, 1109.5],
          [11.479596, 47.080110, 1110.5],
          [11.479580, 47.079908, 1112.5],
          [11.479710, 47.079804, 1113.5],
          [11.479895, 47.079761, 1114.5],
          [11.480187, 47.079651, 1111.5],
          [11.480447, 47.079588, 1111.75],
          [11.480557, 47.079597, 1114.25],
          [11.480806, 47.079560, 1114.75],
          [11.481165, 47.079591, 1120.0],
          [11.481459, 47.079567, 1124.25],
          [11.481609, 47.079520, 1126.0],
          [11.481671, 47.079454, 1124.5],
          [11.482018, 47.079201, 1124.25],
          [11.482482, 47.078683, 1123.25],
          [11.482949, 47.078392, 1122.25],
          [11.483223, 47.078120, 1121.5],
          [11.483422, 47.077960, 1122.25],
          [11.483558, 47.077755, 1119.5],
          [11.483748, 47.077608, 1120.5],
          [11.483928, 47.077255, 1121.75],
          [11.484136, 47.077062, 1124.0],
          [11.484462, 47.076522, 1124.0],
          [11.484529, 47.076229, 1117.75],
          [11.484590, 47.076131, 1117.25],
          [11.484563, 47.075990, 1113.75],
          [11.484664, 47.075638, 1110.5],
          [11.484632, 47.075312, 1107.25],
          [11.484475, 47.074812, 1105.75],
          [11.484589, 47.074205, 1106.0],
          [11.484658, 47.074118, 1106.5],
          [11.484952, 47.074054, 1112.5],
          [11.485143, 47.073973, 1115.25],
          [11.485167, 47.073929, 1114.25],
          [11.485164, 47.073896, 1112.75],
          [11.485107, 47.073833, 1111.25],
          [11.485038, 47.073776, 1109.5],
          [11.485024, 47.073731, 1109.5],
          [11.485036, 47.073680, 1110.0],
          [11.485106, 47.073643, 1111.75],
          [11.485233, 47.073603, 1114.0],
          [11.485303, 47.073525, 1114.5],
          [11.485272, 47.073377, 1112.0],
          [11.485351, 47.073297, 1112.25],
          [11.485962, 47.073032, 1116.25],
          [11.486101, 47.072911, 1117.5],
          [11.486207, 47.072685, 1119.0],
          [11.486397, 47.072212, 1122.0],
          [11.486679, 47.071906, 1125.25],
          [11.486894, 47.071798, 1127.5],
          [11.487009, 47.071741, 1128.75],
          [11.487168, 47.071661, 1131.25],
          [11.487297, 47.071531, 1133.5],
          [11.487411, 47.071128, 1134.25],
          [11.487404, 47.070833, 1137.0],
          [11.487517, 47.070703, 1137.25],
          [11.487781, 47.070573, 1139.75],
          [11.487925, 47.070252, 1138.75],
          [11.487955, 47.069971, 1140.5],
          [11.488062, 47.069814, 1144.5],
          [11.487924, 47.069620, 1140.25],
          [11.487978, 47.069416, 1143.5],
          [11.487910, 47.069266, 1144.75],
          [11.487618, 47.069167, 1140.5],
          [11.487230, 47.068604, 1132.25],
          [11.487071, 47.068287, 1127.0],
          [11.487067, 47.067868, 1131.0],
          [11.486977, 47.067312, 1132.75],
          [11.487033, 47.066937, 1129.75],
          [11.487546, 47.066179, 1125.25],
          [11.487613, 47.066124, 1125.5],
          [11.487890, 47.065958, 1125.75],
          [11.488000, 47.065905, 1124.75],
          [11.488345, 47.065771, 1126.75],
          [11.488504, 47.065694, 1124.75],
          [11.488612, 47.065651, 1122.0],
          [11.488846, 47.065424, 1121.0],
          [11.488820, 47.065394, 1120.0],
          [11.488667, 47.065216, 1114.0],
          [11.488531, 47.065088, 1105.75],
          [11.488520, 47.065066, 1104.75],
          [11.488497, 47.065006, 1102.0],
          [11.488473, 47.064877, 1101.5],
          [11.488453, 47.064630, 1101.0],
          [11.488355, 47.064266, 1100.5],
          [11.488298, 47.063993, 1100.25],
          [11.488195, 47.063719, 1099.5],
          [11.488176, 47.063650, 1099.5],
          [11.488166, 47.063610, 1099.5],
          [11.488160, 47.063410, 1100.5],
          [11.487865, 47.063388, 1100.75],
          [11.487668, 47.063433, 1101.25],
          [11.487597, 47.063326, 1101.5],
          [11.487313, 47.062898, 1101.75],
          [11.487041, 47.062487, 1102.0],
          [11.486744, 47.062038, 1104.0],
          [11.485834, 47.060458, 1106.25],
          [11.485733, 47.060292, 1106.0],
          [11.485609, 47.060068, 1107.5],
          [11.485564, 47.059944, 1107.75],
          [11.485505, 47.059736, 1108.25],
          [11.485379, 47.058864, 1108.0],
          [11.485366, 47.058773, 1108.5],
          [11.485343, 47.058430, 1110.25],
          [11.485340, 47.058371, 1110.5],
          [11.485356, 47.058223, 1110.75],
          [11.485385, 47.057958, 1110.75],
          [11.485393, 47.057885, 1110.75],
          [11.485530, 47.057078, 1113.0],
          [11.485535, 47.056993, 1113.0],
          [11.485524, 47.056929, 1113.25],
          [11.485481, 47.056807, 1113.5],
          [11.485315, 47.056518, 1114.75],
          [11.485159, 47.056261, 1115.75],
          [11.485080, 47.056129, 1115.5],
          [11.485035, 47.056054, 1115.75],
          [11.484756, 47.055592, 1118.25],
          [11.484720, 47.055490, 1118.0],
          [11.484699, 47.055382, 1118.5],
          [11.484705, 47.055217, 1118.75],
          [11.484759, 47.054733, 1119.25],
          [11.484820, 47.054507, 1120.25],
          [11.484890, 47.054349, 1121.25],
          [11.484958, 47.054231, 1121.25],
          [11.485043, 47.054112, 1122.0],
          [11.485161, 47.053973, 1122.75],
          [11.485312, 47.053836, 1123.25],
          [11.485673, 47.053561, 1125.0],
          [11.485837, 47.053400, 1125.25],
          [11.485982, 47.053167, 1126.0],
          [11.486055, 47.053017, 1126.25],
          [11.486095, 47.052869, 1127.5],
          [11.486119, 47.052633, 1128.75],
          [11.486091, 47.052431, 1129.75],
          [11.486025, 47.052194, 1131.25],
          [11.485879, 47.051937, 1127.75],
          [11.485845, 47.051878, 1127.25],
          [11.485737, 47.051688, 1129.5],
          [11.485188, 47.050751, 1132.0],
          [11.484989, 47.050390, 1133.5],
          [11.484924, 47.050160, 1133.75],
          [11.484886, 47.049759, 1134.25],
          [11.484825, 47.049429, 1136.0],
          [11.484725, 47.049177, 1135.0],
          [11.484514, 47.048858, 1137.0],
          [11.483994, 47.048218, 1143.25],
          [11.483825, 47.047994, 1141.0],
          [11.483702, 47.047743, 1141.5],
          [11.483668, 47.047658, 1141.75],
          [11.483645, 47.047538, 1142.25],
          [11.483616, 47.047174, 1142.25],
          [11.483605, 47.046836, 1143.25],
          [11.483545, 47.046407, 1145.25],
          [11.483447, 47.045981, 1147.25],
          [11.483434, 47.045820, 1148.5],
          [11.483454, 47.045645, 1149.5],
          [11.483509, 47.045485, 1151.25],
          [11.483649, 47.045230, 1153.5],
          [11.483654, 47.045221, 1153.75],
          [11.483714, 47.045119, 1156.5],
          [11.483743, 47.045035, 1156.75],
          [11.483757, 47.044932, 1157.25],
          [11.483724, 47.044801, 1157.25],
          [11.483662, 47.044682, 1156.25],
          [11.483547, 47.044566, 1156.25],
          [11.483202, 47.044346, 1156.25],
          [11.483005, 47.044189, 1156.5],
          [11.482907, 47.044054, 1156.75],
          [11.482871, 47.044005, 1157.0],
          [11.482836, 47.043898, 1157.5],
          [11.482800, 47.043789, 1157.25],
          [11.482795, 47.043568, 1157.25],
          [11.482806, 47.043395, 1158.0],
          [11.482812, 47.043288, 1158.5],
          [11.482850, 47.042674, 1159.25],
          [11.482844, 47.042518, 1159.25],
          [11.482843, 47.042491, 1159.0],
          [11.482837, 47.042341, 1159.0],
          [11.482832, 47.042213, 1159.0],
          [11.482780, 47.041907, 1160.0],
          [11.482723, 47.041652, 1160.0],
          [11.482608, 47.041224, 1161.0],
          [11.482476, 47.040928, 1162.25],
          [11.482264, 47.040533, 1163.25],
          [11.482093, 47.040214, 1165.5],
          [11.482010, 47.040109, 1166.25],
          [11.481901, 47.040010, 1166.5],
          [11.481655, 47.039876, 1168.5],
          [11.481037, 47.039670, 1167.5],
          [11.480906, 47.039617, 1167.25],
          [11.480801, 47.039573, 1167.0],
          [11.480757, 47.039554, 1167.25],
          [11.480488, 47.039441, 1167.5],
          [11.480395, 47.039396, 1167.25],
          [11.480313, 47.039359, 1167.0],
          [11.479600, 47.039042, 1167.75],
          [11.479552, 47.039010, 1168.0],
          [11.479423, 47.038920, 1168.75],
          [11.479330, 47.038844, 1169.25],
          [11.479192, 47.038675, 1169.75],
          [11.479118, 47.038491, 1170.75],
          [11.479089, 47.038346, 1172.0],
          [11.479091, 47.038128, 1173.25],
          [11.479131, 47.037709, 1174.75],
          [11.479156, 47.037468, 1175.75],
          [11.479181, 47.037399, 1176.5],
          [11.479246, 47.037219, 1178.0],
          [11.479363, 47.037025, 1177.25],
          [11.479520, 47.036840, 1178.75],
          [11.479767, 47.036637, 1178.25],
          [11.480013, 47.036447, 1179.5],
          [11.480629, 47.035984, 1181.0],
          [11.480816, 47.035856, 1181.25],
          [11.481034, 47.035736, 1182.0],
          [11.481231, 47.035655, 1182.0],
          [11.481451, 47.035583, 1182.0],
          [11.481730, 47.035508, 1182.75],
          [11.482016, 47.035433, 1183.0],
          [11.482378, 47.035301, 1182.25],
          [11.482457, 47.035258, 1182.5],
          [11.482519, 47.035224, 1183.25],
          [11.483149, 47.034849, 1189.0],
          [11.483152, 47.034848, 1189.0],
          [11.483156, 47.034846, 1189.0],
          [11.483421, 47.034688, 1186.5],
          [11.483748, 47.034491, 1189.0],
          [11.483902, 47.034382, 1187.5],
          [11.484051, 47.034253, 1189.0],
          [11.484180, 47.034119, 1188.5],
          [11.484487, 47.033798, 1191.75],
          [11.484952, 47.033310, 1197.5],
          [11.485234, 47.033079, 1198.25],
          [11.485494, 47.032919, 1198.25],
          [11.485549, 47.032886, 1198.5],
          [11.485886, 47.032684, 1198.5],
          [11.486042, 47.032591, 1198.0],
          [11.486263, 47.032427, 1198.75],
          [11.486403, 47.032316, 1198.0],
          [11.486444, 47.032284, 1198.25],
          [11.486668, 47.032088, 1200.0],
          [11.486720, 47.032043, 1200.5],
          [11.486919, 47.031903, 1201.25],
          [11.487331, 47.031679, 1202.25],
          [11.487472, 47.031595, 1204.75],
          [11.487594, 47.031503, 1206.0],
          [11.487758, 47.031344, 1206.75],
          [11.487841, 47.031257, 1208.25],
          [11.488306, 47.030768, 1211.75],
          [11.488497, 47.030580, 1212.25],
          [11.488733, 47.030394, 1213.75],
          [11.489024, 47.030210, 1215.5],
          [11.489328, 47.030047, 1215.5],
          [11.489477, 47.029957, 1217.5],
          [11.489664, 47.029842, 1218.0],
          [11.489982, 47.029596, 1218.25],
          [11.490232, 47.029442, 1217.75],
          [11.490628, 47.029258, 1218.5],
          [11.490781, 47.029190, 1218.0],
          [11.491027, 47.029098, 1218.25],
          [11.492580, 47.028500, 1221.5],
          [11.493492, 47.028173, 1224.0],
          [11.493928, 47.028023, 1225.25],
          [11.494575, 47.027841, 1227.5],
          [11.496463, 47.027337, 1235.0],
          [11.496729, 47.027272, 1236.75],
          [11.497174, 47.027201, 1236.0],
          [11.497504, 47.027193, 1238.0],
          [11.498439, 47.027251, 1247.5],
          [11.498670, 47.027248, 1249.0],
          [11.498884, 47.027234, 1249.75],
          [11.500401, 47.027068, 1260.5],
          [11.500879, 47.027010, 1264.25],
          [11.501146, 47.026945, 1264.5],
          [11.501379, 47.026859, 1265.5],
          [11.501527, 47.026776, 1268.75],
          [11.501664, 47.026689, 1269.0],
          [11.501881, 47.026516, 1271.5],
          [11.502052, 47.026317, 1273.0],
          [11.502132, 47.026189, 1273.25],
          [11.502199, 47.026059, 1275.0],
          [11.502275, 47.025835, 1278.0],
          [11.502301, 47.025599, 1281.75],
          [11.502269, 47.025243, 1287.0],
          [11.502255, 47.025140, 1287.5],
          [11.502219, 47.024821, 1289.25],
          [11.502174, 47.024598, 1291.0],
          [11.502127, 47.024462, 1292.75],
          [11.501763, 47.023945, 1300.0],
          [11.501681, 47.023783, 1301.25],
          [11.501672, 47.023731, 1301.75],
          [11.501647, 47.023579, 1303.0],
          [11.501667, 47.023390, 1304.5],
          [11.501730, 47.023245, 1307.0],
          [11.502134, 47.022513, 1315.5],
          [11.502276, 47.022223, 1316.5],
          [11.502470, 47.021724, 1317.75],
          [11.502574, 47.021521, 1318.0],
          [11.502754, 47.021267, 1318.75],
          [11.502937, 47.021055, 1319.25],
          [11.503123, 47.020869, 1318.75],
          [11.503243, 47.020768, 1318.75],
          [11.503547, 47.020533, 1319.25],
          [11.504053, 47.020169, 1320.75],
          [11.505810, 47.018936, 1322.0],
          [11.506208, 47.018667, 1322.25],
          [11.506318, 47.018595, 1320.25],
          [11.506676, 47.018384, 1321.5],
          [11.506949, 47.018230, 1320.5],
          [11.506988, 47.018208, 1321.0],
          [11.507051, 47.018173, 1321.5],
          [11.508054, 47.017675, 1320.0],
          [11.508077, 47.017664, 1320.0],
          [11.508472, 47.017435, 1321.25],
          [11.508736, 47.017244, 1323.0],
          [11.508980, 47.016982, 1324.75],
          [11.509134, 47.016753, 1325.75],
          [11.509179, 47.016661, 1326.25],
          [11.509227, 47.016563, 1327.75],
          [11.509233, 47.016543, 1328.0],
          [11.509289, 47.016367, 1329.0],
          [11.509308, 47.016240, 1329.75],
          [11.509310, 47.016096, 1330.0],
          [11.509294, 47.015923, 1331.0],
          [11.509233, 47.015691, 1332.5],
          [11.509124, 47.015470, 1333.5],
          [11.508949, 47.015254, 1336.0],
          [11.508760, 47.015066, 1336.75],
          [11.508555, 47.014903, 1338.5],
          [11.507788, 47.014387, 1344.25],
          [11.507623, 47.014255, 1344.5],
          [11.507411, 47.014040, 1345.75],
          [11.507268, 47.013840, 1348.75],
          [11.507152, 47.013598, 1349.0],
          [11.507066, 47.013360, 1350.5],
          [11.506959, 47.012933, 1353.75],
          [11.506895, 47.012484, 1356.0],
          [11.506892, 47.012226, 1357.25],
          [11.506906, 47.011846, 1359.25],
          [11.506932, 47.011608, 1359.25],
          [11.506962, 47.011381, 1359.75],
          [11.506979, 47.011152, 1360.75],
          [11.506995, 47.010942, 1361.5],
          [11.507048, 47.010241, 1363.25],
          [11.507069, 47.009819, 1365.25],
          [11.507029, 47.008562, 1367.0],
          [11.507001, 47.008201, 1367.75],
          [11.506968, 47.007999, 1368.0],
          [11.506931, 47.007859, 1368.0],
          [11.506885, 47.007714, 1368.25],
          [11.506831, 47.007581, 1368.75],
          [11.506700, 47.007399, 1369.0],
          [11.506671, 47.007363, 1369.0],
          [11.506502, 47.007262, 1369.0],
          [11.506232, 47.007045, 1370.25],
          [11.506082, 47.006850, 1370.25],
          [11.506043, 47.006763, 1370.5],
          [11.506042, 47.006700, 1370.25],
          [11.506057, 47.006657, 1369.75],
          [11.506085, 47.006611, 1369.25],
          [11.506113, 47.006581, 1369.0],
          [11.506069, 47.006527, 1369.25],
          [11.506068, 47.006464, 1369.25],
          [11.505874, 47.006324, 1369.75],
          [11.505652, 47.006032, 1370.0],
          [11.505468, 47.005766, 1370.5],
          [11.505323, 47.005488, 1371.25],
          [11.505182, 47.005181, 1370.5],
          [11.505128, 47.005068, 1370.25],
          [11.504859, 47.004464, 1370.0],
          [11.504362, 47.003361, 1371.25],
          [11.504265, 47.003080, 1371.5],
          [11.504224, 47.002909, 1372.25],
          [11.503764, 47.002972, 1376.75],
          [11.503677, 47.002983, 1378.0],
          [11.503577, 47.002722, 1378.0],
          [11.503729, 47.002644, 1376.25],
          [11.503729, 47.002390, 1376.0],
          [11.503650, 47.002302, 1376.0],
          [11.503607, 47.002265, 1376.25],
          [11.503581, 47.002241, 1376.75],
          [11.503485, 47.002208, 1379.25],
          [11.503453, 47.002189, 1379.75],
          [11.503426, 47.002157, 1379.75],
          [11.503274, 47.001949, 1377.0],
          [11.503140, 47.001714, 1377.25],
          [11.503047, 47.001626, 1377.25],
          [11.502860, 47.001466, 1379.25],
          [11.502695, 47.001201, 1378.75],
          [11.502575, 47.001040, 1378.5],
          [11.502195, 47.000575, 1375.5],
          [11.502149, 47.000434, 1375.75],
          [11.502171, 47.000305, 1374.0],
          [11.502111, 47.000187, 1374.0],
          [11.501907, 46.999951, 1374.0],
          [11.501524, 46.999119, 1368.25],
          [11.501468, 46.998944, 1368.75],
          [11.501426, 46.998474, 1366.5],
          [11.501216, 46.998101, 1368.25],
          [11.500838, 46.997685, 1366.75],
          [11.500748, 46.997549, 1367.5],
          [11.500743, 46.997519, 1367.0],
          [11.500784, 46.997406, 1365.75],
          [11.500794, 46.997333, 1365.75],
          [11.500757, 46.997149, 1366.0],
          [11.500747, 46.996946, 1364.75],
          [11.500690, 46.996693, 1365.0],
          [11.500587, 46.996375, 1364.5],
          [11.500557, 46.996305, 1364.25],
          [11.500470, 46.996162, 1367.25],
          [11.500203, 46.995795, 1364.25],
          [11.499874, 46.995362, 1363.75],
          [11.499679, 46.995108, 1363.5],
          [11.499481, 46.994834, 1363.75],
          [11.498952, 46.994048, 1363.0],
          [11.498708, 46.993719, 1363.0],
          [11.498670, 46.993632, 1362.75],
          [11.498619, 46.993525, 1362.75],
          [11.498317, 46.993159, 1363.25],
          [11.497986, 46.992675, 1363.0],
          [11.496868, 46.991000, 1359.75],
          [11.496726, 46.990779, 1359.25],
          [11.496693, 46.990697, 1358.75],
          [11.496437, 46.990341, 1356.25],
          [11.496315, 46.990154, 1355.5],
          [11.496188, 46.989899, 1354.25],
          [11.496156, 46.989816, 1354.0],
          [11.495788, 46.988842, 1351.5],
          [11.495652, 46.988528, 1349.75],
          [11.495635, 46.988481, 1349.75],
          [11.495342, 46.987664, 1348.0],
          [11.494644, 46.985825, 1339.5],
          [11.494575, 46.985664, 1339.0],
          [11.494491, 46.985489, 1338.0],
          [11.494444, 46.985443, 1337.75],
          [11.494335, 46.985359, 1337.75],
          [11.494281, 46.985297, 1337.25],
          [11.494254, 46.985248, 1337.0],
          [11.494202, 46.985100, 1337.5],
          [11.494132, 46.984943, 1337.75],
          [11.494048, 46.984803, 1336.5],
          [11.493949, 46.984644, 1335.5],
          [11.493876, 46.984550, 1335.75],
          [11.493672, 46.984318, 1334.5],
          [11.493576, 46.984150, 1334.5],
          [11.493550, 46.984118, 1334.5],
          [11.493198, 46.983812, 1333.5],
          [11.493157, 46.983789, 1333.25],
          [11.493099, 46.983770, 1332.75],
          [11.492833, 46.983722, 1332.5],
          [11.492766, 46.983702, 1332.5],
          [11.492654, 46.983652, 1332.0],
          [11.492467, 46.983550, 1330.75],
          [11.492331, 46.983464, 1331.0],
          [11.492268, 46.983414, 1330.75],
          [11.492217, 46.983366, 1330.0],
          [11.492166, 46.983298, 1329.75],
          [11.491987, 46.982980, 1328.75],
          [11.491966, 46.982884, 1328.75],
          [11.491972, 46.982783, 1329.0],
          [11.491964, 46.982757, 1329.0],
          [11.491591, 46.982301, 1326.5],
          [11.491459, 46.982176, 1326.0],
          [11.491128, 46.981956, 1324.25],
          [11.490861, 46.981797, 1325.25],
          [11.490128, 46.981385, 1322.75],
          [11.490039, 46.981343, 1323.0],
          [11.489983, 46.981334, 1322.75],
          [11.489860, 46.981333, 1322.5],
          [11.489732, 46.981363, 1322.0],
          [11.489525, 46.981467, 1323.25],
          [11.489493, 46.981476, 1323.25],
          [11.489406, 46.981480, 1323.5],
          [11.489365, 46.981471, 1323.5],
          [11.489104, 46.981310, 1322.75],
          [11.489059, 46.981290, 1323.0],
          [11.488908, 46.981231, 1323.0],
          [11.488424, 46.981080, 1322.0],
          [11.488176, 46.980966, 1322.25],
          [11.488104, 46.980924, 1321.75],
          [11.488047, 46.980881, 1321.0],
          [11.488009, 46.980836, 1320.5],
          [11.487956, 46.980749, 1320.75],
          [11.487916, 46.980714, 1321.0],
          [11.487813, 46.980649, 1320.75],
          [11.487735, 46.980610, 1320.75],
          [11.487521, 46.980531, 1320.75],
          [11.487431, 46.980504, 1321.0],
          [11.487138, 46.980459, 1320.5],
          [11.486966, 46.980424, 1319.5],
          [11.486913, 46.980404, 1319.25],
          [11.486856, 46.980373, 1319.0],
          [11.486745, 46.980297, 1318.0],
          [11.486632, 46.980248, 1318.0],
          [11.485401, 46.979837, 1317.75],
          [11.485228, 46.979764, 1317.25],
          [11.485067, 46.979685, 1316.5],
          [11.484930, 46.979603, 1317.25],
          [11.484695, 46.979432, 1316.25],
          [11.484568, 46.979344, 1317.25],
          [11.482978, 46.978355, 1320.5],
          [11.482799, 46.978237, 1321.75],
          [11.482588, 46.978077, 1321.25],
          [11.482490, 46.977985, 1321.25],
          [11.482374, 46.977866, 1320.5],
          [11.482283, 46.977759, 1318.5],
          [11.482268, 46.977732, 1318.5],
          [11.481773, 46.976790, 1321.0],
          [11.481661, 46.976617, 1321.75],
          [11.481465, 46.976401, 1321.75],
          [11.481321, 46.976285, 1320.75],
          [11.481174, 46.976182, 1320.0],
          [11.480957, 46.976064, 1320.5],
          [11.480727, 46.975959, 1319.25],
          [11.480413, 46.975849, 1316.0],
          [11.480228, 46.975781, 1313.75],
          [11.480076, 46.975722, 1314.5],
          [11.479727, 46.975537, 1317.0],
          [11.479571, 46.975443, 1314.75],
          [11.479379, 46.975289, 1315.0],
          [11.479317, 46.975249, 1314.75],
          [11.478792, 46.975001, 1311.5],
          [11.478318, 46.974766, 1310.5],
          [11.477634, 46.974406, 1308.75],
          [11.477287, 46.974258, 1307.75],
          [11.476821, 46.973949, 1306.75],
          [11.476464, 46.973673, 1306.0],
          [11.476345, 46.973548, 1305.5],
          [11.476130, 46.973378, 1305.0],
          [11.476026, 46.973329, 1304.25],
          [11.475927, 46.973317, 1303.75],
          [11.475813, 46.973315, 1303.0],
          [11.475723, 46.973296, 1303.25],
          [11.472010, 46.970371, 1301.0],
          [11.471893, 46.970267, 1300.5],
          [11.470664, 46.969249, 1299.25],
          [11.469613, 46.968404, 1298.25],
          [11.469004, 46.967915, 1297.75],
          [11.468527, 46.967516, 1297.5],
          [11.467712, 46.966891, 1295.75],
          [11.466421, 46.965830, 1295.0],
          [11.464621, 46.964395, 1292.0],
          [11.464471, 46.964279, 1291.5],
          [11.463723, 46.963691, 1291.0],
          [11.463571, 46.963557, 1290.25],
          [11.463432, 46.963420, 1290.0],
          [11.462625, 46.962558, 1285.75],
          [11.462266, 46.962064, 1284.0],
          [11.462154, 46.961890, 1286.75],
          [11.461430, 46.960669, 1279.75],
          [11.461196, 46.960346, 1279.0],
          [11.460977, 46.960081, 1279.75],
          [11.460857, 46.959949, 1277.5],
          [11.460526, 46.959695, 1277.5],
          [11.460089, 46.959436, 1277.5],
          [11.459789, 46.959246, 1277.5],
          [11.459566, 46.959114, 1277.5],
          [11.459131, 46.958895, 1277.5],
          [11.458108, 46.958512, 1269.25],
          [11.457634, 46.958323, 1271.5],
          [11.457432, 46.958228, 1272.25],
          [11.457148, 46.958073, 1272.0],
          [11.456967, 46.957952, 1269.75],
          [11.456751, 46.957783, 1270.25],
          [11.456493, 46.957566, 1271.5],
          [11.456293, 46.957410, 1270.75],
          [11.456139, 46.957274, 1269.5],
          [11.456023, 46.957160, 1268.75],
          [11.455814, 46.956908, 1266.75],
          [11.455687, 46.956742, 1266.75],
          [11.455571, 46.956511, 1265.75],
          [11.455472, 46.956247, 1267.0],
          [11.455101, 46.954831, 1266.25],
          [11.455074, 46.954771, 1265.75],
          [11.454995, 46.954639, 1267.5],
          [11.454910, 46.954443, 1270.25],
          [11.454776, 46.954263, 1273.0],
          [11.454623, 46.954085, 1275.75],
          [11.454530, 46.953991, 1277.25],
          [11.454407, 46.953881, 1279.0],
          [11.454350, 46.953848, 1279.25],
          [11.454135, 46.953698, 1270.25],
          [11.453942, 46.953578, 1262.75],
          [11.453485, 46.953326, 1259.5],
          [11.453155, 46.953158, 1260.5],
          [11.452118, 46.952649, 1254.75],
          [11.451632, 46.952387, 1253.25],
          [11.451555, 46.952337, 1253.0],
          [11.451377, 46.952221, 1253.25],
          [11.451170, 46.952058, 1253.25],
          [11.450956, 46.951882, 1254.25],
          [11.450786, 46.951720, 1253.5],
          [11.450656, 46.951580, 1251.75],
          [11.450534, 46.951419, 1250.25],
          [11.450314, 46.951069, 1247.25],
          [11.450275, 46.950992, 1247.75],
          [11.450196, 46.950839, 1247.75],
          [11.450102, 46.950563, 1249.0],
          [11.449922, 46.949739, 1248.25],
          [11.449809, 46.949354, 1244.25],
          [11.449686, 46.949016, 1243.75],
          [11.449473, 46.948630, 1242.5],
          [11.449302, 46.948368, 1241.25],
          [11.449172, 46.948217, 1241.5],
          [11.448858, 46.947843, 1241.25],
          [11.448627, 46.947587, 1242.25],
          [11.448128, 46.947146, 1242.0],
          [11.447866, 46.946947, 1242.0],
          [11.447571, 46.946748, 1242.5],
          [11.446761, 46.946180, 1243.0],
          [11.446407, 46.945926, 1243.25],
          [11.446053, 46.945717, 1241.5],
          [11.445643, 46.945518, 1240.5],
          [11.445256, 46.945353, 1241.5],
          [11.444498, 46.945078, 1241.25],
          [11.444227, 46.944993, 1238.75],
          [11.444014, 46.944952, 1238.0],
          [11.443922, 46.944929, 1238.0],
          [11.443940, 46.944884, 1237.5],
          [11.443966, 46.944856, 1237.0],
          [11.444018, 46.944831, 1236.25],
          [11.444090, 46.944832, 1235.75],
          [11.444324, 46.944911, 1235.75],
          [11.444512, 46.944958, 1236.25],
          [11.445366, 46.945122, 1231.0],
          [11.445783, 46.945189, 1228.75],
          [11.445983, 46.945230, 1227.75],
          [11.446148, 46.945271, 1227.25],
          [11.446393, 46.945356, 1227.5],
          [11.446528, 46.945396, 1227.5],
          [11.446578, 46.945401, 1227.25],
          [11.446617, 46.945394, 1226.75],
          [11.446642, 46.945374, 1226.25],
          [11.446653, 46.945343, 1225.25],
          [11.446624, 46.945310, 1224.75],
          [11.446591, 46.945289, 1224.5],
          [11.445908, 46.945051, 1221.25],
          [11.445561, 46.944952, 1220.5],
          [11.445425, 46.944906, 1220.0],
          [11.445301, 46.944850, 1219.0],
          [11.445076, 46.944732, 1217.0],
          [11.444918, 46.944629, 1215.75],
          [11.444708, 46.944523, 1215.25],
          [11.444598, 46.944498, 1215.5],
          [11.444566, 46.944466, 1214.5],
          [11.444566, 46.944433, 1213.25],
          [11.443852, 46.943995, 1206.75],
          [11.443535, 46.943895, 1204.0],
          [11.443190, 46.943831, 1201.5],
          [11.442745, 46.943794, 1198.25],
          [11.442088, 46.943727, 1193.75],
          [11.442035, 46.943730, 1193.25],
          [11.441980, 46.943744, 1192.75],
          [11.441930, 46.943766, 1192.25],
          [11.441878, 46.943799, 1191.75],
          [11.441741, 46.943940, 1192.75],
          [11.441645, 46.944019, 1193.5],
          [11.441554, 46.944051, 1192.75],
          [11.441449, 46.944075, 1191.5],
          [11.441353, 46.944087, 1190.5],
          [11.441215, 46.944080, 1188.5],
          [11.441094, 46.944059, 1186.75],
          [11.440984, 46.944031, 1187.0],
          [11.440616, 46.943925, 1186.25],
          [11.439828, 46.943835, 1181.5],
          [11.439115, 46.943814, 1178.75],
          [11.438949, 46.943809, 1177.75],
          [11.438657, 46.943762, 1176.5],
          [11.438112, 46.943709, 1173.75],
          [11.437881, 46.943702, 1172.5],
          [11.437673, 46.943711, 1169.5],
          [11.437623, 46.943743, 1169.25],
          [11.437585, 46.943783, 1169.0],
          [11.437554, 46.943830, 1169.0],
          [11.437522, 46.944147, 1170.0],
          [11.437452, 46.944246, 1170.0],
          [11.437364, 46.944325, 1170.0],
          [11.437270, 46.944362, 1169.0],
          [11.437168, 46.944371, 1168.75],
          [11.437080, 46.944356, 1169.0],
          [11.437000, 46.944313, 1168.25],
          [11.436334, 46.943762, 1162.75],
          [11.436210, 46.943698, 1161.75],
          [11.436107, 46.943662, 1160.75],
          [11.435961, 46.943639, 1159.0],
          [11.435824, 46.943636, 1157.75],
          [11.435670, 46.943669, 1156.25],
          [11.435524, 46.943774, 1155.75],
          [11.435375, 46.943931, 1155.25],
          [11.435288, 46.943987, 1154.25],
          [11.435137, 46.944012, 1153.5],
          [11.434995, 46.944019, 1152.5],
          [11.434835, 46.944045, 1149.25],
          [11.434605, 46.944132, 1147.5],
          [11.434476, 46.944171, 1147.25],
          [11.434356, 46.944172, 1147.0],
          [11.434253, 46.944161, 1146.75],
          [11.433974, 46.944100, 1144.5],
          [11.433764, 46.944043, 1142.75],
          [11.433579, 46.944016, 1142.25],
          [11.433304, 46.944019, 1139.75],
          [11.433017, 46.944058, 1138.25],
          [11.432373, 46.944227, 1135.5],
          [11.431945, 46.944332, 1133.5],
          [11.431772, 46.944352, 1133.5],
          [11.431720, 46.944346, 1133.0],
          [11.431469, 46.944262, 1129.0],
          [11.431316, 46.944239, 1127.25],
          [11.431211, 46.944237, 1126.25],
          [11.431047, 46.944265, 1124.5],
          [11.430860, 46.944359, 1122.0],
          [11.430620, 46.944433, 1121.0],
          [11.430243, 46.944466, 1120.5],
          [11.429796, 46.944551, 1117.25],
          [11.429356, 46.944615, 1113.75],
          [11.428972, 46.944654, 1111.0],
          [11.428688, 46.944739, 1109.5],
          [11.428526, 46.944766, 1108.75],
          [11.428121, 46.944780, 1106.0],
          [11.428022, 46.944800, 1105.75],
          [11.427760, 46.944879, 1105.0],
          [11.427683, 46.944885, 1104.75],
          [11.427605, 46.944872, 1103.75],
          [11.427164, 46.944716, 1099.75],
          [11.427021, 46.944683, 1098.75],
          [11.426210, 46.944652, 1093.75],
          [11.426238, 46.944621, 1093.5],
          [11.426625, 46.944518, 1092.5],
          [11.426988, 46.944433, 1091.75],
          [11.427149, 46.944423, 1091.5],
          [11.427692, 46.944505, 1092.5],
          [11.428111, 46.944457, 1091.75],
          [11.428269, 46.944403, 1091.5],
          [11.429020, 46.944059, 1087.75],
          [11.429140, 46.944029, 1088.25],
          [11.429447, 46.943957, 1088.5],
          [11.430028, 46.943776, 1089.0],
          [11.430557, 46.943572, 1086.0],
          [11.432079, 46.942844, 1084.75],
          [11.434384, 46.942094, 1081.0],
          [11.434911, 46.941954, 1075.0],
          [11.435151, 46.941881, 1075.5],
          [11.435415, 46.941788, 1076.25],
          [11.435632, 46.941687, 1073.75],
          [11.435790, 46.941629, 1072.5],
          [11.436565, 46.941405, 1072.0],
          [11.437148, 46.941225, 1071.0],
          [11.437517, 46.941098, 1067.75],
          [11.437895, 46.940940, 1067.5],
          [11.438344, 46.940721, 1067.0],
          [11.438679, 46.940533, 1066.75],
          [11.438893, 46.940397, 1066.25],
          [11.439181, 46.940214, 1065.25],
          [11.439236, 46.940193, 1065.0],
          [11.439293, 46.940177, 1065.0],
          [11.439560, 46.940177, 1065.0],
          [11.439676, 46.940171, 1064.75],
          [11.439794, 46.940155, 1064.75],
          [11.439888, 46.940127, 1064.75],
          [11.440081, 46.940056, 1064.5],
          [11.440175, 46.940002, 1064.25],
          [11.440247, 46.939950, 1064.75],
          [11.440335, 46.939872, 1065.0],
          [11.440403, 46.939799, 1065.0],
          [11.440598, 46.939560, 1065.5],
          [11.441022, 46.939755, 1067.75],
          [11.441186, 46.939840, 1069.5],
          [11.441334, 46.939892, 1070.5],
          [11.441414, 46.939905, 1071.0],
          [11.441494, 46.939898, 1071.75],
          [11.441598, 46.939866, 1072.25],
          [11.442900, 46.938934, 1080.0],
          [11.442973, 46.938902, 1080.0],
          [11.443014, 46.938894, 1080.0],
          [11.443050, 46.938897, 1080.0],
          [11.443098, 46.938925, 1080.25],
          [11.443154, 46.938882, 1080.5],
          [11.443158, 46.938836, 1080.5],
          [11.443255, 46.938836, 1081.25],
          [11.443387, 46.938850, 1082.0],
          [11.443602, 46.938923, 1082.75],
          [11.443717, 46.938955, 1083.25],
          [11.443794, 46.938939, 1083.5],
          [11.443859, 46.938910, 1083.75],
          [11.443916, 46.938872, 1084.0],
          [11.443982, 46.938791, 1084.0],
          [11.444333, 46.938863, 1086.25],
          [11.444596, 46.938367, 1084.25],
          [11.444640, 46.938343, 1084.0],
          [11.444750, 46.938308, 1083.75],
          [11.444773, 46.938287, 1083.5],
          [11.444801, 46.938240, 1083.25],
          [11.444959, 46.938269, 1084.0],
          [11.444979, 46.938272, 1084.25],
          [11.445008, 46.938237, 1083.75],
          [11.445097, 46.938125, 1083.25],
          [11.445159, 46.938053, 1083.0],
          [11.445315, 46.937851, 1083.75],
          [11.445350, 46.937612, 1084.0],
          [11.445385, 46.937521, 1084.5],
          [11.445430, 46.937450, 1084.75],
          [11.445666, 46.937098, 1084.5],
          [11.445884, 46.936239, 1081.0],
          [11.445983, 46.935792, 1079.75],
          [11.446013, 46.935620, 1079.5],
          [11.446013, 46.935458, 1078.75],
          [11.446123, 46.935236, 1078.5],
          [11.446408, 46.934742, 1078.25],
          [11.446869, 46.933983, 1080.25],
          [11.446971, 46.933866, 1080.0],
          [11.447103, 46.933751, 1079.25],
          [11.447771, 46.933324, 1074.75],
          [11.448101, 46.933097, 1074.0],
          [11.448216, 46.933002, 1072.5],
          [11.448356, 46.932948, 1072.75],
          [11.448380, 46.932911, 1071.5],
          [11.448490, 46.932901, 1071.0],
          [11.448571, 46.932908, 1070.75],
          [11.448645, 46.932928, 1070.5],
          [11.448731, 46.932963, 1069.75],
          [11.449010, 46.933115, 1068.5],
          [11.449107, 46.933152, 1067.25],
          [11.449209, 46.933155, 1066.25],
          [11.449292, 46.933120, 1066.5],
          [11.449370, 46.933015, 1065.25],
          [11.449459, 46.932862, 1063.75],
          [11.449535, 46.932710, 1063.75],
          [11.449625, 46.932434, 1059.25],
          [11.449681, 46.932186, 1055.5],
          [11.449707, 46.932029, 1055.0],
          [11.449714, 46.931832, 1054.0],
          [11.449753, 46.931749, 1054.75],
          [11.449883, 46.931566, 1058.25],
          [11.450058, 46.931266, 1058.0],
          [11.450233, 46.930741, 1053.75],
          [11.450249, 46.930651, 1053.25],
          [11.450251, 46.930559, 1052.5],
          [11.450235, 46.930438, 1051.25],
          [11.450155, 46.930142, 1048.75],
          [11.450145, 46.930101, 1048.75],
          [11.450131, 46.930036, 1048.25],
          [11.450044, 46.929723, 1050.0],
          [11.449778, 46.929014, 1049.0],
          [11.449710, 46.928796, 1047.5],
          [11.449681, 46.928660, 1047.75],
          [11.449656, 46.928472, 1047.0],
          [11.449651, 46.928334, 1046.5],
          [11.449660, 46.928196, 1045.0],
          [11.449679, 46.928069, 1043.5],
          [11.449758, 46.927737, 1041.0],
          [11.449793, 46.927621, 1041.25],
          [11.449838, 46.927532, 1041.25],
          [11.449853, 46.927476, 1041.5],
          [11.449854, 46.927387, 1042.0],
          [11.449833, 46.927207, 1042.75],
          [11.449856, 46.926910, 1042.75],
          [11.449854, 46.926727, 1042.75],
          [11.449816, 46.926455, 1041.0],
          [11.449781, 46.926278, 1039.75],
          [11.449740, 46.926159, 1038.5],
          [11.449558, 46.925747, 1043.5],
          [11.449381, 46.925560, 1041.5],
          [11.448603, 46.924690, 1040.25],
          [11.448498, 46.924510, 1040.75],
          [11.448489, 46.924425, 1041.75],
          [11.448510, 46.924356, 1042.75],
          [11.448578, 46.924260, 1044.25],
          [11.448603, 46.924167, 1044.75],
          [11.448608, 46.923957, 1045.5],
          [11.448579, 46.923670, 1048.25],
          [11.448614, 46.923333, 1056.0],
          [11.448650, 46.923095, 1057.5],
          [11.448696, 46.923028, 1058.25],
          [11.448840, 46.922951, 1059.75],
          [11.448951, 46.922912, 1060.75],
          [11.449231, 46.922884, 1063.75],
          [11.449473, 46.922807, 1064.25],
          [11.449650, 46.922755, 1064.75],
          [11.449734, 46.922763, 1066.5],
          [11.449824, 46.922805, 1069.25],
          [11.449906, 46.922793, 1070.0],
          [11.450028, 46.922730, 1070.0],
          [11.450177, 46.922619, 1069.75],
          [11.450241, 46.922537, 1069.0],
          [11.450623, 46.922307, 1064.75],
          [11.450732, 46.922245, 1065.25],
          [11.450789, 46.922214, 1066.0],
          [11.450827, 46.922161, 1067.0],
          [11.450834, 46.922001, 1067.75],
          [11.450821, 46.921928, 1068.0],
          [11.450616, 46.921789, 1066.25],
          [11.450503, 46.921798, 1063.25],
          [11.450389, 46.921827, 1061.25],
          [11.450326, 46.921846, 1060.25],
          [11.450234, 46.921857, 1059.75],
          [11.450080, 46.921859, 1060.25],
          [11.449913, 46.921844, 1059.5],
          [11.449814, 46.921825, 1058.75],
          [11.449422, 46.921722, 1056.25],
          [11.449028, 46.921589, 1051.25],
          [11.448784, 46.921485, 1047.25],
          [11.448699, 46.921437, 1047.5],
          [11.448635, 46.921373, 1049.0],
          [11.448592, 46.921295, 1047.75],
          [11.448521, 46.920927, 1044.0],
          [11.448483, 46.920829, 1043.0],
          [11.448431, 46.920749, 1042.25],
          [11.447603, 46.919908, 1030.5],
          [11.447355, 46.919614, 1027.25],
          [11.447188, 46.919410, 1023.75],
          [11.447090, 46.919270, 1022.5],
          [11.446986, 46.919095, 1020.25],
          [11.446896, 46.918901, 1018.5],
          [11.446783, 46.918525, 1017.0],
          [11.446719, 46.918324, 1016.5],
          [11.446566, 46.918140, 1014.75],
          [11.446522, 46.918071, 1014.0],
          [11.446336, 46.918040, 1012.0],
          [11.446223, 46.918049, 1012.5],
          [11.446078, 46.918075, 1011.75],
          [11.445895, 46.918106, 1006.75],
          [11.445814, 46.918103, 1004.75],
          [11.445759, 46.918081, 1004.25],
          [11.445713, 46.918045, 1003.5],
          [11.445691, 46.917996, 1003.25],
          [11.445652, 46.917777, 1002.5],
          [11.445579, 46.917454, 1000.25],
          [11.445480, 46.917266, 999.0],
          [11.445293, 46.917017, 996.0],
          [11.444791, 46.916624, 991.25],
          [11.444704, 46.916572, 990.0],
          [11.444563, 46.916509, 988.75],
          [11.444486, 46.916492, 987.5],
          [11.444402, 46.916487, 986.5],
          [11.444416, 46.916294, 986.75],
          [11.444381, 46.916193, 986.5],
          [11.444311, 46.916067, 986.5],
          [11.444219, 46.915939, 985.75],
          [11.444089, 46.915715, 984.0],
          [11.444033, 46.915655, 984.0],
          [11.443968, 46.915605, 983.5],
          [11.443539, 46.915425, 984.75],
          [11.443439, 46.915364, 983.5],
          [11.443325, 46.915262, 980.0],
          [11.443255, 46.915140, 980.75],
          [11.443103, 46.914790, 978.5],
          [11.443070, 46.914673, 978.0],
          [11.443116, 46.914524, 978.25],
          [11.443083, 46.914480, 978.0],
          [11.442904, 46.914471, 977.5],
          [11.442700, 46.914495, 977.5],
          [11.442588, 46.914496, 978.0],
          [11.442515, 46.914477, 978.25],
          [11.442346, 46.914333, 979.5],
          [11.442220, 46.914245, 979.25],
          [11.442048, 46.914144, 977.25],
          [11.441887, 46.914058, 976.75],
          [11.441709, 46.913996, 977.0],
          [11.440575, 46.913656, 974.75],
          [11.440047, 46.913488, 973.75],
          [11.439723, 46.913379, 973.5],
          [11.439612, 46.913335, 973.5],
          [11.439468, 46.913246, 972.25],
          [11.439387, 46.913184, 971.75],
          [11.439228, 46.913033, 972.25],
          [11.439168, 46.912999, 972.25],
          [11.439046, 46.912978, 972.25],
          [11.438834, 46.912959, 972.5],
          [11.438751, 46.912953, 972.75],
          [11.438661, 46.912923, 972.75],
          [11.438625, 46.912895, 972.75],
          [11.438526, 46.912756, 972.75],
          [11.438475, 46.912684, 972.5],
          [11.438101, 46.912298, 972.0],
          [11.437876, 46.912105, 973.75],
          [11.437808, 46.912045, 974.0],
          [11.437322, 46.911633, 973.5],
          [11.437262, 46.911593, 973.75],
          [11.436195, 46.910998, 969.75],
          [11.435836, 46.910804, 970.5],
          [11.435759, 46.910736, 973.25],
          [11.435650, 46.910588, 974.0],
          [11.435629, 46.910377, 971.0],
          [11.435597, 46.910288, 969.75],
          [11.435534, 46.910183, 969.75],
          [11.435235, 46.909781, 969.75],
          [11.435149, 46.909665, 969.5],
          [11.434949, 46.909466, 968.25],
          [11.434714, 46.909309, 971.0],
          [11.434598, 46.909241, 976.25],
          [11.434301, 46.909032, 976.75],
          [11.433996, 46.908856, 968.0],
          [11.432612, 46.907907, 965.75],
          [11.432347, 46.907728, 966.25],
          [11.431957, 46.907434, 965.5],
          [11.431710, 46.907259, 966.5],
          [11.431631, 46.907195, 967.25],
          [11.431564, 46.907137, 967.5],
          [11.431371, 46.906953, 967.25],
          [11.431203, 46.906773, 966.75],
          [11.431064, 46.906592, 965.0],
          [11.430879, 46.906333, 964.0],
          [11.430782, 46.906233, 963.75],
          [11.430694, 46.906068, 963.5],
          [11.430616, 46.905863, 962.5],
          [11.430553, 46.905811, 962.75],
          [11.429992, 46.905789, 965.5],
          [11.429894, 46.905762, 965.75],
          [11.429630, 46.905099, 960.25],
          [11.429349, 46.904727, 961.25],
          [11.429322, 46.904596, 961.75],
          [11.429362, 46.904335, 960.5],
          [11.429348, 46.904253, 960.75],
          [11.429301, 46.904002, 960.75],
          [11.429333, 46.903924, 959.75],
          [11.429308, 46.903745, 959.5],
          [11.429225, 46.903596, 959.75],
          [11.429106, 46.903436, 960.75],
          [11.429095, 46.903358, 960.5],
          [11.430050, 46.903336, 957.25],
          [11.430034, 46.903280, 957.5],
          [11.429908, 46.902417, 959.0],
          [11.429863, 46.902166, 959.5],
          [11.429858, 46.901908, 960.0],
          [11.429929, 46.901835, 960.0],
          [11.429898, 46.901676, 960.25],
          [11.429941, 46.901616, 959.75],
          [11.429934, 46.901465, 958.75],
          [11.429914, 46.901163, 956.0],
          [11.429919, 46.901048, 955.0],
          [11.430038, 46.900747, 952.5],
          [11.430288, 46.900197, 950.75],
          [11.430380, 46.900072, 950.5],
          [11.430873, 46.899548, 949.75],
          [11.431178, 46.899138, 949.0],
          [11.431205, 46.899092, 949.0],
          [11.431311, 46.898886, 948.75],
          [11.431317, 46.898871, 949.0],
          [11.431333, 46.898816, 949.0],
          [11.431368, 46.898697, 949.0],
          [11.431412, 46.898565, 948.75],
          [11.431499, 46.898320, 948.5],
          [11.431619, 46.897891, 948.0],
          [11.431808, 46.897307, 947.25],
          [11.431894, 46.897083, 947.0],
          [11.432026, 46.896778, 947.0],
          [11.432050, 46.896722, 947.0],
          [11.432117, 46.896436, 947.0],
          [11.432119, 46.896425, 947.0],
          [11.432138, 46.896365, 946.75],
          [11.432173, 46.896188, 946.25],
          [11.432180, 46.896159, 946.25],
          [11.432234, 46.895962, 946.0],
          [11.432483, 46.895325, 946.0],
          [11.432621, 46.894951, 945.25],
          [11.432632, 46.894918, 945.25],
          [11.432656, 46.894821, 945.5],
          [11.432668, 46.894288, 945.0],
          [11.432679, 46.894200, 945.0],
          [11.432697, 46.894132, 945.0],
          [11.432740, 46.894029, 945.0],
          [11.432811, 46.893913, 945.0],
          [11.433019, 46.893621, 945.0],
          [11.433227, 46.893337, 944.5],
          [11.433373, 46.893071, 944.0],
          [11.433465, 46.892904, 944.0],
          [11.433496, 46.892867, 944.0],
          [11.433540, 46.892835, 944.0],
          [11.433591, 46.892815, 944.0],
          [11.433579, 46.892772, 944.0],
          [11.433577, 46.892725, 944.0],
          [11.433673, 46.892579, 944.0],
          [11.433751, 46.892439, 943.75],
          [11.433786, 46.892368, 943.75],
          [11.433855, 46.892206, 943.75],
          [11.433864, 46.892099, 943.5],
          [11.433853, 46.891997, 943.0],
          [11.433770, 46.891603, 943.0],
          [11.433740, 46.891507, 943.0],
          [11.433717, 46.891467, 943.0],
          [11.433596, 46.891376, 942.75],
          [11.433557, 46.891357, 942.75],
          [11.433589, 46.891335, 942.75],
          [11.433605, 46.891323, 942.75],
          [11.434077, 46.890981, 942.25],
          [11.434120, 46.890924, 942.25],
          [11.434274, 46.890506, 941.75],
          [11.434381, 46.890239, 941.5],
          [11.434369, 46.890127, 941.25],
          [11.434369, 46.890012, 941.0],
          [11.434391, 46.889927, 941.0],
          [11.434496, 46.889778, 941.0],
          [11.434554, 46.889682, 941.0],
          [11.434654, 46.889523, 941.0],
          [11.434785, 46.889433, 940.5],
          [11.435580, 46.887711, 940.75],
          [11.435915, 46.886983, 940.0],
          [11.436643, 46.885897, 940.75],
          [11.436828, 46.885528, 940.0],
          [11.437001, 46.885445, 940.5],
          [11.437419, 46.885291, 939.5],
          [11.437601, 46.885205, 939.5],
          [11.437877, 46.885058, 940.0],
          [11.438122, 46.884893, 939.75],
          [11.438322, 46.884731, 939.0],
          [11.438787, 46.884313, 939.75],
          [11.438963, 46.884220, 939.5],
          [11.439134, 46.884156, 939.0],
          [11.439552, 46.884026, 939.5],
          [11.439984, 46.883878, 939.0],
          [11.440367, 46.883708, 939.75],
          [11.440708, 46.883543, 939.25],
          [11.440876, 46.883471, 940.0],
          [11.441503, 46.883355, 938.5],
          [11.442393, 46.883125, 938.5],
          [11.443055, 46.882963, 938.0],
          [11.443694, 46.882772, 938.0],
          [11.447766, 46.881335, 938.5],
          [11.447913, 46.881295, 938.25],
          [11.448019, 46.881283, 938.0],
          [11.447979, 46.881218, 937.25],
          [11.447884, 46.881091, 936.75],
          [11.447860, 46.881054, 937.25],
          [11.447861, 46.881034, 937.25],
          [11.447878, 46.881020, 937.25],
          [11.448174, 46.880939, 936.5],
          [11.464334, 46.875222, 933.25],
          [11.468317, 46.873837, 931.75],
          [11.471293, 46.872774, 931.5],
          [11.471367, 46.872748, 931.5],
          [11.472276, 46.872423, 931.5],
          [11.477489, 46.870602, 931.5],
          [11.478091, 46.870409, 931.0],
          [11.478480, 46.870302, 931.25],
          [11.478525, 46.870291, 931.25],
          [11.479943, 46.869930, 931.5],
          [11.480044, 46.869901, 931.5],
          [11.480730, 46.869666, 932.5],
          [11.480981, 46.869569, 932.25],
          [11.481095, 46.869540, 932.25],
          [11.481150, 46.869534, 932.25],
          [11.481199, 46.869537, 932.0],
          [11.481296, 46.869561, 931.75],
          [11.481337, 46.869577, 931.5],
          [11.481390, 46.869618, 931.0],
          [11.481437, 46.869718, 929.75],
          [11.481546, 46.869948, 931.5],
          [11.481571, 46.869988, 932.0],
          [11.481640, 46.870059, 932.25],
          [11.481716, 46.870105, 932.0],
          [11.481199, 46.870288, 932.5],
          [11.480413, 46.870540, 934.25],
          [11.480264, 46.870332, 933.75],
          [11.479720, 46.869469, 938.5],
          [11.479659, 46.869382, 940.5],
          [11.479562, 46.869262, 942.25],
          [11.479482, 46.869183, 942.25],
          [11.479042, 46.868858, 942.25],
          [11.478975, 46.868794, 943.0],
          [11.478919, 46.868718, 944.25],
          [11.478775, 46.868434, 948.0],
          [11.478722, 46.868281, 949.25],
          [11.478703, 46.868161, 950.5],
          [11.478708, 46.868016, 952.0],
          [11.478751, 46.867670, 954.0],
          [11.478788, 46.867163, 958.5],
          [11.478785, 46.867080, 959.5],
          [11.478774, 46.867052, 959.75],
          [11.478745, 46.867018, 960.0],
          [11.478524, 46.866798, 959.0],
          [11.478510, 46.866766, 959.0],
          [11.478515, 46.866722, 959.25],
          [11.478528, 46.866699, 959.5],
          [11.478553, 46.866678, 959.75],
          [11.478688, 46.866601, 961.0],
          [11.478739, 46.866553, 961.75],
          [11.478758, 46.866513, 962.25],
          [11.478770, 46.866477, 962.75],
          [11.478789, 46.866290, 963.75],
          [11.478934, 46.866020, 965.5],
          [11.478987, 46.865972, 966.0],
          [11.479340, 46.865845, 966.5],
          [11.479553, 46.865757, 967.75],
          [11.479606, 46.865727, 968.0],
          [11.479652, 46.865691, 968.25],
          [11.479633, 46.865618, 968.5],
          [11.479577, 46.865522, 969.0],
          [11.479553, 46.865462, 969.25],
          [11.479548, 46.865379, 969.5],
          [11.479569, 46.864967, 968.75],
          [11.479572, 46.864715, 968.0],
          [11.479590, 46.864647, 968.25],
          [11.479640, 46.864551, 968.25],
          [11.479808, 46.864350, 968.5],
          [11.479878, 46.864246, 968.75],
          [11.479899, 46.864181, 969.0],
          [11.479913, 46.864027, 970.5],
          [11.479928, 46.863951, 971.0],
          [11.479952, 46.863825, 971.75],
          [11.480084, 46.863585, 971.75],
          [11.480146, 46.863508, 972.0],
          [11.480196, 46.863460, 972.0],
          [11.480251, 46.863420, 971.75],
          [11.480328, 46.863379, 971.5],
          [11.480783, 46.863218, 971.5],
          [11.482080, 46.862782, 969.75],
          [11.482560, 46.862672, 968.5],
          [11.482920, 46.862615, 968.0],
          [11.484012, 46.862596, 961.0],
          [11.484606, 46.862625, 958.0],
          [11.485160, 46.862711, 958.25],
          [11.485977, 46.862949, 953.75],
          [11.486348, 46.863021, 952.75],
          [11.486811, 46.863038, 950.0],
          [11.487545, 46.863024, 946.75],
          [11.488342, 46.862929, 946.0],
          [11.488614, 46.862913, 946.75],
          [11.488930, 46.862917, 947.0],
          [11.489389, 46.862967, 946.25],
          [11.491417, 46.862828, 940.0],
          [11.491730, 46.862753, 940.25],
          [11.492584, 46.862320, 936.25],
          [11.492797, 46.862259, 935.5],
          [11.493474, 46.862196, 934.75],
          [11.493760, 46.862133, 934.5],
          [11.494026, 46.862039, 934.25],
          [11.494277, 46.861892, 934.5],
          [11.494597, 46.861679, 933.75],
          [11.494890, 46.861545, 933.25],
          [11.495566, 46.861301, 932.75],
          [11.495795, 46.861182, 933.25],
          [11.495895, 46.861115, 933.0],
          [11.496157, 46.860866, 934.75],
          [11.496266, 46.860777, 935.25],
          [11.496586, 46.860572, 936.0],
          [11.497459, 46.860176, 936.25],
          [11.497725, 46.860092, 935.25],
          [11.497830, 46.860071, 935.0],
          [11.498274, 46.859847, 935.25],
          [11.498511, 46.859674, 935.5],
          [11.498686, 46.859547, 937.25],
          [11.499939, 46.859101, 946.25],
          [11.500763, 46.858827, 950.75],
          [11.500903, 46.858765, 952.25],
          [11.501024, 46.858682, 953.5],
          [11.501162, 46.858550, 954.25],
          [11.501314, 46.858424, 954.75],
          [11.501565, 46.858152, 959.5],
          [11.501666, 46.858079, 959.0],
          [11.501797, 46.858014, 961.25],
          [11.502385, 46.857771, 964.25],
          [11.502686, 46.857653, 968.75],
          [11.502851, 46.857525, 968.0],
          [11.503223, 46.857273, 968.75],
          [11.503270, 46.857226, 968.0],
          [11.503309, 46.857166, 966.75],
          [11.503333, 46.857098, 966.25],
          [11.503343, 46.857031, 966.5],
          [11.503329, 46.856886, 967.0],
          [11.503298, 46.856793, 967.25],
          [11.503274, 46.856741, 967.5],
          [11.503109, 46.856501, 968.5],
          [11.503066, 46.856414, 968.75],
          [11.502994, 46.856233, 969.25],
          [11.502924, 46.856013, 970.25],
          [11.502888, 46.855942, 970.75],
          [11.502755, 46.855762, 972.0],
          [11.502425, 46.855428, 975.25],
          [11.502377, 46.855335, 975.75],
          [11.502383, 46.855298, 975.75],
          [11.502461, 46.855233, 975.5],
          [11.502623, 46.855140, 975.25],
          [11.502908, 46.855006, 975.25],
          [11.502956, 46.854974, 974.75],
          [11.502971, 46.854950, 974.25],
          [11.502975, 46.854879, 973.0],
          [11.502932, 46.854789, 972.25],
          [11.502815, 46.854685, 972.75],
          [11.502488, 46.854485, 968.75],
          [11.502355, 46.854392, 969.5],
          [11.502306, 46.854350, 969.25],
          [11.502277, 46.854307, 968.25],
          [11.502241, 46.854215, 965.5],
          [11.502197, 46.854124, 964.0],
          [11.502183, 46.854077, 964.0],
          [11.502210, 46.854015, 963.5],
          [11.502317, 46.853914, 963.25],
          [11.502362, 46.853873, 964.0],
          [11.502394, 46.853855, 964.5],
          [11.502416, 46.853844, 965.0],
          [11.502492, 46.853824, 966.25],
          [11.502571, 46.853815, 967.25],
          [11.502650, 46.853816, 968.0],
          [11.502745, 46.853823, 968.75],
          [11.502847, 46.853844, 969.25],
          [11.503131, 46.853917, 971.0],
          [11.503195, 46.853916, 971.75],
          [11.503254, 46.853907, 973.0],
          [11.503303, 46.853885, 974.5],
          [11.503421, 46.853791, 976.0],
          [11.503615, 46.853605, 977.0],
          [11.503782, 46.853430, 976.75],
          [11.503889, 46.853226, 975.75],
          [11.503956, 46.853124, 975.5],
          [11.503989, 46.853043, 975.25],
          [11.504010, 46.852949, 974.75],
          [11.504012, 46.852905, 974.75],
          [11.504031, 46.852622, 974.25],
          [11.504074, 46.852493, 974.0],
          [11.504209, 46.852180, 974.5],
          [11.504280, 46.852056, 973.25],
          [11.504471, 46.851808, 970.25],
          [11.504518, 46.851597, 969.25],
          [11.504546, 46.851527, 968.75],
          [11.504622, 46.851415, 967.75],
          [11.504662, 46.851371, 967.5],
          [11.504887, 46.851259, 966.5],
          [11.504979, 46.851194, 966.0],
          [11.505007, 46.851165, 965.75],
          [11.505098, 46.851039, 966.25],
          [11.505185, 46.850988, 966.0],
          [11.505647, 46.850804, 963.5],
          [11.506594, 46.850360, 956.0],
          [11.506840, 46.850266, 953.5],
          [11.507057, 46.850218, 952.25],
          [11.507217, 46.850194, 950.5],
          [11.507663, 46.850183, 947.25],
          [11.507881, 46.850161, 945.5],
          [11.508099, 46.850120, 944.0],
          [11.508237, 46.850079, 943.25],
          [11.508778, 46.849825, 939.5],
          [11.508902, 46.849776, 938.75],
          [11.509024, 46.849737, 938.25],
          [11.509742, 46.849567, 933.75],
          [11.509988, 46.849530, 932.0],
          [11.510386, 46.849506, 930.0],
          [11.510651, 46.849468, 928.25],
          [11.511071, 46.849356, 925.5],
          [11.511227, 46.849302, 924.75],
          [11.511410, 46.849227, 923.75],
          [11.511461, 46.849219, 923.5],
          [11.511517, 46.849226, 923.5],
          [11.511699, 46.849294, 922.75],
          [11.511927, 46.849349, 921.5],
          [11.512161, 46.849370, 919.5],
          [11.512383, 46.849367, 918.0],
          [11.512632, 46.849375, 916.5],
          [11.512932, 46.849425, 914.75],
          [11.513195, 46.849452, 913.25],
          [11.513509, 46.849458, 912.25],
          [11.513639, 46.849467, 911.5],
          [11.513887, 46.849512, 909.75],
          [11.513965, 46.849521, 909.25],
          [11.514037, 46.849514, 909.0],
          [11.514127, 46.849487, 908.75],
          [11.514231, 46.849442, 908.75],
          [11.514306, 46.849375, 907.75],
          [11.514953, 46.848354, 902.25],
          [11.515050, 46.848219, 902.0],
          [11.515112, 46.848160, 901.75],
          [11.515161, 46.848127, 901.75],
          [11.515228, 46.848109, 901.75],
          [11.515265, 46.848013, 900.75],
          [11.515404, 46.847823, 900.75],
          [11.515626, 46.847576, 899.75],
          [11.515814, 46.847387, 898.0],
          [11.516011, 46.847217, 896.25],
          [11.516180, 46.847087, 896.75],
          [11.516564, 46.846826, 897.0],
          [11.516802, 46.846700, 896.5],
          [11.517386, 46.846425, 898.75],
          [11.518035, 46.846072, 905.25],
          [11.518198, 46.846003, 906.25],
          [11.518324, 46.845962, 907.0],
          [11.518426, 46.845946, 905.75],
          [11.518536, 46.845939, 903.75],
          [11.518676, 46.845930, 903.25],
          [11.518759, 46.845919, 904.25],
          [11.519237, 46.845817, 904.5],
          [11.519500, 46.845795, 901.75],
          [11.519679, 46.845768, 899.75],
          [11.520108, 46.845686, 895.75],
          [11.520318, 46.845630, 894.25],
          [11.520798, 46.845469, 890.0],
          [11.520992, 46.845394, 888.5],
          [11.521158, 46.845296, 886.0],
          [11.521396, 46.845104, 883.0],
          [11.521607, 46.844906, 880.5],
          [11.521947, 46.844515, 878.5],
          [11.522287, 46.844149, 877.0],
          [11.522965, 46.843344, 875.0],
          [11.523219, 46.843084, 876.25],
          [11.523511, 46.842727, 876.0],
          [11.523539, 46.842668, 875.75],
          [11.523560, 46.842584, 875.0],
          [11.523624, 46.842187, 873.0],
          [11.523651, 46.842134, 873.25],
          [11.523714, 46.842092, 872.75],
          [11.523718, 46.841996, 873.0],
          [11.523762, 46.841865, 873.75],
          [11.523824, 46.841727, 873.75],
          [11.523911, 46.841587, 872.75],
          [11.524064, 46.841423, 872.5],
          [11.524252, 46.841250, 872.5],
          [11.524573, 46.840993, 872.25],
          [11.524652, 46.840904, 872.0],
          [11.524730, 46.840784, 870.75],
          [11.524773, 46.840661, 870.5],
          [11.524842, 46.840531, 870.5],
          [11.524971, 46.840362, 871.25],
          [11.525219, 46.840068, 872.5],
          [11.525277, 46.839973, 872.0],
          [11.525307, 46.839894, 871.5],
          [11.525361, 46.839443, 871.0],
          [11.525435, 46.839283, 870.25],
          [11.525596, 46.839040, 869.0],
          [11.525815, 46.838809, 869.0],
          [11.525973, 46.838622, 868.75],
          [11.526095, 46.838453, 867.75],
          [11.526230, 46.838223, 868.25],
          [11.526622, 46.837518, 867.0],
          [11.526769, 46.837224, 866.5],
          [11.526846, 46.837094, 867.25],
          [11.526935, 46.836997, 867.5],
          [11.527032, 46.836940, 867.5],
          [11.527194, 46.836871, 868.25],
          [11.527471, 46.836790, 868.25],
          [11.527624, 46.836732, 868.25],
          [11.527761, 46.836671, 868.0],
          [11.527847, 46.836616, 868.0],
          [11.527921, 46.836551, 868.0],
          [11.527965, 46.836470, 868.0],
          [11.527969, 46.836380, 868.0],
          [11.527923, 46.836225, 868.75],
          [11.527890, 46.835671, 867.0],
          [11.527918, 46.835521, 866.75],
          [11.528018, 46.835391, 866.5],
          [11.528249, 46.835222, 865.25],
          [11.528484, 46.835090, 865.75],
          [11.528665, 46.834965, 865.75],
          [11.528767, 46.834859, 865.75],
          [11.528822, 46.834755, 865.75],
          [11.528832, 46.834665, 866.0],
          [11.528815, 46.834575, 866.25],
          [11.528751, 46.834423, 867.25],
          [11.528684, 46.834194, 867.0],
          [11.528700, 46.834093, 870.0],
          [11.528757, 46.834028, 870.25],
          [11.529068, 46.833825, 864.5],
          [11.529332, 46.833611, 862.0],
          [11.529489, 46.833517, 860.75],
          [11.529659, 46.833455, 860.25],
          [11.529739, 46.833413, 860.0],
          [11.529999, 46.833201, 860.25],
          [11.530047, 46.833149, 860.5],
          [11.530092, 46.833074, 860.5],
          [11.530145, 46.833019, 861.0],
          [11.530236, 46.832958, 861.0],
          [11.530371, 46.832898, 860.75],
          [11.530829, 46.832760, 861.0],
          [11.530949, 46.832705, 860.75],
          [11.531080, 46.832618, 860.0],
          [11.531183, 46.832527, 859.5],
          [11.531464, 46.832275, 857.25],
          [11.531802, 46.831987, 856.75],
          [11.531938, 46.831854, 856.25],
          [11.532058, 46.831699, 856.0],
          [11.532144, 46.831630, 856.25],
          [11.532496, 46.831384, 854.0],
          [11.532752, 46.831226, 854.25],
          [11.533051, 46.831054, 854.0],
          [11.533192, 46.830958, 854.0],
          [11.533491, 46.830679, 854.5],
          [11.533611, 46.830542, 854.0],
          [11.533768, 46.830292, 854.0],
          [11.534049, 46.829785, 856.75],
          [11.534179, 46.829519, 858.0],
          [11.534274, 46.829346, 861.0],
          [11.534618, 46.828745, 863.5],
          [11.534705, 46.828567, 862.75],
          [11.534761, 46.828413, 863.25],
          [11.534802, 46.828250, 860.75],
          [11.534825, 46.828116, 857.0],
          [11.534933, 46.827846, 852.75],
          [11.534983, 46.827514, 854.75],
          [11.534977, 46.827157, 856.75],
          [11.535053, 46.826850, 857.5],
          [11.535088, 46.826619, 857.25],
          [11.535078, 46.826029, 862.5],
          [11.535074, 46.825958, 862.75],
          [11.535052, 46.825919, 863.0],
          [11.534991, 46.825891, 864.25],
          [11.534739, 46.825835, 865.75],
          [11.534691, 46.825801, 866.0],
          [11.534688, 46.825750, 865.75],
          [11.534857, 46.825448, 860.5],
          [11.534928, 46.825240, 857.75],
          [11.534994, 46.825077, 855.5],
          [11.535021, 46.824800, 852.5],
          [11.535102, 46.824255, 849.5],
          [11.535050, 46.823838, 848.0],
          [11.535068, 46.823605, 846.75],
          [11.535127, 46.823321, 847.0],
          [11.535035, 46.822745, 844.75],
          [11.535100, 46.822029, 843.0],
          [11.535009, 46.820796, 844.0],
          [11.534921, 46.820511, 845.75],
          [11.534824, 46.820246, 847.75],
          [11.534833, 46.820133, 848.5],
          [11.534890, 46.820075, 848.75],
          [11.534933, 46.820045, 848.75],
          [11.535084, 46.819977, 848.75],
          [11.535337, 46.819790, 849.25],
          [11.535401, 46.819719, 849.5],
          [11.535481, 46.819292, 849.25],
          [11.535588, 46.819170, 848.75],
          [11.535787, 46.819039, 847.75],
          [11.536231, 46.818778, 844.75],
          [11.536322, 46.818702, 844.25],
          [11.536367, 46.818633, 844.0],
          [11.536526, 46.818321, 842.75],
          [11.536478, 46.818272, 843.0],
          [11.536505, 46.818176, 842.5],
          [11.536591, 46.818028, 841.25],
          [11.536696, 46.817923, 841.25],
          [11.536762, 46.817883, 841.75],
          [11.536912, 46.817819, 842.0],
          [11.536978, 46.817769, 842.0],
          [11.537022, 46.817723, 842.25],
          [11.537054, 46.817634, 842.5],
          [11.537090, 46.817500, 842.25],
          [11.537355, 46.817366, 843.0],
          [11.537451, 46.817276, 843.75],
          [11.537604, 46.817011, 844.5],
          [11.537698, 46.816766, 845.75],
          [11.537782, 46.816616, 846.25],
          [11.538013, 46.816291, 844.0],
          [11.538146, 46.816044, 843.5],
          [11.538199, 46.815864, 843.25],
          [11.538222, 46.815634, 842.75],
          [11.538279, 46.815437, 843.25],
          [11.538416, 46.815108, 845.5],
          [11.538491, 46.814988, 847.0],
          [11.538850, 46.814656, 848.0],
          [11.539083, 46.814497, 845.0],
          [11.539302, 46.814361, 842.5],
          [11.539804, 46.814122, 839.5],
          [11.540045, 46.813976, 838.25],
          [11.540221, 46.813829, 838.0],
          [11.540427, 46.813577, 836.25],
          [11.540550, 46.813488, 835.75],
          [11.540993, 46.813222, 836.25],
          [11.541276, 46.813075, 835.5],
          [11.541585, 46.812990, 835.75],
          [11.541957, 46.812997, 835.0],
          [11.542493, 46.813174, 834.5],
          [11.542834, 46.813298, 832.5],
          [11.543317, 46.813456, 833.25],
          [11.543533, 46.813506, 834.75],
          [11.544041, 46.813555, 837.25],
          [11.544789, 46.813664, 838.75],
          [11.544937, 46.813692, 837.75],
          [11.545451, 46.813785, 836.75],
          [11.545954, 46.813788, 836.0],
          [11.546475, 46.813721, 837.25],
          [11.546761, 46.813662, 836.75],
          [11.547154, 46.813566, 836.5],
          [11.547386, 46.813493, 835.5],
          [11.547939, 46.813266, 835.25],
          [11.549978, 46.812275, 830.25],
          [11.550498, 46.812140, 831.0],
          [11.550952, 46.812080, 831.25],
          [11.551584, 46.812047, 833.25],
          [11.553023, 46.812022, 827.25],
          [11.555973, 46.811958, 817.75],
          [11.556180, 46.811914, 818.25],
          [11.556282, 46.811877, 819.0],
          [11.556347, 46.811853, 819.5],
          [11.556890, 46.811658, 820.75],
          [11.557024, 46.811650, 821.0],
          [11.557155, 46.811651, 821.0],
          [11.557613, 46.811661, 818.0],
          [11.557701, 46.811646, 817.75],
          [11.557900, 46.811558, 817.0],
          [11.558428, 46.811308, 815.0],
          [11.558644, 46.811186, 815.0],
          [11.558830, 46.811066, 815.5],
          [11.560249, 46.810070, 818.5],
          [11.560795, 46.809802, 822.75],
          [11.561112, 46.809657, 820.5],
          [11.562064, 46.809250, 817.25],
          [11.562536, 46.808968, 817.25],
          [11.562651, 46.808912, 817.25],
          [11.562859, 46.808878, 817.5],
          [11.563017, 46.808874, 818.0],
          [11.563264, 46.808808, 819.75],
          [11.564254, 46.808421, 813.5],
          [11.564390, 46.808410, 812.25],
          [11.564550, 46.808398, 811.0],
          [11.564639, 46.808377, 810.25],
          [11.565311, 46.808183, 808.0],
          [11.566686, 46.807761, 807.75],
          [11.567120, 46.807599, 806.75],
          [11.567357, 46.807498, 806.25],
          [11.567441, 46.807456, 806.5],
          [11.567533, 46.807381, 806.5],
          [11.567723, 46.807282, 806.0],
          [11.567918, 46.807217, 805.75],
          [11.568853, 46.807030, 806.0],
          [11.569033, 46.806974, 805.5],
          [11.569239, 46.806930, 805.25],
          [11.569406, 46.806903, 806.0],
          [11.569554, 46.806902, 806.75],
          [11.569757, 46.806868, 807.5],
          [11.570171, 46.806746, 807.75],
          [11.570650, 46.806586, 807.75],
          [11.571222, 46.806419, 807.75],
          [11.571733, 46.806248, 806.25],
          [11.571974, 46.806159, 805.75],
          [11.572048, 46.806110, 805.5],
          [11.572088, 46.806045, 806.0],
          [11.572189, 46.805986, 806.0],
          [11.572325, 46.805975, 805.25],
          [11.572602, 46.805927, 804.0],
          [11.572683, 46.806068, 804.5],
          [11.572932, 46.806408, 804.0],
          [11.573007, 46.806524, 801.75],
          [11.573132, 46.806623, 800.25],
          [11.573634, 46.806961, 798.75],
          [11.573775, 46.807058, 798.75],
          [11.573834, 46.807086, 798.5],
          [11.574168, 46.807458, 797.0],
          [11.574362, 46.807681, 798.25],
          [11.574391, 46.807713, 798.75],
          [11.574574, 46.807932, 801.5],
          [11.574999, 46.807948, 802.0],
          [11.575204, 46.807912, 803.0],
          [11.575614, 46.807810, 803.0],
          [11.577201, 46.807362, 801.75],
          [11.578411, 46.806960, 800.25],
          [11.578871, 46.806801, 797.75],
          [11.579507, 46.806602, 797.25],
          [11.580464, 46.806295, 797.75],
          [11.580848, 46.806214, 797.75],
          [11.581846, 46.806034, 797.0],
          [11.582661, 46.805872, 798.25],
          [11.583525, 46.805691, 797.25],
          [11.583993, 46.805539, 796.0],
          [11.584297, 46.805402, 796.0],
          [11.584418, 46.805335, 796.5],
          [11.584470, 46.805314, 796.5],
          [11.584631, 46.805206, 795.5],
          [11.586023, 46.804040, 793.5],
          [11.586273, 46.803874, 794.75],
          [11.586468, 46.803759, 795.25],
          [11.586763, 46.803620, 795.75],
          [11.587049, 46.803517, 794.5],
          [11.587374, 46.803435, 794.75],
          [11.587706, 46.803376, 797.25],
          [11.588626, 46.803269, 793.25],
          [11.589170, 46.803181, 791.75],
          [11.589538, 46.803085, 788.75],
          [11.593492, 46.801738, 777.0],
          [11.594072, 46.801482, 775.25],
          [11.594648, 46.801190, 774.5],
          [11.594745, 46.801088, 773.75],
          [11.594857, 46.801026, 773.5],
          [11.594957, 46.800975, 773.5],
          [11.595032, 46.800960, 774.0],
          [11.595093, 46.800934, 774.0],
          [11.595630, 46.800566, 770.5],
          [11.596315, 46.800036, 772.0],
          [11.596481, 46.799871, 771.25],
          [11.596783, 46.799539, 770.0],
          [11.597167, 46.799096, 768.75],
          [11.597393, 46.798851, 768.5],
          [11.597687, 46.798629, 768.0],
          [11.597964, 46.798484, 767.5],
          [11.598107, 46.798416, 767.5],
          [11.598248, 46.798332, 766.25],
          [11.598279, 46.798322, 765.75],
          [11.598387, 46.798291, 765.25],
          [11.598426, 46.798282, 765.5],
          [11.598614, 46.798261, 766.25],
          [11.598983, 46.798181, 766.5],
          [11.599388, 46.798130, 765.5],
          [11.599529, 46.798105, 764.75],
          [11.599562, 46.798111, 765.0],
          [11.599612, 46.798144, 766.75],
          [11.599901, 46.798080, 764.0],
          [11.600162, 46.798005, 762.5],
          [11.600576, 46.797860, 761.75],
          [11.600643, 46.797836, 761.75],
          [11.600794, 46.797770, 761.5],
          [11.601276, 46.797530, 759.0],
          [11.601511, 46.797423, 758.0],
          [11.601609, 46.797385, 757.75],
          [11.601956, 46.797264, 757.75],
          [11.602466, 46.797137, 757.0],
          [11.603083, 46.796985, 756.0],
          [11.603711, 46.796853, 756.0],
          [11.604298, 46.796721, 756.5],
          [11.604273, 46.796663, 756.25],
          [11.604554, 46.796578, 756.0],
          [11.604807, 46.796484, 755.5],
          [11.604957, 46.796411, 755.75],
          [11.605149, 46.796301, 755.5],
          [11.605335, 46.796161, 755.0],
          [11.605499, 46.796016, 755.75],
          [11.605685, 46.795782, 756.25],
          [11.606403, 46.794785, 756.5],
          [11.606450, 46.794718, 756.5],
          [11.606729, 46.794352, 756.0],
          [11.606868, 46.794157, 754.5],
          [11.607116, 46.793849, 752.75],
          [11.607327, 46.793619, 753.0],
          [11.607499, 46.793474, 752.0],
          [11.607789, 46.793292, 751.5],
          [11.607774, 46.793253, 751.0],
          [11.607600, 46.793109, 747.25],
          [11.608451, 46.792274, 744.75],
          [11.608994, 46.791964, 743.75],
          [11.609576, 46.791695, 743.0],
          [11.609604, 46.791664, 743.0],
          [11.609598, 46.791623, 742.75],
          [11.609373, 46.791383, 742.5],
          [11.609159, 46.791143, 746.5],
          [11.609703, 46.790225, 747.0],
          [11.609884, 46.789982, 746.25],
          [11.610228, 46.789442, 747.0],
          [11.610389, 46.789345, 745.75],
          [11.610400, 46.789328, 745.75],
          [11.610536, 46.789078, 747.0],
          [11.610571, 46.789006, 746.75],
          [11.610551, 46.788991, 747.0],
          [11.610538, 46.788956, 747.0],
          [11.610545, 46.788937, 747.0],
          [11.610578, 46.788911, 746.75],
          [11.610565, 46.788880, 747.0],
          [11.610572, 46.788844, 747.0],
          [11.610591, 46.788815, 747.0],
          [11.610746, 46.788558, 747.25],
          [11.610924, 46.788443, 747.25],
          [11.611410, 46.787633, 746.75],
          [11.611499, 46.787521, 746.5],
          [11.611628, 46.787323, 746.5],
          [11.612103, 46.786349, 744.25],
          [11.612128, 46.786318, 744.25],
          [11.612172, 46.786290, 744.0],
          [11.612199, 46.786259, 744.0],
          [11.612307, 46.786091, 744.5],
          [11.612415, 46.785901, 742.75],
          [11.612435, 46.785864, 742.25],
          [11.612808, 46.785342, 738.25],
          [11.613095, 46.784995, 735.5],
          [11.613634, 46.784471, 733.25],
          [11.613678, 46.784433, 733.25],
          [11.613725, 46.784419, 733.0],
          [11.613779, 46.784433, 731.75],
          [11.614038, 46.784538, 729.0],
          [11.614076, 46.784523, 728.75],
          [11.614240, 46.784397, 728.0],
          [11.614430, 46.784256, 728.0],
          [11.614510, 46.784235, 727.5],
          [11.614581, 46.784217, 727.25],
          [11.615397, 46.783592, 725.75],
          [11.616288, 46.782881, 729.0],
          [11.616387, 46.782806, 727.75],
          [11.616571, 46.782665, 730.25],
          [11.617034, 46.782373, 730.25],
          [11.617486, 46.782155, 729.25],
          [11.617901, 46.781999, 733.0],
          [11.618270, 46.781841, 731.5],
          [11.618760, 46.781526, 733.5],
          [11.619456, 46.781129, 734.75],
          [11.619654, 46.781086, 729.5],
          [11.619778, 46.781022, 729.75],
          [11.619809, 46.781007, 730.0],
          [11.621165, 46.780177, 731.5],
          [11.621640, 46.779718, 741.25],
          [11.623260, 46.778706, 737.5],
          [11.623533, 46.778525, 736.0],
          [11.624090, 46.778243, 737.25],
          [11.624154, 46.778173, 738.75],
          [11.624273, 46.778146, 738.75],
          [11.625111, 46.778105, 736.5],
          [11.625170, 46.778115, 735.5],
          [11.625414, 46.778085, 735.5],
          [11.625538, 46.778087, 734.5],
          [11.625971, 46.777997, 737.75],
          [11.626279, 46.777904, 738.75],
          [11.626437, 46.777841, 739.0],
          [11.626563, 46.777764, 739.25],
          [11.626664, 46.777684, 739.75],
          [11.627213, 46.777222, 740.25],
          [11.627699, 46.776772, 739.75],
          [11.627793, 46.776825, 737.75],
          [11.627879, 46.776874, 737.75],
          [11.627960, 46.776863, 737.75],
          [11.628055, 46.776789, 737.25],
          [11.628067, 46.776706, 737.0],
          [11.628103, 46.776656, 736.25],
          [11.628167, 46.776614, 736.0],
          [11.628400, 46.776552, 734.0],
          [11.628600, 46.776524, 734.5],
          [11.628931, 46.776497, 734.75],
          [11.629352, 46.776490, 732.25],
          [11.629600, 46.776491, 730.5],
          [11.629743, 46.776498, 729.75],
          [11.630181, 46.776551, 728.25],
          [11.630361, 46.776588, 727.75],
          [11.630719, 46.776606, 726.5],
          [11.630975, 46.776627, 726.75],
          [11.631057, 46.776617, 726.75],
          [11.631250, 46.776579, 726.75],
          [11.631673, 46.776536, 726.0],
          [11.631744, 46.776539, 724.5],
          [11.631794, 46.776550, 723.5],
          [11.631840, 46.776576, 722.75],
          [11.631917, 46.776637, 720.75],
          [11.632165, 46.776894, 721.0],
          [11.632208, 46.776956, 719.5],
          [11.632229, 46.777009, 718.75],
          [11.632254, 46.777025, 718.25],
          [11.632325, 46.777052, 717.0],
          [11.632363, 46.777248, 716.0],
          [11.632389, 46.777314, 715.75],
          [11.632414, 46.777352, 714.75],
          [11.632453, 46.777380, 712.75],
          [11.632503, 46.777400, 710.0],
          [11.633036, 46.777539, 712.75],
          [11.633108, 46.777553, 715.75],
          [11.633190, 46.777560, 717.25],
          [11.633284, 46.777552, 719.0],
          [11.633392, 46.777529, 720.25],
          [11.633531, 46.777485, 720.75],
          [11.633695, 46.777406, 722.25],
          [11.633769, 46.777427, 723.0],
          [11.633932, 46.777356, 724.5],
          [11.634114, 46.777294, 725.75],
          [11.634298, 46.777249, 726.0],
          [11.634608, 46.777187, 728.0],
          [11.634800, 46.777155, 728.75],
          [11.635050, 46.777138, 729.25],
          [11.635170, 46.777142, 728.75],
          [11.635218, 46.777144, 728.75],
          [11.635302, 46.777147, 728.5],
          [11.635447, 46.777151, 728.5],
          [11.635821, 46.777148, 727.75],
          [11.635903, 46.777139, 727.5],
          [11.636522, 46.777126, 726.0],
          [11.636972, 46.777133, 726.0],
          [11.637184, 46.777147, 726.75],
          [11.637409, 46.777187, 726.75],
          [11.637462, 46.777204, 726.75],
          [11.637523, 46.777221, 726.75],
          [11.637576, 46.777240, 726.75],
          [11.638207, 46.777547, 728.5],
          [11.638365, 46.777659, 728.5],
          [11.638468, 46.777845, 727.5],
          [11.638493, 46.777937, 727.75],
          [11.638512, 46.777971, 727.25],
          [11.638552, 46.778010, 726.5],
          [11.638607, 46.778039, 725.0],
          [11.638643, 46.778046, 725.25],
          [11.638720, 46.778057, 726.5],
          [11.638782, 46.778060, 727.5],
          [11.638832, 46.778047, 727.75],
          [11.638904, 46.778000, 727.0],
          [11.639154, 46.777794, 726.25],
          [11.639710, 46.777292, 726.75],
          [11.639673, 46.777270, 725.25],
          [11.639825, 46.777142, 726.0],
          [11.640079, 46.776944, 727.25],
          [11.640213, 46.776857, 727.0],
          [11.640350, 46.776784, 726.75],
          [11.640498, 46.776718, 726.5],
          [11.640674, 46.776663, 726.25],
          [11.641245, 46.776531, 725.25],
          [11.641392, 46.776484, 725.0],
          [11.641523, 46.776434, 725.0],
          [11.641629, 46.776382, 725.5],
          [11.641678, 46.776354, 726.0],
          [11.641716, 46.776322, 726.75],
          [11.641900, 46.776074, 728.25],
          [11.641938, 46.776009, 728.0],
          [11.642014, 46.775829, 727.25],
          [11.642097, 46.775728, 726.75],
          [11.642567, 46.775289, 723.0],
          [11.643098, 46.774702, 719.5],
          [11.643138, 46.774661, 718.75],
          [11.643187, 46.774604, 718.0],
          [11.643239, 46.774626, 719.25],
          [11.643417, 46.774432, 718.75],
          [11.644521, 46.773245, 712.25],
          [11.644666, 46.773071, 713.25],
          [11.644868, 46.772874, 714.75],
          [11.644989, 46.772768, 714.5],
          [11.645134, 46.772668, 716.0],
          [11.645313, 46.772582, 715.5],
          [11.645512, 46.772533, 713.5],
          [11.645726, 46.772522, 712.0],
          [11.645925, 46.772555, 711.75],
          [11.646012, 46.772556, 711.25],
          [11.646057, 46.772620, 712.25],
          [11.646189, 46.772618, 712.0],
          [11.646652, 46.772469, 712.75],
          [11.646729, 46.772407, 713.25],
          [11.646731, 46.772348, 713.25],
          [11.646622, 46.772285, 711.5],
          [11.646650, 46.772201, 711.5],
          [11.646671, 46.771896, 711.25],
          [11.646659, 46.771718, 711.5],
          [11.646690, 46.771577, 712.0],
          [11.646795, 46.771224, 714.25],
          [11.646843, 46.771009, 714.25],
          [11.646867, 46.770772, 714.0],
          [11.646847, 46.770455, 715.75],
          [11.646767, 46.770100, 716.75],
          [11.646701, 46.769757, 717.25],
          [11.646683, 46.769565, 717.75],
          [11.646698, 46.769333, 718.75],
          [11.646831, 46.768871, 721.25],
          [11.646941, 46.768685, 723.5],
          [11.647058, 46.768575, 725.0],
          [11.647174, 46.768508, 725.5],
          [11.647296, 46.768453, 726.75],
          [11.647505, 46.768374, 729.25],
          [11.647647, 46.768338, 730.75],
          [11.647799, 46.768313, 731.25],
          [11.648002, 46.768289, 731.0],
          [11.648181, 46.768287, 732.5],
          [11.648587, 46.768309, 734.0],
          [11.648756, 46.768312, 733.25],
          [11.649542, 46.768272, 738.0],
          [11.649685, 46.768286, 737.75],
          [11.649845, 46.768317, 737.0],
          [11.649993, 46.768355, 736.5],
          [11.650233, 46.768435, 736.25],
          [11.650338, 46.768446, 735.5],
          [11.650446, 46.768469, 734.75],
          [11.650533, 46.768505, 734.5],
          [11.650704, 46.768596, 734.0],
          [11.651358, 46.768973, 733.0],
          [11.651424, 46.769011, 732.5],
          [11.651528, 46.769059, 731.75],
          [11.651625, 46.769092, 730.75],
          [11.651746, 46.769115, 729.5],
          [11.652307, 46.769180, 726.25],
          [11.652520, 46.769219, 727.0],
          [11.653054, 46.769336, 727.0],
          [11.653409, 46.769428, 728.0],
          [11.653460, 46.769449, 728.0],
          [11.653523, 46.769470, 728.0],
          [11.653933, 46.769602, 728.5],
          [11.653955, 46.769612, 728.5],
          [11.653984, 46.769669, 728.25],
          [11.653999, 46.769678, 728.25],
          [11.654222, 46.769742, 728.25],
          [11.654296, 46.769715, 728.5],
          [11.654464, 46.769653, 729.5],
          [11.654556, 46.769587, 730.0],
          [11.654713, 46.769395, 730.75],
          [11.655093, 46.769370, 732.75],
          [11.655179, 46.769371, 733.25],
          [11.655282, 46.769384, 733.75],
          [11.655629, 46.769481, 734.25],
          [11.655709, 46.769514, 734.75],
          [11.655759, 46.769564, 735.25],
          [11.655848, 46.769737, 736.0],
          [11.655916, 46.769870, 737.0],
          [11.655982, 46.769993, 737.75],
          [11.656015, 46.770021, 738.0],
          [11.656077, 46.770051, 738.25],
          [11.656922, 46.770362, 738.25],
          [11.657413, 46.770530, 739.5],
          [11.659764, 46.771299, 748.0],
          [11.660230, 46.771477, 749.5],
          [11.660470, 46.771584, 752.75],
          [11.660859, 46.771803, 755.25],
          [11.661664, 46.772271, 762.0],
          [11.661903, 46.772380, 763.0],
          [11.662361, 46.772537, 766.75],
          [11.662701, 46.772705, 768.25],
          [11.662795, 46.772746, 769.0],
          [11.662914, 46.772785, 769.25],
          [11.663033, 46.772804, 769.75],
          [11.663164, 46.772807, 770.0],
          [11.663333, 46.772796, 770.0],
          [11.663515, 46.772781, 770.0],
          [11.663898, 46.772784, 770.0],
          [11.664042, 46.772780, 770.0],
          [11.664204, 46.772761, 770.0],
          [11.664720, 46.772662, 771.0],
          [11.664777, 46.772642, 771.0],
          [11.664816, 46.772617, 771.0],
          [11.664855, 46.772576, 771.0],
          [11.664873, 46.772525, 771.0],
          [11.664873, 46.772439, 770.5],
          [11.664811, 46.772084, 768.75],
          [11.664800, 46.771743, 767.75],
          [11.664550, 46.769752, 759.0],
          [11.664478, 46.769489, 760.0],
          [11.664418, 46.769398, 760.25],
          [11.664337, 46.769319, 759.75],
          [11.664055, 46.768860, 763.25],
          [11.663478, 46.768365, 765.25],
          [11.662329, 46.767378, 766.5],
          [11.661920, 46.767021, 764.5],
          [11.661604, 46.766769, 764.5],
          [11.660615, 46.766052, 767.25],
          [11.659762, 46.765508, 769.5],
          [11.659404, 46.765249, 767.0],
          [11.658643, 46.764602, 764.5],
          [11.658277, 46.764265, 764.25],
          [11.657351, 46.763210, 758.0],
          [11.656407, 46.762301, 756.0],
          [11.656247, 46.762164, 755.0],
          [11.655354, 46.761357, 753.0],
          [11.654967, 46.760975, 752.75],
          [11.654702, 46.760653, 752.75],
          [11.654250, 46.759974, 747.5],
          [11.653477, 46.758782, 748.25],
          [11.653259, 46.758485, 746.0],
          [11.653007, 46.758178, 742.5],
          [11.652465, 46.757667, 738.5],
          [11.651665, 46.756947, 731.75],
          [11.651375, 46.756650, 727.5],
          [11.651180, 46.756359, 725.5],
          [11.651091, 46.756136, 724.25],
          [11.650938, 46.755518, 717.0],
          [11.650780, 46.755046, 714.0],
          [11.650541, 46.754568, 710.5],
          [11.650280, 46.754143, 709.0],
          [11.649927, 46.753654, 703.75],
          [11.649274, 46.752895, 697.25],
          [11.648936, 46.752584, 693.5],
          [11.648055, 46.751830, 686.5],
          [11.647932, 46.751718, 686.25],
          [11.647762, 46.751536, 685.75],
          [11.647631, 46.751380, 685.25],
          [11.647627, 46.751433, 685.0],
          [11.647687, 46.751754, 683.0],
          [11.647451, 46.751846, 681.0],
          [11.647243, 46.751873, 680.5],
          [11.647026, 46.751847, 680.25],
          [11.646954, 46.751762, 679.5],
          [11.646905, 46.751679, 678.75],
          [11.646843, 46.751474, 678.0],
          [11.646833, 46.751328, 677.25],
          [11.646831, 46.750987, 675.0],
          [11.646854, 46.750837, 674.5],
          [11.646877, 46.750473, 674.25],
          [11.646929, 46.750331, 674.0],
          [11.646936, 46.750176, 673.5],
          [11.646991, 46.749915, 672.75],
          [11.646978, 46.749726, 671.25],
          [11.646999, 46.749555, 670.25],
          [11.647052, 46.749518, 670.25],
          [11.647039, 46.749002, 663.25],
          [11.647044, 46.748780, 658.75],
          [11.647118, 46.748338, 652.75],
          [11.647114, 46.748241, 651.75],
          [11.647106, 46.747965, 649.75],
          [11.647105, 46.747929, 649.5],
          [11.647092, 46.747606, 646.75],
          [11.647119, 46.747402, 644.0],
          [11.647221, 46.747230, 642.0],
          [11.647344, 46.746994, 640.5],
          [11.647401, 46.746824, 639.75],
          [11.647444, 46.746594, 638.25],
          [11.647487, 46.746414, 638.0],
          [11.647595, 46.746113, 635.5],
          [11.647758, 46.745836, 633.0],
          [11.647958, 46.745612, 631.0],
          [11.648543, 46.745227, 625.75],
          [11.649004, 46.744900, 621.5],
          [11.649443, 46.744609, 619.75],
          [11.649629, 46.744472, 621.75],
          [11.649852, 46.744290, 620.75],
          [11.650136, 46.744091, 622.5],
          [11.650235, 46.743987, 621.75],
          [11.650510, 46.743647, 619.0],
          [11.650665, 46.743523, 619.0],
          [11.650919, 46.743293, 618.75],
          [11.651126, 46.743045, 617.75],
          [11.651301, 46.742850, 616.25],
          [11.651357, 46.742772, 616.0],
          [11.651397, 46.742699, 616.25],
          [11.651455, 46.742534, 615.5],
          [11.651561, 46.742083, 612.0],
          [11.651582, 46.742042, 611.75],
          [11.651603, 46.742024, 612.25],
          [11.651574, 46.742005, 611.0],
          [11.651564, 46.741965, 610.0],
          [11.651601, 46.741872, 610.0],
          [11.651605, 46.741776, 609.0],
          [11.651556, 46.741432, 604.25],
          [11.651567, 46.741344, 603.75],
          [11.651609, 46.741255, 603.25],
          [11.651699, 46.741111, 602.0],
          [11.651706, 46.741052, 601.75],
          [11.651701, 46.740991, 601.25],
          [11.651662, 46.740926, 600.5],
          [11.651584, 46.740842, 599.0],
          [11.651492, 46.740765, 598.25],
          [11.651349, 46.740688, 597.0],
          [11.651383, 46.740662, 597.5],
          [11.651423, 46.740635, 597.75],
          [11.651493, 46.740601, 598.5],
          [11.651507, 46.740512, 598.75],
          [11.651503, 46.740273, 598.75],
          [11.651515, 46.740118, 598.75],
          [11.651675, 46.739403, 597.25],
          [11.651727, 46.739241, 598.75],
          [11.651771, 46.739086, 599.5],
          [11.651887, 46.738826, 598.75],
          [11.652017, 46.738636, 599.0],
          [11.652131, 46.738402, 598.5],
          [11.652209, 46.738155, 598.0],
          [11.652270, 46.737921, 598.0],
          [11.652314, 46.737692, 598.0],
          [11.652495, 46.736998, 597.0],
          [11.652508, 46.736948, 597.0],
          [11.652566, 46.736792, 597.0],
          [11.652677, 46.736265, 596.75],
          [11.652738, 46.735896, 596.75],
          [11.652869, 46.735512, 597.25],
          [11.652968, 46.735148, 596.25],
          [11.653071, 46.734628, 594.5],
          [11.653052, 46.734587, 593.75],
          [11.653051, 46.734438, 592.5],
          [11.653084, 46.734269, 591.25],
          [11.653168, 46.734038, 590.0],
          [11.653232, 46.733831, 587.25],
          [11.653287, 46.733776, 587.5],
          [11.653386, 46.733596, 586.0],
          [11.653442, 46.733439, 584.25],
          [11.653502, 46.733229, 581.25],
          [11.653521, 46.733051, 579.5],
          [11.653527, 46.732709, 577.5],
          [11.653497, 46.732646, 576.5],
          [11.653657, 46.731770, 573.5],
          [11.653956, 46.730649, 572.25],
          [11.654050, 46.730124, 573.25],
          [11.653965, 46.730121, 571.75],
          [11.653205, 46.730090, 571.25],
          [11.653156, 46.730088, 571.75],
          [11.653192, 46.729714, 572.0],
          [11.653246, 46.729327, 570.5],
          [11.653507, 46.728375, 570.0],
          [11.653690, 46.727770, 570.0],
          [11.653801, 46.727405, 568.75],
          [11.653941, 46.727066, 569.0],
          [11.654058, 46.726864, 568.5],
          [11.654232, 46.726598, 568.25],
          [11.654402, 46.726420, 568.5],
          [11.654633, 46.726236, 567.5],
          [11.654756, 46.726105, 567.5],
          [11.654858, 46.725953, 567.25],
          [11.654959, 46.725768, 567.25],
          [11.655059, 46.725455, 567.5],
          [11.655216, 46.725069, 567.0],
          [11.655275, 46.724764, 567.0],
          [11.655271, 46.724731, 567.0],
          [11.655265, 46.724687, 567.0],
          [11.655292, 46.724633, 566.75],
          [11.655513, 46.724091, 565.5],
          [11.655791, 46.723497, 565.5],
          [11.655888, 46.723239, 566.0],
          [11.655885, 46.723171, 566.25],
          [11.655897, 46.723128, 566.0],
          [11.655924, 46.723091, 565.5],
          [11.656110, 46.722684, 565.25],
          [11.656330, 46.722316, 564.5],
          [11.656788, 46.721766, 563.75],
          [11.657432, 46.721063, 562.75],
          [11.657638, 46.720824, 563.0],
          [11.657799, 46.720620, 563.25],
          [11.658179, 46.720066, 562.5],
          [11.658285, 46.719819, 562.5],
          [11.658479, 46.718822, 561.25],
          [11.658491, 46.718405, 560.75],
          [11.658481, 46.718259, 560.5],
          [11.658444, 46.717839, 560.0],
          [11.658459, 46.717606, 559.5],
          [11.658485, 46.717465, 559.5],
          [11.658548, 46.717250, 560.75],
          [11.658789, 46.716835, 559.25],
          [11.659008, 46.716597, 559.0],
          [11.659244, 46.716405, 558.5],
          [11.659646, 46.716111, 559.0],
          [11.659869, 46.715893, 558.75],
          [11.660034, 46.715713, 558.25],
          [11.660199, 46.715481, 557.75],
          [11.660298, 46.715303, 557.75],
          [11.660379, 46.715112, 557.75],
          [11.660454, 46.714834, 557.75],
          [11.660490, 46.714520, 558.75],
          [11.660449, 46.714485, 558.75],
          [11.660407, 46.714066, 558.0],
          [11.660329, 46.713964, 558.5],
          [11.660265, 46.713564, 558.75],
          [11.660174, 46.713046, 558.75],
          [11.660043, 46.712365, 557.5],
          [11.659786, 46.711415, 557.5],
          [11.659691, 46.711163, 557.75],
          [11.659549, 46.710878, 557.25],
          [11.659430, 46.710717, 558.0],
          [11.659398, 46.710655, 558.75],
          [11.659317, 46.710480, 558.75],
          [11.659250, 46.710258, 557.0],
          [11.659171, 46.710071, 556.75],
          [11.658607, 46.709260, 557.25],
          [11.658233, 46.708877, 556.5],
          [11.658195, 46.708839, 556.25],
          [11.657025, 46.707572, 555.0],
          [11.656614, 46.707174, 555.5],
          [11.656418, 46.706995, 555.0],
          [11.653322, 46.704594, 554.0],
          [11.652723, 46.704066, 553.5],
          [11.652648, 46.703939, 553.5],
          [11.652438, 46.703730, 554.0],
          [11.652320, 46.703670, 554.0],
          [11.652072, 46.703393, 554.0],
          [11.651747, 46.702998, 553.25],
          [11.651551, 46.702759, 553.25],
          [11.650785, 46.701827, 553.5],
          [11.650794, 46.701727, 553.25],
          [11.649330, 46.699938, 553.0],
          [11.648057, 46.698366, 552.75],
          [11.645722, 46.695505, 550.75],
          [11.644843, 46.694519, 551.5],
          [11.644589, 46.694191, 551.5],
          [11.644532, 46.694114, 551.5],
          [11.644447, 46.693984, 551.75],
          [11.644326, 46.693764, 551.75],
          [11.644200, 46.693496, 551.5],
          [11.643674, 46.692020, 549.75],
          [11.643159, 46.690574, 549.5],
          [11.643065, 46.690245, 550.5],
          [11.643030, 46.690040, 550.0],
          [11.643015, 46.689857, 550.0],
          [11.643001, 46.689259, 549.75],
          [11.642971, 46.688865, 549.75],
          [11.642944, 46.688649, 548.75],
          [11.642878, 46.688495, 548.75],
          [11.642758, 46.688311, 549.5],
          [11.642569, 46.688103, 549.0],
          [11.642285, 46.687854, 548.75],
          [11.641959, 46.687644, 548.25],
          [11.641635, 46.687465, 548.5],
          [11.640817, 46.687065, 548.0],
          [11.640233, 46.686752, 548.0],
          [11.639582, 46.686361, 548.5],
          [11.636904, 46.684558, 547.25],
          [11.636209, 46.684108, 547.0],
          [11.636102, 46.683993, 546.75],
          [11.635915, 46.683843, 546.75],
          [11.635146, 46.683401, 545.25],
          [11.634666, 46.683227, 544.75],
          [11.634436, 46.683162, 544.75],
          [11.634090, 46.683107, 544.5],
          [11.633379, 46.683055, 544.75],
          [11.632319, 46.683115, 544.75],
          [11.631831, 46.683215, 545.0],
          [11.631433, 46.683349, 546.0],
          [11.630520, 46.683692, 544.25],
          [11.630418, 46.683746, 544.5],
          [11.630208, 46.683908, 545.25],
          [11.629803, 46.684106, 544.25],
          [11.629737, 46.684129, 544.5],
          [11.629665, 46.684143, 544.5],
          [11.629427, 46.684167, 544.0],
          [11.629175, 46.684178, 544.0],
          [11.629010, 46.684168, 544.5],
          [11.628321, 46.684051, 543.0],
          [11.628041, 46.683982, 542.5],
          [11.627510, 46.683815, 544.0],
          [11.626983, 46.683635, 543.75],
          [11.626807, 46.683560, 543.5],
          [11.626082, 46.683159, 543.75],
          [11.625971, 46.683118, 544.25],
          [11.625819, 46.683095, 546.0],
          [11.625770, 46.683007, 545.25],
          [11.625713, 46.682955, 544.75],
          [11.625647, 46.682907, 544.25],
          [11.625256, 46.682653, 542.75],
          [11.624927, 46.682460, 543.5],
          [11.624513, 46.682160, 542.25],
          [11.624333, 46.682000, 543.0],
          [11.624080, 46.681732, 542.5],
          [11.623743, 46.681326, 541.75],
          [11.623267, 46.680677, 541.0],
          [11.623061, 46.680413, 541.75],
          [11.622879, 46.680137, 542.5],
          [11.622678, 46.679687, 543.0],
          [11.622536, 46.679323, 542.5],
          [11.622454, 46.679088, 542.25],
          [11.622435, 46.679018, 542.25],
          [11.622381, 46.678727, 542.25],
          [11.622315, 46.678145, 541.75],
          [11.622266, 46.677892, 541.75],
          [11.621885, 46.676618, 539.75],
          [11.621751, 46.676139, 539.75],
          [11.621636, 46.675782, 539.75],
          [11.621509, 46.675500, 539.5],
          [11.621412, 46.675248, 539.5],
          [11.621146, 46.674405, 539.0],
          [11.621033, 46.674153, 538.5],
          [11.620811, 46.673497, 538.25],
          [11.620722, 46.673356, 537.75],
          [11.620290, 46.672578, 538.75],
          [11.619932, 46.671901, 538.5],
          [11.619383, 46.671446, 539.0],
          [11.619242, 46.671209, 538.25],
          [11.619170, 46.670971, 537.25],
          [11.619102, 46.670891, 537.25],
          [11.618666, 46.670521, 536.75],
          [11.618274, 46.669834, 536.5],
          [11.617983, 46.669582, 536.5],
          [11.617821, 46.669441, 536.5],
          [11.617682, 46.669256, 536.25],
          [11.617611, 46.669182, 536.75],
          [11.617447, 46.669004, 537.5],
          [11.617117, 46.668440, 537.0],
          [11.616674, 46.667707, 537.0],
          [11.615737, 46.666549, 535.75],
          [11.615367, 46.666230, 536.25],
          [11.614819, 46.665817, 536.0],
          [11.614135, 46.665453, 535.75],
          [11.613837, 46.665338, 536.0],
          [11.613553, 46.665265, 536.25],
          [11.613264, 46.665208, 537.0],
          [11.612654, 46.665019, 536.25],
          [11.612382, 46.664935, 535.75],
          [11.612015, 46.664763, 536.25],
          [11.611830, 46.664696, 536.0],
          [11.611645, 46.664678, 535.5],
          [11.611278, 46.664672, 535.25],
          [11.610965, 46.664629, 534.75],
          [11.610529, 46.664518, 535.5],
          [11.610182, 46.664351, 536.0],
          [11.609946, 46.664217, 536.0],
          [11.609639, 46.663981, 535.5],
          [11.609241, 46.663654, 537.0],
          [11.608875, 46.663298, 537.5],
          [11.608642, 46.663016, 536.25],
          [11.608433, 46.662884, 537.0],
          [11.608377, 46.662825, 537.0],
          [11.608296, 46.662695, 536.75],
          [11.608276, 46.662648, 536.75],
          [11.608268, 46.662593, 536.75],
          [11.608280, 46.662505, 536.25],
          [11.608321, 46.662375, 536.5],
          [11.608364, 46.662280, 536.25],
          [11.608369, 46.662217, 536.5],
          [11.608347, 46.662008, 537.5],
          [11.608300, 46.661720, 538.0],
          [11.608234, 46.661526, 537.75],
          [11.608129, 46.661352, 538.0],
          [11.608091, 46.661263, 538.25],
          [11.607980, 46.660857, 538.5],
          [11.607954, 46.660717, 538.0],
          [11.607914, 46.660613, 538.0],
          [11.607902, 46.660553, 537.75],
          [11.607913, 46.660417, 536.0],
          [11.607826, 46.659882, 538.25],
          [11.607804, 46.659834, 537.5],
          [11.607769, 46.659791, 537.0],
          [11.607655, 46.659695, 538.25],
          [11.607260, 46.659311, 539.0],
          [11.607176, 46.659220, 538.5],
          [11.606916, 46.658854, 537.25],
          [11.606849, 46.658705, 537.75],
          [11.606746, 46.658602, 541.75],
          [11.606720, 46.658566, 541.75],
          [11.606696, 46.658475, 540.0],
          [11.606643, 46.658388, 538.75],
          [11.606611, 46.658314, 538.25],
          [11.606572, 46.658257, 538.5],
          [11.606518, 46.658210, 538.75],
          [11.606280, 46.658063, 540.0],
          [11.606151, 46.657972, 542.25],
          [11.606068, 46.657907, 541.0],
          [11.605945, 46.657790, 535.75],
          [11.605862, 46.657756, 536.0],
          [11.605700, 46.657707, 536.5],
          [11.605589, 46.657639, 535.75],
          [11.605380, 46.657441, 532.25],
          [11.605202, 46.657325, 531.75],
          [11.604715, 46.657161, 531.0],
          [11.603939, 46.656973, 531.25],
          [11.603605, 46.656909, 531.0],
          [11.603291, 46.656869, 531.75],
          [11.602904, 46.656852, 531.75],
          [11.602528, 46.656868, 532.25],
          [11.602313, 46.656892, 535.75],
          [11.601925, 46.656984, 536.5],
          [11.601622, 46.657019, 531.75],
          [11.601390, 46.657033, 532.5],
          [11.600934, 46.657047, 532.0],
          [11.599592, 46.657123, 532.75],
          [11.598659, 46.657042, 533.25],
          [11.598531, 46.657015, 533.0],
          [11.598382, 46.657020, 533.25],
          [11.598052, 46.656997, 533.0],
          [11.597890, 46.656967, 533.5],
          [11.597753, 46.656931, 534.0],
          [11.597642, 46.656889, 534.0],
          [11.597480, 46.656814, 533.75],
          [11.597300, 46.656695, 533.75],
          [11.597122, 46.656542, 533.25],
          [11.597052, 46.656501, 533.25],
          [11.596773, 46.656410, 533.75],
          [11.596527, 46.656311, 533.0],
          [11.596461, 46.656300, 533.0],
          [11.596383, 46.656297, 533.0],
          [11.595933, 46.656314, 533.5],
          [11.595253, 46.656345, 533.5],
          [11.594991, 46.656336, 533.25],
          [11.593747, 46.656213, 535.0],
          [11.593545, 46.656187, 534.75],
          [11.593403, 46.656159, 534.25],
          [11.592783, 46.655970, 535.25],
          [11.592616, 46.655911, 534.75],
          [11.592465, 46.655834, 534.25],
          [11.592367, 46.655771, 534.25],
          [11.592213, 46.655629, 534.0],
          [11.592141, 46.655540, 535.0],
          [11.591629, 46.654817, 534.75],
          [11.591592, 46.654770, 534.75],
          [11.590527, 46.653237, 533.0],
          [11.590225, 46.652819, 534.0],
          [11.590077, 46.652701, 532.75],
          [11.588833, 46.651911, 530.5],
          [11.588409, 46.651661, 530.75],
          [11.588299, 46.651587, 529.75],
          [11.587987, 46.651357, 529.25],
          [11.587445, 46.651044, 527.75],
          [11.586975, 46.650724, 527.0],
          [11.586875, 46.650637, 526.5],
          [11.586816, 46.650570, 526.5],
          [11.586764, 46.650494, 526.75],
          [11.586677, 46.650309, 524.5],
          [11.586597, 46.650161, 524.75],
          [11.586569, 46.650128, 525.0],
          [11.586536, 46.650103, 525.5],
          [11.586426, 46.650042, 527.0],
          [11.585949, 46.649533, 524.5],
          [11.585339, 46.648999, 524.5],
          [11.585122, 46.648720, 524.0],
          [11.584923, 46.648490, 523.5],
          [11.584783, 46.648297, 523.75],
          [11.584387, 46.647700, 524.0],
          [11.584155, 46.647335, 523.25],
          [11.583947, 46.646997, 524.0],
          [11.583569, 46.646563, 524.0],
          [11.583458, 46.646399, 525.75],
          [11.583314, 46.646142, 524.5],
          [11.583219, 46.645999, 522.5],
          [11.583125, 46.645885, 522.25],
          [11.582970, 46.645765, 522.0],
          [11.582825, 46.645685, 521.25],
          [11.582641, 46.645605, 521.5],
          [11.582258, 46.645455, 521.5],
          [11.581912, 46.645307, 522.0],
          [11.581584, 46.645198, 521.0],
          [11.581005, 46.645032, 521.25],
          [11.580914, 46.645020, 522.25],
          [11.580836, 46.645019, 523.0],
          [11.580415, 46.645026, 522.5],
          [11.579985, 46.644968, 522.25],
          [11.578823, 46.644775, 520.75],
          [11.578511, 46.644704, 521.25],
          [11.578173, 46.644603, 520.25],
          [11.577880, 46.644543, 519.5],
          [11.576979, 46.644562, 519.75],
          [11.576136, 46.644603, 519.25],
          [11.575388, 46.644668, 520.0],
          [11.575313, 46.644687, 520.25],
          [11.574652, 46.644858, 519.5],
          [11.573866, 46.645007, 520.0],
          [11.573481, 46.645018, 519.75],
          [11.573256, 46.645034, 519.5],
          [11.572781, 46.645033, 520.25],
          [11.572351, 46.644986, 520.5],
          [11.572098, 46.644945, 520.75],
          [11.571838, 46.644874, 520.75],
          [11.571566, 46.644767, 521.0],
          [11.571439, 46.644667, 521.25],
          [11.571380, 46.644577, 521.5],
          [11.571298, 46.644425, 521.5],
          [11.571105, 46.644050, 521.5],
          [11.570871, 46.643723, 521.5],
          [11.570784, 46.643606, 520.75],
          [11.570281, 46.643031, 519.5],
          [11.569987, 46.642695, 519.0],
          [11.569433, 46.642094, 519.0],
          [11.568894, 46.641597, 519.0],
          [11.568700, 46.641487, 518.75],
          [11.568677, 46.641481, 519.0],
          [11.568624, 46.641506, 519.25],
          [11.568577, 46.641553, 519.5],
          [11.568410, 46.641683, 521.25],
          [11.568280, 46.641636, 521.75],
          [11.568195, 46.641599, 523.0],
          [11.568003, 46.641508, 524.25],
          [11.567854, 46.641437, 524.0],
          [11.567623, 46.641291, 523.75],
          [11.567259, 46.641153, 526.0],
          [11.567134, 46.641085, 526.0],
          [11.566979, 46.640882, 526.75],
          [11.566919, 46.640755, 526.5],
          [11.566787, 46.640598, 529.5],
          [11.566665, 46.640486, 531.25],
          [11.566399, 46.640209, 528.0],
          [11.566212, 46.639987, 527.75],
          [11.566023, 46.639832, 527.0],
          [11.565710, 46.639591, 526.25],
          [11.565596, 46.639488, 523.5],
          [11.565483, 46.639380, 522.0],
          [11.565250, 46.639232, 522.25],
          [11.565232, 46.639168, 522.0],
          [11.565297, 46.639061, 521.75],
          [11.565621, 46.638944, 520.25],
          [11.566099, 46.638753, 519.5],
          [11.566130, 46.638710, 518.5],
          [11.566126, 46.638650, 518.0],
          [11.565793, 46.638305, 520.0],
          [11.564844, 46.637508, 516.75],
          [11.564824, 46.637449, 516.25],
          [11.564800, 46.637427, 516.25],
          [11.564732, 46.637405, 516.5],
          [11.564537, 46.637360, 519.75],
          [11.564510, 46.637356, 520.5],
          [11.564462, 46.637170, 519.0],
          [11.564436, 46.637133, 518.5],
          [11.564378, 46.637090, 517.75],
          [11.564286, 46.637033, 517.25],
          [11.563902, 46.636832, 518.75],
          [11.563627, 46.636708, 516.5],
          [11.563071, 46.636508, 516.0],
          [11.562676, 46.636401, 517.25],
          [11.562116, 46.636288, 516.5],
          [11.561828, 46.636241, 515.25],
          [11.561532, 46.636202, 515.0],
          [11.561136, 46.636165, 514.5],
          [11.560800, 46.636143, 514.0],
          [11.559928, 46.636114, 515.0],
          [11.559002, 46.636095, 515.0],
          [11.558702, 46.636078, 516.25],
          [11.558288, 46.636028, 515.5],
          [11.558113, 46.635999, 514.5],
          [11.557908, 46.635952, 513.75],
          [11.557767, 46.635908, 513.5],
          [11.557676, 46.635898, 514.25],
          [11.557621, 46.635903, 515.0],
          [11.557562, 46.635903, 515.75],
          [11.557503, 46.635892, 516.25],
          [11.556951, 46.635689, 514.0],
          [11.555460, 46.635162, 514.0],
          [11.555010, 46.635018, 514.5],
          [11.554910, 46.634972, 515.0],
          [11.554666, 46.634791, 512.5],
          [11.553894, 46.634290, 512.75],
          [11.553768, 46.634214, 513.5],
          [11.553704, 46.634165, 513.25],
          [11.553604, 46.634093, 513.5],
          [11.553523, 46.634012, 513.25],
          [11.553392, 46.633861, 512.25],
          [11.552583, 46.632816, 511.0],
          [11.552523, 46.632694, 510.75],
          [11.552249, 46.632130, 512.0],
          [11.551969, 46.631091, 511.5],
          [11.551852, 46.630758, 510.25],
          [11.551622, 46.630527, 511.0],
          [11.551262, 46.630287, 511.0],
          [11.551160, 46.630190, 509.5],
          [11.551013, 46.630086, 508.75],
          [11.550535, 46.629809, 509.25],
          [11.550439, 46.629725, 513.5],
          [11.550372, 46.629641, 513.25],
          [11.550262, 46.629451, 506.75],
          [11.550095, 46.629261, 510.5],
          [11.549833, 46.629084, 511.75],
          [11.549636, 46.628968, 510.25],
          [11.549491, 46.628862, 508.25],
          [11.549194, 46.628599, 508.5],
          [11.549113, 46.628477, 509.25],
          [11.549092, 46.628437, 509.25],
          [11.549088, 46.628405, 508.5],
          [11.549097, 46.628378, 507.0],
          [11.549122, 46.628342, 504.0],
          [11.549218, 46.628244, 505.0],
          [11.549353, 46.628052, 505.75],
          [11.549371, 46.627999, 504.25],
          [11.549365, 46.627946, 504.25],
          [11.549345, 46.627887, 505.0],
          [11.549314, 46.627839, 506.5],
          [11.549227, 46.627748, 510.0],
          [11.549199, 46.627711, 510.75],
          [11.549181, 46.627670, 511.0],
          [11.549099, 46.627240, 508.0],
          [11.549015, 46.626939, 508.25],
          [11.548963, 46.626793, 509.0],
          [11.548774, 46.626480, 508.25],
          [11.548641, 46.626324, 508.75],
          [11.548237, 46.625983, 509.0],
          [11.548166, 46.625887, 508.75],
          [11.548073, 46.625811, 510.25],
          [11.547894, 46.625695, 508.0],
          [11.547590, 46.625557, 510.5],
          [11.547338, 46.625387, 507.0],
          [11.546540, 46.625006, 506.25],
          [11.546038, 46.624750, 506.5],
          [11.545660, 46.624491, 506.0],
          [11.545203, 46.624145, 505.0],
          [11.544513, 46.623499, 506.0],
          [11.544233, 46.623180, 506.25],
          [11.544114, 46.622905, 505.25],
          [11.543999, 46.622291, 506.0],
          [11.543920, 46.622094, 505.25],
          [11.543692, 46.621850, 504.75],
          [11.543513, 46.621717, 504.0],
          [11.543298, 46.621613, 505.0],
          [11.543151, 46.621552, 503.25],
          [11.542210, 46.621155, 502.25],
          [11.540947, 46.620763, 504.5],
          [11.540776, 46.620689, 503.25],
          [11.540582, 46.620565, 504.25],
          [11.540419, 46.620445, 503.25],
          [11.540050, 46.620095, 504.0],
          [11.540002, 46.620022, 504.25],
          [11.539972, 46.619951, 503.75],
          [11.539842, 46.619381, 501.25],
          [11.539738, 46.619101, 502.5],
          [11.539704, 46.618984, 503.25],
          [11.539636, 46.618563, 501.25],
          [11.539614, 46.618503, 500.25],
          [11.539582, 46.618470, 500.0],
          [11.539476, 46.618425, 501.5],
          [11.539100, 46.618404, 503.25],
          [11.538979, 46.618380, 504.5],
          [11.538933, 46.618362, 504.5],
          [11.538305, 46.617759, 503.75],
          [11.538243, 46.617691, 504.5],
          [11.538182, 46.617592, 504.0],
          [11.538146, 46.617517, 502.75],
          [11.538109, 46.617412, 502.25],
          [11.537942, 46.616764, 501.75],
          [11.537931, 46.616687, 502.0],
          [11.538002, 46.616379, 503.0],
          [11.538054, 46.616215, 503.75],
          [11.538087, 46.616170, 503.25],
          [11.538180, 46.616083, 501.5],
          [11.538353, 46.615806, 501.0],
          [11.538462, 46.615652, 498.25],
          [11.538478, 46.615599, 498.25],
          [11.538487, 46.615475, 499.25],
          [11.538516, 46.615380, 499.5],
          [11.538600, 46.615197, 500.25],
          [11.538604, 46.615133, 500.5],
          [11.538508, 46.614647, 499.5],
          [11.538387, 46.614283, 497.75],
          [11.538351, 46.614257, 498.75],
          [11.538319, 46.614246, 499.25],
          [11.538272, 46.614245, 498.75],
          [11.538226, 46.614256, 498.25],
          [11.538004, 46.614361, 499.5],
          [11.537666, 46.614482, 502.25],
          [11.537595, 46.614498, 502.5],
          [11.537549, 46.614495, 502.25],
          [11.537510, 46.614482, 501.75],
          [11.537474, 46.614445, 501.0],
          [11.537384, 46.614341, 500.75],
          [11.537338, 46.614292, 501.0],
          [11.537243, 46.614223, 502.25],
          [11.537257, 46.614148, 502.25],
          [11.537208, 46.614100, 502.25],
          [11.537247, 46.613882, 499.5],
          [11.537249, 46.613788, 497.75],
          [11.537212, 46.613706, 496.75],
          [11.537152, 46.613650, 497.0],
          [11.536905, 46.613515, 497.75],
          [11.536844, 46.613495, 497.25],
          [11.536728, 46.613480, 497.25],
          [11.536688, 46.613467, 497.0],
          [11.536488, 46.613347, 495.5],
          [11.536265, 46.613081, 491.5],
          [11.536205, 46.613030, 491.25],
          [11.536021, 46.612908, 491.0],
          [11.535980, 46.612871, 490.25],
          [11.535948, 46.612824, 488.5],
          [11.535891, 46.612712, 484.75],
          [11.535846, 46.612672, 483.75],
          [11.535444, 46.612446, 483.75],
          [11.534811, 46.612021, 481.0],
          [11.534284, 46.611476, 481.0],
          [11.533940, 46.610837, 479.5],
          [11.533900, 46.610711, 479.25],
          [11.533879, 46.610610, 478.75],
          [11.533878, 46.610270, 478.0],
          [11.533862, 46.610147, 478.0],
          [11.533771, 46.609824, 477.5],
          [11.533726, 46.609530, 476.75],
          [11.533702, 46.609440, 477.0],
          [11.533549, 46.609032, 477.75],
          [11.533418, 46.608372, 481.0],
          [11.533415, 46.608237, 481.25],
          [11.533433, 46.608130, 480.5],
          [11.533567, 46.607528, 481.5],
          [11.533567, 46.606861, 481.5],
          [11.533538, 46.606763, 482.0],
          [11.533498, 46.606673, 483.0],
          [11.533485, 46.606649, 483.5],
          [11.533497, 46.606610, 483.25],
          [11.533618, 46.606425, 481.25],
          [11.533679, 46.606179, 478.5],
          [11.533704, 46.606043, 478.0],
          [11.533772, 46.605848, 477.75],
          [11.533813, 46.605651, 478.25],
          [11.533813, 46.605460, 478.25],
          [11.533797, 46.605211, 477.25],
          [11.533737, 46.604951, 476.5],
          [11.533681, 46.604799, 476.25],
          [11.533580, 46.604672, 476.75],
          [11.532928, 46.603969, 475.25],
          [11.532367, 46.603085, 472.5],
          [11.532243, 46.602498, 471.25],
          [11.532076, 46.602005, 469.75],
          [11.531521, 46.600728, 468.25],
          [11.531193, 46.600060, 467.25],
          [11.530931, 46.599668, 466.5],
          [11.530695, 46.599478, 466.75],
          [11.529991, 46.598973, 465.75],
          [11.529943, 46.598912, 465.25],
          [11.529923, 46.598868, 464.75],
          [11.529862, 46.598801, 464.5],
          [11.529605, 46.598604, 464.5],
          [11.529537, 46.598561, 464.75],
          [11.529428, 46.598529, 465.5],
          [11.529367, 46.598491, 465.75],
          [11.529354, 46.598469, 465.5],
          [11.529336, 46.598435, 465.25],
          [11.529271, 46.598360, 465.25],
          [11.529161, 46.598144, 464.25],
          [11.529142, 46.598133, 464.25],
          [11.529052, 46.598133, 465.75],
          [11.529030, 46.598131, 466.0],
          [11.529009, 46.598121, 466.25],
          [11.529001, 46.598103, 466.0],
          [11.528884, 46.597785, 465.25],
          [11.528840, 46.597545, 465.5],
          [11.528823, 46.597394, 465.0],
          [11.528806, 46.597076, 464.25],
          [11.528879, 46.596249, 466.25],
          [11.528904, 46.596127, 467.25],
          [11.528949, 46.595983, 467.0],
          [11.529028, 46.595778, 466.5],
          [11.529036, 46.595731, 466.5],
          [11.529007, 46.595569, 467.25],
          [11.528925, 46.595502, 468.5],
          [11.528903, 46.595475, 468.5],
          [11.528851, 46.595320, 467.25],
          [11.528725, 46.595112, 468.0],
          [11.528468, 46.594765, 469.25],
          [11.528202, 46.594483, 470.25],
          [11.527159, 46.593482, 474.25],
          [11.526850, 46.593249, 477.5],
          [11.526555, 46.592985, 477.75],
          [11.526462, 46.592876, 478.0],
          [11.526385, 46.592749, 478.75],
          [11.526274, 46.592125, 479.75],
          [11.526270, 46.591848, 480.75],
          [11.526360, 46.591658, 480.5],
          [11.526553, 46.591539, 476.75],
          [11.526613, 46.591483, 477.75],
          [11.526781, 46.591407, 478.75],
          [11.526893, 46.591340, 478.5],
          [11.526995, 46.591161, 479.75],
          [11.527071, 46.591051, 478.5],
          [11.527082, 46.590912, 478.0],
          [11.526922, 46.590696, 477.75],
          [11.526798, 46.590593, 478.25],
          [11.526620, 46.590482, 480.0],
          [11.526312, 46.590383, 480.5],
          [11.525971, 46.590587, 480.25],
          [11.525941, 46.590588, 479.75],
          [11.525915, 46.590572, 479.25],
          [11.525763, 46.590474, 479.5],
          [11.525716, 46.590444, 480.5],
          [11.525684, 46.590439, 481.0],
          [11.525596, 46.590467, 482.25],
          [11.525574, 46.590465, 482.5],
          [11.525133, 46.590067, 483.0],
          [11.524957, 46.589871, 483.0],
          [11.524828, 46.589687, 482.25],
          [11.524792, 46.589640, 482.0],
          [11.524751, 46.589616, 482.0],
          [11.524650, 46.589445, 482.0],
          [11.524629, 46.589416, 481.75],
          [11.524606, 46.589369, 481.75],
          [11.524340, 46.588900, 481.0],
          [11.524241, 46.588684, 480.0],
          [11.524155, 46.588355, 479.0],
          [11.524049, 46.587490, 469.5],
          [11.523960, 46.587157, 469.25],
          [11.523824, 46.586853, 467.25],
          [11.523167, 46.585806, 459.0],
          [11.523160, 46.585754, 458.5],
          [11.523182, 46.585739, 457.25],
          [11.523212, 46.585735, 455.75],
          [11.523247, 46.585745, 454.5],
          [11.523278, 46.585769, 453.75],
          [11.523337, 46.585896, 455.5],
          [11.523468, 46.586101, 459.75],
          [11.523860, 46.586597, 457.75],
          [11.523908, 46.586647, 457.0],
          [11.523951, 46.586677, 456.5],
          [11.523985, 46.586689, 455.75],
          [11.524023, 46.586693, 454.75],
          [11.524060, 46.586688, 453.5],
          [11.524139, 46.586661, 450.5],
          [11.524700, 46.586386, 451.25],
          [11.524751, 46.586363, 453.0],
          [11.524744, 46.586333, 453.5],
          [11.524519, 46.586151, 451.5],
          [11.524420, 46.586049, 451.25],
          [11.524325, 46.585934, 450.75],
          [11.523967, 46.585457, 449.25],
          [11.523823, 46.585231, 449.5],
          [11.523732, 46.585057, 449.25],
          [11.523686, 46.584945, 449.75],
          [11.523651, 46.584808, 450.0],
          [11.523597, 46.584457, 449.5],
          [11.523585, 46.584147, 449.0],
          [11.523676, 46.583340, 446.75],
          [11.523776, 46.582008, 443.5],
          [11.523792, 46.581484, 445.0],
          [11.523773, 46.581215, 445.0],
          [11.523716, 46.580985, 444.75],
          [11.523488, 46.580507, 439.25],
          [11.523256, 46.580058, 439.5],
          [11.523013, 46.579593, 444.25],
          [11.522993, 46.579556, 444.25],
          [11.522639, 46.578874, 444.5],
          [11.522576, 46.578720, 442.75],
          [11.522433, 46.578138, 438.5],
          [11.522378, 46.577882, 438.5],
          [11.522338, 46.577508, 438.25],
          [11.522333, 46.577283, 438.0],
          [11.522302, 46.577096, 438.5],
          [11.522301, 46.576938, 438.0],
          [11.522371, 46.576142, 439.5],
          [11.522429, 46.575757, 436.5],
          [11.522428, 46.575564, 436.25],
          [11.522280, 46.574781, 436.75],
          [11.521995, 46.573405, 432.25],
          [11.521689, 46.572093, 430.5],
          [11.521412, 46.570848, 430.5],
          [11.521183, 46.569977, 429.0],
          [11.520976, 46.569345, 428.0],
          [11.520813, 46.568968, 428.75],
          [11.520617, 46.568545, 428.5],
          [11.520338, 46.568073, 427.0],
          [11.520030, 46.567641, 427.5],
          [11.519755, 46.567306, 426.75],
          [11.519482, 46.567008, 427.25],
          [11.519027, 46.566622, 425.75],
          [11.518671, 46.566370, 426.5],
          [11.518375, 46.566183, 426.0],
          [11.518142, 46.566061, 425.25],
          [11.517601, 46.565804, 426.0],
          [11.516706, 46.565415, 424.75],
          [11.516288, 46.565217, 425.25],
          [11.515914, 46.565014, 426.0],
          [11.515596, 46.564807, 426.25],
          [11.515290, 46.564587, 426.25],
          [11.515255, 46.564554, 426.5],
          [11.515231, 46.564528, 426.5],
          [11.514815, 46.564037, 424.75],
          [11.513913, 46.562825, 423.75],
          [11.513443, 46.562208, 423.0],
          [11.512818, 46.561382, 420.25],
          [11.512681, 46.561174, 418.75],
          [11.512555, 46.560953, 418.75],
          [11.512429, 46.560696, 419.25],
          [11.512040, 46.559771, 416.0],
          [11.511882, 46.559309, 417.0],
          [11.511846, 46.559122, 416.5],
          [11.511830, 46.558955, 416.25],
          [11.511819, 46.558818, 416.0],
          [11.511819, 46.558649, 415.5],
          [11.511922, 46.557022, 412.75],
          [11.511948, 46.556793, 411.75],
          [11.511982, 46.556590, 411.0],
          [11.512025, 46.556407, 410.5],
          [11.512121, 46.556086, 410.5],
          [11.512250, 46.555825, 410.25],
          [11.512714, 46.554959, 407.5],
          [11.513637, 46.553485, 404.5],
          [11.513822, 46.553133, 403.5],
          [11.513911, 46.552937, 404.25],
          [11.513976, 46.552747, 404.5],
          [11.514023, 46.552557, 405.0],
          [11.514048, 46.552361, 405.0],
          [11.514053, 46.552206, 404.75],
          [11.514039, 46.552067, 404.5],
          [11.513950, 46.551633, 404.25],
          [11.513882, 46.551444, 403.25],
          [11.513818, 46.551359, 402.5],
          [11.513733, 46.551269, 401.75],
          [11.513560, 46.551132, 403.25],
          [11.513007, 46.550623, 400.0],
          [11.512741, 46.550392, 398.5],
          [11.511648, 46.549586, 396.0],
          [11.511307, 46.549320, 396.25],
          [11.511117, 46.549142, 397.75],
          [11.510925, 46.548940, 396.5],
          [11.510687, 46.548623, 394.75],
          [11.510015, 46.547518, 394.5],
          [11.509798, 46.547200, 392.25],
          [11.509567, 46.546999, 393.25],
          [11.509142, 46.546559, 391.5],
          [11.508804, 46.546249, 391.25],
          [11.508044, 46.545644, 391.75],
          [11.507687, 46.545366, 392.0],
          [11.507463, 46.545172, 391.5],
          [11.507309, 46.545024, 391.25],
          [11.506415, 46.544051, 390.25],
          [11.506138, 46.543798, 389.5],
          [11.505928, 46.543630, 388.25],
          [11.505005, 46.543000, 386.5],
          [11.504660, 46.542733, 385.75],
          [11.504415, 46.542505, 385.75],
          [11.504220, 46.542305, 385.0],
          [11.503547, 46.541479, 382.75],
          [11.503326, 46.541243, 381.0],
          [11.503152, 46.541088, 380.5],
          [11.502494, 46.540612, 381.5],
          [11.502079, 46.540285, 378.25],
          [11.501387, 46.539725, 378.0],
          [11.501106, 46.539484, 378.25],
          [11.500785, 46.539172, 377.25],
          [11.500482, 46.538847, 376.5],
          [11.500229, 46.538557, 376.25],
          [11.499931, 46.538147, 376.0],
          [11.499767, 46.537958, 375.5],
          [11.499625, 46.537814, 375.75],
          [11.499504, 46.537725, 374.75],
          [11.499356, 46.537639, 375.5],
          [11.499290, 46.537555, 375.25],
          [11.499213, 46.537476, 374.5],
          [11.498971, 46.537312, 373.75],
          [11.498691, 46.537145, 374.25],
          [11.497969, 46.536773, 373.5],
          [11.497822, 46.536690, 373.5],
          [11.497765, 46.536639, 373.0],
          [11.497690, 46.536536, 370.75],
          [11.497626, 46.536496, 370.75],
          [11.496751, 46.536098, 371.75],
          [11.495166, 46.535328, 369.75],
          [11.494893, 46.535207, 370.0],
          [11.494791, 46.535171, 369.5],
          [11.494534, 46.535096, 370.5],
          [11.494141, 46.534926, 371.0],
          [11.493782, 46.534758, 372.5],
          [11.493707, 46.534720, 372.5],
          [11.493622, 46.534673, 372.0],
          [11.493438, 46.534550, 372.5],
          [11.492945, 46.534230, 369.75],
          [11.492722, 46.534079, 369.25],
          [11.491655, 46.533364, 372.25],
          [11.491600, 46.533321, 372.0],
          [11.490749, 46.532760, 370.25],
          [11.490622, 46.532665, 365.75],
          [11.490572, 46.532632, 364.0],
          [11.489974, 46.532233, 362.25],
          [11.489853, 46.532146, 362.5],
          [11.489582, 46.531914, 363.5],
          [11.489439, 46.531755, 364.0],
          [11.489353, 46.531645, 364.5],
          [11.489249, 46.531486, 365.0],
          [11.488966, 46.531015, 366.75],
          [11.488919, 46.530887, 366.75],
          [11.488857, 46.530618, 366.0],
          [11.488819, 46.529542, 363.75],
          [11.488835, 46.529381, 364.25],
          [11.488884, 46.529145, 364.0],
          [11.489021, 46.528777, 363.5],
          [11.489235, 46.528245, 363.0],
          [11.489555, 46.527502, 362.0],
          [11.489786, 46.526992, 359.25],
          [11.489996, 46.526521, 356.75],
          [11.490040, 46.526377, 356.25],
          [11.490069, 46.526150, 356.25],
          [11.490082, 46.525928, 355.0],
          [11.490064, 46.525711, 355.25],
          [11.490008, 46.525461, 356.75],
          [11.489942, 46.525269, 355.5],
          [11.489636, 46.524734, 355.0],
          [11.489478, 46.524554, 353.75],
          [11.489425, 46.524493, 353.75],
          [11.488548, 46.523492, 352.5],
          [11.488301, 46.523191, 351.25],
          [11.487981, 46.522839, 351.0],
          [11.487733, 46.522626, 351.5],
          [11.487488, 46.522455, 353.25],
          [11.486783, 46.522050, 352.75],
          [11.484852, 46.521235, 351.5],
          [11.484213, 46.520913, 351.25],
          [11.483978, 46.520770, 351.25],
          [11.483840, 46.520671, 349.25],
          [11.483718, 46.520558, 348.5],
          [11.483570, 46.520389, 349.5],
          [11.482871, 46.519403, 349.75],
          [11.482738, 46.519280, 349.75],
          [11.482379, 46.518985, 350.0],
          [11.481592, 46.518395, 350.0],
          [11.481219, 46.518154, 348.5],
          [11.480853, 46.517876, 344.5],
          [11.480572, 46.517629, 344.0],
          [11.480330, 46.517377, 343.75],
          [11.480035, 46.517025, 343.0],
          [11.479221, 46.515870, 340.0],
          [11.479034, 46.515566, 339.5],
          [11.478938, 46.515384, 339.5],
          [11.478839, 46.515108, 340.5],
          [11.478782, 46.514871, 340.25],
          [11.478705, 46.513761, 340.25],
          [11.478666, 46.513517, 340.5],
          [11.478586, 46.513250, 339.5],
          [11.478522, 46.513072, 338.5],
          [11.478450, 46.512919, 338.0],
          [11.478271, 46.512661, 337.25],
          [11.478165, 46.512541, 336.75],
          [11.478043, 46.512420, 337.75],
          [11.477998, 46.512383, 337.75],
          [11.477762, 46.512184, 337.75],
          [11.477467, 46.511996, 337.0],
          [11.477230, 46.511872, 336.5],
          [11.476876, 46.511715, 337.0],
          [11.476641, 46.511633, 337.75],
          [11.476412, 46.511572, 336.25],
          [11.476161, 46.511525, 336.75],
          [11.475874, 46.511480, 337.0],
          [11.475573, 46.511456, 336.75],
          [11.475226, 46.511443, 337.0],
          [11.474860, 46.511443, 337.0],
          [11.474595, 46.511456, 336.75],
          [11.472030, 46.511657, 333.75],
          [11.471598, 46.511650, 334.0],
          [11.471287, 46.511629, 333.0],
          [11.471114, 46.511588, 332.0],
          [11.470938, 46.511507, 332.75],
          [11.470797, 46.511429, 333.5],
          [11.470667, 46.511343, 332.5],
          [11.470551, 46.511226, 333.25],
          [11.470271, 46.510913, 332.25],
          [11.470055, 46.510633, 331.5],
          [11.469642, 46.510196, 332.5],
          [11.468764, 46.509289, 329.75],
          [11.468529, 46.509056, 329.0],
          [11.467988, 46.508560, 327.5],
          [11.467419, 46.508059, 327.0],
          [11.467242, 46.507913, 326.25],
          [11.467033, 46.507767, 326.5],
          [11.466817, 46.507636, 326.5],
          [11.466598, 46.507520, 326.5],
          [11.466286, 46.507372, 326.5],
          [11.465496, 46.507049, 325.75],
          [11.465217, 46.506922, 325.75],
          [11.463444, 46.506184, 328.0],
          [11.462157, 46.505646, 325.25],
          [11.461769, 46.505458, 326.0],
          [11.461361, 46.505208, 323.5],
          [11.461170, 46.505069, 323.5],
          [11.461058, 46.504976, 323.25],
          [11.460946, 46.504860, 322.75],
          [11.460820, 46.504719, 322.75],
          [11.460697, 46.504560, 323.25],
          [11.460446, 46.504210, 323.0],
          [11.460007, 46.503513, 323.25],
          [11.459583, 46.502821, 321.75],
          [11.459489, 46.502682, 321.75],
          [11.459456, 46.502629, 321.5],
          [11.459314, 46.502418, 322.25],
          [11.459166, 46.502216, 321.0],
          [11.459003, 46.502030, 322.75],
          [11.458849, 46.501870, 323.0],
          [11.458652, 46.501715, 321.5],
          [11.458450, 46.501571, 321.75],
          [11.458218, 46.501427, 320.5],
          [11.457964, 46.501292, 320.25],
          [11.457693, 46.501181, 319.5],
          [11.457446, 46.501099, 320.0],
          [11.457200, 46.501029, 320.25],
          [11.456813, 46.500952, 320.0],
          [11.456470, 46.500905, 320.0],
          [11.455890, 46.500858, 319.75],
          [11.454812, 46.500794, 323.5],
          [11.454576, 46.500775, 321.75],
          [11.454333, 46.500746, 319.75],
          [11.453918, 46.500682, 317.75],
          [11.453688, 46.500628, 318.0],
          [11.453479, 46.500559, 318.0],
          [11.453296, 46.500494, 316.5],
          [11.453051, 46.500392, 316.5],
          [11.452820, 46.500281, 317.0],
          [11.452601, 46.500157, 316.0],
          [11.452454, 46.500067, 316.5],
          [11.452290, 46.499950, 315.75],
          [11.452079, 46.499775, 314.75],
          [11.451959, 46.499661, 314.75],
          [11.451831, 46.499525, 314.25],
          [11.451677, 46.499316, 315.25],
          [11.451603, 46.499191, 316.0],
          [11.451564, 46.499133, 315.25],
          [11.451421, 46.498943, 315.0],
          [11.451328, 46.498797, 314.75],
          [11.451038, 46.498298, 315.25],
          [11.450903, 46.498110, 315.0],
          [11.450613, 46.497799, 314.75],
          [11.450518, 46.497707, 314.5],
          [11.450355, 46.497568, 314.5],
          [11.450005, 46.497315, 313.5],
          [11.449792, 46.497171, 314.75],
          [11.449618, 46.497055, 315.5],
          [11.449428, 46.496944, 315.75],
          [11.448982, 46.496722, 318.25],
          [11.448923, 46.496680, 319.0],
          [11.448773, 46.496493, 321.0],
          [11.448720, 46.496389, 322.5],
          [11.448687, 46.496267, 322.25],
          [11.448656, 46.496256, 321.75],
          [11.448614, 46.496258, 321.0],
          [11.448568, 46.496269, 320.0],
          [11.448534, 46.496293, 319.25],
          [11.448450, 46.496306, 317.5],
          [11.448169, 46.496261, 316.5],
          [11.447466, 46.496054, 319.25],
          [11.447251, 46.495998, 320.5],
          [11.446580, 46.495859, 318.75],
          [11.446547, 46.495835, 318.5],
          [11.446538, 46.495797, 318.5],
          [11.446565, 46.495695, 318.75],
          [11.446516, 46.495627, 318.75],
          [11.446413, 46.495830, 317.25],
          [11.445786, 46.495789, 316.0],
          [11.445754, 46.495789, 316.0],
          [11.445692, 46.495808, 316.0],
          [11.445665, 46.495806, 316.0],
          [11.445338, 46.495739, 315.0],
          [11.445287, 46.495740, 314.75],
          [11.444339, 46.495559, 314.75],
          [11.444204, 46.495554, 314.75],
          [11.444130, 46.495561, 314.5],
          [11.443999, 46.495594, 313.25],
          [11.443952, 46.495601, 313.0],
          [11.443892, 46.495601, 312.5],
          [11.443350, 46.495548, 314.75],
          [11.443233, 46.495531, 315.0],
          [11.443133, 46.495509, 315.5],
          [11.442851, 46.495425, 316.25],
          [11.442301, 46.495149, 316.25],
          [11.441951, 46.494937, 313.0],
          [11.441734, 46.494775, 311.75],
          [11.441307, 46.494389, 310.75],
          [11.440060, 46.493100, 309.5],
          [11.439925, 46.492952, 309.5],
          [11.439602, 46.492577, 309.75],
          [11.439243, 46.492176, 309.75],
          [11.439123, 46.492064, 311.0],
          [11.438963, 46.491944, 311.0],
          [11.438697, 46.491804, 312.5],
          [11.438585, 46.491779, 313.25],
          [11.438405, 46.491757, 314.0],
          [11.438043, 46.491716, 314.25],
          [11.437896, 46.491712, 314.25],
          [11.437664, 46.491722, 313.75],
          [11.437459, 46.491737, 314.0],
          [11.437303, 46.491761, 315.25],
          [11.437037, 46.491822, 313.75],
          [11.436805, 46.491892, 312.0],
          [11.436670, 46.491959, 310.25],
          [11.436590, 46.491983, 309.75],
          [11.436010, 46.492042, 309.25],
          [11.435833, 46.492064, 309.0],
          [11.435709, 46.492092, 309.5],
          [11.435640, 46.492121, 309.25],
          [11.435561, 46.492169, 308.0],
          [11.435506, 46.492186, 308.0],
          [11.434695, 46.492273, 308.0],
          [11.433518, 46.492200, 308.25],
          [11.432314, 46.491913, 308.75],
          [11.431190, 46.491534, 309.0],
          [11.430583, 46.491221, 309.0],
          [11.430470, 46.491124, 309.25],
          [11.430118, 46.490825, 309.25],
          [11.429560, 46.490448, 304.75],
          [11.429258, 46.490247, 302.0],
          [11.429100, 46.490154, 302.0],
          [11.428583, 46.489882, 301.5],
          [11.428111, 46.489659, 301.5],
          [11.427665, 46.489463, 300.75],
          [11.426813, 46.489141, 301.75],
          [11.426424, 46.489016, 302.5],
          [11.425592, 46.488781, 303.75],
          [11.425137, 46.488685, 301.5],
          [11.424528, 46.488584, 301.75],
          [11.424099, 46.488532, 301.0],
          [11.423640, 46.488507, 300.75],
          [11.423042, 46.488521, 301.0],
          [11.422606, 46.488550, 300.5],
          [11.422062, 46.488631, 299.75],
          [11.421520, 46.488727, 299.5],
          [11.421176, 46.488810, 301.0],
          [11.420716, 46.488931, 300.75],
          [11.420562, 46.488993, 299.75],
          [11.420480, 46.489042, 299.5],
          [11.420395, 46.489103, 299.0],
          [11.420322, 46.489137, 299.0],
          [11.420045, 46.489240, 298.75],
          [11.419950, 46.489269, 298.5],
          [11.419781, 46.489296, 299.0],
          [11.419660, 46.489322, 300.0],
          [11.419130, 46.489565, 300.0],
          [11.418921, 46.489680, 299.25],
          [11.418462, 46.489909, 298.5],
          [11.418149, 46.490080, 298.0],
          [11.417046, 46.490714, 296.5],
          [11.416824, 46.490842, 297.25],
          [11.416753, 46.490881, 297.5],
          [11.415786, 46.491416, 296.0],
          [11.415263, 46.491677, 295.75],
          [11.413527, 46.492517, 295.25],
          [11.413288, 46.492622, 296.75],
          [11.413083, 46.492704, 296.0],
          [11.412799, 46.492797, 293.25],
          [11.412488, 46.492876, 294.25],
          [11.412051, 46.492961, 294.75],
          [11.411546, 46.493035, 292.0],
          [11.409266, 46.493333, 291.0],
          [11.408712, 46.493396, 290.0],
          [11.408444, 46.493417, 289.25],
          [11.407982, 46.493450, 288.75],
          [11.407385, 46.493476, 289.0],
          [11.406909, 46.493480, 288.5],
          [11.406341, 46.493457, 288.25],
          [11.405803, 46.493404, 287.5],
          [11.404732, 46.493250, 296.0],
          [11.403864, 46.493116, 287.5],
          [11.403033, 46.492986, 285.75],
          [11.402983, 46.492995, 285.75],
          [11.402758, 46.493081, 285.25],
          [11.402683, 46.493097, 285.25],
          [11.402629, 46.493100, 285.25],
          [11.402558, 46.493092, 285.25],
          [11.402006, 46.492967, 284.5],
          [11.401202, 46.492828, 285.0],
          [11.400941, 46.492799, 285.0],
          [11.400109, 46.492725, 281.75],
          [11.399881, 46.492695, 282.25],
          [11.399727, 46.492662, 283.0],
          [11.399523, 46.492603, 283.25],
          [11.399274, 46.492558, 283.75],
          [11.399072, 46.492544, 284.75],
          [11.398956, 46.492549, 285.25],
          [11.398671, 46.492587, 285.25],
          [11.398536, 46.492587, 285.0],
          [11.398339, 46.492572, 284.25],
          [11.398197, 46.492577, 283.75],
          [11.397727, 46.492665, 283.0],
          [11.397163, 46.492873, 284.0],
          [11.396916, 46.492980, 281.75],
          [11.396724, 46.493010, 282.0],
          [11.396082, 46.493402, 283.0],
          [11.395507, 46.493744, 283.5],
          [11.395069, 46.494019, 285.25],
          [11.394490, 46.494404, 283.75],
          [11.394368, 46.494499, 283.75],
          [11.394352, 46.494517, 283.75],
          [11.394346, 46.494551, 283.75],
          [11.394338, 46.494565, 283.5],
          [11.394299, 46.494628, 283.5],
          [11.394268, 46.494652, 283.5],
          [11.394256, 46.494663, 283.5],
          [11.394231, 46.494663, 283.75],
          [11.394150, 46.494646, 284.0],
          [11.394036, 46.494661, 284.0],
          [11.393936, 46.494684, 284.0],
          [11.393565, 46.494789, 283.75],
          [11.393384, 46.494827, 283.5],
          [11.392734, 46.494934, 283.0],
          [11.392160, 46.495016, 282.75],
          [11.391826, 46.495098, 281.5],
          [11.391565, 46.495136, 280.75],
          [11.391469, 46.495132, 281.0],
          [11.391428, 46.495142, 280.75],
          [11.391420, 46.495154, 280.5],
          [11.391424, 46.495167, 280.25],
          [11.391437, 46.495176, 280.0],
          [11.391458, 46.495179, 279.75],
          [11.391856, 46.495125, 280.75],
          [11.392024, 46.495094, 281.0],
          [11.392047, 46.495062, 281.25],
          [11.391799, 46.494670, 283.0],
          [11.391775, 46.494609, 283.0],
          [11.391701, 46.494510, 283.0],
          [11.391581, 46.494370, 283.0],
          [11.391468, 46.494248, 283.0],
          [11.391469, 46.494300, 283.0],
          [11.391532, 46.494404, 283.0],
          [11.391550, 46.494435, 283.0],
          [11.391600, 46.494509, 283.0],
          [11.391666, 46.494610, 283.0],
          [11.391726, 46.494748, 283.0],
          [11.391243, 46.494845, 283.25],
          [11.391073, 46.494869, 283.25],
          [11.390683, 46.494924, 283.0],
          [11.390581, 46.494759, 282.75],
          [11.390488, 46.494639, 282.0],
          [11.390352, 46.494654, 282.0],
          [11.389762, 46.494776, 279.75],
          [11.389485, 46.494846, 280.25],
          [11.389205, 46.494880, 277.5],
          [11.388563, 46.495074, 279.0],
          [11.388530, 46.495080, 279.25],
          [11.388045, 46.495102, 281.0],
          [11.387773, 46.495011, 279.25],
          [11.387533, 46.494973, 278.5],
          [11.386732, 46.494876, 276.5],
          [11.384060, 46.494574, 274.75],
          [11.382083, 46.494622, 275.75],
          [11.380473, 46.494554, 275.0],
          [11.380116, 46.494552, 275.0],
          [11.379603, 46.494545, 275.25],
          [11.379503, 46.494536, 275.75],
          [11.378699, 46.494378, 275.25],
          [11.378244, 46.494324, 273.5],
          [11.377996, 46.494313, 273.0],
          [11.377085, 46.494320, 272.0],
          [11.376806, 46.494309, 272.0],
          [11.376172, 46.494259, 271.5],
          [11.374778, 46.494026, 270.25],
          [11.374677, 46.494034, 270.5],
          [11.374646, 46.494030, 270.5],
          [11.374317, 46.493974, 270.5],
          [11.372780, 46.493736, 268.0],
          [11.371974, 46.493623, 270.75],
          [11.371282, 46.493541, 268.75],
          [11.371247, 46.493535, 268.75],
          [11.371227, 46.493524, 268.75],
          [11.371221, 46.493509, 268.5],
          [11.369946, 46.493357, 269.0],
          [11.369461, 46.493262, 269.0],
          [11.368752, 46.493084, 269.5],
          [11.368745, 46.493072, 269.75],
          [11.368731, 46.493069, 270.0],
          [11.368644, 46.493050, 270.5],
          [11.368550, 46.493039, 270.5],
          [11.368222, 46.492948, 268.0],
          [11.367935, 46.492927, 267.25],
          [11.367376, 46.492922, 267.0],
          [11.366044, 46.492682, 266.25],
          [11.365453, 46.492573, 266.0],
          [11.363970, 46.492304, 265.75],
          [11.363549, 46.492291, 266.0],
          [11.362558, 46.492375, 265.0],
          [11.361865, 46.492471, 265.75],
          [11.360820, 46.492615, 260.5],
          [11.360550, 46.492642, 260.0],
          [11.360275, 46.492693, 264.75],
          [11.359936, 46.492776, 264.5],
          [11.359546, 46.492853, 264.25],
          [11.358918, 46.492975, 264.0],
          [11.358388, 46.493111, 264.0],
          [11.358109, 46.493183, 263.25],
          [11.357575, 46.493303, 263.75],
          [11.357025, 46.493465, 262.75],
          [11.356332, 46.493708, 262.0],
          [11.356070, 46.493788, 261.5],
          [11.355937, 46.493820, 262.0],
          [11.355575, 46.493930, 261.25],
          [11.355501, 46.493960, 261.25],
          [11.355345, 46.494052, 261.25],
          [11.355176, 46.494129, 261.5],
          [11.354967, 46.494247, 262.75],
          [11.354953, 46.494255, 262.75],
          [11.354935, 46.494295, 263.25],
          [11.354868, 46.494339, 263.75],
          [11.354618, 46.494438, 264.0],
          [11.354573, 46.494455, 263.75],
          [11.354529, 46.494474, 263.5],
          [11.354334, 46.494526, 263.0],
          [11.354139, 46.494565, 262.75],
          [11.354035, 46.494576, 263.0],
          [11.354018, 46.494575, 263.0],
          [11.353987, 46.494557, 263.0],
          [11.353944, 46.494478, 263.0],
          [11.353772, 46.494117, 263.0],
          [11.353719, 46.494127, 263.0],
          [11.353651, 46.494141, 263.0],
          [11.353825, 46.494496, 263.0],
          [11.353850, 46.494577, 263.0],
          [11.353858, 46.494613, 263.5],
          [11.353865, 46.494638, 263.75],
          [11.353906, 46.494770, 264.5],
          [11.353921, 46.494883, 263.75],
          [11.353910, 46.494936, 263.25],
          [11.353888, 46.494989, 263.0],
          [11.353841, 46.495042, 263.0],
          [11.353887, 46.495117, 263.0],
          [11.353937, 46.495202, 263.0],
          [11.353949, 46.495225, 263.0],
          [11.353974, 46.495270, 263.0],
          [11.353429, 46.495386, 263.0],
          [11.353240, 46.495468, 262.75],
          [11.353202, 46.495546, 262.75],
          [11.353253, 46.495670, 262.5],
          [11.353365, 46.495804, 262.0],
          [11.353450, 46.495889, 262.25],
          [11.353528, 46.496023, 262.0],
          [11.353554, 46.496117, 262.0],
          [11.353503, 46.496774, 263.0],
          [11.353456, 46.497206, 263.75],
          [11.353449, 46.497263, 264.0],
          [11.353393, 46.497436, 264.75],
          [11.353390, 46.497712, 265.75],
          [11.353394, 46.497763, 265.75],
          [11.353585, 46.497760, 265.75],
          [11.353711, 46.497777, 265.5],
          [11.354021, 46.497849, 265.5],
          [11.354378, 46.497905, 265.5],
          [11.354602, 46.498087, 266.0],
          [11.354990, 46.498100, 266.0],
          [11.354963, 46.498293, 266.0],
          [11.354960, 46.498310, 266.75]
        ]
      }
    }
  ]
}
