{
  "type": "FeatureCollection",
  "features": [
    {
      "type": "Feature",
      "properties": {
        "creator": "BRouter-1.7.10",
        "name": "brouter_trekking_0",
        "track-length": "61703",
        "filtered ascend": "664",
        "plain-ascend": "-127",
        "total-time": "13841",
        "total-energy": "1340065",
        "cost": "103077",
        "messages": [
          ["Longitude", "Latitude", "Elevation", "Distance", "CostPerKm", "ElevCost", "TurnCost", "NodeCost", "InitialCost", "WayTags", "NodeTags", "Time", "Energy"],
          ["11094920", "47491727", "702", "5", "1150", "0", "0", "20", "0", "reversedirection=yes highway=residential surface=asphalt oneway=no", "highway=traffic_signals traffic_signals:direction=backward", "0", "84"],
          ["11094908", "47491749", "702", "3", "1150", "0", "0", "0", "0", "reversedirection=yes highway=residential surface=asphalt oneway=no", "", "1", "134"],
          ["11095056", "47491795", "702", "12", "1050", "0", "83", "0", "0", "highway=path foot=designated bicycle=designated oneway=yes", "", "3", "336"],
          ["11096836", "47492377", "704", "149", "1050", "0", "0", "0", "0", "highway=path surface=paved foot=designated bicycle=designated oneway=yes", "", "39", "3934"],
          ["11098720", "47492024", "706", "188", "1050", "0", "34", "20", "0", "highway=path foot=designated bicycle=designated oneway=yes", "highway=crossing estimated_crossing_class=0 crossing=traffic_signals", "79", "7921"],
          ["11098894", "47491835", "706", "25", "1000", "0", "0", "20", "0", "highway=secondary surface=asphalt oneway=yes route_bicycle_lcn=yes", "nodeaccessgranted=yes highway=traffic_signals", "85", "8511"],
          ["11098999", "47491793", "706", "9", "1000", "0", "0", "0", "0", "highway=secondary surface=asphalt oneway=yes route_bicycle_lcn=yes", "nodeaccessgranted=yes estimated_crossing_class=0", "87", "8712"],
          ["11099202", "47491751", "706", "16", "1000", "0", "0", "0", "0", "highway=secondary surface=asphalt oneway=yes route_bicycle_lcn=yes", "nodeaccessgranted=yes estimated_crossing_class=0", "90", "9036"],
          ["11099899", "47491937", "705", "56", "1000", "0", "0", "0", "0", "highway=secondary surface=asphalt oneway=yes cycleway:right=no route_bicycle_lcn=yes", "nodeaccessgranted=yes estimated_crossing_class=5", "99", "9907"],
          ["11099974", "47491954", "705", "6", "1000", "0", "0", "0", "0", "highway=secondary surface=asphalt oneway=yes cycleway:right=no route_bicycle_lcn=yes", "nodeaccessgranted=yes estimated_crossing_class=5", "99", "9991"],
          ["11100685", "47492157", "706", "58", "1000", "0", "0", "0", "0", "highway=secondary surface=asphalt oneway=yes cycleway:right=no route_bicycle_lcn=yes", "nodeaccessgranted=yes estimated_crossing_class=5", "110", "11021"],
          ["11101268", "47492363", "707", "50", "1000", "0", "0", "0", "0", "highway=secondary surface=asphalt oneway=yes cycleway:right=no route_bicycle_lcn=yes", "nodeaccessgranted=yes highway=crossing estimated_crossing_class=5", "120", "12095"],
          ["11101750", "47492585", "707", "44", "1000", "0", "0", "0", "0", "highway=secondary surface=asphalt oneway=yes cycleway:right=no route_bicycle_lcn=yes", "nodeaccessgranted=yes estimated_crossing_class=4", "129", "12979"],
          ["11102456", "47492892", "706", "64", "1000", "0", "0", "20", "0", "highway=secondary surface=asphalt oneway=yes cycleway:right=no route_bicycle_lcn=yes", "nodeaccessgranted=yes highway=traffic_signals", "139", "13974"],
          ["11102646", "47492973", "706", "17", "1000", "0", "0", "0", "0", "highway=secondary surface=asphalt oneway=yes cycleway:right=no route_bicycle_lcn=yes", "nodeaccessgranted=yes estimated_crossing_class=0", "142", "14240"],
          ["11103124", "47493142", "707", "41", "1000", "0", "0", "0", "0", "highway=secondary surface=asphalt oneway=yes cycleway:right=no route_bicycle_lcn=yes", "nodeaccessgranted=yes estimated_crossing_class=4", "150", "15057"],
          ["11103344", "47493199", "707", "18", "1000", "0", "0", "0", "0", "highway=secondary surface=asphalt oneway=yes cycleway:right=no route_bicycle_lcn=yes", "nodeaccessgranted=yes estimated_crossing_class=4", "153", "15399"],
          ["11103619", "47493269", "707", "22", "1000", "0", "0", "0", "0", "highway=secondary surface=asphalt oneway=yes cycleway:right=no route_bicycle_lcn=yes", "nodeaccessgranted=yes estimated_crossing_class=4", "158", "15809"],
          ["11104485", "47493586", "708", "74", "1000", "0", "0", "0", "0", "highway=secondary surface=asphalt oneway=yes cycleway:right=no route_bicycle_lcn=yes", "nodeaccessgranted=yes estimated_crossing_class=4", "174", "17426"],
          ["11105194", "47493828", "708", "60", "1000", "0", "0", "0", "0", "highway=secondary surface=asphalt oneway=yes cycleway:right=no route_bicycle_lcn=yes", "nodeaccessgranted=yes estimated_crossing_class=4", "185", "18577"],
          ["11105495", "47493924", "708", "25", "1000", "0", "0", "20", "0", "highway=secondary surface=asphalt oneway=yes cycleway:right=no route_bicycle_lcn=yes", "nodeaccessgranted=yes highway=traffic_signals crossing=traffic_signals", "190", "19034"],
          ["11105809", "47494006", "708", "25", "1000", "0", "0", "0", "0", "highway=secondary surface=asphalt oneway=yes cycleway:right=no route_bicycle_lcn=yes", "nodeaccessgranted=yes estimated_crossing_class=4", "194", "19483"],
          ["11108051", "47494846", "708", "191", "1000", "0", "0", "0", "0", "highway=unclassified surface=asphalt oneway=yes cycleway:right=no route_bicycle_lcn=yes", "", "228", "22849"],
          ["11108367", "47495072", "709", "35", "1000", "0", "0", "0", "0", "highway=unclassified surface=asphalt oneway=yes route_bicycle_lcn=yes", "", "235", "23576"],
          ["11108959", "47495268", "710", "52", "1000", "0", "0", "0", "0", "reversedirection=yes highway=living_street surface=asphalt oneway=no route_bicycle_lcn=yes", "", "247", "24747"],
          ["11108997", "47495229", "710", "5", "1000", "0", "0", "0", "0", "highway=living_street surface=sett oneway=no route_bicycle_rcn=yes route_bicycle_lcn=yes", "", "248", "24868"],
          ["11110159", "47494483", "714", "121", "1000", "0", "0", "0", "0", "highway=living_street surface=sett route_bicycle_rcn=yes route_bicycle_lcn=yes", "", "280", "28063"],
          ["11113597", "47491631", "717", "417", "1000", "0", "0", "0", "0", "reversedirection=yes highway=living_street surface=sett oneway=yes oneway:bicycle=no route_bicycle_rcn=yes route_bicycle_lcn=yes", "", "379", "37987"],
          ["11120338", "47488580", "767", "638", "1000", "0", "0", "0", "0", "reversedirection=yes highway=residential surface=asphalt oneway=no route_bicycle_lcn=yes", "", "837", "83788"],
          ["11126596", "47487531", "805", "488", "1000", "0", "0", "0", "0", "highway=residential surface=asphalt oneway=no route_bicycle_lcn=yes", "", "1203", "120317"],
          ["11159975", "47488225", "875", "2562", "1000", "173", "0", "0", "0", "highway=unclassified surface=asphalt oneway=no route_bicycle_lcn=yes", "", "2341", "233199"],
          ["11172206", "47489483", "871", "935", "1000", "41", "0", "0", "0", "reversedirection=yes highway=track surface=asphalt tracktype=grade1 bicycle=designated route_bicycle_rcn=yes", "", "2469", "245977"],
          ["11173896", "47489154", "861", "149", "1000", "0", "0", "0", "0", "highway=track surface=asphalt tracktype=grade1 bicycle=yes route_bicycle_rcn=yes", "", "2486", "247653"],
          ["11175257", "47488893", "859", "107", "1000", "0", "0", "0", "0", "reversedirection=yes highway=track surface=asphalt foot=designated bicycle=designated route_bicycle_rcn=yes", "", "2495", "248588"],
          ["11177236", "47488742", "859", "151", "1000", "0", "0", "0", "0", "reversedirection=yes highway=residential surface=asphalt route_bicycle_rcn=yes", "", "2512", "250253"],
          ["11177663", "47488694", "858", "35", "1000", "0", "0", "0", "0", "reversedirection=yes highway=cycleway surface=asphalt route_bicycle_rcn=yes", "", "2515", "250623"],
          ["11177713", "47488535", "857", "18", "1000", "0", "0", "0", "0", "reversedirection=yes highway=cycleway route_bicycle_rcn=yes", "", "2518", "250888"],
          ["11179293", "47488262", "858", "125", "1000", "0", "0", "0", "0", "reversedirection=yes highway=path surface=asphalt foot=designated bicycle=designated route_bicycle_rcn=yes", "nodeaccessgranted=yes highway=give_way direction=backward", "2533", "252402"],
          ["11179353", "47488263", "858", "5", "1000", "0", "0", "0", "0", "reversedirection=yes highway=path surface=asphalt foot=designated bicycle=designated route_bicycle_rcn=yes", "nodeaccessgranted=yes highway=crossing", "2534", "252472"],
          ["11204716", "47489562", "897", "1971", "1000", "0", "0", "0", "0", "reversedirection=yes highway=path surface=asphalt foot=designated bicycle=designated route_bicycle_rcn=yes", "nodeaccessgranted=yes highway=give_way direction=backward", "3080", "307086"],
          ["11204789", "47489714", "897", "21", "1000", "0", "0", "0", "0", "reversedirection=yes highway=path surface=asphalt foot=designated bicycle=designated route_bicycle_rcn=yes", "", "3085", "307560"],
          ["11204810", "47489857", "898", "16", "1000", "0", "0", "0", "0", "highway=unclassified route_bicycle_rcn=yes", "", "3089", "308005"],
          ["11204825", "47489975", "899", "13", "1000", "0", "0", "0", "0", "highway=unclassified surface=asphalt oneway=no route_bicycle_rcn=yes", "", "3093", "308410"],
          ["11210352", "47490721", "918", "442", "1000", "0", "0", "0", "0", "highway=unclassified surface=asphalt route_bicycle_rcn=yes", "", "3304", "329505"],
          ["11215733", "47489793", "928", "440", "1000", "0", "0", "0", "0", "highway=residential surface=asphalt cycleway:both=no route_bicycle_rcn=yes", "", "3456", "344748"],
          ["11216410", "47489362", "923", "77", "1000", "0", "0", "0", "0", "highway=cycleway surface=asphalt foot=designated route_bicycle_rcn=yes", "", "3474", "346543"],
          ["11222092", "47488358", "922", "464", "1000", "0", "0", "0", "0", "highway=cycleway surface=asphalt tracktype=grade1 access=permissive foot=yes bicycle=yes route_bicycle_rcn=yes", "nodeaccessgranted=yes railway=crossing", "3541", "353241"],
          ["11222044", "47488292", "922", "9", "1000", "0", "0", "0", "0", "highway=cycleway surface=asphalt tracktype=grade1 access=permissive foot=yes bicycle=yes route_bicycle_rcn=yes", "", "3543", "353381"],
          ["11227941", "47485677", "922", "537", "1000", "0", "0", "0", "0", "highway=cycleway surface=asphalt tracktype=grade2 foot=designated bicycle=designated route_bicycle_rcn=yes", "", "3637", "362795"],
          ["11231916", "47484402", "922", "332", "1000", "0", "0", "0", "0", "highway=cycleway surface=asphalt tracktype=grade1 foot=designated bicycle=designated route_bicycle_rcn=yes", "", "3691", "368175"],
          ["11239540", "47481998", "934", "650", "1000", "0", "0", "0", "0", "highway=residential surface=asphalt cycleway:both=no route_bicycle_rcn=yes", "", "3863", "385382"],
          ["11239749", "47481994", "933", "16", "1000", "0", "0", "0", "0", "highway=residential surface=asphalt route_bicycle_rcn=yes", "", "3866", "385749"],
          ["11240749", "47482030", "933", "76", "1000", "0", "0", "0", "0", "highway=residential surface=asphalt cycleway:both=no route_bicycle_rcn=yes", "", "3880", "387093"],
          ["11241266", "47482149", "933", "42", "1150", "0", "3", "0", "0", "highway=residential surface=asphalt cycleway:both=no", "estimated_crossing_class=2", "3890", "388073"],
          ["11241370", "47482149", "933", "8", "1650", "0", "10", "0", "0", "highway=secondary surface=asphalt cycleway:both=no", "estimated_crossing_class=2", "3891", "388213"],
          ["11243577", "47482176", "937", "168", "1650", "0", "2", "0", "0", "highway=secondary surface=asphalt cycleway:both=no", "", "3930", "392135"],
          ["11248160", "47479264", "933", "489", "1650", "0", "7", "0", "0", "highway=secondary surface=asphalt smoothness=good cycleway:both=no", "estimated_crossing_class=1", "4012", "400302"],
          ["11251838", "47477292", "939", "353", "1650", "0", "0", "0", "0", "highway=secondary surface=asphalt smoothness=good cycleway:both=no", "estimated_crossing_class=2", "4081", "407200"],
          ["11251963", "47477198", "940", "14", "1650", "0", "0", "0", "0", "highway=secondary surface=asphalt smoothness=excellent cycleway:both=no", "estimated_crossing_class=2", "4084", "407531"],
          ["11252511", "47476783", "943", "62", "1650", "0", "0", "0", "0", "highway=secondary surface=asphalt smoothness=excellent cycleway:both=no", "estimated_crossing_class=2", "4108", "409961"],
          ["11257736", "47468933", "968", "982", "1650", "0", "4", "0", "0", "highway=secondary surface=asphalt smoothness=excellent cycleway:both=no", "estimated_crossing_class=2", "4445", "443620"],
          ["11258335", "47468590", "966", "59", "1650", "0", "7", "0", "0", "highway=secondary surface=asphalt smoothness=excellent cycleway:both=no", "estimated_crossing_class=2", "4459", "444999"],
          ["11259376", "47467808", "960", "122", "1650", "0", "9", "0", "0", "highway=secondary surface=asphalt smoothness=excellent cycleway:both=no", "estimated_crossing_class=2", "4477", "446867"],
          ["11259873", "47465982", "948", "213", "1650", "293", "24", "0", "0", "highway=secondary surface=asphalt smoothness=excellent cycleway:both=no", "estimated_crossing_class=2", "4496", "448399"],
          ["11260816", "47464538", "938", "202", "1650", "399", "32", "0", "0", "highway=secondary surface=asphalt smoothness=excellent cycleway:both=no", "estimated_crossing_class=2", "4512", "448965"],
          ["11260995", "47464371", "937", "23", "1650", "54", "11", "0", "0", "highway=secondary surface=asphalt smoothness=excellent cycleway:both=no", "estimated_crossing_class=2", "4514", "448965"],
          ["11261390", "47464198", "937", "35", "1650", "0", "6", "0", "0", "highway=secondary surface=asphalt smoothness=excellent cycleway:both=no", "estimated_crossing_class=2", "4517", "449251"],
          ["11262921", "47462578", "934", "237", "1650", "19", "28", "0", "0", "highway=secondary surface=asphalt smoothness=excellent cycleway:both=no", "estimated_crossing_class=2", "4543", "451810"],
          ["11264886", "47459734", "935", "354", "1650", "0", "7", "0", "0", "highway=secondary surface=asphalt smoothness=excellent cycleway:both=no", "estimated_crossing_class=2", "4590", "456583"],
          ["11265463", "47458075", "944", "190", "1650", "0", "0", "0", "0", "highway=secondary surface=asphalt smoothness=excellent cycleway:both=no", "estimated_crossing_class=2", "4646", "462128"],
          ["11265770", "47457398", "952", "83", "1650", "0", "14", "0", "0", "highway=secondary surface=asphalt smoothness=excellent cycleway:both=no", "estimated_crossing_class=2", "4686", "466133"],
          ["11267103", "47456499", "951", "142", "1650", "0", "1", "0", "0", "highway=secondary surface=asphalt smoothness=excellent cycleway:both=no", "estimated_crossing_class=3", "4743", "471869"],
          ["11267436", "47456371", "949", "29", "1650", "0", "1", "0", "0", "highway=secondary surface=asphalt smoothness=excellent cycleway:both=no", "estimated_crossing_class=3", "4751", "472647"],
          ["11267517", "47456343", "949", "7", "1650", "0", "0", "0", "0", "highway=secondary surface=asphalt smoothness=excellent cycleway:both=no", "estimated_crossing_class=3", "4753", "472832"],
          ["11268457", "47455655", "944", "111", "1650", "0", "11", "0", "0", "highway=secondary surface=asphalt smoothness=excellent cycleway:both=no", "estimated_crossing_class=3", "4775", "475089"],
          ["11269542", "47454883", "941", "121", "1650", "0", "4", "0", "0", "highway=secondary surface=asphalt smoothness=excellent cycleway:both=no", "", "4788", "476353"],
          ["11269628", "47454837", "941", "8", "1650", "0", "0", "0", "0", "highway=secondary surface=asphalt", "", "4789", "476441"],
          ["11269938", "47454668", "938", "30", "1650", "0", "0", "0", "0", "highway=secondary surface=asphalt cycleway:both=no", "estimated_crossing_class=3", "4791", "476686"],
          ["11270228", "47454461", "935", "32", "1650", "94", "1", "0", "0", "highway=secondary surface=asphalt smoothness=excellent cycleway:both=no", "estimated_crossing_class=3", "4794", "476686"],
          ["11267086", "47450790", "910", "505", "1650", "1028", "36", "0", "0", "highway=secondary surface=asphalt smoothness=excellent cycleway:both=no", "estimated_crossing_class=3", "4834", "477474"],
          ["11266427", "47449993", "907", "107", "1650", "79", "18", "0", "0", "highway=secondary surface=asphalt smoothness=excellent cycleway:both=no", "estimated_crossing_class=3", "4845", "478558"],
          ["11266683", "47449919", "907", "21", "1650", "0", "12", "0", "0", "highway=secondary surface=asphalt smoothness=excellent cycleway:both=no", "estimated_crossing_class=3", "4847", "478742"],
          ["11266600", "47449624", "907", "34", "1450", "9", "80", "0", "0", "highway=tertiary surface=asphalt smoothness=excellent cycleway:both=no", "", "4850", "479051"],
          ["11266452", "47448738", "907", "101", "1450", "0", "6", "0", "0", "highway=tertiary surface=asphalt smoothness=intermediate cycleway:both=no", "", "4862", "480222"],
          ["11267502", "47446945", "908", "232", "1150", "0", "45", "0", "0", "highway=residential surface=asphalt", "", "4892", "483239"],
          ["11265926", "47445843", "909", "175", "1150", "0", "40", "0", "0", "highway=residential cycleway:both=no", "", "4925", "486498"],
          ["11265819", "47445707", "909", "17", "1150", "0", "0", "0", "0", "highway=residential surface=asphalt cycleway:both=no", "", "4928", "486822"],
          ["11264576", "47444331", "910", "179", "1150", "0", "0", "0", "0", "highway=residential surface=asphalt smoothness=intermediate cycleway:both=no", "", "4961", "490115"],
          ["11263657", "47443352", "910", "130", "1150", "0", "0", "0", "0", "highway=residential surface=asphalt cycleway:both=no", "", "4985", "492541"],
          ["11262840", "47442321", "911", "131", "1150", "0", "0", "0", "0", "highway=residential surface=asphalt", "", "5010", "495059"],
          ["11262739", "47441899", "912", "47", "1150", "0", "4", "0", "0", "reversedirection=yes highway=residential surface=asphalt smoothness=bad oneway=yes oneway:bicycle=no", "", "5020", "496036"],
          ["11262161", "47441306", "912", "81", "1150", "0", "5", "0", "0", "reversedirection=yes highway=residential surface=asphalt oneway=yes oneway:bicycle=no", "", "5037", "497726"],
          ["11262082", "47441327", "912", "6", "1350", "0", "61", "0", "0", "highway=unclassified surface=asphalt smoothness=excellent", "", "5038", "497834"],
          ["11262004", "47441216", "912", "14", "1450", "0", "83", "0", "0", "highway=tertiary surface=asphalt smoothness=good", "highway=crossing crossing=uncontrolled", "5041", "498119"],
          ["11261901", "47441071", "913", "18", "1450", "0", "0", "0", "0", "highway=tertiary surface=asphalt smoothness=good", "", "5045", "498506"],
          ["11260759", "47439217", "914", "226", "1450", "0", "8", "0", "0", "highway=tertiary surface=asphalt smoothness=intermediate cycleway:both=no", "", "5091", "503184"],
          ["11260436", "47438832", "914", "50", "1450", "0", "3", "20", "0", "highway=tertiary surface=asphalt smoothness=good cycleway:both=no", "highway=crossing crossing=traffic_signals kerb=lowered", "5100", "504082"],
          ["11260413", "47438793", "914", "5", "1450", "0", "0", "0", "0", "highway=tertiary surface=asphalt smoothness=good cycleway:both=no", "", "5101", "504170"],
          ["11260195", "47438380", "914", "49", "1450", "0", "0", "0", "0", "highway=tertiary surface=asphalt cycleway:both=no", "", "5111", "505139"],
          ["11259966", "47434964", "917", "393", "1450", "0", "15", "0", "0", "highway=tertiary surface=asphalt", "", "5191", "513142"],
          ["11259988", "47433106", "919", "214", "1450", "0", "6", "0", "0", "highway=tertiary surface=asphalt cycleway:both=no", "", "5235", "517589"],
          ["11260127", "47432997", "919", "16", "1450", "0", "0", "0", "0", "highway=tertiary surface=asphalt", "", "5239", "517932"],
          ["11259853", "47430109", "920", "335", "1000", "0", "0", "0", "0", "reversedirection=yes highway=residential surface=asphalt smoothness=excellent cycleway:both=no route_bicycle_rcn=yes", "", "5300", "524087"],
          ["11260072", "47429062", "920", "118", "1000", "0", "0", "0", "0", "highway=cycleway surface=fine_gravel foot=yes route_bicycle_rcn=yes", "", "5322", "526235"],
          ["11260126", "47428821", "920", "27", "1000", "0", "0", "0", "0", "highway=cycleway surface=asphalt foot=yes smoothness=excellent route_bicycle_rcn=yes", "nodeaccessgranted=yes barrier=bollard", "5327", "526706"],
          ["11260128", "47428794", "920", "3", "1000", "0", "0", "0", "0", "highway=cycleway surface=asphalt foot=yes smoothness=excellent route_bicycle_rcn=yes", "", "5327", "526758"],
          ["11259609", "47428735", "920", "40", "1000", "0", "0", "0", "0", "highway=residential surface=asphalt route_bicycle_rcn=yes", "", "5334", "527447"],
          ["11257346", "47424442", "925", "518", "1000", "0", "0", "0", "0", "highway=residential surface=asphalt smoothness=excellent route_bicycle_rcn=yes", "", "5447", "538715"],
          ["11254952", "47419237", "931", "620", "1000", "0", "0", "0", "0", "highway=track surface=compacted tracktype=grade2 foot=yes bicycle=yes smoothness=good route_bicycle_rcn=yes", "nodeaccessgranted=yes barrier=gate", "5580", "552045"],
          ["11254288", "47417493", "933", "210", "1000", "0", "0", "0", "0", "highway=track surface=compacted tracktype=grade2 foot=yes bicycle=yes smoothness=good route_bicycle_rcn=yes", "", "5628", "556799"],
          ["11264836", "47398385", "951", "3170", "1000", "0", "0", "0", "0", "highway=track surface=compacted tracktype=grade2 foot=yes bicycle=yes route_bicycle_rcn=yes", "", "6267", "620794"],
          ["11266104", "47396695", "952", "221", "1000", "0", "0", "0", "0", "highway=track surface=compacted tracktype=grade2 foot=yes bicycle=yes smoothness=good route_bicycle_rcn=yes", "", "6310", "625024"],
          ["11266339", "47396582", "952", "22", "1000", "0", "0", "0", "0", "highway=track surface=wood tracktype=grade1 foot=yes bicycle=yes smoothness=intermediate route_bicycle_rcn=yes", "", "6314", "625412"],
          ["11266142", "47396263", "953", "52", "1000", "0", "0", "0", "0", "highway=service surface=asphalt route_bicycle_rcn=yes", "nodeaccessgranted=yes barrier=lift_gate", "6326", "626650"],
          ["11266100", "47396182", "954", "10", "1000", "0", "0", "0", "0", "highway=service surface=asphalt route_bicycle_rcn=yes", "", "6328", "626884"],
          ["11265463", "47395652", "953", "76", "1000", "0", "0", "0", "0", "highway=track surface=compacted tracktype=grade2 foot=yes bicycle=yes smoothness=intermediate route_bicycle_rcn=yes", "nodeaccessgranted=yes highway=traffic_mirror", "6343", "628327"],
          ["11265055", "47394051", "956", "184", "1000", "0", "0", "0", "0", "highway=track surface=compacted tracktype=grade2 foot=yes bicycle=yes smoothness=intermediate route_bicycle_rcn=yes", "", "6382", "632247"],
          ["11265088", "47393985", "956", "8", "1000", "0", "0", "0", "0", "highway=track surface=compacted tracktype=grade2 foot=yes bicycle=yes route_bicycle_rcn=yes", "", "6384", "632438"],
          ["11264776", "47392941", "957", "119", "1000", "0", "0", "0", "0", "highway=residential surface=asphalt route_bicycle_rcn=yes", "", "6410", "635026"],
          ["11264211", "47392447", "957", "71", "1000", "0", "0", "0", "0", "reversedirection=yes highway=cycleway surface=compacted foot=designated bicycle=designated route_bicycle_rcn=yes", "nodeaccessgranted=yes highway=crossing", "6423", "636346"],
          ["11263076", "47391301", "957", "153", "1000", "0", "0", "0", "0", "reversedirection=yes highway=cycleway surface=compacted foot=designated bicycle=designated route_bicycle_rcn=yes", "", "6451", "639179"],
          ["11263776", "47390108", "959", "152", "1000", "0", "0", "0", "0", "highway=residential surface=fine_gravel route_bicycle_rcn=yes", "", "6483", "642409"],
          ["11264838", "47389401", "962", "114", "1000", "0", "0", "0", "0", "reversedirection=yes highway=footway surface=compacted bicycle=yes route_bicycle_rcn=yes", "", "6511", "645165"],
          ["11264548", "47389027", "961", "49", "1000", "0", "0", "0", "0", "highway=tertiary surface=asphalt foot=yes cycleway:both=no route_bicycle_rcn=yes", "", "6522", "646221"],
          ["11263326", "47388631", "965", "104", "1000", "0", "0", "0", "0", "highway=tertiary surface=asphalt foot=yes cycleway=lane route_bicycle_rcn=yes", "nodeaccessgranted=yes highway=crossing crossing=marked kerb=raised", "6543", "648386"],
          ["11263130", "47388578", "965", "16", "1000", "0", "0", "0", "0", "highway=tertiary surface=asphalt foot=yes cycleway=lane route_bicycle_rcn=yes", "", "6547", "648727"],
          ["11263108", "47388616", "965", "5", "1000", "0", "0", "0", "0", "reversedirection=yes highway=residential surface=asphalt route_bicycle_rcn=yes", "nodeaccessgranted=yes highway=give_way direction=forward", "6548", "648830"],
          ["11257644", "47388478", "967", "511", "1000", "0", "0", "0", "0", "reversedirection=yes highway=residential surface=asphalt route_bicycle_rcn=yes", "", "6664", "660467"],
          ["11252630", "47387893", "973", "392", "1000", "0", "0", "0", "0", "highway=track surface=gravel tracktype=grade2 bicycle=yes route_bicycle_rcn=yes", "", "6758", "669909"],
          ["11252440", "47387851", "973", "15", "1000", "0", "0", "0", "0", "highway=track surface=asphalt tracktype=grade2 bicycle=yes smoothness=good route_bicycle_rcn=yes", "", "6763", "670353"],
          ["11242363", "47386381", "988", "907", "1000", "0", "0", "0", "0", "highway=track surface=gravel tracktype=grade2 bicycle=yes route_bicycle_rcn=yes", "", "6989", "693006"],
          ["11237960", "47381392", "1003", "658", "1000", "0", "0", "0", "0", "reversedirection=yes highway=track surface=compacted tracktype=grade2 bicycle=yes route_bicycle_rcn=yes", "", "7198", "713868"],
          ["11232955", "47371394", "1005", "1480", "1000", "0", "0", "0", "0", "highway=track surface=compacted tracktype=grade2 bicycle=yes route_bicycle_rcn=yes", "nodeaccessgranted=yes estimated_crossing_class=2", "7477", "741813"],
          ["11232429", "47371520", "1007", "42", "1000", "0", "0", "0", "0", "reversedirection=yes highway=secondary surface=asphalt route_bicycle_rcn=yes", "nodeaccessgranted=yes estimated_crossing_class=2", "7488", "742895"],
          ["11228916", "47371736", "1013", "269", "1000", "0", "0", "0", "0", "reversedirection=yes highway=secondary surface=asphalt route_bicycle_rcn=yes", "nodeaccessgranted=yes estimated_crossing_class=2", "7562", "750267"],
          ["11228752", "47371734", "1014", "12", "1000", "0", "0", "0", "0", "reversedirection=yes highway=secondary surface=asphalt route_bicycle_rcn=yes", "nodeaccessgranted=yes estimated_crossing_class=2", "7565", "750570"],
          ["11227013", "47370929", "1021", "164", "1000", "0", "0", "0", "0", "reversedirection=yes highway=secondary surface=asphalt route_bicycle_rcn=yes", "nodeaccessgranted=yes estimated_crossing_class=2", "7634", "757508"],
          ["11223255", "47368600", "1029", "395", "1000", "0", "0", "0", "0", "reversedirection=yes highway=secondary surface=asphalt route_bicycle_rcn=yes", "nodeaccessgranted=yes estimated_crossing_class=2", "7754", "769452"],
          ["11223266", "47368570", "1029", "3", "1000", "0", "0", "0", "0", "highway=track surface=asphalt tracktype=grade1 route_bicycle_rcn=yes", "nodeaccessgranted=yes highway=give_way direction=backward", "7754", "769533"],
          ["11223112", "47366285", "1023", "263", "1000", "0", "0", "0", "0", "highway=track surface=asphalt tracktype=grade1 route_bicycle_rcn=yes", "", "7802", "774328"],
          ["11222841", "47360440", "1029", "772", "1000", "0", "0", "0", "0", "highway=track surface=compacted tracktype=grade2 route_bicycle_rcn=yes", "", "7943", "788347"],
          ["11190884", "47344908", "1116", "3277", "1000", "267", "0", "0", "0", "highway=track surface=compacted tracktype=grade2 bicycle=yes route_bicycle_rcn=yes", "", "9107", "904826"],
          ["11190416", "47344345", "1118", "72", "1000", "0", "0", "0", "0", "reversedirection=yes highway=track surface=compacted tracktype=grade2 bicycle=yes route_bicycle_rcn=yes", "", "9150", "909159"],
          ["11189586", "47343830", "1121", "85", "1000", "0", "0", "0", "0", "reversedirection=yes highway=unclassified surface=dirt route_bicycle_rcn=yes", "", "9193", "913453"],
          ["11179966", "47337654", "1166", "1038", "1000", "0", "0", "0", "0", "reversedirection=yes highway=unclassified surface=asphalt route_bicycle_rcn=yes", "nodeaccessgranted=yes highway=give_way direction=backward", "9689", "963013"],
          ["11179924", "47337664", "1166", "3", "1000", "0", "0", "0", "0", "reversedirection=yes highway=unclassified surface=asphalt route_bicycle_rcn=yes", "", "9690", "963146"],
          ["11176875", "47334772", "1187", "414", "1000", "0", "0", "0", "0", "reversedirection=yes highway=path surface=asphalt foot=designated bicycle=designated route_bicycle_rcn=yes", "", "9913", "985438"],
          ["11176809", "47334757", "1188", "5", "1000", "0", "0", "0", "0", "highway=service surface=asphalt route_bicycle_rcn=yes", "nodeaccessgranted=yes estimated_crossing_class=2", "9916", "985720"],
          ["11177151", "47334509", "1188", "39", "1000", "0", "0", "0", "0", "reversedirection=yes highway=secondary surface=asphalt cycleway:both=no route_bicycle_rcn=yes", "nodeaccessgranted=yes estimated_crossing_class=2", "9934", "987497"],
          ["11179437", "47333143", "1193", "231", "1000", "0", "0", "0", "0", "reversedirection=yes highway=secondary surface=asphalt cycleway:both=no route_bicycle_rcn=yes", "nodeaccessgranted=yes estimated_crossing_class=2", "10019", "996029"],
          ["11179861", "47332648", "1195", "64", "1000", "0", "0", "0", "0", "reversedirection=yes highway=secondary surface=asphalt smoothness=good cycleway:both=no route_bicycle_rcn=yes", "nodeaccessgranted=yes estimated_crossing_class=3", "10040", "998138"],
          ["11180357", "47331743", "1191", "107", "1000", "0", "0", "0", "0", "reversedirection=yes highway=secondary surface=asphalt smoothness=good cycleway:both=no route_bicycle_rcn=yes", "nodeaccessgranted=yes estimated_crossing_class=3", "10063", "1000441"],
          ["11180372", "47331713", "1191", "4", "1000", "0", "0", "0", "0", "reversedirection=yes highway=secondary surface=asphalt smoothness=good cycleway:both=no route_bicycle_rcn=yes", "nodeaccessgranted=yes estimated_crossing_class=3", "10064", "1000510"],
          ["11180523", "47331296", "1190", "48", "1000", "0", "0", "0", "0", "reversedirection=yes highway=secondary surface=asphalt smoothness=good cycleway:both=no route_bicycle_rcn=yes", "nodeaccessgranted=yes estimated_crossing_class=3", "10071", "1001224"],
          ["11180790", "47330371", "1187", "106", "1000", "0", "0", "0", "0", "reversedirection=yes highway=secondary surface=asphalt smoothness=good cycleway:both=no route_bicycle_rcn=yes", "nodeaccessgranted=yes estimated_crossing_class=3", "10083", "1002405"],
          ["11181027", "47330200", "1186", "27", "1000", "0", "0", "0", "0", "reversedirection=yes highway=secondary surface=asphalt smoothness=good cycleway:both=no route_bicycle_rcn=yes", "nodeaccessgranted=yes estimated_crossing_class=3", "10085", "1002669"],
          ["11181119", "47330148", "1185", "9", "1000", "0", "0", "0", "0", "reversedirection=yes highway=secondary surface=asphalt smoothness=good cycleway:both=no route_bicycle_rcn=yes", "nodeaccessgranted=yes highway=crossing crossing=marked kerb=lowered", "10086", "1002755"],
          ["11181223", "47330091", "1185", "10", "1000", "0", "0", "0", "0", "reversedirection=yes highway=secondary surface=asphalt smoothness=good cycleway:both=no route_bicycle_rcn=yes", "nodeaccessgranted=yes estimated_crossing_class=3", "10088", "1002919"],
          ["11181366", "47330006", "1185", "14", "1000", "0", "0", "0", "0", "reversedirection=yes highway=secondary surface=asphalt smoothness=good cycleway:both=no route_bicycle_rcn=yes", "nodeaccessgranted=yes estimated_crossing_class=3", "10090", "1003136"],
          ["11182114", "47329529", "1184", "79", "1000", "0", "0", "0", "0", "reversedirection=yes highway=secondary surface=asphalt smoothness=good cycleway:both=no route_bicycle_rcn=yes", "nodeaccessgranted=yes estimated_crossing_class=3", "10101", "1004233"],
          ["11182174", "47329542", "1183", "5", "1000", "0", "0", "0", "0", "reversedirection=yes highway=unclassified surface=asphalt smoothness=good cycleway:both=no route_bicycle_rcn=yes", "nodeaccessgranted=yes highway=give_way direction=forward", "10102", "1004300"],
          ["11183707", "47329653", "1179", "116", "1000", "0", "0", "0", "0", "reversedirection=yes highway=unclassified surface=asphalt smoothness=good cycleway:both=no route_bicycle_rcn=yes", "nodeaccessgranted=yes highway=crossing crossing=marked kerb=lowered", "10113", "1005443"],
          ["11185009", "47329751", "1178", "99", "1000", "0", "0", "0", "0", "reversedirection=yes highway=unclassified surface=asphalt smoothness=good cycleway:both=no route_bicycle_rcn=yes", "nodeaccessgranted=yes highway=crossing crossing=zebra kerb=lowered", "10124", "1006540"],
          ["11187262", "47329889", "1178", "173", "1000", "0", "0", "0", "0", "reversedirection=yes highway=unclassified surface=asphalt smoothness=good cycleway:both=no route_bicycle_rcn=yes", "nodeaccessgranted=yes highway=crossing crossing=zebra kerb=lowered", "10148", "1008883"],
          ["11187383", "47329917", "1178", "10", "1000", "0", "0", "0", "0", "reversedirection=yes highway=unclassified surface=asphalt smoothness=good cycleway:both=no route_bicycle_rcn=yes", "", "10149", "1009042"],
          ["11187411", "47329884", "1178", "4", "1000", "0", "0", "0", "0", "highway=residential surface=asphalt smoothness=good cycleway:both=no route_bicycle_rcn=yes", "nodeaccessgranted=yes highway=give_way direction=backward", "10150", "1009105"],
          ["11187517", "47329847", "1178", "9", "1000", "0", "0", "0", "0", "highway=residential surface=asphalt smoothness=good cycleway:both=no route_bicycle_rcn=yes", "nodeaccessgranted=yes highway=crossing crossing=zebra kerb=lowered", "10151", "1009249"],
          ["11188947", "47329908", "1180", "109", "1000", "0", "0", "0", "0", "highway=residential surface=asphalt smoothness=good cycleway:both=no route_bicycle_rcn=yes", "", "10166", "1010756"],
          ["11189015", "47329335", "1181", "64", "1000", "0", "0", "0", "0", "highway=service surface=asphalt smoothness=excellent route_bicycle_rcn=yes", "", "10179", "1011981"],
          ["11189014", "47329296", "1181", "4", "1000", "0", "0", "0", "0", "highway=pedestrian surface=paving_stones bicycle=yes smoothness=good route_bicycle_rcn=yes", "nodeaccessgranted=yes traffic_sign:direction=forward", "10179", "1012059"],
          ["11189014", "47329284", "1181", "1", "1000", "0", "0", "0", "0", "highway=pedestrian surface=paving_stones bicycle=yes smoothness=good route_bicycle_rcn=yes", "nodeaccessgranted=yes barrier=bollard bicycle=yes foot=yes motorcycle=yes horse=yes", "10180", "1012078"],
          ["11189055", "47328608", "1180", "76", "1000", "0", "0", "0", "0", "highway=pedestrian surface=paving_stones bicycle=yes smoothness=good route_bicycle_rcn=yes", "nodeaccessgranted=yes barrier=bollard bicycle=yes foot=yes motorcycle=yes horse=yes", "10193", "1013450"],
          ["11189058", "47328596", "1180", "1", "1000", "0", "0", "0", "0", "highway=pedestrian surface=paving_stones bicycle=yes smoothness=good route_bicycle_rcn=yes", "nodeaccessgranted=yes traffic_sign:direction=backward", "10193", "1013467"],
          ["11189109", "47328485", "1180", "13", "1000", "0", "0", "0", "0", "highway=pedestrian surface=paving_stones bicycle=yes smoothness=good route_bicycle_rcn=yes", "", "10196", "1013688"],
          ["11189132", "47327565", "1180", "104", "1000", "0", "0", "0", "0", "highway=residential surface=asphalt smoothness=good cycleway:both=no oneway=yes route_bicycle_rcn=yes", "nodeaccessgranted=yes highway=give_way direction=forward", "10213", "1015448"],
          ["11189134", "47327526", "1180", "4", "1000", "0", "0", "0", "0", "highway=residential surface=asphalt smoothness=good cycleway:both=no oneway=yes route_bicycle_rcn=yes", "", "10214", "1015516"],
          ["11188215", "47326887", "1179", "128", "1000", "0", "0", "0", "0", "reversedirection=yes highway=unclassified surface=asphalt smoothness=good cycleway:both=no route_bicycle_rcn=yes", "", "10232", "1017281"],
          ["11188335", "47326502", "1179", "47", "1000", "0", "0", "0", "0", "reversedirection=yes highway=unclassified surface=asphalt smoothness=good cycleway=no route_bicycle_rcn=yes", "nodeaccessgranted=yes highway=give_way direction=backward", "10238", "1017964"],
          ["11188379", "47326396", "1179", "12", "1000", "0", "0", "0", "0", "reversedirection=yes highway=unclassified surface=asphalt smoothness=good cycleway=no route_bicycle_rcn=yes", "nodeaccessgranted=yes estimated_crossing_class=3", "10240", "1018145"],
          ["11188251", "47326385", "1178", "9", "1000", "0", "0", "0", "0", "highway=secondary surface=asphalt smoothness=good cycleway:both=no route_bicycle_rcn=yes", "nodeaccessgranted=yes highway=crossing crossing=marked kerb=lowered", "10242", "1018277"],
          ["11187154", "47325578", "1180", "127", "1000", "0", "0", "0", "0", "highway=secondary surface=asphalt smoothness=good cycleway:both=no route_bicycle_rcn=yes", "nodeaccessgranted=yes highway=crossing estimated_crossing_class=0 crossing=uncontrolled", "10264", "1020539"],
          ["11186812", "47325382", "1183", "34", "1000", "0", "0", "0", "0", "highway=secondary surface=asphalt smoothness=good cycleway:both=no route_bicycle_rcn=yes", "nodeaccessgranted=yes estimated_crossing_class=3", "10272", "1021326"],
          ["11186825", "47325327", "1183", "6", "1000", "0", "0", "0", "0", "reversedirection=yes highway=unclassified surface=asphalt smoothness=good cycleway:both=no route_bicycle_rcn=yes", "nodeaccessgranted=yes highway=give_way direction=forward", "10273", "1021433"],
          ["11190243", "47321162", "1179", "533", "1000", "0", "0", "0", "0", "reversedirection=yes highway=unclassified surface=asphalt smoothness=good cycleway:both=no route_bicycle_rcn=yes", "", "10366", "1030772"],
          ["11190386", "47320668", "1181", "56", "1000", "0", "0", "0", "0", "highway=unclassified surface=asphalt smoothness=good cycleway:both=no route_bicycle_rcn=yes", "", "10378", "1031897"],
          ["11190377", "47320565", "1181", "11", "1000", "0", "0", "0", "0", "reversedirection=yes highway=track tracktype=grade2 vehicle=agricultural route_bicycle_rcn=yes", "nodeaccessgranted=yes barrier=swing_gate", "10381", "1032188"],
          ["11196046", "47316384", "1187", "792", "1000", "0", "0", "0", "0", "reversedirection=yes highway=track tracktype=grade2 vehicle=agricultural route_bicycle_rcn=yes", "", "10558", "1049882"],
          ["11196447", "47316260", "1186", "33", "1000", "0", "0", "0", "0", "reversedirection=yes highway=track surface=asphalt tracktype=grade2 vehicle=agricultural route_bicycle_rcn=yes", "nodeaccessgranted=yes barrier=gate", "10562", "1050370"],
          ["11198445", "47315328", "1174", "190", "1000", "166", "0", "0", "0", "reversedirection=yes highway=track surface=asphalt tracktype=grade2 vehicle=agricultural route_bicycle_rcn=yes", "", "10580", "1052132"],
          ["11198734", "47314465", "1168", "100", "1000", "296", "0", "0", "0", "highway=footway surface=asphalt bicycle=designated route_bicycle_rcn=yes", "nodeaccessgranted=yes highway=crossing", "10588", "1052154"],
          ["11199059", "47314113", "1164", "49", "1000", "155", "0", "0", "0", "highway=footway surface=asphalt bicycle=designated route_bicycle_rcn=yes", "", "10592", "1052154"],
          ["11199291", "47313279", "1160", "94", "1000", "178", "0", "0", "0", "highway=residential surface=asphalt route_bicycle_rcn=yes", "", "10600", "1052154"],
          ["11199881", "47309298", "1107", "452", "1150", "2767", "2", "0", "0", "highway=residential surface=asphalt", "", "10636", "1052154"],
          ["11199803", "47309270", "1106", "7", "1150", "23", "68", "0", "0", "reversedirection=yes highway=residential surface=asphalt", "highway=crossing crossing=marked kerb=lowered", "10636", "1052154"],
          ["11199757", "47309253", "1106", "4", "1150", "26", "0", "0", "0", "reversedirection=yes highway=residential surface=asphalt", "highway=give_way direction=forward", "10637", "1052154"],
          ["11198389", "47308483", "1108", "137", "1150", "0", "5", "0", "0", "reversedirection=yes highway=residential surface=asphalt", "highway=give_way direction=forward", "10650", "1053513"],
          ["11197079", "47306785", "1097", "213", "1150", "223", "1", "0", "0", "reversedirection=yes highway=residential surface=asphalt", "", "10670", "1054729"],
          ["11197720", "47305716", "1080", "133", "1150", "898", "54", "0", "0", "highway=residential surface=asphalt", "", "10681", "1054729"],
          ["11197817", "47305083", "1078", "76", "1150", "87", "41", "0", "0", "reversedirection=yes highway=residential surface=asphalt", "", "10687", "1054729"],
          ["11196992", "47304430", "1064", "99", "1050", "727", "84", "0", "0", "reversedirection=yes highway=track surface=asphalt tracktype=grade1", "", "10695", "1054729"],
          ["11200894", "47289659", "856", "1890", "2050", "10733", "178", "0", "0", "reversedirection=yes highway=track surface=fine_gravel tracktype=grade2", "", "10849", "1056271"],
          ["11198767", "47288126", "845", "243", "1550", "421", "15", "0", "0", "reversedirection=yes highway=track surface=unpaved tracktype=grade3 foot=yes bicycle=yes smoothness=bad", "", "10868", "1056794"],
          ["11206394", "47282670", "642", "1404", "1150", "10887", "206", "0", "0", "reversedirection=yes highway=track surface=compacted tracktype=grade2 foot=yes bicycle=yes smoothness=bad", "", "10981", "1056794"],
          ["11204984", "47281191", "601", "279", "1150", "2220", "185", "0", "0", "reversedirection=yes highway=residential", "estimated_crossing_class=3", "11003", "1056794"],
          ["11205209", "47281191", "601", "17", "1000", "0", "0", "0", "0", "reversedirection=yes highway=primary surface=asphalt route_bicycle_lcn=yes", "nodeaccessgranted=yes estimated_crossing_class=3", "11004", "1056794"],
          ["11208537", "47280171", "609", "280", "1000", "0", "0", "0", "0", "reversedirection=yes highway=primary surface=asphalt route_bicycle_lcn=yes", "nodeaccessgranted=yes estimated_crossing_class=4", "11048", "1060822"],
          ["11211576", "47280333", "610", "234", "1000", "0", "0", "0", "0", "reversedirection=yes highway=primary surface=asphalt route_bicycle_lcn=yes", "nodeaccessgranted=yes estimated_crossing_class=4", "11094", "1065401"],
          ["11211666", "47280345", "610", "7", "1000", "0", "0", "0", "0", "reversedirection=yes highway=primary surface=asphalt route_bicycle_lcn=yes", "nodeaccessgranted=yes estimated_crossing_class=4", "11095", "1065518"],
          ["11215639", "47280162", "611", "308", "1000", "0", "0", "0", "0", "reversedirection=yes highway=primary surface=asphalt route_bicycle_lcn=yes", "nodeaccessgranted=yes estimated_crossing_class=4", "11151", "1071112"],
          ["11220655", "47279682", "607", "384", "1000", "0", "0", "0", "0", "reversedirection=yes highway=primary surface=asphalt route_bicycle_lcn=yes", "nodeaccessgranted=yes estimated_crossing_class=4", "11205", "1076483"],
          ["11224787", "47278357", "606", "347", "1000", "0", "0", "0", "0", "reversedirection=yes highway=primary surface=asphalt route_bicycle_lcn=yes", "nodeaccessgranted=yes estimated_crossing_class=4", "11262", "1082209"],
          ["11226046", "47278103", "605", "100", "1000", "0", "0", "0", "0", "reversedirection=yes highway=primary surface=asphalt route_bicycle_lcn=yes", "nodeaccessgranted=yes estimated_crossing_class=4", "11275", "1083541"],
          ["11230212", "47277548", "604", "323", "1000", "0", "0", "0", "0", "reversedirection=yes highway=primary surface=asphalt route_bicycle_lcn=yes", "nodeaccessgranted=yes estimated_crossing_class=4", "11324", "1088451"],
          ["11230351", "47277520", "604", "11", "1000", "0", "0", "0", "0", "reversedirection=yes highway=primary surface=asphalt route_bicycle_lcn=yes", "nodeaccessgranted=yes estimated_crossing_class=4", "11326", "1088608"],
          ["11230403", "47277510", "603", "4", "1000", "0", "0", "0", "0", "reversedirection=yes highway=primary surface=asphalt route_bicycle_lcn=yes", "nodeaccessgranted=yes estimated_crossing_class=4", "11326", "1088662"],
          ["11231100", "47277378", "606", "55", "1000", "0", "0", "0", "0", "reversedirection=yes highway=primary surface=asphalt route_bicycle_lcn=yes", "nodeaccessgranted=yes traffic_sign:direction=backward", "11340", "1089984"],
          ["11231166", "47277366", "607", "5", "1000", "0", "0", "0", "0", "reversedirection=yes highway=primary surface=asphalt route_bicycle_lcn=yes", "nodeaccessgranted=yes estimated_crossing_class=4", "11341", "1090126"],
          ["11231702", "47277231", "607", "43", "1000", "0", "0", "0", "0", "reversedirection=yes highway=primary surface=asphalt route_bicycle_lcn=yes", "nodeaccessgranted=yes estimated_crossing_class=4", "11351", "1091174"],
          ["11232138", "47277078", "607", "37", "1000", "0", "0", "0", "0", "reversedirection=yes highway=primary surface=asphalt route_bicycle_lcn=yes", "", "11360", "1092044"],
          ["11232395", "47276961", "608", "23", "1000", "0", "0", "0", "0", "highway=primary surface=asphalt route_bicycle_lcn=yes", "nodeaccessgranted=yes estimated_crossing_class=5", "11366", "1092660"],
          ["11232455", "47276928", "608", "6", "1000", "0", "0", "0", "0", "highway=primary surface=asphalt route_bicycle_lcn=yes", "nodeaccessgranted=yes highway=crossing crossing=uncontrolled", "11368", "1092822"],
          ["11233092", "47276541", "613", "64", "1000", "0", "0", "0", "0", "highway=primary surface=asphalt route_bicycle_lcn=yes", "nodeaccessgranted=yes estimated_crossing_class=5", "11387", "1094687"],
          ["11233382", "47276356", "614", "30", "1000", "0", "0", "0", "0", "highway=primary surface=asphalt route_bicycle_lcn=yes", "nodeaccessgranted=yes estimated_crossing_class=5", "11397", "1095731"],
          ["11233469", "47276301", "615", "9", "1000", "0", "0", "0", "0", "highway=primary surface=asphalt route_bicycle_lcn=yes", "nodeaccessgranted=yes estimated_crossing_class=5", "11400", "1096060"],
          ["11233609", "47276216", "615", "14", "1000", "0", "0", "0", "0", "highway=primary surface=asphalt route_bicycle_lcn=yes", "nodeaccessgranted=yes estimated_crossing_class=5", "11406", "1096589"],
          ["11233904", "47276032", "616", "30", "1000", "0", "0", "0", "0", "highway=primary surface=asphalt route_bicycle_lcn=yes", "nodeaccessgranted=yes estimated_crossing_class=5", "11418", "1097840"],
          ["11234107", "47275906", "617", "21", "1000", "0", "0", "0", "0", "highway=primary surface=asphalt route_bicycle_lcn=yes", "nodeaccessgranted=yes estimated_crossing_class=5", "11426", "1098654"],
          ["11234287", "47275797", "617", "18", "1000", "0", "0", "0", "0", "highway=primary surface=asphalt route_bicycle_lcn=yes", "nodeaccessgranted=yes estimated_crossing_class=5", "11433", "1099301"],
          ["11234647", "47275572", "618", "37", "1000", "0", "0", "0", "0", "highway=primary surface=asphalt route_bicycle_lcn=yes", "nodeaccessgranted=yes estimated_crossing_class=5", "11447", "1100740"],
          ["11234751", "47275509", "619", "11", "1000", "0", "0", "0", "0", "highway=primary surface=asphalt route_bicycle_lcn=yes", "nodeaccessgranted=yes estimated_crossing_class=5", "11451", "1101127"],
          ["11235023", "47275339", "621", "28", "1000", "0", "0", "0", "0", "highway=primary surface=asphalt route_bicycle_lcn=yes", "nodeaccessgranted=yes estimated_crossing_class=5", "11464", "1102401"],
          ["11235213", "47275225", "621", "19", "1000", "0", "0", "0", "0", "highway=primary surface=asphalt route_bicycle_lcn=yes", "nodeaccessgranted=yes highway=crossing crossing=uncontrolled kerb=lowered", "11472", "1103202"],
          ["11235361", "47275136", "621", "15", "1000", "0", "0", "0", "0", "highway=primary surface=asphalt route_bicycle_lcn=yes", "nodeaccessgranted=yes estimated_crossing_class=5", "11478", "1103793"],
          ["11235670", "47274971", "623", "30", "1000", "0", "0", "0", "0", "highway=primary surface=asphalt route_bicycle_lcn=yes", "nodeaccessgranted=yes estimated_crossing_class=5", "11491", "1105135"],
          ["11236135", "47274782", "624", "41", "1000", "0", "0", "0", "0", "highway=primary surface=asphalt route_bicycle_lcn=yes", "nodeaccessgranted=yes estimated_crossing_class=5", "11508", "1106878"],
          ["11236575", "47274652", "626", "36", "1000", "0", "0", "0", "0", "highway=primary surface=asphalt route_bicycle_lcn=yes", "nodeaccessgranted=yes estimated_crossing_class=5", "11524", "1108469"],
          ["11237364", "47274518", "628", "62", "1000", "0", "0", "0", "0", "highway=primary surface=asphalt route_bicycle_lcn=yes", "nodeaccessgranted=yes estimated_crossing_class=5", "11549", "1110970"],
          ["11237416", "47274513", "628", "4", "1000", "0", "0", "0", "0", "highway=primary surface=asphalt route_bicycle_lcn=yes", "nodeaccessgranted=yes highway=crossing crossing=uncontrolled kerb=lowered", "11551", "1111120"],
          ["11237933", "47274464", "629", "40", "1000", "0", "0", "0", "0", "highway=primary surface=asphalt route_bicycle_lcn=yes", "nodeaccessgranted=yes estimated_crossing_class=5", "11567", "1112760"],
          ["11237987", "47274458", "629", "4", "1000", "0", "0", "0", "0", "highway=primary surface=asphalt route_bicycle_lcn=yes", "nodeaccessgranted=yes estimated_crossing_class=5", "11569", "1112893"],
          ["11238348", "47274399", "629", "28", "1000", "0", "0", "0", "0", "highway=primary surface=asphalt route_bicycle_lcn=yes", "nodeaccessgranted=yes estimated_crossing_class=5", "11579", "1113888"],
          ["11238654", "47274331", "630", "24", "1000", "0", "0", "0", "0", "highway=primary surface=asphalt route_bicycle_lcn=yes", "nodeaccessgranted=yes estimated_crossing_class=5", "11588", "1114788"],
          ["11238721", "47274314", "631", "5", "1000", "0", "0", "0", "0", "highway=primary surface=asphalt route_bicycle_lcn=yes", "nodeaccessgranted=yes estimated_crossing_class=5", "11589", "1114978"],
          ["11238728", "47274312", "631", "1", "1000", "0", "0", "0", "0", "highway=primary surface=asphalt route_bicycle_lcn=yes", "nodeaccessgranted=yes estimated_crossing_class=5", "11590", "1115016"],
          ["11239078", "47274208", "632", "29", "1000", "0", "0", "0", "0", "highway=primary surface=asphalt route_bicycle_lcn=yes", "nodeaccessgranted=yes estimated_crossing_class=5", "11602", "1116205"],
          ["11239248", "47274154", "632", "14", "1000", "0", "0", "0", "0", "highway=primary surface=asphalt route_bicycle_lcn=yes", "nodeaccessgranted=yes estimated_crossing_class=5", "11607", "1116727"],
          ["11239601", "47274038", "633", "30", "1000", "0", "0", "0", "0", "highway=primary surface=asphalt route_bicycle_lcn=yes", "nodeaccessgranted=yes highway=crossing crossing=uncontrolled kerb=flush", "11619", "1117913"],
          ["11239732", "47273993", "633", "11", "1000", "0", "0", "0", "0", "highway=primary surface=asphalt route_bicycle_lcn=yes", "nodeaccessgranted=yes estimated_crossing_class=5", "11623", "1118313"],
          ["11240378", "47273824", "633", "52", "1000", "0", "0", "0", "0", "highway=primary surface=asphalt route_bicycle_lcn=yes", "", "11637", "1119740"],
          ["11241110", "47273680", "631", "58", "1000", "0", "0", "0", "0", "reversedirection=yes highway=primary surface=asphalt route_bicycle_lcn=yes", "nodeaccessgranted=yes highway=crossing crossing=uncontrolled kerb=lowered", "11653", "1121337"],
          ["11241171", "47273671", "630", "5", "1000", "0", "0", "0", "0", "reversedirection=yes highway=primary surface=asphalt route_bicycle_lcn=yes", "nodeaccessgranted=yes estimated_crossing_class=5", "11654", "1121435"],
          ["11241341", "47273644", "628", "13", "1000", "0", "0", "0", "0", "reversedirection=yes highway=primary surface=asphalt route_bicycle_lcn=yes", "nodeaccessgranted=yes estimated_crossing_class=5", "11655", "1121579"],
          ["11241468", "47273606", "627", "11", "1000", "0", "0", "0", "0", "reversedirection=yes highway=primary surface=asphalt route_bicycle_lcn=yes", "nodeaccessgranted=yes highway=crossing crossing=uncontrolled kerb=lowered", "11657", "1121697"],
          ["11241534", "47273585", "628", "6", "1000", "0", "0", "0", "0", "reversedirection=yes highway=primary surface=asphalt route_bicycle_lcn=yes", "", "11657", "1121769"],
          ["11241730", "47273512", "628", "17", "1000", "0", "0", "0", "0", "reversedirection=yes highway=primary surface=asphalt cycleway:both=shared_lane route_bicycle_lcn=yes", "nodeaccessgranted=yes wheelchair=yes", "11660", "1122000"],
          ["11241964", "47273414", "628", "21", "1000", "0", "0", "0", "0", "reversedirection=yes highway=primary surface=asphalt cycleway:both=shared_lane route_bicycle_lcn=yes", "nodeaccessgranted=yes estimated_crossing_class=5", "11662", "1122280"],
          ["11242057", "47273352", "628", "10", "1000", "0", "0", "0", "0", "reversedirection=yes highway=primary surface=asphalt cycleway:both=shared_lane route_bicycle_lcn=yes", "nodeaccessgranted=yes estimated_crossing_class=5", "11664", "1122417"],
          ["11242217", "47273250", "628", "17", "1000", "0", "0", "0", "0", "reversedirection=yes highway=primary surface=asphalt cycleway:right=lane route_bicycle_lcn=yes", "nodeaccessgranted=yes estimated_crossing_class=5", "11666", "1122670"],
          ["11242325", "47273217", "628", "9", "1000", "0", "0", "0", "0", "reversedirection=yes highway=primary surface=asphalt cycleway:right=lane cycleway:left=shared_lane route_bicycle_lcn=yes", "nodeaccessgranted=yes highway=crossing crossing=uncontrolled kerb=lowered", "11668", "1122806"],
          ["11243110", "47273051", "628", "62", "1000", "0", "0", "0", "0", "reversedirection=yes highway=primary surface=asphalt cycleway:right=lane cycleway:left=shared_lane route_bicycle_lcn=yes", "nodeaccessgranted=yes estimated_crossing_class=5", "11678", "1123820"],
          ["11243180", "47273035", "628", "6", "1000", "0", "0", "0", "0", "reversedirection=yes highway=primary surface=asphalt cycleway:right=lane cycleway:left=shared_lane route_bicycle_lcn=yes", "nodeaccessgranted=yes estimated_crossing_class=5", "11679", "1123919"],
          ["11243746", "47272915", "628", "45", "1000", "0", "0", "0", "0", "reversedirection=yes highway=primary surface=asphalt cycleway:right=lane cycleway:left=shared_lane route_bicycle_lcn=yes", "nodeaccessgranted=yes estimated_crossing_class=5", "11685", "1124558"],
          ["11244141", "47272831", "626", "31", "1000", "0", "0", "0", "0", "reversedirection=yes highway=primary surface=asphalt cycleway:right=lane cycleway:left=shared_lane route_bicycle_lcn=yes", "nodeaccessgranted=yes estimated_crossing_class=5", "11689", "1124893"],
          ["11244152", "47272829", "626", "1", "1000", "0", "0", "0", "0", "reversedirection=yes highway=primary surface=asphalt cycleway:right=lane cycleway:left=shared_lane route_bicycle_lcn=yes", "nodeaccessgranted=yes estimated_crossing_class=5", "11689", "1124904"],
          ["11244627", "47272733", "625", "38", "1000", "0", "0", "0", "0", "reversedirection=yes highway=primary surface=asphalt cycleway:right=lane cycleway:left=shared_lane route_bicycle_lcn=yes", "nodeaccessgranted=yes highway=crossing crossing=uncontrolled", "11693", "1125284"],
          ["11244740", "47272711", "624", "9", "1000", "0", "0", "0", "0", "reversedirection=yes highway=primary surface=asphalt cycleway:right=lane cycleway:left=shared_lane route_bicycle_lcn=yes", "nodeaccessgranted=yes estimated_crossing_class=5", "11693", "1125375"],
          ["11244812", "47272697", "624", "6", "1000", "0", "0", "0", "0", "reversedirection=yes highway=primary surface=asphalt cycleway:right=lane cycleway:left=shared_lane route_bicycle_lcn=yes", "nodeaccessgranted=yes estimated_crossing_class=5", "11694", "1125435"],
          ["11244944", "47272667", "623", "11", "1000", "0", "0", "0", "0", "reversedirection=yes highway=primary surface=asphalt cycleway:right=lane cycleway:left=shared_lane route_bicycle_lcn=yes", "nodeaccessgranted=yes estimated_crossing_class=5", "11695", "1125540"],
          ["11245010", "47272651", "623", "5", "1000", "0", "0", "0", "0", "reversedirection=yes highway=primary surface=asphalt cycleway:right=lane cycleway:left=shared_lane route_bicycle_lcn=yes", "nodeaccessgranted=yes estimated_crossing_class=5", "11696", "1125587"],
          ["11245743", "47272481", "621", "59", "1000", "0", "0", "0", "0", "reversedirection=yes highway=primary surface=asphalt cycleway:right=lane cycleway:left=shared_lane route_bicycle_lcn=yes", "nodeaccessgranted=yes estimated_crossing_class=6", "11703", "1126346"],
          ["11245853", "47272457", "621", "9", "1000", "0", "0", "0", "0", "reversedirection=yes highway=primary surface=asphalt cycleway:right=lane route_bicycle_lcn=yes", "nodeaccessgranted=yes highway=crossing crossing=uncontrolled", "11704", "1126471"],
          ["11246355", "47272347", "620", "40", "1000", "0", "0", "0", "0", "reversedirection=yes highway=primary surface=asphalt cycleway:right=lane route_bicycle_lcn=yes", "nodeaccessgranted=yes estimated_crossing_class=6", "11709", "1126930"],
          ["11246552", "47272304", "620", "16", "1000", "0", "0", "0", "0", "reversedirection=yes highway=primary surface=asphalt cycleway:right=lane route_bicycle_lcn=yes", "nodeaccessgranted=yes estimated_crossing_class=6", "11711", "1127120"],
          ["11248087", "47271978", "621", "121", "1000", "0", "0", "0", "0", "reversedirection=yes highway=primary surface=asphalt cycleway:right=lane route_bicycle_lcn=yes", "nodeaccessgranted=yes estimated_crossing_class=6", "11725", "1128547"],
          ["11248144", "47271966", "621", "5", "1000", "0", "0", "0", "0", "reversedirection=yes highway=primary surface=asphalt cycleway:right=lane route_bicycle_lcn=yes", "nodeaccessgranted=yes estimated_crossing_class=6", "11726", "1128604"],
          ["11248275", "47271940", "620", "10", "1000", "0", "0", "0", "0", "reversedirection=yes highway=primary surface=asphalt cycleway:right=lane route_bicycle_lcn=yes", "nodeaccessgranted=yes estimated_crossing_class=6", "11727", "1128716"],
          ["11248778", "47271838", "621", "40", "1000", "0", "0", "0", "0", "reversedirection=yes highway=primary surface=asphalt cycleway:right=lane route_bicycle_lcn=yes", "nodeaccessgranted=yes estimated_crossing_class=6", "11732", "1129267"],
          ["11248927", "47271807", "621", "12", "1000", "0", "0", "0", "0", "reversedirection=yes highway=primary surface=asphalt cycleway:right=lane route_bicycle_lcn=yes", "nodeaccessgranted=yes estimated_crossing_class=6", "11734", "1129440"],
          ["11248987", "47271795", "621", "5", "1000", "0", "0", "0", "0", "reversedirection=yes highway=primary surface=asphalt cycleway:right=lane route_bicycle_lcn=yes", "nodeaccessgranted=yes estimated_crossing_class=6", "11735", "1129508"],
          ["11249081", "47271776", "621", "7", "1000", "0", "0", "0", "0", "reversedirection=yes highway=primary surface=asphalt cycleway:right=lane route_bicycle_lcn=yes", "nodeaccessgranted=yes estimated_crossing_class=6", "11736", "1129606"],
          ["11249097", "47271773", "621", "1", "1000", "0", "0", "0", "0", "reversedirection=yes highway=primary surface=asphalt cycleway:right=lane route_bicycle_lcn=yes", "nodeaccessgranted=yes estimated_crossing_class=6", "11736", "1129620"],
          ["11249496", "47271692", "621", "32", "1000", "0", "0", "0", "0", "reversedirection=yes highway=primary surface=asphalt cycleway:right=lane route_bicycle_lcn=yes", "nodeaccessgranted=yes estimated_crossing_class=6", "11740", "1130056"],
          ["11249687", "47271654", "620", "15", "1000", "0", "0", "0", "0", "reversedirection=yes highway=primary surface=asphalt cycleway:right=lane route_bicycle_lcn=yes", "nodeaccessgranted=yes estimated_crossing_class=6", "11742", "1130258"],
          ["11249993", "47271593", "620", "24", "1000", "0", "0", "0", "0", "reversedirection=yes highway=primary surface=asphalt cycleway:right=lane route_bicycle_lcn=yes", "nodeaccessgranted=yes estimated_crossing_class=6", "11745", "1130561"],
          ["11250243", "47271544", "620", "20", "1000", "0", "0", "0", "0", "reversedirection=yes highway=primary surface=asphalt cycleway:right=lane route_bicycle_lcn=yes", "", "11748", "1130838"],
          ["11250327", "47271528", "620", "7", "1000", "0", "0", "0", "0", "reversedirection=yes highway=primary surface=asphalt route_bicycle_lcn=yes", "nodeaccessgranted=yes estimated_crossing_class=6", "11749", "1130939"],
          ["11251139", "47269179", "609", "273", "1150", "0", "74", "0", "0", "highway=residential surface=asphalt", "", "11778", "1133829"],
          ["11254269", "47265077", "592", "523", "1000", "413", "0", "0", "0", "highway=residential surface=asphalt route_bicycle_lcn=yes", "", "11824", "1138467"],
          ["11255780", "47264098", "593", "174", "1000", "15", "0", "0", "0", "reversedirection=yes highway=cycleway surface=asphalt foot=designated bicycle=designated route_bicycle_lcn=yes", "", "11845", "1140493"],
          ["11261926", "47266429", "588", "555", "1000", "0", "0", "0", "0", "reversedirection=yes highway=cycleway surface=asphalt foot=yes route_bicycle_rcn=yes", "", "11927", "1148714"],
          ["11262071", "47266445", "589", "11", "1000", "0", "0", "0", "0", "reversedirection=yes highway=cycleway surface=wood foot=designated bicycle=designated route_bicycle_rcn=yes", "", "11928", "1148849"],
          ["11320767", "47263552", "583", "4559", "1000", "0", "0", "0", "0", "reversedirection=yes highway=cycleway surface=asphalt foot=designated bicycle=designated route_bicycle_rcn=yes", "", "12671", "1223157"],
          ["11325084", "47260746", "583", "517", "1000", "0", "0", "0", "0", "reversedirection=yes highway=cycleway surface=asphalt tracktype=grade1 foot=designated bicycle=designated route_bicycle_rcn=yes", "", "12765", "1232501"],
          ["11376829", "47256466", "575", "4682", "1000", "0", "0", "0", "0", "highway=cycleway surface=asphalt foot=designated bicycle=designated route_bicycle_rcn=yes", "", "13522", "1308284"],
          ["11377216", "47256768", "575", "45", "1000", "0", "0", "0", "0", "highway=cycleway surface=asphalt bicycle=designated smoothness=excellent route_bicycle_rcn=yes", "", "13530", "1308990"],
          ["11377267", "47256813", "575", "6", "1000", "0", "0", "0", "0", "highway=cycleway surface=asphalt foot=designated bicycle=designated smoothness=excellent route_bicycle_rcn=yes", "", "13530", "1309084"],
          ["11377298", "47256840", "575", "4", "1000", "0", "0", "0", "0", "highway=cycleway surface=asphalt foot=designated bicycle=designated route_bicycle_rcn=yes", "", "13531", "1309151"],
          ["11377842", "47257366", "574", "71", "1000", "0", "0", "0", "0", "highway=cycleway surface=asphalt bicycle=designated smoothness=excellent route_bicycle_rcn=yes", "nodeaccessgranted=yes monitoring:bicycle=yes", "13542", "1310240"],
          ["11379680", "47259193", "574", "248", "1000", "0", "0", "0", "0", "highway=cycleway surface=asphalt foot=designated bicycle=designated route_bicycle_rcn=yes", "", "13583", "1314322"],
          ["11379896", "47259390", "574", "27", "1000", "0", "0", "0", "0", "highway=cycleway surface=paved foot=designated bicycle=designated route_bicycle_rcn=yes", "", "13587", "1314746"],
          ["11382905", "47262957", "574", "462", "1000", "0", "0", "0", "0", "highway=cycleway surface=asphalt foot=no smoothness=good route_bicycle_rcn=yes", "", "13666", "1322669"],
          ["11384748", "47264683", "574", "241", "1000", "0", "0", "0", "0", "highway=cycleway surface=asphalt foot=no route_bicycle_rcn=yes", "", "13703", "1326326"],
          ["11385602", "47265237", "575", "91", "1000", "0", "0", "0", "0", "reversedirection=yes highway=cycleway surface=asphalt foot=use_sidepath route_bicycle_rcn=yes", "", "13721", "1328112"],
          ["11385650", "47265343", "574", "12", "1000", "0", "0", "0", "0", "reversedirection=yes highway=cycleway surface=asphalt foot=yes route_bicycle_rcn=yes", "", "13723", "1328299"],
          ["11386634", "47265864", "573", "94", "1000", "0", "0", "0", "0", "reversedirection=yes highway=residential surface=asphalt cycleway:right=no cycleway:left=lane route_bicycle_rcn=yes", "", "13737", "1329688"],
          ["11388515", "47266827", "573", "178", "1000", "0", "0", "0", "0", "reversedirection=yes highway=residential surface=asphalt smoothness=good cycleway:both=no route_bicycle_rcn=yes", "", "13766", "1332597"],
          ["11388757", "47266970", "573", "24", "1000", "0", "0", "0", "0", "reversedirection=yes highway=service surface=asphalt smoothness=excellent route_bicycle_rcn=yes", "nodeaccessgranted=yes highway=crossing crossing=uncontrolled", "13770", "1333035"],
          ["11389135", "47267164", "573", "36", "1000", "0", "0", "0", "0", "reversedirection=yes highway=service surface=asphalt smoothness=excellent route_bicycle_rcn=yes", "", "13776", "1333639"],
          ["11389884", "47267537", "573", "71", "1000", "0", "0", "0", "0", "reversedirection=yes highway=path surface=asphalt foot=designated bicycle=designated route_bicycle_rcn=yes", "", "13787", "1334723"],
          ["11391272", "47268211", "573", "130", "1000", "0", "0", "0", "0", "reversedirection=yes highway=cycleway surface=asphalt smoothness=good route_bicycle_rcn=yes", "nodeaccessgranted=yes highway=crossing", "13807", "1336775"],
          ["11391311", "47268220", "573", "3", "1000", "0", "0", "0", "0", "reversedirection=yes highway=cycleway surface=asphalt smoothness=good route_bicycle_rcn=yes", "", "13808", "1336840"],
          ["11391405", "47268291", "574", "11", "1000", "0", "0", "20", "0", "highway=cycleway surface=asphalt foot=use_sidepath smoothness=excellent cycleway=crossing route_bicycle_rcn=yes", "nodeaccessgranted=yes highway=crossing crossing=traffic_signals bicycle=yes", "13811", "1337147"],
          ["11391512", "47268381", "573", "13", "1000", "0", "0", "0", "0", "highway=cycleway surface=asphalt foot=use_sidepath smoothness=excellent cycleway=crossing route_bicycle_icn=yes route_bicycle_rcn=yes", "", "13814", "1337411"],
          ["11391579", "47268441", "572", "8", "1000", "0", "0", "0", "0", "highway=cycleway surface=asphalt foot=use_sidepath route_bicycle_icn=yes route_bicycle_rcn=yes", "nodeaccessgranted=yes highway=crossing", "13815", "1337534"],
          ["11391595", "47268440", "572", "1", "5050", "0", "42", "0", "0", "reversedirection=yes highway=footway surface=asphalt smoothness=good", "barrier=kerb kerb=lowered", "13815", "1337549"],
          ["11391689", "47268435", "572", "7", "5050", "0", "0", "20", "0", "reversedirection=yes highway=footway surface=asphalt smoothness=good", "highway=crossing estimated_crossing_class=0 crossing=traffic_signals", "13816", "1337658"],
          ["11391740", "47268493", "572", "8", "1250", "0", "50", "20", "0", "reversedirection=yes highway=primary surface=asphalt foot=use_sidepath smoothness=excellent cycleway:right=unknown cycleway:left=no", "highway=traffic_signals traffic_signals:direction=forward", "13817", "1337775"],
          ["11392469", "47269260", "573", "102", "1250", "0", "0", "0", "0", "reversedirection=yes highway=primary surface=asphalt foot=use_sidepath smoothness=excellent cycleway:right=unknown cycleway:left=no", "estimated_crossing_class=6", "13835", "1339534"],
          ["11392552", "47269234", "573", "7", "7050", "0", "78", "0", "0", "reversedirection=yes highway=pedestrian surface=paving_stones bicycle=dismount smoothness=intermediate oneway=yes oneway:bicycle=no", "", "13836", "1339674"],
          ["11392791", "47269187", "573", "20", "3050", "0", "89", "0", "0", "reversedirection=yes highway=pedestrian surface=paving_stones smoothness=intermediate", "", "13840", "1340065"]
        ],
        "times": [0,0.84,1.344,3.36,15.689,39.338,48.752,53.46,56.438,58.326,60.038,62.588,65.464,77.339,79.201,80.903,85.097,87.108,88.74,90.347,99.057,99.9,100.435,103.497,110.2,115.97,120.93,129.768,136.744,139.725,142.381,150.548,153.976,158.07,174.241,177.014,185.746,187.404,190.318,192.121,194.803,203.636,204.805,213.671,214.006,218.984,221.796,228.463,231.021,233.099,235.739,236.737,239.054,241.869,244.58,246.459,247.445,248.657,249.931,256.581,261.922,268.307,269.889,280.597,290.714,293.362,306.706,308.414,313.454,320.268,321.1,324.054,326.79,332.161,332.892,337.423,338.918,342.013,343.649,345.946,348.909,350.395,352.214,360.158,362.112,364.7,370.783,372.997,379.808,382.067,409.854,424.562,427.691,446.318,466.005,485.022,534.801,559.467,601.898,622.5,639.303,660.162,677.412,687.888,704.699,716.55,758.379,837.809,881.219,931.042,935.185,969.954,1107.503,1139.981,1184.44,1203.094,1222.868,1235.785,1238.478,1240.806,1265.576,1281.434,1290.478,1300.614,1314.289,1331.478,1375.025,1459.653,1529.252,1599.602,1621.812,1624.372,1628.373,1644.15,1791.645,1804.644,1816.935,1852.569,1959.687,2060.579,2123.38,2138.92,2157.302,2175.443,2190.129,2196.267,2201.183,2208.632,2216.905,2221.356,2229.535,2238.496,2245.627,2257.606,2262.489,2276.011,2282.917,2290.539,2295.459,2298.359,2301.184,2303.229,2305.184,2308.191,2314.983,2319.966,2335.246,2337.813,2340.136,2341.723,2342.872,2344.699,2350.105,2355.42,2362.057,2373.432,2394.977,2409.513,2414.824,2425.732,2434.186,2441.419,2452.79,2458.783,2464.249,2469.484,2474.797,2477.522,2483.554,2484.877,2486.24,2487.582,2488.562,2489.646,2492.027,2495.591,2498.288,2502.392,2508.18,2510.684,2512.239,2513.137,2514.993,2515.534,2515.939,2518.589,2519.862,2521.293,2523.057,2525.053,2526.812,2533.724,2534.429,2537.159,2548.869,2551.939,2554.42,2560.727,2574.488,2588.726,2609.652,2633.098,2653.007,2686.625,2688.946,2693.927,2717.523,2722.876,2741.949,2757.321,2777.735,2786.8,2796.39,2807.605,2835.311,2848.227,2861.624,2868.37,2881.796,2898.68,2904.642,2914.449,2922.094,2927.865,2935.822,2958.417,2960.944,2967.748,2976.409,2979.598,2983.69,3000.048,3032.956,3041.086,3052.655,3057.88,3062.002,3072.461,3076.403,3078.218,3080.427,3082.886,3085.166,3089.608,3093.663,3099.146,3107.031,3121.197,3136.633,3147.735,3175.04,3202.171,3238.832,3257.376,3278.295,3304.581,3352.291,3398.24,3410.547,3411.983,3421.577,3427.119,3445.914,3451.569,3456.968,3459.797,3462.649,3466.814,3468.788,3471.168,3473.106,3474.921,3475.676,3493.444,3515.221,3517.181,3523.258,3526.806,3531.831,3540.515,3541.9,3542.054,3543.295,3543.762,3549.396,3556.304,3570.326,3583.314,3591.569,3597.526,3602.423,3616.402,3635.058,3637.422,3641.263,3646.163,3651.546,3657.064,3668.258,3691.215,3709.972,3718.694,3726.634,3731.167,3735.718,3756.99,3787.199,3790.316,3807.393,3809.347,3814.871,3817.504,3825.538,3832.97,3844.943,3848.231,3853.235,3863.229,3865.446,3866.907,3874.475,3880.342,3886.365,3887.888,3890.144,3891.537,3898.311,3907.016,3927.189,3930.748,3940.976,3957.765,3961.271,3964.504,3968.076,3985.952,3991.66,4001.288,4012.399,4027.998,4056.409,4070.824,4081.375,4084.687,4108.977,4123.228,4136.962,4150.529,4203.192,4214.254,4222.45,4235.435,4282.181,4295.256,4311.436,4337.038,4365.221,4368.616,4371.343,4374.606,4385.239,4392.288,4398.881,4404.785,4409.089,4416.349,4445.482,4451.663,4455.683,4459.275,4464.54,4470.055,4473.365,4477.945,4482.952,4485.024,4488.045,4491.005,4493.561,4495.801,4496.281,4498.121,4499.801,4502.841,4504.121,4505.661,4507.021,4509.021,4511.101,4512.621,4514.461,4517.318,4519.478,4523.913,4526.254,4529.367,4532.411,4536.402,4538.753,4543.129,4550.741,4553.862,4556.952,4559.671,4562.772,4566.63,4576.451,4590.847,4600.178,4612.747,4631.016,4646.285,4656.286,4666.196,4677.205,4686.328,4700.348,4719.329,4732.812,4740.328,4743.673,4751.45,4753.307,4765.987,4768.75,4772.117,4775.866,4777.504,4779.13,4780.827,4788.506,4789.387,4791.83,4794.39,4795.19,4797.19,4798.39,4799.973,4801.413,4803.893,4804.933,4806.692,4807.972,4810.292,4815.812,4817.972,4820.132,4821.812,4826.212,4830.532,4834.852,4838.086,4839.775,4841.831,4843.908,4845.19,4845.692,4845.949,4846.56,4847.527,4849.198,4850.616,4855.04,4860.108,4861.401,4862.324,4865.297,4868.009,4874.308,4885.621,4891.122,4892.493,4895.605,4905.509,4909.96,4915.001,4925.081,4928.329,4931.795,4942.276,4944.347,4950.118,4959.393,4961.255,4962.732,4968.18,4972.458,4975.279,4977.504,4980.613,4985.508,4994.883,4999.873,5003.605,5010.692,5014.671,5020.456,5024.056,5025.581,5027.291,5037.359,5038.438,5041.286,5044.043,5045.156,5046.254,5049.884,5055.941,5059.634,5062.401,5063.296,5069.463,5072.693,5074.576,5075.812,5078.638,5084.859,5091.932,5096.813,5099.665,5100.904,5101.786,5109.247,5111.476,5118.72,5127.035,5140.56,5149.746,5155.592,5167.388,5168.242,5170.134,5172.601,5176.982,5184.854,5188.105,5191.496,5199.382,5206.564,5212.681,5217.769,5225.525,5227.787,5228.707,5229.253,5231.337,5235.961,5239.386,5242.688,5243.819,5260.395,5263.663,5267.957,5269.375,5270.786,5273.069,5275.688,5280.114,5283.515,5285.892,5300.938,5322.419,5325.387,5327.124,5327.644,5334.537,5336.109,5340.594,5342.454,5345.765,5356.716,5363.812,5370.896,5379.644,5390.356,5396.05,5404.293,5411.469,5429.001,5445.321,5447.199,5450.53,5454.024,5460.196,5461.511,5468.009,5480.914,5483.694,5492.68,5494.381,5497.171,5502.547,5505.85,5509.008,5514.154,5516.216,5518.836,5525.054,5528.81,5539.135,5544.637,5559.871,5575.843,5580.479,5586.509,5591.21,5595.562,5600.323,5610.104,5623.361,5628.008,5633.039,5634.798,5639.005,5646.54,5651.249,5656.993,5662.597,5669.475,5671.882,5675.638,5678.521,5681.936,5691.859,5694.04,5695.745,5706.342,5717.977,5723.788,5733.642,5746.303,5752.324,5756.18,5760.867,5762.891,5771.701,5776.275,5780.801,5785.978,5790.442,5794.774,5803.451,5814.234,5827.054,5833.706,5844.357,5847.316,5849.993,5856.993,5868.237,5878.649,5880.423,5882.204,5883.937,5885.836,5887.731,5891.848,5903.188,5909.703,5915.788,5922.182,5928.84,5932.53,5935.978,5941.507,5957.187,5962.628,5966.785,5978.575,5980.274,5982.085,5990.093,5994.465,6005.672,6010.963,6015.768,6019.691,6022.047,6024.316,6029.863,6033.044,6041.955,6044.578,6058.403,6061.248,6064.801,6067.003,6078.898,6080.119,6081.336,6085.266,6087.32,6090.477,6093.897,6099.913,6103.274,6108.092,6110.148,6112.028,6128.686,6135.067,6147.11,6160.561,6165.827,6177.015,6194.26,6223.629,6243.319,6251.087,6258.07,6267.875,6269.87,6272,6273.059,6276.847,6278.306,6280.836,6284.455,6287.995,6294.762,6298.064,6307.81,6308.862,6310.167,6314.054,6315.259,6316.401,6317.942,6319.655,6321.135,6323.15,6324.859,6326.426,6327.759,6328.764,6330.694,6333.822,6338.531,6343.193,6344.112,6346.407,6348.049,6352.61,6353.762,6356.316,6368.109,6380.092,6382.386,6384.296,6388.969,6391.664,6394.738,6399.177,6410.176,6412.78,6415.36,6423.374,6447.049,6451.704,6458.452,6461.137,6462.353,6466.896,6470.172,6475.153,6478.346,6481.217,6483.994,6491.56,6504.782,6506.569,6511.551,6513.859,6515.077,6517.868,6519.239,6522.103,6522.846,6526.135,6528.04,6531.661,6532.692,6540.429,6543.753,6547.16,6548.199,6556.086,6574.75,6586.06,6586.794,6587.697,6592.105,6601.689,6603.069,6613.917,6616.6,6620.282,6625.441,6631.254,6638.059,6643.555,6649.428,6651.23,6657.171,6662.256,6664.541,6674.831,6677.078,6683.158,6686.815,6690.76,6695.977,6699.039,6702.254,6704.691,6708.567,6723.446,6725.148,6729.648,6732.055,6744.388,6746.306,6749.759,6752.281,6755.879,6758.937,6763.377,6765.885,6771.695,6781.45,6784.353,6803.092,6806.099,6809.627,6811.589,6815.342,6818.017,6821.009,6823.048,6831.323,6832.724,6834.098,6840.084,6847.042,6858.016,6866.952,6872.98,6875.029,6881.321,6887.963,6898.15,6908.133,6915.553,6921.727,6924.97,6929.893,6935.804,6938.867,6941.693,6947.826,6953.558,6954.371,6958.502,6962.145,6963.725,6968.466,6970.217,6975.77,6977.774,6978.867,6980.554,6983.333,6985.235,6986.899,6987.65,6989.126,6989.853,6995.376,7002.152,7007.146,7013.167,7035.249,7045.148,7055.402,7070.668,7087.35,7130.511,7152.797,7183.04,7191.744,7198.412,7204.248,7208.412,7218.95,7224.815,7230.925,7236.931,7244.487,7246.333,7248.061,7253.493,7255.381,7263.209,7270.347,7277.015,7278.059,7279.588,7282.78,7291.628,7301.198,7309.925,7316.395,7322.393,7329.998,7335.042,7338.921,7345.739,7349.385,7352.868,7356.972,7358.387,7361.72,7363.5,7365.739,7371.381,7376.977,7383.692,7384.917,7387.355,7388.654,7390.341,7392.114,7394.064,7396.044,7404.333,7411.842,7416.023,7418.968,7420.332,7431.406,7439.736,7442.623,7445.454,7446.771,7447.706,7449.616,7457.606,7460.167,7462.102,7476.716,7477.83,7478.854,7481.474,7488.646,7500.45,7511.692,7562.352,7565.379,7573.855,7583.832,7599.976,7634.743,7709.753,7720.772,7730.74,7741.916,7747.527,7754.149,7754.96,7760.722,7768.864,7775.097,7780.475,7789.082,7791.239,7793.59,7797.872,7800.477,7802.892,7806.79,7812.528,7813.955,7815.322,7817.042,7822.108,7826.486,7831.191,7832.773,7835.236,7838.994,7842.468,7845.897,7847.359,7850.678,7853.729,7855.983,7860.009,7868.337,7876.473,7887.914,7893.566,7919.148,7922.986,7932.118,7937.844,7943.041,7945.911,7951.451,7957.499,7962.158,7965.666,7968.521,7984.085,7996.726,8000.433,8005.459,8020.801,8028.939,8045.995,8060.794,8066.545,8073.706,8091.077,8111.498,8140.456,8144.708,8147.541,8152.322,8154.464,8156.349,8158.723,8160.602,8165.621,8167.551,8173.703,8177.366,8181.71,8184.745,8188.642,8190.085,8191.543,8194.895,8196.979,8199.545,8204.438,8205.464,8206.859,8210.153,8218.864,8250.948,8259.847,8262.852,8265.814,8284.929,8294.168,8308.288,8313.423,8318.809,8321.764,8324.958,8334.586,8342.044,8346.595,8350.818,8352.962,8356.292,8361.027,8363.646,8365.338,8367.337,8379.446,8395.36,8397.388,8402.03,8410.521,8413.717,8422.686,8444.322,8452.04,8454.81,8458.568,8472.008,8474.809,8477.588,8482.936,8491.12,8494.314,8497.825,8503.22,8513.099,8516.079,8518.919,8522.585,8528.041,8534.43,8542.729,8547.09,8552.362,8555.338,8560.506,8567.499,8576.513,8600.155,8605.329,8615.763,8621.571,8628.496,8652.195,8656.145,8658.699,8661.646,8665.03,8669.817,8676.594,8681.526,8686.366,8691.386,8702.032,8706.13,8716.389,8722.639,8741.887,8755.56,8794.751,8809.631,8821.324,8832.499,8846.416,8861.955,8891.917,8939.015,8983.142,9030.026,9043.049,9053.736,9065.244,9075.666,9087.06,9100.728,9107.661,9112.03,9115.578,9137.114,9150.988,9160.475,9172.948,9184.306,9193.497,9193.922,9198.406,9205.977,9222.882,9242.327,9256.863,9267.844,9294.203,9302.994,9311.43,9318.764,9347.774,9399.326,9406.791,9420.404,9427.349,9433.9,9438.198,9449.121,9454.586,9464.995,9471.419,9477.754,9485.728,9496.759,9533.144,9546.525,9550.459,9553.379,9580.378,9590.814,9600.522,9605.049,9613.18,9615.648,9630.483,9634.493,9649.856,9654.229,9686.256,9689.464,9690.788,9693.353,9697.564,9704.867,9712.376,9715.418,9716.153,9721.944,9726.642,9728.971,9733.589,9743.478,9750.344,9764.084,9774.074,9783.117,9814.946,9857.738,9894.682,9909.116,9913.683,9916.503,9919.615,9923.067,9926.631,9934.279,9962.667,9995.751,10005.28,10013.092,10019.576,10020.836,10040.66,10049.943,10063.691,10064.379,10070.204,10071.519,10073.01,10077.48,10079.224,10081.081,10082.181,10083.33,10084.639,10085.964,10086.823,10088.465,10090.632,10095.096,10097.692,10098.764,10099.795,10101.606,10102.274,10103.042,10107.179,10111.81,10113.708,10123.093,10124.288,10124.67,10126.58,10127.575,10128.717,10132.519,10135.752,10137.144,10138.343,10139.249,10143.547,10144.793,10148.097,10149.049,10149.686,10150.323,10150.803,10151.763,10154.014,10155.791,10157.799,10161.134,10161.258,10166.507,10166.828,10172.277,10179.082,10179.857,10180.051,10187.77,10193.764,10193.935,10195.129,10196.151,10197.429,10205.779,10213.745,10214.422,10216.168,10216.917,10218.427,10218.999,10219.574,10220.153,10221.116,10221.672,10222.2,10224.511,10225.515,10227.714,10228.645,10229.725,10232.074,10233.062,10234.061,10234.925,10236.382,10238.007,10238.902,10239.804,10240.711,10241.167,10242.028,10244.515,10246.17,10247.347,10248.951,10250.318,10252.321,10258.666,10260.737,10262.656,10264.652,10266.21,10269.412,10272.52,10273.592,10277.606,10280.438,10281.859,10283.521,10290.726,10295.099,10297.053,10309.247,10328.891,10337.377,10338.165,10351.122,10365.425,10366.963,10370.893,10375.067,10377.776,10378.219,10381.13,10389.553,10394.43,10400.798,10408.607,10414.668,10426.21,10429.486,10432.138,10439.271,10442.135,10451.094,10456.631,10462.431,10464.616,10467.728,10469.161,10472.584,10487.392,10494.404,10498.579,10501.989,10506.921,10511.271,10518.997,10520.371,10524.039,10528.052,10539.249,10542.509,10545.002,10548.71,10552.659,10558.032,10561.036,10562.915,10564.269,10565.337,10566.878,10567.933,10569.942,10572.11,10577.302,10578.437,10579.357,10580.638,10581.598,10582.958,10583.518,10584.157,10585.598,10586.397,10587.518,10588.638,10589.998,10590.479,10591.998,10592.558,10593.038,10596.798,10600.078,10608.559,10611.278,10613.198,10615.038,10617.118,10620.078,10631.278,10632.719,10634.159,10634.799,10636.239,10636.799,10637.119,10644.576,10646.617,10649.392,10650.714,10654.405,10660.426,10662.672,10667.792,10668.272,10670.593,10672.993,10675.633,10677.232,10678.752,10679.312,10679.472,10680.271,10681.231,10682.751,10683.151,10683.791,10684.591,10687.311,10687.551,10689.15,10691.311,10691.791,10693.071,10694.352,10695.231,10697.392,10698.432,10700.271,10701.071,10702.031,10705.392,10706.592,10707.472,10711.312,10712.111,10712.911,10713.791,10714.351,10717.311,10718.271,10719.631,10720.831,10723.151,10724.271,10725.231,10726.031,10727.071,10728.432,10730.271,10730.911,10733.471,10736.19,10737.95,10741.311,10744.19,10745.87,10747.47,10748.989,10749.869,10752.029,10752.589,10753.869,10756.109,10761.39,10762.35,10763.149,10764.27,10765.71,10767.15,10768.351,10769.551,10771.07,10774.271,10780.83,10784.59,10789.31,10790.109,10792.669,10793.229,10795.709,10798.909,10799.789,10800.669,10802.269,10803.309,10804.349,10805.148,10806.188,10806.429,10806.829,10807.709,10808.589,10810.269,10810.988,10811.628,10812.268,10813.228,10814.964,10815.502,10815.921,10816.723,10819.271,10820.726,10821.675,10822.827,10824.361,10825.638,10827.427,10828.647,10830.808,10832.248,10833.688,10835.049,10836.249,10837.449,10839.529,10841.209,10846.649,10848.649,10849.209,10849.929,10851.688,10853.528,10857.128,10858.568,10859.849,10863.289,10864.169,10866.599,10868.169,10868.889,10870.169,10873.209,10877.049,10877.849,10879.608,10880.488,10880.969,10883.129,10884.889,10885.608,10886.408,10887.128,10888.088,10890.248,10890.968,10891.768,10892.487,10893.207,10894.247,10894.647,10895.128,10895.928,10897.208,10898.568,10902.168,10903.128,10904.168,10905.288,10908.328,10909.928,10911.527,10912.647,10916.888,10919.447,10922.728,10923.848,10926.647,10927.607,10930.647,10936.487,10941.367,10943.688,10945.928,10948.008,10949.448,10950.648,10952.168,10954.008,10955.448,10958.809,10960.249,10962.009,10969.209,10969.849,10970.568,10972.488,10972.729,10972.969,10973.289,10973.609,10974.01,10977.29,10981.21,10983.61,10985.771,10986.811,10987.45,10988.65,10989.37,10992.49,10993.53,10994.65,10995.69,10997.37,10998.09,11000.25,11000.89,11002.89,11003.13,11003.53,11004.891,11006.811,11009.37,11014.182,11022.99,11042.282,11045.166,11048.516,11049.59,11056.524,11065.002,11072.827,11094.305,11095.473,11103.353,11107.128,11111.442,11115.07,11122.856,11126.32,11130.855,11135.682,11142.045,11148.572,11151.392,11156.65,11161.486,11177.623,11205.076,11209.745,11215.808,11237.589,11253.19,11262.331,11266.461,11275.642,11284.312,11289.343,11303.105,11308.755,11324.746,11326.309,11326.851,11340.065,11341.489,11345.169,11351.961,11357.116,11360.661,11366.823,11368.437,11374.482,11387.089,11397.521,11400.814,11406.104,11418.612,11426.745,11433.215,11447.606,11451.468,11464.206,11472.222,11478.13,11491.542,11502.983,11508.975,11517.955,11524.881,11535.928,11540.454,11549.888,11551.381,11567.777,11569.108,11579.06,11588.056,11589.957,11590.33,11602.222,11607.445,11619.301,11623.301,11637.566,11653.532,11654.511,11655.946,11656.245,11657.131,11657.844,11660.153,11662.954,11664.329,11666.862,11668.223,11678.36,11679.35,11685.732,11689.085,11689.199,11693.001,11693.907,11694.505,11695.554,11696.028,11703.615,11704.861,11709.456,11711.358,11720.652,11725.628,11726.198,11727.312,11732.821,11734.548,11735.234,11736.206,11736.346,11740.709,11742.728,11745.755,11746.277,11748.53,11749.534,11751.904,11753.89,11758.747,11760.262,11762.344,11763.772,11765.55,11768.101,11771.726,11774.157,11776.967,11778.433,11779.943,11782.076,11784.094,11785.232,11786.188,11787.495,11789.247,11790.122,11790.737,11792.214,11794.143,11795.965,11798.377,11799.401,11800.216,11801.735,11802.621,11804.677,11804.846,11807.615,11809.384,11810.955,11812.944,11814.497,11814.587,11816.267,11817.318,11818.522,11819.461,11820.593,11822.878,11823.729,11824.774,11824.97,11825.639,11825.932,11826.217,11826.719,11827.963,11828.714,11829.372,11829.818,11842.747,11845.228,11847.913,11850.717,11855.17,11857.123,11868.312,11873.595,11893.424,11904.191,11908.923,11913.731,11915.542,11921.607,11926.807,11927.429,11928.777,11929.438,11932.926,11939.188,11949.019,11951.344,11955.563,11957.979,11972.56,11977.351,11981.024,11987.048,12026.05,12034.666,12068.211,12084.313,12117.007,12142.2,12149.507,12173.846,12176.161,12185.812,12187.485,12190.213,12192.597,12195.496,12200.247,12223.416,12241.601,12248.592,12255.452,12267.388,12275.186,12286.833,12301.664,12313.472,12328.465,12344.751,12397.834,12529.251,12540.936,12561.167,12567.481,12578.264,12585.163,12596.094,12609.009,12620.344,12626.922,12639.552,12644.935,12650.659,12661.218,12671.781,12676.54,12680.271,12684.01,12699.046,12706.016,12716.643,12724.021,12732.059,12736.189,12740.424,12742.689,12745.222,12753.41,12754.955,12759.999,12760.747,12762.969,12765.212,12766.422,12767.184,12768.477,12785.337,12788.504,12790.035,12791.395,12801.388,12813.228,12825.198,12842.484,12862.07,12865.479,12870.022,12877.957,12886.6,12903.613,12905.659,12906.766,12909.336,12910.619,12912.85,12928.674,12929.467,12930.214,12935.069,12935.48,12949.446,12951.74,12956.655,12958.045,12969.912,12988.794,12996.939,13004.38,13017.378,13028.812,13038.434,13046.514,13053.356,13061.093,13071.77,13078.484,13085.025,13097.273,13103.943,13114.164,13129.159,13163.934,13185.692,13186.742,13205.207,13223.529,13238.372,13268.731,13305.039,13367.995,13379.709,13396.017,13406.743,13411.661,13419.645,13436.758,13444.279,13450.838,13457.516,13466.109,13470.425,13481.096,13486.69,13509.963,13511.771,13519.615,13522.979,13524.525,13526.648,13530.039,13530.975,13531.643,13537.339,13539.137,13542.541,13544.579,13560.062,13573.977,13575.564,13577.146,13580.478,13582.194,13583.355,13587.594,13589.953,13595.7,13602.218,13607.15,13616.759,13619.354,13637.021,13639.956,13642.472,13644.433,13647.615,13650.911,13654.549,13659.704,13666.818,13667.888,13669.197,13683.438,13687.302,13689.118,13693.667,13697.225,13698.713,13700.112,13701.779,13703.026,13703.382,13704.8,13708.845,13713.576,13721.24,13723.113,13729.3,13737.002,13740.519,13753.421,13757.589,13759.938,13763.711,13766.088,13768.617,13770.464,13776.508,13781.398,13787.347,13788.869,13790.523,13796.424,13801.21,13803.688,13805.743,13807.667,13807.858,13808.515,13811.581,13814.224,13815.451,13815.605,13816.688,13817.857,13822.444,13835.453,13836.653,13836.853,13837.446,13840.761]
      },
      "geometry": {
        "type": "LineString",
        "coordinates": [
          [11.094945, 47.491684, 702.0],
          [11.094920, 47.491727, 702.0],
          [11.094908, 47.491749, 702.0],
          [11.095056, 47.491795, 702.0],
          [11.095693, 47.492006, 703.5],
          [11.096836, 47.492377, 704.75],
          [11.097307, 47.492528, 705.5],
          [11.097619, 47.492617, 704.75],
          [11.097874, 47.492671, 704.0],
          [11.098016, 47.492666, 704.5],
          [11.098136, 47.492640, 704.5],
          [11.098277, 47.492552, 704.75],
          [11.098376, 47.492445, 705.25],
          [11.098628, 47.492065, 706.5],
          [11.098720, 47.492024, 706.5],
          [11.098761, 47.491968, 706.75],
          [11.098894, 47.491835, 706.75],
          [11.098999, 47.491793, 706.75],
          [11.099098, 47.491765, 706.5],
          [11.099202, 47.491751, 706.5],
          [11.099899, 47.491937, 705.5],
          [11.099974, 47.491954, 705.0],
          [11.100024, 47.491968, 704.75],
          [11.100273, 47.492036, 705.25],
          [11.100685, 47.492157, 706.25],
          [11.101001, 47.492262, 706.75],
          [11.101268, 47.492363, 707.0],
          [11.101750, 47.492585, 707.0],
          [11.102257, 47.492807, 706.0],
          [11.102456, 47.492892, 706.25],
          [11.102646, 47.492973, 706.0],
          [11.103124, 47.493142, 707.0],
          [11.103344, 47.493199, 707.0],
          [11.103619, 47.493269, 707.0],
          [11.104485, 47.493586, 708.0],
          [11.104642, 47.493648, 708.0],
          [11.105194, 47.493828, 708.0],
          [11.105307, 47.493864, 708.0],
          [11.105495, 47.493924, 708.0],
          [11.105621, 47.493953, 708.0],
          [11.105809, 47.494006, 708.0],
          [11.106435, 47.494229, 707.75],
          [11.106518, 47.494257, 707.75],
          [11.107134, 47.494494, 707.75],
          [11.107163, 47.494504, 707.75],
          [11.107491, 47.494629, 708.0],
          [11.107680, 47.494701, 708.0],
          [11.108051, 47.494846, 708.75],
          [11.108169, 47.494913, 709.0],
          [11.108267, 47.494979, 709.0],
          [11.108367, 47.495072, 709.0],
          [11.108426, 47.495100, 709.0],
          [11.108506, 47.495180, 709.25],
          [11.108669, 47.495193, 709.75],
          [11.108830, 47.495215, 709.75],
          [11.108916, 47.495251, 710.0],
          [11.108959, 47.495268, 710.25],
          [11.108997, 47.495229, 710.25],
          [11.109042, 47.495195, 710.5],
          [11.109250, 47.495045, 711.25],
          [11.109403, 47.494937, 712.0],
          [11.109601, 47.494817, 712.5],
          [11.109655, 47.494786, 712.75],
          [11.110159, 47.494483, 714.5],
          [11.110580, 47.494176, 715.0],
          [11.110718, 47.494075, 714.5],
          [11.111118, 47.493783, 714.0],
          [11.111170, 47.493743, 714.25],
          [11.111351, 47.493617, 714.0],
          [11.111555, 47.493460, 715.0],
          [11.111581, 47.493440, 715.0],
          [11.111680, 47.493364, 715.0],
          [11.111776, 47.493298, 715.25],
          [11.111973, 47.493165, 715.25],
          [11.112001, 47.493142, 715.25],
          [11.112187, 47.492987, 714.75],
          [11.112254, 47.492934, 714.5],
          [11.112404, 47.492801, 714.0],
          [11.112483, 47.492732, 714.0],
          [11.112597, 47.492638, 714.0],
          [11.112793, 47.492538, 714.0],
          [11.112879, 47.492486, 714.0],
          [11.112967, 47.492411, 714.0],
          [11.113282, 47.492150, 715.0],
          [11.113360, 47.492099, 715.75],
          [11.113430, 47.492037, 716.5],
          [11.113547, 47.491887, 717.25],
          [11.113580, 47.491828, 717.5],
          [11.113597, 47.491631, 717.75],
          [11.113701, 47.491596, 720.25],
          [11.114041, 47.491167, 725.0],
          [11.114212, 47.490943, 727.0],
          [11.114252, 47.490897, 727.75],
          [11.114462, 47.490661, 729.75],
          [11.114729, 47.490471, 732.5],
          [11.114998, 47.490322, 735.0],
          [11.115585, 47.490070, 741.25],
          [11.115959, 47.489927, 742.75],
          [11.116510, 47.489738, 747.75],
          [11.116764, 47.489623, 750.75],
          [11.116955, 47.489503, 752.0],
          [11.117175, 47.489348, 754.25],
          [11.117408, 47.489159, 753.5],
          [11.117613, 47.489122, 755.0],
          [11.117882, 47.489105, 758.5],
          [11.118063, 47.489063, 760.0],
          [11.118806, 47.488836, 761.0],
          [11.120338, 47.488580, 767.25],
          [11.121287, 47.488396, 771.75],
          [11.122374, 47.488206, 776.25],
          [11.122488, 47.488186, 777.0],
          [11.123208, 47.488036, 780.75],
          [11.124923, 47.487651, 795.5],
          [11.125438, 47.487568, 800.5],
          [11.126185, 47.487533, 804.25],
          [11.126596, 47.487531, 805.0],
          [11.127181, 47.487513, 805.0],
          [11.127590, 47.487492, 806.0],
          [11.127683, 47.487487, 806.25],
          [11.127763, 47.487483, 806.5],
          [11.128468, 47.487448, 808.75],
          [11.128867, 47.487416, 811.25],
          [11.129107, 47.487370, 811.75],
          [11.129421, 47.487300, 811.75],
          [11.129751, 47.487258, 814.5],
          [11.130131, 47.487268, 816.5],
          [11.130749, 47.487295, 823.5],
          [11.132213, 47.487079, 828.5],
          [11.133361, 47.487014, 836.5],
          [11.134211, 47.487083, 846.75],
          [11.134640, 47.487169, 846.25],
          [11.134709, 47.487175, 845.75],
          [11.134797, 47.487166, 846.75],
          [11.135059, 47.487119, 850.25],
          [11.137801, 47.487264, 859.75],
          [11.138413, 47.487233, 860.0],
          [11.139067, 47.487155, 860.25],
          [11.140149, 47.487184, 864.75],
          [11.141400, 47.487405, 880.25],
          [11.143084, 47.487334, 887.5],
          [11.145064, 47.487264, 890.5],
          [11.145583, 47.487305, 893.0],
          [11.146311, 47.487417, 893.5],
          [11.146891, 47.487480, 896.0],
          [11.147485, 47.487510, 896.25],
          [11.147807, 47.487536, 896.0],
          [11.148156, 47.487589, 895.0],
          [11.148538, 47.487629, 893.5],
          [11.149373, 47.487737, 890.75],
          [11.149832, 47.487821, 890.0],
          [11.150634, 47.487948, 889.75],
          [11.151138, 47.488104, 891.5],
          [11.151571, 47.488181, 894.75],
          [11.152071, 47.488282, 893.75],
          [11.152412, 47.488364, 895.25],
          [11.152930, 47.488541, 894.75],
          [11.153167, 47.488639, 895.75],
          [11.153596, 47.488505, 894.5],
          [11.153941, 47.488403, 894.0],
          [11.154217, 47.488356, 893.0],
          [11.154577, 47.488352, 891.25],
          [11.154840, 47.488418, 890.25],
          [11.155103, 47.488405, 889.75],
          [11.155432, 47.488348, 890.25],
          [11.156010, 47.488332, 888.25],
          [11.156650, 47.488296, 885.75],
          [11.159176, 47.488223, 877.0],
          [11.159504, 47.488231, 876.0],
          [11.159769, 47.488254, 876.25],
          [11.159975, 47.488225, 875.0],
          [11.160120, 47.488236, 875.0],
          [11.160359, 47.488228, 874.5],
          [11.161111, 47.488248, 873.0],
          [11.161752, 47.488282, 872.75],
          [11.162490, 47.488341, 872.25],
          [11.163389, 47.488435, 876.25],
          [11.165136, 47.488668, 873.0],
          [11.166775, 47.488902, 870.25],
          [11.167182, 47.488969, 871.0],
          [11.168276, 47.489125, 869.5],
          [11.169046, 47.489243, 869.25],
          [11.169793, 47.489345, 871.25],
          [11.170705, 47.489406, 872.0],
          [11.171368, 47.489411, 870.25],
          [11.171855, 47.489438, 870.75],
          [11.172206, 47.489483, 871.75],
          [11.172842, 47.489447, 869.0],
          [11.173192, 47.489427, 868.0],
          [11.173789, 47.489404, 865.75],
          [11.173865, 47.489304, 864.0],
          [11.173896, 47.489154, 861.75],
          [11.174087, 47.489087, 861.5],
          [11.174235, 47.489070, 861.5],
          [11.174389, 47.489052, 861.25],
          [11.174724, 47.488990, 860.75],
          [11.175257, 47.488893, 859.0],
          [11.175648, 47.488837, 858.25],
          [11.176186, 47.488785, 858.0],
          [11.176715, 47.488766, 859.25],
          [11.177051, 47.488781, 860.0],
          [11.177236, 47.488742, 859.75],
          [11.177352, 47.488710, 859.25],
          [11.177575, 47.488735, 859.5],
          [11.177634, 47.488722, 859.25],
          [11.177663, 47.488694, 858.75],
          [11.177713, 47.488535, 857.5],
          [11.177777, 47.488474, 857.75],
          [11.177962, 47.488484, 858.5],
          [11.178162, 47.488487, 859.0],
          [11.178388, 47.488459, 858.75],
          [11.178587, 47.488426, 858.5],
          [11.179293, 47.488262, 858.25],
          [11.179353, 47.488263, 858.5],
          [11.179601, 47.488235, 858.5],
          [11.180309, 47.488062, 860.0],
          [11.180518, 47.487999, 859.75],
          [11.180669, 47.487937, 860.0],
          [11.181059, 47.487872, 860.5],
          [11.181692, 47.487833, 862.25],
          [11.182371, 47.487779, 863.0],
          [11.183797, 47.487748, 865.5],
          [11.185016, 47.487690, 867.5],
          [11.186050, 47.487630, 868.75],
          [11.187334, 47.487568, 872.0],
          [11.187454, 47.487586, 872.0],
          [11.187670, 47.487654, 872.5],
          [11.188527, 47.487766, 874.75],
          [11.188741, 47.487825, 875.25],
          [11.189432, 47.487940, 876.75],
          [11.189952, 47.488011, 878.5],
          [11.190693, 47.488075, 879.75],
          [11.191055, 47.488085, 880.5],
          [11.191458, 47.488082, 881.0],
          [11.191852, 47.488069, 882.5],
          [11.192781, 47.488007, 884.5],
          [11.193301, 47.487982, 885.25],
          [11.193930, 47.488015, 885.5],
          [11.194250, 47.488063, 886.0],
          [11.194616, 47.488132, 889.25],
          [11.195355, 47.488307, 888.25],
          [11.195673, 47.488369, 888.25],
          [11.196064, 47.488426, 887.0],
          [11.196522, 47.488454, 889.0],
          [11.196809, 47.488450, 890.0],
          [11.197379, 47.488415, 889.0],
          [11.198372, 47.488375, 891.75],
          [11.198514, 47.488355, 891.5],
          [11.198864, 47.488352, 892.25],
          [11.199320, 47.488421, 892.5],
          [11.199510, 47.488470, 892.25],
          [11.199753, 47.488549, 892.25],
          [11.200629, 47.488849, 893.0],
          [11.201959, 47.489389, 895.5],
          [11.202520, 47.489548, 894.75],
          [11.203092, 47.489665, 896.5],
          [11.203401, 47.489677, 896.5],
          [11.203645, 47.489662, 896.75],
          [11.204244, 47.489551, 897.0],
          [11.204484, 47.489531, 897.25],
          [11.204587, 47.489530, 897.5],
          [11.204716, 47.489562, 897.5],
          [11.204817, 47.489621, 898.0],
          [11.204789, 47.489714, 897.5],
          [11.204810, 47.489857, 898.75],
          [11.204825, 47.489975, 899.5],
          [11.204864, 47.490135, 899.75],
          [11.205154, 47.490211, 900.75],
          [11.205581, 47.490292, 902.75],
          [11.206113, 47.490400, 903.25],
          [11.206487, 47.490448, 904.5],
          [11.207174, 47.490484, 908.0],
          [11.207779, 47.490613, 911.0],
          [11.208403, 47.490728, 916.25],
          [11.208845, 47.490770, 916.5],
          [11.209456, 47.490763, 917.25],
          [11.210352, 47.490721, 918.5],
          [11.211944, 47.490720, 922.0],
          [11.213527, 47.490703, 925.75],
          [11.214026, 47.490660, 927.0],
          [11.214092, 47.490648, 927.0],
          [11.214448, 47.490553, 928.0],
          [11.214599, 47.490434, 928.5],
          [11.215181, 47.490014, 929.0],
          [11.215419, 47.489895, 929.25],
          [11.215733, 47.489793, 928.75],
          [11.215798, 47.489740, 928.0],
          [11.215902, 47.489699, 927.75],
          [11.216089, 47.489687, 927.75],
          [11.216171, 47.489664, 927.75],
          [11.216253, 47.489598, 927.25],
          [11.216312, 47.489512, 926.25],
          [11.216410, 47.489362, 923.5],
          [11.216495, 47.489313, 922.75],
          [11.217895, 47.489082, 922.25],
          [11.219811, 47.489078, 921.5],
          [11.219972, 47.489050, 921.25],
          [11.220670, 47.488903, 919.25],
          [11.220998, 47.488817, 919.5],
          [11.221570, 47.488616, 920.5],
          [11.222158, 47.488426, 922.5],
          [11.222092, 47.488358, 922.0],
          [11.222089, 47.488354, 922.0],
          [11.222044, 47.488292, 922.0],
          [11.222048, 47.488266, 922.0],
          [11.222419, 47.488169, 922.75],
          [11.222873, 47.488026, 922.75],
          [11.223774, 47.487712, 923.0],
          [11.224655, 47.487425, 923.0],
          [11.225224, 47.487223, 923.0],
          [11.225682, 47.487026, 922.25],
          [11.226046, 47.486846, 922.0],
          [11.226921, 47.486331, 922.25],
          [11.227801, 47.485787, 923.5],
          [11.227941, 47.485677, 922.5],
          [11.228233, 47.485600, 922.75],
          [11.228598, 47.485449, 922.5],
          [11.229037, 47.485283, 922.0],
          [11.229481, 47.485132, 922.0],
          [11.230559, 47.484793, 920.5],
          [11.231916, 47.484402, 922.5],
          [11.232848, 47.484126, 924.0],
          [11.233358, 47.484013, 924.25],
          [11.233791, 47.483956, 925.0],
          [11.234019, 47.483914, 925.5],
          [11.234233, 47.483862, 926.0],
          [11.235427, 47.483459, 928.75],
          [11.236755, 47.483061, 931.25],
          [11.236885, 47.483025, 932.25],
          [11.237623, 47.482822, 933.0],
          [11.237712, 47.482791, 933.0],
          [11.237954, 47.482698, 933.5],
          [11.238062, 47.482654, 933.75],
          [11.238334, 47.482509, 934.75],
          [11.238502, 47.482341, 935.5],
          [11.238760, 47.482079, 936.5],
          [11.238873, 47.482016, 936.5],
          [11.239114, 47.482015, 936.5],
          [11.239540, 47.481998, 934.5],
          [11.239654, 47.481995, 934.0],
          [11.239749, 47.481994, 933.5],
          [11.240345, 47.481995, 932.75],
          [11.240749, 47.482030, 933.25],
          [11.241052, 47.482086, 934.5],
          [11.241130, 47.482100, 934.75],
          [11.241266, 47.482149, 933.75],
          [11.241370, 47.482149, 933.5],
          [11.241848, 47.482202, 933.75],
          [11.242495, 47.482234, 933.75],
          [11.243434, 47.482197, 936.25],
          [11.243577, 47.482176, 937.5],
          [11.244064, 47.482097, 937.25],
          [11.244893, 47.481776, 937.5],
          [11.245070, 47.481686, 937.5],
          [11.245285, 47.481558, 936.25],
          [11.245491, 47.481378, 936.0],
          [11.246256, 47.480474, 933.0],
          [11.246598, 47.480146, 931.75],
          [11.247233, 47.479757, 932.0],
          [11.248160, 47.479264, 933.5],
          [11.249219, 47.478702, 933.75],
          [11.250494, 47.478040, 936.0],
          [11.251374, 47.477576, 938.5],
          [11.251838, 47.477292, 939.75],
          [11.251963, 47.477198, 940.25],
          [11.252511, 47.476783, 943.5],
          [11.252894, 47.476436, 943.75],
          [11.253277, 47.476111, 944.75],
          [11.253665, 47.475805, 945.75],
          [11.254647, 47.474978, 950.75],
          [11.254888, 47.474754, 952.0],
          [11.255028, 47.474571, 952.75],
          [11.255192, 47.474303, 954.25],
          [11.255658, 47.473472, 958.0],
          [11.255842, 47.473178, 959.0],
          [11.256050, 47.472868, 961.0],
          [11.256590, 47.472214, 961.25],
          [11.257157, 47.471341, 962.5],
          [11.257227, 47.471197, 962.25],
          [11.257270, 47.471075, 962.25],
          [11.257280, 47.470940, 962.75],
          [11.257188, 47.470546, 963.5],
          [11.257151, 47.470331, 964.75],
          [11.257150, 47.470139, 965.5],
          [11.257173, 47.469952, 965.5],
          [11.257223, 47.469784, 965.0],
          [11.257307, 47.469615, 967.25],
          [11.257736, 47.468933, 968.75],
          [11.257922, 47.468777, 969.0],
          [11.258179, 47.468665, 967.5],
          [11.258335, 47.468590, 966.0],
          [11.258638, 47.468492, 965.5],
          [11.259005, 47.468299, 964.5],
          [11.259204, 47.468086, 963.0],
          [11.259376, 47.467808, 960.25],
          [11.259567, 47.467298, 956.25],
          [11.259647, 47.467107, 955.75],
          [11.259743, 47.466824, 955.0],
          [11.259657, 47.466498, 952.25],
          [11.259631, 47.466241, 952.0],
          [11.259820, 47.466028, 949.25],
          [11.259873, 47.465982, 948.5],
          [11.260064, 47.465817, 947.75],
          [11.260296, 47.465709, 945.75],
          [11.260747, 47.465552, 945.0],
          [11.260900, 47.465448, 944.5],
          [11.260960, 47.465297, 945.0],
          [11.260943, 47.465146, 943.25],
          [11.260874, 47.464929, 941.25],
          [11.260785, 47.464704, 940.75],
          [11.260816, 47.464538, 938.75],
          [11.260995, 47.464371, 937.5],
          [11.261390, 47.464198, 937.75],
          [11.261690, 47.464062, 936.25],
          [11.262195, 47.463927, 937.5],
          [11.262426, 47.463795, 936.5],
          [11.262622, 47.463572, 936.25],
          [11.262665, 47.463333, 936.0],
          [11.262619, 47.463059, 936.25],
          [11.262678, 47.462886, 935.5],
          [11.262921, 47.462578, 934.75],
          [11.263346, 47.462041, 933.75],
          [11.263507, 47.461872, 934.25],
          [11.263799, 47.461686, 935.25],
          [11.263978, 47.461545, 936.0],
          [11.264104, 47.461351, 935.75],
          [11.264231, 47.461046, 934.5],
          [11.264585, 47.460377, 934.25],
          [11.264886, 47.459734, 935.75],
          [11.265055, 47.459387, 936.75],
          [11.265199, 47.458999, 938.25],
          [11.265386, 47.458430, 942.25],
          [11.265463, 47.458075, 944.75],
          [11.265481, 47.457853, 946.0],
          [11.265510, 47.457641, 947.0],
          [11.265633, 47.457472, 949.25],
          [11.265770, 47.457398, 952.25],
          [11.266027, 47.457259, 951.75],
          [11.266359, 47.457008, 952.75],
          [11.266688, 47.456771, 952.5],
          [11.266951, 47.456586, 951.75],
          [11.267103, 47.456499, 951.5],
          [11.267436, 47.456371, 949.5],
          [11.267517, 47.456343, 949.75],
          [11.267993, 47.456188, 951.0],
          [11.268198, 47.456078, 948.25],
          [11.268349, 47.455918, 945.75],
          [11.268457, 47.455655, 944.5],
          [11.268526, 47.455532, 943.5],
          [11.268635, 47.455406, 942.75],
          [11.268790, 47.455294, 942.25],
          [11.269542, 47.454883, 941.5],
          [11.269628, 47.454837, 941.0],
          [11.269938, 47.454668, 938.25],
          [11.270228, 47.454461, 935.5],
          [11.270316, 47.454399, 935.0],
          [11.270459, 47.454194, 934.0],
          [11.270485, 47.454062, 933.5],
          [11.270476, 47.453891, 933.5],
          [11.270378, 47.453744, 931.0],
          [11.270112, 47.453528, 930.25],
          [11.270069, 47.453413, 929.25],
          [11.270031, 47.453213, 926.25],
          [11.269934, 47.453088, 926.0],
          [11.269678, 47.452895, 925.75],
          [11.269123, 47.452405, 923.25],
          [11.268934, 47.452196, 921.0],
          [11.268770, 47.451977, 919.5],
          [11.268589, 47.451835, 917.75],
          [11.268100, 47.451472, 915.75],
          [11.267605, 47.451126, 911.5],
          [11.267086, 47.450790, 910.75],
          [11.266763, 47.450545, 910.0],
          [11.266637, 47.450432, 910.5],
          [11.266531, 47.450312, 911.25],
          [11.266432, 47.450168, 910.5],
          [11.266394, 47.450047, 908.75],
          [11.266427, 47.449993, 907.75],
          [11.266456, 47.449974, 907.75],
          [11.266547, 47.449947, 907.75],
          [11.266683, 47.449919, 907.5],
          [11.266636, 47.449753, 907.0],
          [11.266600, 47.449624, 907.0],
          [11.266513, 47.449252, 907.0],
          [11.266433, 47.448881, 907.0],
          [11.266425, 47.448795, 907.0],
          [11.266452, 47.448738, 907.0],
          [11.266721, 47.448639, 906.75],
          [11.266920, 47.448535, 907.0],
          [11.267389, 47.448102, 907.75],
          [11.267502, 47.447354, 908.0],
          [11.267474, 47.447026, 908.0],
          [11.267502, 47.446945, 908.0],
          [11.267370, 47.446798, 908.25],
          [11.266762, 47.446539, 908.75],
          [11.266486, 47.446412, 908.75],
          [11.266241, 47.446237, 909.0],
          [11.265926, 47.445843, 909.5],
          [11.265819, 47.445707, 909.5],
          [11.265680, 47.445545, 909.0],
          [11.265254, 47.445086, 909.25],
          [11.265171, 47.444995, 909.25],
          [11.264968, 47.444782, 910.0],
          [11.264642, 47.444414, 910.0],
          [11.264576, 47.444331, 910.0],
          [11.264528, 47.444271, 910.0],
          [11.264340, 47.444035, 910.0],
          [11.264186, 47.443848, 910.0],
          [11.264088, 47.443733, 910.25],
          [11.263991, 47.443646, 910.25],
          [11.263854, 47.443521, 910.25],
          [11.263657, 47.443352, 910.75],
          [11.263331, 47.443004, 911.0],
          [11.263170, 47.442801, 911.0],
          [11.263058, 47.442639, 911.0],
          [11.262840, 47.442321, 911.0],
          [11.262800, 47.442130, 911.25],
          [11.262739, 47.441899, 912.0],
          [11.262692, 47.441755, 912.25],
          [11.262650, 47.441702, 912.25],
          [11.262583, 47.441651, 912.25],
          [11.262161, 47.441306, 912.25],
          [11.262082, 47.441327, 912.0],
          [11.262004, 47.441216, 912.5],
          [11.261931, 47.441113, 912.75],
          [11.261901, 47.441071, 913.0],
          [11.261870, 47.441027, 913.0],
          [11.261756, 47.440891, 913.0],
          [11.261585, 47.440670, 913.25],
          [11.261504, 47.440518, 913.25],
          [11.261479, 47.440400, 913.5],
          [11.261471, 47.440363, 913.75],
          [11.261469, 47.440123, 914.0],
          [11.261428, 47.439990, 914.0],
          [11.261383, 47.439912, 914.0],
          [11.261343, 47.439865, 914.0],
          [11.261251, 47.439756, 914.0],
          [11.261027, 47.439510, 914.0],
          [11.260759, 47.439217, 914.0],
          [11.260549, 47.439025, 914.0],
          [11.260474, 47.438894, 914.0],
          [11.260436, 47.438832, 914.0],
          [11.260413, 47.438793, 914.0],
          [11.260243, 47.438471, 914.5],
          [11.260195, 47.438380, 914.75],
          [11.260106, 47.438073, 915.0],
          [11.260057, 47.437690, 915.0],
          [11.259979, 47.437088, 915.5],
          [11.259830, 47.436710, 916.0],
          [11.259731, 47.436451, 916.0],
          [11.259570, 47.436010, 917.0],
          [11.259558, 47.435977, 917.0],
          [11.259556, 47.435896, 917.0],
          [11.259552, 47.435784, 917.0],
          [11.259651, 47.435596, 917.0],
          [11.259899, 47.435293, 917.25],
          [11.259962, 47.435136, 917.0],
          [11.259966, 47.434964, 917.0],
          [11.259888, 47.434610, 917.5],
          [11.259804, 47.434305, 918.0],
          [11.259736, 47.434049, 918.25],
          [11.259686, 47.433859, 919.0],
          [11.259671, 47.433600, 919.75],
          [11.259703, 47.433493, 918.75],
          [11.259719, 47.433440, 918.0],
          [11.259731, 47.433409, 918.0],
          [11.259802, 47.433286, 918.5],
          [11.259988, 47.433106, 919.0],
          [11.260127, 47.432997, 919.25],
          [11.260039, 47.432866, 919.25],
          [11.260015, 47.432814, 919.0],
          [11.259762, 47.431964, 918.75],
          [11.259626, 47.431828, 919.0],
          [11.259488, 47.431636, 919.0],
          [11.259455, 47.431566, 919.0],
          [11.259440, 47.431498, 919.0],
          [11.259436, 47.431378, 919.0],
          [11.259477, 47.431243, 919.0],
          [11.259573, 47.431038, 919.25],
          [11.259663, 47.430873, 919.0],
          [11.259744, 47.430758, 919.0],
          [11.259853, 47.430109, 920.0],
          [11.260072, 47.429062, 920.0],
          [11.260107, 47.428911, 920.0],
          [11.260126, 47.428821, 920.0],
          [11.260128, 47.428794, 920.0],
          [11.259609, 47.428735, 920.0],
          [11.259516, 47.428721, 921.0],
          [11.259319, 47.428660, 922.0],
          [11.259258, 47.428615, 922.0],
          [11.259181, 47.428509, 922.0],
          [11.259032, 47.428114, 922.25],
          [11.258919, 47.427864, 922.75],
          [11.258841, 47.427601, 923.0],
          [11.258679, 47.427246, 923.0],
          [11.258472, 47.426832, 923.5],
          [11.258329, 47.426628, 924.0],
          [11.258205, 47.426309, 924.25],
          [11.258119, 47.426021, 924.5],
          [11.257832, 47.425193, 924.25],
          [11.257397, 47.424525, 925.0],
          [11.257346, 47.424442, 925.0],
          [11.257264, 47.424291, 925.0],
          [11.257168, 47.424146, 925.25],
          [11.256995, 47.423911, 925.75],
          [11.256956, 47.423861, 926.0],
          [11.256797, 47.423605, 926.0],
          [11.256562, 47.423090, 926.5],
          [11.256510, 47.422965, 926.5],
          [11.256415, 47.422595, 927.0],
          [11.256385, 47.422521, 926.75],
          [11.256307, 47.422411, 927.0],
          [11.256096, 47.422263, 927.75],
          [11.255970, 47.422166, 928.0],
          [11.255873, 47.422060, 928.0],
          [11.255755, 47.421863, 928.0],
          [11.255718, 47.421780, 928.0],
          [11.255693, 47.421666, 928.0],
          [11.255720, 47.421381, 928.0],
          [11.255701, 47.421202, 928.0],
          [11.255595, 47.420772, 928.75],
          [11.255529, 47.420545, 929.0],
          [11.255442, 47.419908, 929.5],
          [11.255116, 47.419368, 930.75],
          [11.254952, 47.419237, 931.25],
          [11.254734, 47.419070, 931.5],
          [11.254535, 47.418940, 931.5],
          [11.254410, 47.418797, 932.0],
          [11.254346, 47.418614, 932.0],
          [11.254354, 47.418188, 932.0],
          [11.254295, 47.417688, 933.0],
          [11.254288, 47.417493, 933.0],
          [11.254296, 47.417272, 933.0],
          [11.254289, 47.417191, 933.0],
          [11.254206, 47.416999, 933.0],
          [11.254033, 47.416715, 933.75],
          [11.253942, 47.416545, 934.25],
          [11.253852, 47.416349, 934.75],
          [11.253780, 47.416119, 934.5],
          [11.253714, 47.415834, 934.75],
          [11.253676, 47.415734, 935.0],
          [11.253585, 47.415570, 934.75],
          [11.253539, 47.415446, 935.0],
          [11.253513, 47.415318, 935.75],
          [11.253481, 47.414940, 936.0],
          [11.253456, 47.414853, 936.0],
          [11.253423, 47.414782, 936.0],
          [11.253215, 47.414386, 936.5],
          [11.253018, 47.413908, 936.75],
          [11.252950, 47.413664, 937.0],
          [11.252770, 47.413254, 937.25],
          [11.252594, 47.412757, 938.0],
          [11.252563, 47.412484, 938.0],
          [11.252491, 47.412310, 938.0],
          [11.252336, 47.412115, 938.0],
          [11.252255, 47.412038, 938.0],
          [11.251797, 47.411720, 938.0],
          [11.251567, 47.411543, 938.0],
          [11.251326, 47.411380, 938.0],
          [11.251157, 47.411135, 938.0],
          [11.251069, 47.410933, 938.5],
          [11.250999, 47.410734, 938.5],
          [11.250830, 47.410343, 938.75],
          [11.250637, 47.409854, 939.0],
          [11.250419, 47.409235, 939.0],
          [11.250334, 47.408899, 939.0],
          [11.250246, 47.408315, 938.75],
          [11.250172, 47.408147, 938.5],
          [11.250091, 47.407998, 938.25],
          [11.249882, 47.407657, 938.75],
          [11.249536, 47.407145, 939.0],
          [11.249217, 47.406648, 939.0],
          [11.249164, 47.406554, 938.75],
          [11.249131, 47.406454, 938.75],
          [11.249150, 47.406367, 939.0],
          [11.249205, 47.406278, 939.0],
          [11.249281, 47.406189, 939.0],
          [11.249477, 47.406015, 939.0],
          [11.250038, 47.405629, 939.5],
          [11.250324, 47.405390, 939.75],
          [11.250522, 47.405110, 939.5],
          [11.250621, 47.404821, 940.0],
          [11.250686, 47.404486, 939.75],
          [11.250684, 47.404309, 940.0],
          [11.250668, 47.404135, 940.0],
          [11.250619, 47.403856, 940.0],
          [11.250650, 47.403123, 940.5],
          [11.250644, 47.402834, 940.25],
          [11.250611, 47.402602, 940.0],
          [11.250406, 47.402000, 940.25],
          [11.250414, 47.401909, 940.25],
          [11.250461, 47.401821, 940.5],
          [11.250754, 47.401467, 940.5],
          [11.250843, 47.401247, 940.5],
          [11.250970, 47.400665, 940.5],
          [11.251046, 47.400388, 940.5],
          [11.251123, 47.400169, 941.0],
          [11.251209, 47.399988, 941.0],
          [11.251322, 47.399912, 941.25],
          [11.251456, 47.399876, 941.5],
          [11.251758, 47.399856, 942.25],
          [11.251938, 47.399802, 942.0],
          [11.252328, 47.399534, 942.25],
          [11.252490, 47.399478, 942.0],
          [11.253153, 47.399349, 943.75],
          [11.253313, 47.399304, 943.5],
          [11.253516, 47.399216, 943.25],
          [11.253672, 47.399178, 942.75],
          [11.254558, 47.399167, 943.0],
          [11.254652, 47.399150, 943.0],
          [11.254724, 47.399113, 943.0],
          [11.254872, 47.398961, 943.5],
          [11.254981, 47.398907, 943.75],
          [11.255107, 47.398871, 945.5],
          [11.255325, 47.398846, 947.0],
          [11.255589, 47.398844, 945.75],
          [11.255823, 47.398872, 944.25],
          [11.256167, 47.398964, 944.0],
          [11.256319, 47.398976, 944.0],
          [11.256460, 47.398956, 944.0],
          [11.257453, 47.398673, 945.0],
          [11.257858, 47.398594, 945.25],
          [11.258406, 47.398505, 947.0],
          [11.259221, 47.398415, 946.75],
          [11.259511, 47.398410, 947.5],
          [11.260059, 47.398424, 948.5],
          [11.260841, 47.398370, 949.75],
          [11.262214, 47.398492, 954.25],
          [11.263081, 47.398626, 953.0],
          [11.263605, 47.398742, 955.0],
          [11.264118, 47.398711, 952.0],
          [11.264836, 47.398385, 951.25],
          [11.264911, 47.398286, 951.5],
          [11.264949, 47.398182, 951.75],
          [11.264960, 47.398125, 951.75],
          [11.264950, 47.397958, 952.25],
          [11.264961, 47.397890, 952.0],
          [11.265028, 47.397773, 952.0],
          [11.265126, 47.397620, 952.25],
          [11.265225, 47.397466, 952.25],
          [11.265390, 47.397213, 953.0],
          [11.265494, 47.397092, 953.0],
          [11.265932, 47.396756, 953.0],
          [11.266003, 47.396732, 952.75],
          [11.266104, 47.396695, 952.0],
          [11.266339, 47.396582, 952.75],
          [11.266402, 47.396550, 953.25],
          [11.266439, 47.396514, 953.75],
          [11.266458, 47.396463, 954.25],
          [11.266452, 47.396412, 954.75],
          [11.266412, 47.396372, 955.0],
          [11.266319, 47.396335, 954.5],
          [11.266227, 47.396307, 954.0],
          [11.266142, 47.396263, 953.75],
          [11.266102, 47.396214, 954.25],
          [11.266100, 47.396182, 954.75],
          [11.266009, 47.396135, 954.25],
          [11.265900, 47.396017, 954.25],
          [11.265678, 47.395851, 954.0],
          [11.265463, 47.395652, 953.75],
          [11.265440, 47.395610, 954.0],
          [11.265428, 47.395510, 954.5],
          [11.265406, 47.395448, 955.0],
          [11.265269, 47.395307, 955.25],
          [11.265235, 47.395272, 955.25],
          [11.265183, 47.395158, 954.75],
          [11.265074, 47.394596, 954.75],
          [11.265011, 47.394138, 956.0],
          [11.265055, 47.394051, 956.25],
          [11.265088, 47.393985, 956.5],
          [11.265049, 47.393828, 957.0],
          [11.265023, 47.393728, 957.0],
          [11.264989, 47.393602, 956.75],
          [11.264935, 47.393393, 956.25],
          [11.264776, 47.392941, 957.0],
          [11.264620, 47.392858, 956.5],
          [11.264503, 47.392766, 956.75],
          [11.264211, 47.392447, 957.0],
          [11.263223, 47.391507, 957.25],
          [11.263076, 47.391301, 957.5],
          [11.262993, 47.391026, 958.25],
          [11.262990, 47.390913, 958.25],
          [11.263006, 47.390862, 958.25],
          [11.263135, 47.390671, 958.25],
          [11.263251, 47.390570, 959.0],
          [11.263433, 47.390388, 958.75],
          [11.263541, 47.390291, 959.25],
          [11.263653, 47.390194, 959.0],
          [11.263776, 47.390108, 959.25],
          [11.264060, 47.389886, 959.75],
          [11.264556, 47.389483, 960.25],
          [11.264630, 47.389445, 961.0],
          [11.264838, 47.389401, 962.0],
          [11.264810, 47.389321, 961.5],
          [11.264789, 47.389273, 961.5],
          [11.264710, 47.389164, 961.5],
          [11.264659, 47.389112, 961.5],
          [11.264548, 47.389027, 961.75],
          [11.264522, 47.389011, 961.75],
          [11.264416, 47.388960, 963.0],
          [11.264294, 47.388907, 963.75],
          [11.264043, 47.388833, 963.75],
          [11.263972, 47.388812, 963.75],
          [11.263506, 47.388680, 964.5],
          [11.263326, 47.388631, 965.0],
          [11.263130, 47.388578, 965.0],
          [11.263108, 47.388616, 965.0],
          [11.262903, 47.388964, 964.75],
          [11.262182, 47.389302, 964.0],
          [11.261695, 47.389486, 964.75],
          [11.261653, 47.389488, 964.75],
          [11.261606, 47.389480, 964.5],
          [11.261351, 47.389368, 964.0],
          [11.260733, 47.389099, 963.75],
          [11.260638, 47.389063, 963.75],
          [11.259977, 47.388809, 964.25],
          [11.259837, 47.388766, 965.0],
          [11.259660, 47.388712, 965.5],
          [11.259408, 47.388634, 965.75],
          [11.259124, 47.388547, 966.0],
          [11.258793, 47.388447, 966.5],
          [11.258540, 47.388371, 967.0],
          [11.258261, 47.388287, 967.25],
          [11.258177, 47.388262, 967.5],
          [11.257901, 47.388180, 967.75],
          [11.257722, 47.388384, 967.0],
          [11.257644, 47.388478, 967.0],
          [11.256929, 47.388361, 967.0],
          [11.256781, 47.388363, 967.5],
          [11.256402, 47.388421, 967.75],
          [11.256206, 47.388429, 968.5],
          [11.256013, 47.388419, 969.0],
          [11.255754, 47.388386, 969.25],
          [11.255619, 47.388349, 969.75],
          [11.255462, 47.388294, 969.5],
          [11.255331, 47.388257, 969.25],
          [11.255112, 47.388241, 969.5],
          [11.254350, 47.388213, 970.5],
          [11.254264, 47.388191, 970.75],
          [11.254069, 47.388107, 971.25],
          [11.253959, 47.388079, 971.5],
          [11.253359, 47.388023, 972.0],
          [11.253259, 47.388004, 972.0],
          [11.253085, 47.387955, 972.25],
          [11.252959, 47.387934, 972.5],
          [11.252776, 47.387918, 972.75],
          [11.252630, 47.387893, 973.25],
          [11.252440, 47.387851, 973.75],
          [11.252326, 47.387831, 973.75],
          [11.252054, 47.387801, 974.0],
          [11.251532, 47.387769, 974.0],
          [11.251365, 47.387744, 974.0],
          [11.250614, 47.387552, 976.0],
          [11.250472, 47.387541, 976.25],
          [11.250315, 47.387555, 976.75],
          [11.250230, 47.387573, 976.75],
          [11.250049, 47.387631, 976.5],
          [11.249929, 47.387699, 976.25],
          [11.249809, 47.387780, 976.5],
          [11.249722, 47.387821, 977.0],
          [11.249324, 47.387939, 977.25],
          [11.249242, 47.387954, 977.25],
          [11.249158, 47.387955, 977.25],
          [11.248913, 47.387885, 978.5],
          [11.248574, 47.387889, 978.5],
          [11.248126, 47.387829, 979.75],
          [11.247670, 47.387732, 979.5],
          [11.247312, 47.387692, 979.5],
          [11.247200, 47.387665, 979.75],
          [11.246823, 47.387521, 982.25],
          [11.246433, 47.387404, 982.75],
          [11.245836, 47.387276, 983.25],
          [11.245237, 47.387132, 983.5],
          [11.244949, 47.386926, 984.25],
          [11.244634, 47.386773, 984.25],
          [11.244496, 47.386693, 984.75],
          [11.244360, 47.386530, 985.0],
          [11.244280, 47.386351, 986.0],
          [11.244209, 47.386265, 986.25],
          [11.244100, 47.386220, 986.5],
          [11.243840, 47.386138, 986.75],
          [11.243643, 47.386023, 987.25],
          [11.243612, 47.386004, 987.25],
          [11.243460, 47.385937, 987.75],
          [11.243331, 47.385901, 988.5],
          [11.243266, 47.385895, 988.5],
          [11.243039, 47.385947, 988.0],
          [11.242941, 47.385946, 988.0],
          [11.242659, 47.385913, 988.25],
          [11.242542, 47.385935, 988.0],
          [11.242493, 47.385964, 988.0],
          [11.242484, 47.386045, 987.5],
          [11.242528, 47.386186, 987.25],
          [11.242544, 47.386269, 988.0],
          [11.242504, 47.386330, 988.5],
          [11.242480, 47.386354, 988.75],
          [11.242406, 47.386379, 988.75],
          [11.242363, 47.386381, 988.75],
          [11.242138, 47.386270, 989.25],
          [11.241934, 47.386098, 989.75],
          [11.241779, 47.385968, 990.0],
          [11.241665, 47.385785, 990.5],
          [11.241424, 47.385225, 992.5],
          [11.241369, 47.384937, 993.25],
          [11.241269, 47.384646, 994.0],
          [11.240954, 47.384296, 995.25],
          [11.240582, 47.383920, 996.5],
          [11.239666, 47.383226, 1000.25],
          [11.239215, 47.382778, 1002.25],
          [11.238514, 47.381973, 1003.25],
          [11.238174, 47.381639, 1002.75],
          [11.237960, 47.381392, 1003.25],
          [11.237883, 47.381248, 1002.5],
          [11.237810, 47.381117, 1001.75],
          [11.237579, 47.380658, 1004.0],
          [11.237480, 47.380418, 1004.5],
          [11.237341, 47.380179, 1004.75],
          [11.237137, 47.380038, 1006.0],
          [11.236739, 47.379880, 1005.5],
          [11.236664, 47.379820, 1005.5],
          [11.236618, 47.379760, 1005.75],
          [11.236566, 47.379559, 1006.25],
          [11.236452, 47.379581, 1006.0],
          [11.236165, 47.379666, 1005.0],
          [11.235834, 47.379709, 1005.0],
          [11.235343, 47.379791, 1003.5],
          [11.235267, 47.379783, 1003.5],
          [11.235156, 47.379729, 1003.0],
          [11.234942, 47.379577, 1002.5],
          [11.234236, 47.379125, 1001.25],
          [11.233687, 47.378752, 1002.0],
          [11.233208, 47.378400, 1002.0],
          [11.232907, 47.378117, 1002.0],
          [11.232698, 47.377844, 1002.25],
          [11.232533, 47.377512, 1002.75],
          [11.232404, 47.377288, 1002.75],
          [11.232232, 47.377102, 1002.25],
          [11.231869, 47.376788, 1002.0],
          [11.231711, 47.376609, 1002.0],
          [11.231533, 47.376437, 1001.75],
          [11.231269, 47.376260, 1001.5],
          [11.231190, 47.376186, 1001.25],
          [11.231039, 47.376004, 1001.25],
          [11.230985, 47.375902, 1001.25],
          [11.230939, 47.375783, 1001.5],
          [11.230898, 47.375492, 1001.75],
          [11.230758, 47.375232, 1002.0],
          [11.230525, 47.374927, 1002.0],
          [11.230495, 47.374865, 1002.0],
          [11.230487, 47.374739, 1002.0],
          [11.230503, 47.374676, 1002.25],
          [11.230538, 47.374607, 1002.75],
          [11.230592, 47.374541, 1003.0],
          [11.230668, 47.374474, 1003.0],
          [11.230761, 47.374414, 1002.75],
          [11.231210, 47.374210, 1003.0],
          [11.231594, 47.374027, 1003.5],
          [11.231918, 47.373897, 1002.25],
          [11.232080, 47.373807, 1003.0],
          [11.232132, 47.373758, 1003.25],
          [11.232415, 47.373295, 1003.5],
          [11.232666, 47.372931, 1003.5],
          [11.232790, 47.372824, 1003.75],
          [11.232935, 47.372718, 1003.5],
          [11.232977, 47.372661, 1003.75],
          [11.232991, 47.372616, 1003.75],
          [11.232982, 47.372536, 1004.25],
          [11.232756, 47.372186, 1004.0],
          [11.232717, 47.372075, 1004.25],
          [11.232715, 47.371987, 1004.25],
          [11.232961, 47.371440, 1005.25],
          [11.232955, 47.371394, 1005.5],
          [11.232892, 47.371412, 1005.25],
          [11.232728, 47.371450, 1005.25],
          [11.232429, 47.371520, 1007.0],
          [11.231647, 47.371678, 1008.75],
          [11.230955, 47.371750, 1009.5],
          [11.228916, 47.371736, 1013.75],
          [11.228752, 47.371734, 1014.25],
          [11.228404, 47.371684, 1015.5],
          [11.228057, 47.371601, 1016.75],
          [11.227651, 47.371426, 1019.0],
          [11.227013, 47.370929, 1021.75],
          [11.225144, 47.369356, 1025.25],
          [11.224746, 47.369059, 1026.25],
          [11.224335, 47.368841, 1027.0],
          [11.223853, 47.368700, 1028.0],
          [11.223558, 47.368641, 1028.0],
          [11.223255, 47.368600, 1029.0],
          [11.223266, 47.368570, 1029.0],
          [11.223344, 47.368362, 1028.75],
          [11.223444, 47.368058, 1029.0],
          [11.223468, 47.367888, 1027.75],
          [11.223411, 47.367671, 1026.5],
          [11.223102, 47.367179, 1025.0],
          [11.223066, 47.367047, 1024.75],
          [11.223045, 47.366906, 1024.75],
          [11.223027, 47.366607, 1024.0],
          [11.223047, 47.366440, 1024.0],
          [11.223112, 47.366285, 1023.75],
          [11.223261, 47.365982, 1022.25],
          [11.223357, 47.365636, 1020.25],
          [11.223438, 47.365566, 1020.0],
          [11.223541, 47.365506, 1019.75],
          [11.223694, 47.365462, 1019.5],
          [11.224191, 47.365346, 1019.0],
          [11.224585, 47.365187, 1018.5],
          [11.224927, 47.364938, 1018.0],
          [11.224998, 47.364840, 1018.0],
          [11.225080, 47.364666, 1017.5],
          [11.224998, 47.364443, 1018.0],
          [11.224971, 47.364243, 1018.25],
          [11.224973, 47.364030, 1017.75],
          [11.224916, 47.363906, 1019.0],
          [11.224725, 47.363771, 1020.75],
          [11.224423, 47.363643, 1019.0],
          [11.224271, 47.363538, 1019.75],
          [11.224131, 47.363267, 1019.0],
          [11.223977, 47.362861, 1020.25],
          [11.223701, 47.362585, 1021.25],
          [11.223466, 47.362299, 1023.25],
          [11.223401, 47.362079, 1022.5],
          [11.223356, 47.361192, 1024.0],
          [11.223245, 47.361012, 1026.25],
          [11.223022, 47.360732, 1028.0],
          [11.222896, 47.360596, 1029.25],
          [11.222841, 47.360440, 1029.25],
          [11.222863, 47.360325, 1028.5],
          [11.222922, 47.360177, 1027.25],
          [11.222946, 47.359886, 1025.5],
          [11.222837, 47.359657, 1025.25],
          [11.222728, 47.359509, 1025.75],
          [11.222649, 47.359372, 1025.5],
          [11.222046, 47.358858, 1029.5],
          [11.221707, 47.358372, 1030.0],
          [11.221626, 47.358212, 1030.0],
          [11.221510, 47.358094, 1032.0],
          [11.221262, 47.357904, 1035.75],
          [11.221139, 47.357775, 1036.0],
          [11.220901, 47.357559, 1038.25],
          [11.220641, 47.357391, 1039.5],
          [11.220520, 47.357347, 1040.75],
          [11.220389, 47.357319, 1043.0],
          [11.220124, 47.357285, 1046.0],
          [11.219745, 47.357201, 1045.75],
          [11.219366, 47.357046, 1050.5],
          [11.219327, 47.356990, 1049.0],
          [11.219313, 47.356935, 1047.75],
          [11.219389, 47.356732, 1044.5],
          [11.219402, 47.356675, 1043.75],
          [11.219386, 47.356605, 1042.25],
          [11.219303, 47.356445, 1039.75],
          [11.219190, 47.356305, 1038.5],
          [11.218783, 47.356013, 1035.25],
          [11.218585, 47.355899, 1033.75],
          [11.218025, 47.355741, 1035.0],
          [11.217713, 47.355625, 1034.75],
          [11.217326, 47.355518, 1034.5],
          [11.216994, 47.355394, 1035.75],
          [11.216684, 47.355264, 1033.75],
          [11.216553, 47.355174, 1035.0],
          [11.216443, 47.355075, 1034.75],
          [11.216235, 47.354838, 1034.5],
          [11.216151, 47.354698, 1034.75],
          [11.216046, 47.354558, 1035.5],
          [11.215930, 47.354351, 1036.5],
          [11.215901, 47.354314, 1036.75],
          [11.215833, 47.354282, 1037.25],
          [11.215686, 47.354242, 1038.0],
          [11.215413, 47.354104, 1039.25],
          [11.214394, 47.353313, 1040.0],
          [11.213976, 47.352835, 1038.25],
          [11.213885, 47.352658, 1038.0],
          [11.213762, 47.352514, 1038.25],
          [11.213015, 47.351929, 1040.0],
          [11.212587, 47.351710, 1040.75],
          [11.212044, 47.351323, 1041.5],
          [11.211800, 47.351244, 1042.25],
          [11.211560, 47.351179, 1042.75],
          [11.211430, 47.351129, 1043.0],
          [11.211307, 47.351071, 1043.5],
          [11.210957, 47.350841, 1043.5],
          [11.210697, 47.350681, 1044.25],
          [11.210512, 47.350607, 1044.75],
          [11.210312, 47.350554, 1044.75],
          [11.210215, 47.350521, 1045.0],
          [11.210097, 47.350430, 1045.0],
          [11.210007, 47.350248, 1044.75],
          [11.209930, 47.350147, 1044.5],
          [11.209863, 47.350096, 1044.75],
          [11.209770, 47.350049, 1045.0],
          [11.209345, 47.349877, 1047.0],
          [11.208627, 47.349616, 1050.0],
          [11.208534, 47.349563, 1050.0],
          [11.208318, 47.349385, 1049.25],
          [11.207912, 47.349218, 1050.5],
          [11.207758, 47.349210, 1051.25],
          [11.207418, 47.349210, 1052.75],
          [11.206441, 47.348974, 1053.0],
          [11.206133, 47.348934, 1051.5],
          [11.205946, 47.348977, 1052.75],
          [11.205654, 47.348978, 1052.5],
          [11.205084, 47.349020, 1052.25],
          [11.204943, 47.349038, 1052.0],
          [11.204842, 47.349096, 1052.5],
          [11.204643, 47.349281, 1054.75],
          [11.204071, 47.349423, 1054.25],
          [11.203881, 47.349449, 1055.0],
          [11.203695, 47.349455, 1055.75],
          [11.203441, 47.349430, 1056.5],
          [11.203007, 47.349316, 1057.0],
          [11.202859, 47.349297, 1057.25],
          [11.202707, 47.349294, 1057.25],
          [11.202524, 47.349316, 1057.5],
          [11.202243, 47.349291, 1057.75],
          [11.201991, 47.349209, 1058.75],
          [11.201593, 47.349137, 1058.75],
          [11.201391, 47.349050, 1058.75],
          [11.201230, 47.348942, 1060.0],
          [11.201129, 47.348868, 1059.75],
          [11.200995, 47.348730, 1060.25],
          [11.200843, 47.348599, 1061.75],
          [11.200580, 47.348484, 1062.5],
          [11.199884, 47.348196, 1064.0],
          [11.199693, 47.348054, 1063.25],
          [11.199346, 47.347870, 1064.75],
          [11.199165, 47.347808, 1066.25],
          [11.198937, 47.347752, 1066.75],
          [11.198277, 47.347725, 1069.25],
          [11.198143, 47.347685, 1069.0],
          [11.198067, 47.347640, 1068.75],
          [11.198049, 47.347538, 1068.25],
          [11.198004, 47.347440, 1069.0],
          [11.197926, 47.347322, 1069.75],
          [11.197749, 47.347160, 1069.75],
          [11.197633, 47.347067, 1070.75],
          [11.197483, 47.346975, 1070.75],
          [11.197313, 47.346888, 1071.0],
          [11.197045, 47.346786, 1073.5],
          [11.196950, 47.346729, 1073.5],
          [11.196759, 47.346525, 1073.75],
          [11.196580, 47.346412, 1074.0],
          [11.196103, 47.346221, 1076.5],
          [11.195795, 47.346152, 1079.0],
          [11.195199, 47.346060, 1085.25],
          [11.195006, 47.345995, 1088.75],
          [11.194882, 47.345914, 1089.75],
          [11.194794, 47.345800, 1089.75],
          [11.194723, 47.345652, 1091.25],
          [11.194533, 47.345554, 1093.25],
          [11.194056, 47.345464, 1095.0],
          [11.193472, 47.345263, 1100.75],
          [11.192857, 47.345087, 1104.5],
          [11.192224, 47.345005, 1110.0],
          [11.192016, 47.344999, 1111.25],
          [11.191807, 47.345022, 1110.75],
          [11.191586, 47.345093, 1111.5],
          [11.191357, 47.345105, 1112.25],
          [11.191156, 47.345079, 1115.0],
          [11.190971, 47.344977, 1116.25],
          [11.190884, 47.344908, 1116.5],
          [11.190866, 47.344843, 1116.25],
          [11.190838, 47.344790, 1116.25],
          [11.190622, 47.344526, 1118.0],
          [11.190416, 47.344345, 1118.75],
          [11.190272, 47.344213, 1119.5],
          [11.190071, 47.344071, 1121.0],
          [11.189818, 47.343935, 1121.0],
          [11.189599, 47.343838, 1121.75],
          [11.189586, 47.343830, 1121.75],
          [11.189482, 47.343778, 1122.25],
          [11.189307, 47.343682, 1122.75],
          [11.188915, 47.343524, 1124.5],
          [11.188433, 47.343340, 1125.75],
          [11.188053, 47.343249, 1127.5],
          [11.187859, 47.343142, 1129.75],
          [11.187340, 47.342899, 1131.25],
          [11.187100, 47.342782, 1131.0],
          [11.186917, 47.342650, 1132.0],
          [11.186808, 47.342511, 1132.5],
          [11.186232, 47.342150, 1135.25],
          [11.185529, 47.341541, 1140.5],
          [11.185340, 47.341425, 1140.5],
          [11.184962, 47.341260, 1141.5],
          [11.184821, 47.341089, 1141.25],
          [11.184763, 47.340896, 1141.5],
          [11.184711, 47.340777, 1142.0],
          [11.184506, 47.340561, 1143.5],
          [11.184358, 47.340470, 1144.0],
          [11.184053, 47.340327, 1144.75],
          [11.183914, 47.340205, 1145.5],
          [11.183739, 47.340124, 1146.25],
          [11.183537, 47.340062, 1147.75],
          [11.183265, 47.339993, 1149.0],
          [11.182544, 47.339747, 1152.5],
          [11.182243, 47.339639, 1153.75],
          [11.182166, 47.339593, 1154.25],
          [11.182117, 47.339550, 1154.5],
          [11.181811, 47.339157, 1156.75],
          [11.181703, 47.338973, 1157.5],
          [11.181629, 47.338779, 1158.0],
          [11.181589, 47.338683, 1158.25],
          [11.181470, 47.338530, 1159.0],
          [11.181413, 47.338488, 1159.25],
          [11.181027, 47.338356, 1160.5],
          [11.180932, 47.338301, 1161.25],
          [11.180712, 47.338066, 1162.75],
          [11.180659, 47.337992, 1163.5],
          [11.180054, 47.337652, 1166.0],
          [11.179966, 47.337654, 1166.5],
          [11.179924, 47.337664, 1166.5],
          [11.179901, 47.337609, 1166.5],
          [11.179815, 47.337534, 1166.25],
          [11.179622, 47.337430, 1166.75],
          [11.179402, 47.337350, 1167.5],
          [11.179314, 47.337312, 1167.75],
          [11.179294, 47.337303, 1167.75],
          [11.179101, 47.337278, 1168.25],
          [11.178943, 47.337245, 1168.75],
          [11.178879, 47.337214, 1169.0],
          [11.178755, 47.337140, 1169.25],
          [11.178597, 47.336945, 1170.0],
          [11.178415, 47.336763, 1169.25],
          [11.178111, 47.336591, 1172.25],
          [11.177902, 47.336440, 1173.0],
          [11.177790, 47.336311, 1175.0],
          [11.177572, 47.335956, 1179.5],
          [11.177318, 47.335520, 1184.25],
          [11.177014, 47.335093, 1186.75],
          [11.176899, 47.334849, 1187.0],
          [11.176875, 47.334772, 1187.75],
          [11.176809, 47.334757, 1188.75],
          [11.176832, 47.334709, 1188.5],
          [11.176884, 47.334653, 1188.5],
          [11.176959, 47.334602, 1188.25],
          [11.177151, 47.334509, 1188.5],
          [11.177867, 47.334172, 1190.25],
          [11.178681, 47.333705, 1192.75],
          [11.178998, 47.333502, 1192.75],
          [11.179227, 47.333323, 1193.5],
          [11.179437, 47.333143, 1193.25],
          [11.179468, 47.333107, 1193.5],
          [11.179861, 47.332648, 1195.5],
          [11.180031, 47.332421, 1193.5],
          [11.180357, 47.331743, 1191.5],
          [11.180372, 47.331713, 1191.5],
          [11.180500, 47.331381, 1191.0],
          [11.180523, 47.331296, 1190.25],
          [11.180557, 47.331171, 1189.0],
          [11.180585, 47.330808, 1188.75],
          [11.180607, 47.330676, 1188.5],
          [11.180657, 47.330539, 1188.25],
          [11.180713, 47.330453, 1187.75],
          [11.180790, 47.330371, 1187.25],
          [11.180896, 47.330284, 1186.75],
          [11.181027, 47.330200, 1186.0],
          [11.181119, 47.330148, 1185.75],
          [11.181223, 47.330091, 1185.25],
          [11.181366, 47.330006, 1185.0],
          [11.181681, 47.329838, 1184.75],
          [11.181898, 47.329732, 1184.0],
          [11.181973, 47.329684, 1184.0],
          [11.182039, 47.329631, 1183.75],
          [11.182114, 47.329529, 1184.0],
          [11.182174, 47.329542, 1183.75],
          [11.182254, 47.329559, 1183.5],
          [11.182813, 47.329594, 1181.5],
          [11.183461, 47.329635, 1180.0],
          [11.183707, 47.329653, 1179.5],
          [11.184852, 47.329738, 1178.75],
          [11.184975, 47.329748, 1179.0],
          [11.185009, 47.329751, 1178.75],
          [11.185255, 47.329773, 1177.25],
          [11.185371, 47.329781, 1177.5],
          [11.185497, 47.329790, 1177.5],
          [11.185888, 47.329820, 1177.75],
          [11.186204, 47.329844, 1177.75],
          [11.186331, 47.329853, 1177.75],
          [11.186432, 47.329857, 1178.0],
          [11.186513, 47.329860, 1178.0],
          [11.186880, 47.329874, 1178.0],
          [11.186981, 47.329878, 1178.0],
          [11.187262, 47.329889, 1178.0],
          [11.187334, 47.329900, 1178.0],
          [11.187383, 47.329917, 1178.0],
          [11.187411, 47.329884, 1178.0],
          [11.187444, 47.329867, 1178.0],
          [11.187517, 47.329847, 1178.0],
          [11.187699, 47.329848, 1178.0],
          [11.187842, 47.329862, 1178.0],
          [11.188107, 47.329888, 1178.5],
          [11.188469, 47.329861, 1179.0],
          [11.188486, 47.329863, 1179.0],
          [11.188915, 47.329905, 1180.0],
          [11.188947, 47.329908, 1180.0],
          [11.188979, 47.329639, 1180.5],
          [11.189015, 47.329335, 1181.0],
          [11.189014, 47.329296, 1181.0],
          [11.189014, 47.329284, 1181.0],
          [11.189033, 47.328919, 1181.0],
          [11.189055, 47.328608, 1180.75],
          [11.189058, 47.328596, 1180.75],
          [11.189077, 47.328536, 1180.75],
          [11.189109, 47.328485, 1180.75],
          [11.189061, 47.328419, 1180.5],
          [11.189098, 47.327983, 1180.75],
          [11.189132, 47.327565, 1180.75],
          [11.189134, 47.327526, 1180.75],
          [11.188998, 47.327554, 1180.5],
          [11.188938, 47.327571, 1180.25],
          [11.188816, 47.327607, 1180.25],
          [11.188760, 47.327617, 1180.0],
          [11.188702, 47.327619, 1180.0],
          [11.188650, 47.327610, 1180.0],
          [11.188575, 47.327578, 1179.75],
          [11.188546, 47.327548, 1179.75],
          [11.188527, 47.327514, 1179.5],
          [11.188490, 47.327358, 1179.25],
          [11.188472, 47.327290, 1179.0],
          [11.188425, 47.327139, 1179.0],
          [11.188397, 47.327075, 1179.0],
          [11.188348, 47.327010, 1179.0],
          [11.188215, 47.326887, 1179.0],
          [11.188178, 47.326834, 1179.0],
          [11.188166, 47.326771, 1179.0],
          [11.188180, 47.326714, 1179.0],
          [11.188233, 47.326635, 1179.0],
          [11.188300, 47.326548, 1179.0],
          [11.188335, 47.326502, 1179.0],
          [11.188371, 47.326449, 1179.0],
          [11.188379, 47.326396, 1179.0],
          [11.188333, 47.326397, 1179.0],
          [11.188251, 47.326385, 1178.75],
          [11.188026, 47.326333, 1178.5],
          [11.187873, 47.326278, 1178.0],
          [11.187772, 47.326229, 1178.0],
          [11.187654, 47.326153, 1178.5],
          [11.187572, 47.326080, 1179.25],
          [11.187492, 47.325990, 1180.0],
          [11.187329, 47.325761, 1180.0],
          [11.187272, 47.325695, 1180.25],
          [11.187218, 47.325633, 1180.5],
          [11.187154, 47.325578, 1180.75],
          [11.187103, 47.325538, 1181.0],
          [11.186983, 47.325463, 1181.25],
          [11.186812, 47.325382, 1183.25],
          [11.186825, 47.325327, 1183.0],
          [11.186846, 47.325222, 1182.5],
          [11.186840, 47.325139, 1182.5],
          [11.186845, 47.325096, 1182.25],
          [11.186870, 47.325046, 1182.25],
          [11.187153, 47.324787, 1181.25],
          [11.187342, 47.324555, 1180.25],
          [11.187441, 47.324436, 1179.5],
          [11.188007, 47.323699, 1179.0],
          [11.188785, 47.322874, 1180.0],
          [11.189044, 47.322469, 1180.0],
          [11.189065, 47.322437, 1180.5],
          [11.189434, 47.322073, 1182.0],
          [11.190175, 47.321249, 1179.25],
          [11.190243, 47.321162, 1179.0],
          [11.190316, 47.320964, 1179.75],
          [11.190342, 47.320797, 1180.75],
          [11.190371, 47.320687, 1181.0],
          [11.190386, 47.320668, 1181.0],
          [11.190377, 47.320565, 1181.75],
          [11.190252, 47.320150, 1183.5],
          [11.190148, 47.319954, 1184.25],
          [11.190001, 47.319722, 1184.75],
          [11.190023, 47.319445, 1185.5],
          [11.189972, 47.319253, 1186.25],
          [11.189870, 47.318955, 1187.75],
          [11.189902, 47.318860, 1187.75],
          [11.189978, 47.318785, 1187.5],
          [11.190353, 47.318632, 1184.0],
          [11.190455, 47.318497, 1183.25],
          [11.190768, 47.318042, 1183.0],
          [11.190884, 47.317749, 1183.0],
          [11.190996, 47.317532, 1184.25],
          [11.191062, 47.317446, 1184.0],
          [11.191199, 47.317333, 1184.0],
          [11.191274, 47.317291, 1184.25],
          [11.191462, 47.317221, 1184.5],
          [11.192689, 47.316915, 1183.0],
          [11.193113, 47.316854, 1184.25],
          [11.193328, 47.316844, 1185.25],
          [11.193497, 47.316851, 1185.5],
          [11.193835, 47.316879, 1187.5],
          [11.194022, 47.316847, 1189.25],
          [11.194242, 47.316713, 1190.5],
          [11.194283, 47.316698, 1190.75],
          [11.194401, 47.316686, 1191.75],
          [11.194525, 47.316702, 1192.0],
          [11.194954, 47.316712, 1192.0],
          [11.195112, 47.316694, 1191.5],
          [11.195255, 47.316665, 1191.0],
          [11.195518, 47.316582, 1190.0],
          [11.195672, 47.316518, 1189.0],
          [11.196046, 47.316384, 1187.25],
          [11.196284, 47.316319, 1187.0],
          [11.196447, 47.316260, 1186.25],
          [11.196587, 47.316207, 1185.25],
          [11.196690, 47.316149, 1184.75],
          [11.196809, 47.316039, 1184.25],
          [11.196909, 47.315962, 1183.5],
          [11.197062, 47.315868, 1181.75],
          [11.197350, 47.315764, 1179.0],
          [11.198040, 47.315474, 1177.25],
          [11.198152, 47.315386, 1176.25],
          [11.198241, 47.315303, 1175.5],
          [11.198445, 47.315328, 1174.5],
          [11.198484, 47.315219, 1173.25],
          [11.198504, 47.315064, 1172.0],
          [11.198511, 47.315001, 1171.5],
          [11.198504, 47.314929, 1171.25],
          [11.198509, 47.314771, 1170.5],
          [11.198550, 47.314683, 1169.75],
          [11.198628, 47.314572, 1168.75],
          [11.198734, 47.314465, 1168.0],
          [11.198872, 47.314339, 1166.25],
          [11.198909, 47.314288, 1165.75],
          [11.198963, 47.314125, 1164.75],
          [11.199059, 47.314113, 1164.75],
          [11.199069, 47.314058, 1164.5],
          [11.199162, 47.313641, 1162.0],
          [11.199291, 47.313279, 1160.25],
          [11.199668, 47.312364, 1147.5],
          [11.199784, 47.312067, 1143.75],
          [11.199890, 47.311865, 1141.0],
          [11.199958, 47.311665, 1136.75],
          [11.199977, 47.311431, 1133.0],
          [11.199950, 47.311100, 1128.5],
          [11.199762, 47.309845, 1112.5],
          [11.199765, 47.309679, 1110.25],
          [11.199802, 47.309518, 1109.25],
          [11.199826, 47.309452, 1109.0],
          [11.199881, 47.309298, 1107.25],
          [11.199803, 47.309270, 1106.75],
          [11.199757, 47.309253, 1106.25],
          [11.198784, 47.308861, 1108.5],
          [11.198622, 47.308739, 1108.75],
          [11.198459, 47.308565, 1108.75],
          [11.198389, 47.308483, 1108.5],
          [11.198168, 47.308223, 1107.75],
          [11.197779, 47.307729, 1105.75],
          [11.197680, 47.307575, 1106.0],
          [11.197338, 47.307044, 1099.75],
          [11.197294, 47.307000, 1099.0],
          [11.197079, 47.306785, 1097.25],
          [11.197229, 47.306539, 1093.75],
          [11.197422, 47.306269, 1088.5],
          [11.197571, 47.306120, 1085.0],
          [11.197728, 47.305981, 1083.5],
          [11.197761, 47.305925, 1083.0],
          [11.197769, 47.305911, 1082.75],
          [11.197755, 47.305824, 1081.75],
          [11.197720, 47.305716, 1080.25],
          [11.197871, 47.305575, 1078.5],
          [11.197910, 47.305535, 1079.0],
          [11.197937, 47.305470, 1079.75],
          [11.197919, 47.305379, 1080.25],
          [11.197817, 47.305083, 1078.5],
          [11.197777, 47.305073, 1077.25],
          [11.197633, 47.304926, 1076.75],
          [11.197312, 47.304818, 1071.5],
          [11.197262, 47.304774, 1070.25],
          [11.197187, 47.304639, 1068.75],
          [11.197082, 47.304511, 1066.5],
          [11.196992, 47.304430, 1064.0],
          [11.196710, 47.304276, 1062.75],
          [11.196609, 47.304177, 1060.25],
          [11.196461, 47.303995, 1057.25],
          [11.196423, 47.303910, 1055.5],
          [11.196397, 47.303803, 1054.25],
          [11.196261, 47.303438, 1051.75],
          [11.196229, 47.303303, 1049.5],
          [11.196221, 47.303206, 1048.5],
          [11.196281, 47.302775, 1047.0],
          [11.196314, 47.302684, 1045.0],
          [11.196358, 47.302602, 1043.0],
          [11.196385, 47.302507, 1040.0],
          [11.196378, 47.302441, 1039.5],
          [11.196232, 47.302123, 1032.5],
          [11.196203, 47.302018, 1029.75],
          [11.196182, 47.301865, 1027.5],
          [11.196117, 47.301737, 1024.5],
          [11.195941, 47.301509, 1023.75],
          [11.195865, 47.301391, 1020.0],
          [11.195822, 47.301285, 1018.25],
          [11.195803, 47.301193, 1017.5],
          [11.195792, 47.301078, 1016.75],
          [11.195805, 47.300925, 1015.75],
          [11.195839, 47.300718, 1013.0],
          [11.195861, 47.300649, 1012.25],
          [11.196036, 47.300383, 1011.25],
          [11.196295, 47.300129, 1006.0],
          [11.196473, 47.299972, 1003.25],
          [11.196766, 47.299654, 1000.0],
          [11.197035, 47.299389, 996.75],
          [11.197199, 47.299237, 994.0],
          [11.197397, 47.299116, 991.75],
          [11.197520, 47.298965, 987.75],
          [11.197575, 47.298871, 989.25],
          [11.197656, 47.298637, 985.75],
          [11.197671, 47.298576, 984.25],
          [11.197683, 47.298434, 981.0],
          [11.197796, 47.298196, 975.0],
          [11.198119, 47.297642, 966.75],
          [11.198170, 47.297542, 964.25],
          [11.198198, 47.297452, 961.75],
          [11.198266, 47.297335, 959.5],
          [11.198324, 47.297181, 954.0],
          [11.198401, 47.297028, 952.5],
          [11.198439, 47.296893, 950.25],
          [11.198488, 47.296762, 948.25],
          [11.198608, 47.296607, 942.75],
          [11.198898, 47.296307, 934.75],
          [11.199502, 47.295698, 923.75],
          [11.199794, 47.295328, 918.75],
          [11.200266, 47.294910, 910.5],
          [11.200352, 47.294845, 909.25],
          [11.200694, 47.294679, 909.0],
          [11.200757, 47.294637, 908.5],
          [11.201026, 47.294431, 906.5],
          [11.201339, 47.294140, 902.75],
          [11.201431, 47.294065, 902.25],
          [11.201532, 47.293997, 901.5],
          [11.201753, 47.293891, 899.0],
          [11.201903, 47.293827, 897.75],
          [11.202058, 47.293774, 895.75],
          [11.202192, 47.293755, 895.0],
          [11.202357, 47.293744, 896.75],
          [11.202383, 47.293730, 897.0],
          [11.202397, 47.293689, 896.75],
          [11.202370, 47.293588, 895.25],
          [11.202285, 47.293504, 893.25],
          [11.202172, 47.293333, 892.75],
          [11.202168, 47.293251, 891.5],
          [11.202188, 47.293183, 891.5],
          [11.202226, 47.293112, 891.75],
          [11.202313, 47.293025, 891.75],
          [11.202505, 47.292963, 894.75],
          [11.202525, 47.292922, 894.5],
          [11.202532, 47.292883, 894.25],
          [11.202519, 47.292805, 893.0],
          [11.202368, 47.292568, 892.25],
          [11.202258, 47.292422, 890.75],
          [11.202235, 47.292327, 890.75],
          [11.202240, 47.292232, 891.75],
          [11.202288, 47.292141, 893.0],
          [11.202310, 47.292064, 893.0],
          [11.202280, 47.291871, 889.25],
          [11.202287, 47.291753, 889.75],
          [11.202223, 47.291513, 886.25],
          [11.202162, 47.291354, 883.75],
          [11.202028, 47.291221, 880.0],
          [11.201931, 47.291079, 878.25],
          [11.201881, 47.290947, 875.75],
          [11.201842, 47.290815, 873.75],
          [11.201699, 47.290598, 869.25],
          [11.201555, 47.290433, 865.5],
          [11.201121, 47.289901, 859.25],
          [11.200956, 47.289711, 856.75],
          [11.200894, 47.289659, 856.25],
          [11.200815, 47.289598, 855.75],
          [11.200608, 47.289465, 853.5],
          [11.200354, 47.289352, 852.5],
          [11.199888, 47.289104, 850.25],
          [11.199709, 47.289001, 849.5],
          [11.199580, 47.288888, 848.75],
          [11.199409, 47.288516, 848.0],
          [11.199338, 47.288430, 847.75],
          [11.199054, 47.288261, 847.5],
          [11.198863, 47.288169, 847.0],
          [11.198767, 47.288126, 845.5],
          [11.198613, 47.288026, 843.25],
          [11.198197, 47.287838, 839.75],
          [11.197702, 47.287574, 832.0],
          [11.197638, 47.287495, 831.25],
          [11.197584, 47.287302, 831.0],
          [11.197582, 47.287206, 831.0],
          [11.197602, 47.287158, 830.5],
          [11.197761, 47.286944, 828.0],
          [11.197868, 47.286760, 827.5],
          [11.197896, 47.286678, 827.0],
          [11.197898, 47.286588, 826.25],
          [11.197853, 47.286509, 825.75],
          [11.197749, 47.286426, 825.5],
          [11.197490, 47.286262, 824.5],
          [11.197434, 47.286189, 823.25],
          [11.197351, 47.286124, 822.25],
          [11.197232, 47.286100, 821.75],
          [11.197114, 47.286097, 821.25],
          [11.196941, 47.286082, 820.0],
          [11.196886, 47.286054, 818.75],
          [11.196860, 47.286003, 817.0],
          [11.196862, 47.285914, 814.25],
          [11.196920, 47.285780, 810.5],
          [11.197037, 47.285646, 807.5],
          [11.197304, 47.285286, 799.0],
          [11.197385, 47.285195, 795.25],
          [11.197502, 47.285108, 792.25],
          [11.197642, 47.285026, 789.75],
          [11.198079, 47.284849, 782.75],
          [11.198324, 47.284771, 780.0],
          [11.198568, 47.284710, 777.5],
          [11.198753, 47.284685, 774.5],
          [11.199450, 47.284618, 765.0],
          [11.199877, 47.284626, 760.75],
          [11.200412, 47.284564, 755.0],
          [11.200598, 47.284559, 753.5],
          [11.201050, 47.284633, 749.5],
          [11.201214, 47.284629, 747.25],
          [11.201718, 47.284590, 740.75],
          [11.202681, 47.284565, 733.5],
          [11.203464, 47.284430, 719.5],
          [11.203853, 47.284429, 715.5],
          [11.204223, 47.284400, 710.5],
          [11.204563, 47.284360, 706.0],
          [11.204773, 47.284294, 702.75],
          [11.204923, 47.284212, 699.0],
          [11.205074, 47.284070, 694.5],
          [11.205195, 47.283877, 689.75],
          [11.205371, 47.283768, 685.25],
          [11.205843, 47.283578, 680.25],
          [11.206039, 47.283491, 677.25],
          [11.206283, 47.283382, 674.25],
          [11.207302, 47.282970, 665.25],
          [11.207386, 47.282920, 664.25],
          [11.207444, 47.282851, 662.25],
          [11.207707, 47.282726, 659.25],
          [11.207735, 47.282702, 659.0],
          [11.207730, 47.282678, 658.25],
          [11.207696, 47.282656, 657.5],
          [11.207646, 47.282646, 657.0],
          [11.207579, 47.282649, 656.5],
          [11.207039, 47.282670, 651.0],
          [11.206394, 47.282670, 642.5],
          [11.205999, 47.282662, 639.75],
          [11.205643, 47.282681, 635.5],
          [11.205465, 47.282679, 632.5],
          [11.205361, 47.282659, 630.5],
          [11.205182, 47.282598, 627.25],
          [11.205088, 47.282547, 625.25],
          [11.205318, 47.282229, 616.5],
          [11.205353, 47.282114, 613.75],
          [11.205328, 47.281990, 610.5],
          [11.205240, 47.281892, 608.0],
          [11.204966, 47.281868, 607.25],
          [11.204935, 47.281792, 605.75],
          [11.204883, 47.281550, 602.5],
          [11.204872, 47.281481, 602.25],
          [11.204957, 47.281262, 601.5],
          [11.204967, 47.281234, 601.25],
          [11.204984, 47.281191, 601.25],
          [11.205209, 47.281191, 601.0],
          [11.205523, 47.281191, 601.0],
          [11.205942, 47.281137, 602.5],
          [11.206414, 47.281009, 605.0],
          [11.207182, 47.280690, 604.5],
          [11.208106, 47.280300, 610.0],
          [11.208288, 47.280236, 609.5],
          [11.208537, 47.280171, 609.25],
          [11.208613, 47.280154, 609.5],
          [11.209084, 47.280077, 609.75],
          [11.209576, 47.280069, 610.75],
          [11.210099, 47.280127, 610.5],
          [11.211576, 47.280333, 610.75],
          [11.211666, 47.280345, 610.5],
          [11.212461, 47.280459, 606.0],
          [11.212819, 47.280485, 606.0],
          [11.213183, 47.280479, 609.25],
          [11.213589, 47.280418, 607.75],
          [11.214030, 47.280324, 610.25],
          [11.214324, 47.280254, 608.75],
          [11.214631, 47.280197, 609.75],
          [11.214884, 47.280170, 611.0],
          [11.215141, 47.280154, 612.25],
          [11.215446, 47.280151, 612.25],
          [11.215639, 47.280162, 611.0],
          [11.216208, 47.280188, 609.0],
          [11.216789, 47.280149, 607.75],
          [11.218198, 47.279979, 608.5],
          [11.220655, 47.279682, 607.5],
          [11.221089, 47.279602, 606.75],
          [11.221415, 47.279524, 608.75],
          [11.222717, 47.279107, 608.75],
          [11.224039, 47.278679, 607.25],
          [11.224787, 47.278357, 606.5],
          [11.225164, 47.278253, 606.0],
          [11.226046, 47.278103, 605.5],
          [11.226934, 47.277956, 604.5],
          [11.227379, 47.277929, 604.75],
          [11.228338, 47.277904, 605.75],
          [11.228897, 47.277821, 604.25],
          [11.230212, 47.277548, 604.5],
          [11.230351, 47.277520, 604.0],
          [11.230403, 47.277510, 603.75],
          [11.231100, 47.277378, 606.25],
          [11.231166, 47.277366, 607.25],
          [11.231415, 47.277308, 608.75],
          [11.231702, 47.277231, 607.75],
          [11.231968, 47.277142, 607.25],
          [11.232138, 47.277078, 607.5],
          [11.232395, 47.276961, 608.25],
          [11.232455, 47.276928, 608.5],
          [11.232751, 47.276757, 610.75],
          [11.233092, 47.276541, 613.5],
          [11.233382, 47.276356, 614.25],
          [11.233469, 47.276301, 615.0],
          [11.233609, 47.276216, 615.5],
          [11.233904, 47.276032, 616.75],
          [11.234107, 47.275906, 617.25],
          [11.234287, 47.275797, 617.5],
          [11.234647, 47.275572, 618.75],
          [11.234751, 47.275509, 619.0],
          [11.235023, 47.275339, 621.0],
          [11.235213, 47.275225, 621.5],
          [11.235361, 47.275136, 621.75],
          [11.235670, 47.274971, 623.25],
          [11.235956, 47.274848, 624.25],
          [11.236135, 47.274782, 624.5],
          [11.236373, 47.274705, 625.75],
          [11.236575, 47.274652, 626.25],
          [11.236910, 47.274581, 626.75],
          [11.237066, 47.274554, 627.0],
          [11.237364, 47.274518, 628.0],
          [11.237416, 47.274513, 628.0],
          [11.237933, 47.274464, 629.25],
          [11.237987, 47.274458, 629.0],
          [11.238348, 47.274399, 629.75],
          [11.238654, 47.274331, 630.75],
          [11.238721, 47.274314, 631.25],
          [11.238728, 47.274312, 631.25],
          [11.239078, 47.274208, 632.25],
          [11.239248, 47.274154, 632.5],
          [11.239601, 47.274038, 633.5],
          [11.239732, 47.273993, 633.75],
          [11.240378, 47.273824, 633.25],
          [11.241110, 47.273680, 631.25],
          [11.241171, 47.273671, 630.5],
          [11.241341, 47.273644, 628.0],
          [11.241379, 47.273636, 627.25],
          [11.241468, 47.273606, 627.75],
          [11.241534, 47.273585, 628.0],
          [11.241730, 47.273512, 628.5],
          [11.241964, 47.273414, 628.25],
          [11.242057, 47.273352, 628.25],
          [11.242217, 47.273250, 628.5],
          [11.242325, 47.273217, 628.5],
          [11.243110, 47.273051, 628.75],
          [11.243180, 47.273035, 628.75],
          [11.243746, 47.272915, 628.0],
          [11.244141, 47.272831, 626.25],
          [11.244152, 47.272829, 626.25],
          [11.244627, 47.272733, 625.0],
          [11.244740, 47.272711, 624.5],
          [11.244812, 47.272697, 624.25],
          [11.244944, 47.272667, 623.75],
          [11.245010, 47.272651, 623.5],
          [11.245743, 47.272481, 621.75],
          [11.245853, 47.272457, 621.75],
          [11.246355, 47.272347, 620.5],
          [11.246552, 47.272304, 620.25],
          [11.247475, 47.272102, 620.0],
          [11.248087, 47.271978, 621.0],
          [11.248144, 47.271966, 621.0],
          [11.248275, 47.271940, 620.75],
          [11.248778, 47.271838, 621.5],
          [11.248927, 47.271807, 621.5],
          [11.248987, 47.271795, 621.25],
          [11.249081, 47.271776, 621.25],
          [11.249097, 47.271773, 621.25],
          [11.249496, 47.271692, 621.0],
          [11.249687, 47.271654, 620.75],
          [11.249993, 47.271593, 620.25],
          [11.250045, 47.271583, 620.25],
          [11.250243, 47.271544, 620.5],
          [11.250327, 47.271528, 620.5],
          [11.250306, 47.271358, 619.75],
          [11.250302, 47.271190, 618.5],
          [11.250301, 47.270905, 617.0],
          [11.250303, 47.270802, 616.5],
          [11.250323, 47.270639, 615.5],
          [11.250364, 47.270514, 614.5],
          [11.250436, 47.270351, 613.5],
          [11.250554, 47.270142, 613.5],
          [11.250732, 47.269822, 612.25],
          [11.250872, 47.269575, 610.25],
          [11.251048, 47.269305, 609.25],
          [11.251139, 47.269179, 609.0],
          [11.251253, 47.269055, 608.75],
          [11.251469, 47.268935, 608.75],
          [11.251630, 47.268775, 607.5],
          [11.251726, 47.268690, 607.25],
          [11.251815, 47.268624, 607.0],
          [11.251950, 47.268543, 606.5],
          [11.252158, 47.268427, 605.5],
          [11.252228, 47.268351, 605.0],
          [11.252254, 47.268293, 604.75],
          [11.252303, 47.268140, 604.25],
          [11.252398, 47.267944, 603.25],
          [11.252495, 47.267771, 602.75],
          [11.252567, 47.267540, 602.5],
          [11.252592, 47.267442, 602.0],
          [11.252621, 47.267367, 601.5],
          [11.252734, 47.267232, 601.0],
          [11.252805, 47.267153, 600.5],
          [11.252975, 47.266963, 599.25],
          [11.252991, 47.266945, 599.0],
          [11.253226, 47.266696, 598.25],
          [11.253362, 47.266542, 597.75],
          [11.253480, 47.266410, 597.5],
          [11.253623, 47.266233, 596.75],
          [11.253736, 47.266087, 595.75],
          [11.253742, 47.266080, 595.75],
          [11.253858, 47.265904, 594.25],
          [11.253929, 47.265802, 593.75],
          [11.254006, 47.265688, 593.75],
          [11.254056, 47.265597, 593.25],
          [11.254103, 47.265487, 593.0],
          [11.254170, 47.265271, 592.75],
          [11.254205, 47.265190, 592.5],
          [11.254258, 47.265097, 592.25],
          [11.254269, 47.265077, 592.25],
          [11.254306, 47.265020, 592.0],
          [11.254339, 47.265004, 592.0],
          [11.254381, 47.264998, 591.75],
          [11.254452, 47.265003, 592.0],
          [11.254601, 47.265041, 592.0],
          [11.254685, 47.265055, 592.0],
          [11.254759, 47.265045, 592.0],
          [11.254797, 47.265027, 592.0],
          [11.255600, 47.264268, 591.75],
          [11.255780, 47.264098, 593.25],
          [11.256076, 47.264201, 592.75],
          [11.256315, 47.264312, 593.25],
          [11.256718, 47.264533, 592.25],
          [11.256895, 47.264602, 592.5],
          [11.257917, 47.264923, 592.0],
          [11.258363, 47.265037, 592.0],
          [11.259981, 47.265288, 592.0],
          [11.260366, 47.265455, 594.75],
          [11.260490, 47.265610, 594.25],
          [11.260569, 47.265906, 592.5],
          [11.260651, 47.265976, 593.25],
          [11.261253, 47.266202, 591.0],
          [11.261858, 47.266407, 589.25],
          [11.261926, 47.266429, 588.75],
          [11.262071, 47.266445, 589.5],
          [11.262136, 47.266445, 589.75],
          [11.262442, 47.266452, 590.25],
          [11.262833, 47.266443, 591.5],
          [11.263430, 47.266422, 592.0],
          [11.263608, 47.266417, 591.5],
          [11.263866, 47.266351, 592.0],
          [11.264061, 47.266326, 591.25],
          [11.265602, 47.266051, 589.0],
          [11.265828, 47.265932, 590.75],
          [11.265947, 47.265858, 592.25],
          [11.266165, 47.265772, 592.75],
          [11.268819, 47.265222, 591.5],
          [11.269750, 47.265190, 589.5],
          [11.272592, 47.265262, 589.75],
          [11.273815, 47.265359, 590.0],
          [11.276105, 47.265560, 590.75],
          [11.278366, 47.265672, 589.5],
          [11.278937, 47.265675, 589.75],
          [11.281392, 47.265594, 587.5],
          [11.281590, 47.265583, 587.5],
          [11.282355, 47.265564, 587.75],
          [11.282512, 47.265532, 587.0],
          [11.282708, 47.265458, 587.5],
          [11.282853, 47.265392, 588.0],
          [11.283053, 47.265338, 588.0],
          [11.283351, 47.265239, 588.25],
          [11.284871, 47.264603, 588.0],
          [11.285970, 47.264200, 588.75],
          [11.286539, 47.264010, 587.75],
          [11.287107, 47.263840, 587.5],
          [11.287972, 47.263620, 588.0],
          [11.288680, 47.263465, 587.0],
          [11.289582, 47.263317, 587.5],
          [11.290937, 47.263173, 586.5],
          [11.291797, 47.263130, 587.25],
          [11.292883, 47.263122, 587.5],
          [11.294335, 47.263170, 586.5],
          [11.299045, 47.263485, 585.0],
          [11.309061, 47.264217, 585.75],
          [11.310304, 47.264337, 583.75],
          [11.312115, 47.264540, 583.5],
          [11.312689, 47.264599, 583.0],
          [11.313528, 47.264650, 583.5],
          [11.314063, 47.264655, 583.5],
          [11.314915, 47.264563, 583.5],
          [11.316020, 47.264579, 583.0],
          [11.316897, 47.264489, 583.25],
          [11.317400, 47.264413, 583.25],
          [11.318360, 47.264241, 583.25],
          [11.318768, 47.264151, 583.25],
          [11.319212, 47.264032, 583.0],
          [11.320006, 47.263805, 583.0],
          [11.320767, 47.263552, 583.0],
          [11.321142, 47.263410, 582.5],
          [11.321407, 47.263302, 582.75],
          [11.321706, 47.263166, 582.0],
          [11.322740, 47.262670, 582.25],
          [11.322955, 47.262439, 583.75],
          [11.323396, 47.262129, 584.0],
          [11.323754, 47.261874, 583.75],
          [11.324050, 47.261604, 584.5],
          [11.324201, 47.261391, 583.5],
          [11.324270, 47.261237, 585.0],
          [11.324417, 47.261165, 583.75],
          [11.324570, 47.261145, 584.75],
          [11.324998, 47.261224, 585.5],
          [11.325110, 47.261200, 584.5],
          [11.325421, 47.260908, 583.0],
          [11.325362, 47.260888, 583.5],
          [11.325223, 47.260823, 584.0],
          [11.325084, 47.260746, 583.75],
          [11.325003, 47.260699, 583.5],
          [11.324958, 47.260665, 583.5],
          [11.324899, 47.260586, 582.75],
          [11.324533, 47.259599, 583.0],
          [11.324476, 47.259425, 583.0],
          [11.324473, 47.259347, 583.25],
          [11.324505, 47.259275, 583.25],
          [11.324965, 47.258819, 583.0],
          [11.325524, 47.258292, 583.0],
          [11.326094, 47.257770, 583.0],
          [11.326942, 47.257089, 583.25],
          [11.328309, 47.256339, 582.25],
          [11.328612, 47.256184, 580.75],
          [11.328943, 47.256046, 581.75],
          [11.329477, 47.255822, 582.0],
          [11.330096, 47.255578, 581.75],
          [11.331206, 47.255173, 582.25],
          [11.331330, 47.255130, 582.5],
          [11.331397, 47.255104, 582.5],
          [11.331573, 47.255033, 582.25],
          [11.331664, 47.254993, 582.0],
          [11.331835, 47.254963, 582.25],
          [11.332930, 47.254585, 582.25],
          [11.333002, 47.254585, 582.0],
          [11.333062, 47.254592, 581.75],
          [11.333427, 47.254817, 581.0],
          [11.333467, 47.254811, 581.0],
          [11.334420, 47.254257, 581.0],
          [11.334551, 47.254183, 581.5],
          [11.334923, 47.253990, 580.5],
          [11.335019, 47.253948, 580.75],
          [11.335750, 47.253600, 581.25],
          [11.336960, 47.253121, 581.5],
          [11.337617, 47.252906, 580.75],
          [11.338057, 47.252772, 582.0],
          [11.338943, 47.252543, 581.75],
          [11.339994, 47.252356, 580.5],
          [11.340702, 47.252269, 581.25],
          [11.341345, 47.252213, 581.0],
          [11.341981, 47.252193, 580.25],
          [11.342649, 47.252187, 580.25],
          [11.343457, 47.252229, 580.75],
          [11.343963, 47.252273, 580.75],
          [11.344570, 47.252345, 579.75],
          [11.345514, 47.252528, 580.25],
          [11.346147, 47.252673, 579.0],
          [11.346829, 47.252843, 580.25],
          [11.348150, 47.253216, 578.75],
          [11.350641, 47.253934, 579.25],
          [11.352660, 47.254390, 577.5],
          [11.352740, 47.254400, 578.0],
          [11.354418, 47.254618, 576.75],
          [11.355755, 47.254669, 577.5],
          [11.357139, 47.254646, 576.25],
          [11.359442, 47.254344, 576.75],
          [11.361787, 47.253896, 578.0],
          [11.366494, 47.252806, 577.75],
          [11.367554, 47.252601, 576.75],
          [11.368540, 47.252517, 578.5],
          [11.369278, 47.252513, 578.5],
          [11.369692, 47.252550, 577.75],
          [11.370382, 47.252623, 577.5],
          [11.371687, 47.252892, 577.75],
          [11.372227, 47.253062, 577.75],
          [11.372802, 47.253284, 576.5],
          [11.373363, 47.253563, 575.75],
          [11.373867, 47.253850, 576.75],
          [11.374179, 47.254095, 575.0],
          [11.374800, 47.254585, 575.5],
          [11.375079, 47.254805, 576.0],
          [11.376215, 47.255864, 575.5],
          [11.376296, 47.255941, 575.5],
          [11.376665, 47.256312, 575.25],
          [11.376829, 47.256466, 575.25],
          [11.376937, 47.256506, 575.5],
          [11.377059, 47.256606, 575.0],
          [11.377216, 47.256768, 575.0],
          [11.377267, 47.256813, 575.0],
          [11.377298, 47.256840, 575.25],
          [11.377579, 47.257122, 574.75],
          [11.377682, 47.257198, 575.0],
          [11.377842, 47.257366, 574.75],
          [11.377942, 47.257463, 574.75],
          [11.378624, 47.258102, 575.25],
          [11.379299, 47.258717, 575.0],
          [11.379364, 47.258782, 575.25],
          [11.379396, 47.258861, 575.25],
          [11.379544, 47.259047, 574.75],
          [11.379622, 47.259138, 574.5],
          [11.379680, 47.259193, 574.5],
          [11.379896, 47.259390, 574.5],
          [11.380020, 47.259432, 576.0],
          [11.380207, 47.259699, 575.0],
          [11.380460, 47.260014, 574.75],
          [11.380657, 47.260244, 574.75],
          [11.381019, 47.260704, 574.75],
          [11.381101, 47.260793, 575.75],
          [11.381808, 47.261446, 575.75],
          [11.381936, 47.261555, 575.75],
          [11.382013, 47.261664, 576.0],
          [11.382037, 47.261764, 575.75],
          [11.382153, 47.261901, 575.75],
          [11.382269, 47.262067, 575.5],
          [11.382352, 47.262294, 574.75],
          [11.382600, 47.262582, 574.5],
          [11.382905, 47.262957, 574.5],
          [11.382948, 47.263012, 574.5],
          [11.383001, 47.263073, 574.75],
          [11.383608, 47.263768, 574.5],
          [11.383825, 47.263974, 573.75],
          [11.383905, 47.264067, 574.0],
          [11.384237, 47.264335, 572.5],
          [11.384466, 47.264426, 574.0],
          [11.384556, 47.264474, 573.75],
          [11.384632, 47.264536, 573.5],
          [11.384687, 47.264617, 573.75],
          [11.384734, 47.264668, 574.0],
          [11.384748, 47.264683, 574.0],
          [11.384813, 47.264734, 574.0],
          [11.385033, 47.264871, 574.0],
          [11.385258, 47.265018, 574.5],
          [11.385602, 47.265237, 575.0],
          [11.385650, 47.265343, 574.0],
          [11.386050, 47.265566, 574.0],
          [11.386634, 47.265864, 573.25],
          [11.386904, 47.266001, 573.0],
          [11.387582, 47.266346, 574.5],
          [11.387909, 47.266513, 573.0],
          [11.388055, 47.266588, 573.75],
          [11.388348, 47.266740, 572.75],
          [11.388515, 47.266827, 573.0],
          [11.388643, 47.266902, 574.0],
          [11.388757, 47.266970, 573.5],
          [11.389135, 47.267164, 573.5],
          [11.389510, 47.267358, 572.5],
          [11.389884, 47.267537, 573.25],
          [11.389992, 47.267622, 572.0],
          [11.390114, 47.267686, 572.25],
          [11.390570, 47.267916, 572.0],
          [11.390812, 47.268047, 573.5],
          [11.390979, 47.268127, 572.75],
          [11.391142, 47.268182, 572.25],
          [11.391262, 47.268209, 573.25],
          [11.391272, 47.268211, 573.25],
          [11.391311, 47.268220, 573.75],
          [11.391405, 47.268291, 574.75],
          [11.391512, 47.268381, 573.75],
          [11.391579, 47.268441, 572.75],
          [11.391595, 47.268440, 572.75],
          [11.391689, 47.268435, 572.75],
          [11.391740, 47.268493, 572.5],
          [11.391945, 47.268709, 572.75],
          [11.392469, 47.269260, 573.25],
          [11.392537, 47.269238, 573.75],
          [11.392552, 47.269234, 573.75],
          [11.392583, 47.269250, 573.75],
          [11.392791, 47.269187, 573.75]
        ]
      }
    }
  ]
}
