{
  "type": "FeatureCollection",
  "features": [
    {
      "type": "Feature",
      "properties": {
        "creator": "BRouter-1.7.10",
        "name": "brouter_trekking_0",
        "track-length": "51767",
        "filtered ascend": "392",
        "plain-ascend": "147",
        "total-time": "10713",
        "total-energy": "1063854",
        "cost": "61215",
        "messages": [
          ["Longitude", "Latitude", "Elevation", "Distance", "CostPerKm", "ElevCost", "TurnCost", "NodeCost", "InitialCost", "WayTags", "NodeTags", "Time", "Energy"],
          ["12129184", "47856025", "445", "20", "1150", "0", "0", "0", "0", "highway=residential surface=asphalt smoothness=excellent junction=roundabout", "", "3", "352"],
          ["12129292", "47855982", "445", "9", "1150", "0", "100", "0", "0", "reversedirection=yes highway=residential surface=asphalt smoothness=excellent cycleway:both=no", "highway=crossing crossing=uncontrolled", "5", "504"],
          ["12129369", "47855940", "445", "7", "1150", "0", "2", "0", "0", "reversedirection=yes highway=residential surface=asphalt smoothness=excellent cycleway:right=lane cycleway:left=no cycleway:right:oneway=yes", "", "6", "621"],
          ["12130973", "47854851", "444", "176", "1150", "0", "9", "0", "0", "reversedirection=yes highway=residential surface=asphalt smoothness=good cycleway:both=no", "highway=crossing crossing=uncontrolled kerb=lowered", "35", "3501"],
          ["12131748", "47854781", "444", "58", "1150", "0", "0", "0", "0", "reversedirection=yes highway=residential surface=asphalt smoothness=good cycleway:both=no", "", "43", "4334"],
          ["12133138", "47854679", "444", "105", "1150", "0", "0", "0", "0", "reversedirection=yes highway=residential surface=asphalt smoothness=excellent cycleway:both=lane", "", "59", "5972"],
          ["12133928", "47854580", "444", "60", "1150", "0", "0", "20", "0", "reversedirection=yes highway=residential surface=asphalt cycleway:both=lane", "highway=crossing crossing=traffic_signals kerb=lowered", "69", "6997"],
          ["12134076", "47854561", "444", "11", "1150", "0", "0", "20", "0", "reversedirection=yes highway=residential surface=asphalt cycleway:both=lane", "highway=traffic_signals traffic_signals:direction=both traffic_signals=signal", "71", "7173"],
          ["12134210", "47854544", "444", "10", "1050", "0", "0", "20", "0", "reversedirection=yes highway=tertiary surface=asphalt smoothness=good cycleway:right=track cycleway:left=lane", "highway=crossing crossing=traffic_signals kerb=lowered", "73", "7334"],
          ["12135590", "47854362", "445", "105", "1050", "0", "0", "0", "0", "reversedirection=yes highway=tertiary surface=asphalt smoothness=good cycleway:right=track cycleway:left=lane", "", "93", "9371"],
          ["12136314", "47854329", "445", "54", "1050", "0", "0", "0", "0", "reversedirection=yes highway=tertiary surface=asphalt smoothness=excellent cycleway:right=track cycleway:left=lane", "", "104", "10442"],
          ["12136515", "47854340", "444", "15", "1050", "0", "1", "0", "0", "highway=tertiary surface=asphalt smoothness=good cycleway:right=track cycleway:left=track cycleway:right:oneway=no", "", "106", "10651"],
          ["12136622", "47854347", "443", "8", "1000", "0", "0", "0", "0", "highway=tertiary surface=asphalt smoothness=good cycleway:right=track cycleway:left=track route_bicycle_ncn=yes route_bicycle_rcn=yes cycleway:left:oneway=-1 cycleway:right:oneway=no", "", "107", "10746"],
          ["12137229", "47854383", "445", "46", "1000", "0", "0", "0", "0", "highway=tertiary surface=asphalt smoothness=excellent oneway=no cycleway:right=track cycleway:left=track route_bicycle_ncn=yes route_bicycle_rcn=yes cycleway:left:oneway=-1 cycleway:right:oneway=no", "", "115", "11553"],
          ["12137547", "47854403", "445", "24", "1000", "0", "0", "20", "0", "highway=tertiary surface=asphalt smoothness=excellent cycleway:right=track cycleway:left=track route_bicycle_ncn=yes route_bicycle_rcn=yes cycleway:left:oneway=-1 cycleway:right:oneway=no", "nodeaccessgranted=yes highway=traffic_signals estimated_crossing_class=0", "120", "12024"],
          ["12137592", "47854409", "445", "3", "1000", "0", "0", "0", "0", "highway=secondary surface=asphalt smoothness=good cycleway:right=track cycleway:left=track route_bicycle_ncn=yes route_bicycle_rcn=yes cycleway:left:oneway=-1 cycleway:right:oneway=yes", "nodeaccessgranted=yes estimated_crossing_class=0", "120", "12081"],
          ["12137835", "47854442", "445", "19", "1000", "0", "0", "0", "0", "highway=secondary surface=asphalt smoothness=good cycleway:right=track cycleway:left=track route_bicycle_ncn=yes route_bicycle_rcn=yes cycleway:left:oneway=-1 cycleway:right:oneway=yes", "nodeaccessgranted=yes estimated_crossing_class=0", "123", "12399"],
          ["12137927", "47854453", "445", "7", "1000", "0", "0", "0", "0", "highway=secondary surface=asphalt smoothness=good cycleway:both=track route_bicycle_ncn=yes route_bicycle_rcn=yes cycleway:left:oneway=-1 cycleway:right:oneway=yes", "nodeaccessgranted=yes estimated_crossing_class=5", "125", "12516"],
          ["12139723", "47854797", "445", "140", "1000", "0", "0", "0", "0", "highway=secondary surface=asphalt cycleway:right=track cycleway:left=lane route_bicycle_ncn=yes route_bicycle_rcn=yes cycleway:left:oneway=-1 cycleway:right:oneway=yes", "nodeaccessgranted=yes estimated_crossing_class=5", "148", "14862"],
          ["12140063", "47854884", "445", "27", "1000", "0", "0", "0", "0", "highway=secondary surface=asphalt cycleway:right=track cycleway:left=lane route_bicycle_ncn=yes route_bicycle_rcn=yes cycleway:left:oneway=-1 cycleway:right:oneway=yes", "nodeaccessgranted=yes estimated_crossing_class=4", "153", "15315"],
          ["12140428", "47855021", "444", "32", "1000", "0", "0", "0", "0", "highway=secondary surface=asphalt cycleway:right=track cycleway:left=lane route_bicycle_ncn=yes route_bicycle_rcn=yes cycleway:left:oneway=-1 cycleway:right:oneway=yes", "nodeaccessgranted=yes estimated_crossing_class=4", "158", "15827"],
          ["12140662", "47855144", "445", "22", "1000", "0", "0", "0", "0", "highway=secondary surface=asphalt cycleway:right=track cycleway:left=track route_bicycle_ncn=yes route_bicycle_rcn=yes cycleway:left:oneway=-1 cycleway:right:oneway=yes", "nodeaccessgranted=yes estimated_crossing_class=4", "162", "16225"],
          ["12140753", "47855199", "446", "9", "1000", "0", "0", "0", "0", "highway=secondary surface=asphalt cycleway:right=track cycleway:left=track route_bicycle_ncn=yes route_bicycle_rcn=yes cycleway:left:oneway=-1 cycleway:right:oneway=yes", "nodeaccessgranted=yes estimated_crossing_class=4", "164", "16423"],
          ["12141010", "47855393", "445", "29", "1000", "0", "0", "0", "0", "highway=secondary surface=asphalt smoothness=intermediate cycleway:right=track cycleway:left=track route_bicycle_ncn=yes route_bicycle_rcn=yes route_bicycle_lcn=yes cycleway:left:oneway=-1 cycleway:right:oneway=yes", "nodeaccessgranted=yes estimated_crossing_class=4", "169", "16929"],
          ["12142279", "47856289", "445", "138", "1000", "0", "0", "20", "0", "highway=secondary surface=asphalt smoothness=intermediate cycleway:right=track cycleway:left=track route_bicycle_ncn=yes route_bicycle_rcn=yes route_bicycle_lcn=yes cycleway:left:oneway=-1 cycleway:right:oneway=yes", "nodeaccessgranted=yes highway=traffic_signals estimated_crossing_class=0", "189", "18921"],
          ["12142408", "47856362", "447", "13", "1000", "0", "0", "20", "0", "reversedirection=yes highway=secondary surface=asphalt cycleway:right=track cycleway:left=track route_bicycle_ncn=yes route_bicycle_rcn=yes route_bicycle_lcn=yes cycleway:left:oneway=-1 cycleway:right:oneway=yes", "nodeaccessgranted=yes highway=crossing crossing=traffic_signals kerb=lowered", "191", "19145"],
          ["12142518", "47856422", "448", "11", "1000", "0", "0", "0", "0", "reversedirection=yes highway=secondary surface=asphalt cycleway:right=track cycleway:left=track route_bicycle_ncn=yes route_bicycle_rcn=yes route_bicycle_lcn=yes cycleway:left:oneway=-1 cycleway:right:oneway=yes", "nodeaccessgranted=yes estimated_crossing_class=0", "194", "19408"],
          ["12144905", "47857074", "463", "198", "1000", "0", "0", "0", "0", "reversedirection=yes highway=secondary surface=asphalt smoothness=good cycleway:right=track cycleway:left=track route_bicycle_ncn=yes route_bicycle_rcn=yes route_bicycle_lcn=yes cycleway:left:oneway=-1 cycleway:right:oneway=yes", "nodeaccessgranted=yes estimated_crossing_class=4", "313", "31332"],
          ["12145338", "47857526", "467", "60", "1000", "0", "0", "0", "0", "reversedirection=yes highway=secondary surface=asphalt smoothness=good cycleway:right=track cycleway:left=track route_bicycle_ncn=yes route_bicycle_rcn=yes route_bicycle_lcn=yes cycleway:left:oneway=-1 cycleway:right:oneway=yes", "nodeaccessgranted=yes estimated_crossing_class=4", "351", "35141"],
          ["12145427", "47857594", "468", "10", "1000", "0", "0", "0", "0", "reversedirection=yes highway=secondary surface=asphalt cycleway=track route_bicycle_ncn=yes route_bicycle_rcn=yes route_bicycle_lcn=yes", "nodeaccessgranted=yes estimated_crossing_class=4", "357", "35751"],
          ["12145833", "47857780", "469", "37", "1000", "0", "0", "0", "0", "reversedirection=yes highway=secondary surface=asphalt cycleway=track route_bicycle_ncn=yes route_bicycle_rcn=yes route_bicycle_lcn=yes", "nodeaccessgranted=yes estimated_crossing_class=4", "377", "37761"],
          ["12146725", "47857922", "470", "68", "1000", "0", "0", "0", "0", "reversedirection=yes highway=secondary surface=asphalt cycleway:right=track cycleway:left=track route_bicycle_ncn=yes route_bicycle_rcn=yes route_bicycle_lcn=yes cycleway:left:oneway=-1 cycleway:right:oneway=yes", "nodeaccessgranted=yes estimated_crossing_class=4", "407", "40705"],
          ["12147344", "47858004", "470", "47", "1000", "0", "0", "0", "0", "reversedirection=yes highway=secondary surface=asphalt cycleway:right=track cycleway:left=track route_bicycle_ncn=yes route_bicycle_rcn=yes route_bicycle_lcn=yes cycleway:left:oneway=-1 cycleway:right:oneway=yes", "nodeaccessgranted=yes estimated_crossing_class=4", "421", "42108"],
          ["12147554", "47858014", "470", "16", "1000", "0", "0", "0", "0", "reversedirection=yes highway=secondary surface=asphalt cycleway=track route_bicycle_ncn=yes route_bicycle_rcn=yes route_bicycle_lcn=yes", "nodeaccessgranted=yes estimated_crossing_class=3", "425", "42518"],
          ["12147745", "47858011", "470", "14", "1000", "0", "0", "0", "0", "reversedirection=yes highway=secondary surface=asphalt cycleway=track route_bicycle_ncn=yes route_bicycle_rcn=yes route_bicycle_lcn=yes", "nodeaccessgranted=yes estimated_crossing_class=3", "428", "42857"],
          ["12147941", "47858009", "470", "15", "1000", "0", "0", "0", "0", "reversedirection=yes highway=secondary surface=asphalt cycleway=track route_bicycle_ncn=yes route_bicycle_rcn=yes route_bicycle_lcn=yes", "nodeaccessgranted=yes wheelchair=yes", "431", "43202"],
          ["12148104", "47858019", "470", "12", "1000", "0", "0", "20", "0", "reversedirection=yes highway=secondary surface=asphalt cycleway=track route_bicycle_ncn=yes route_bicycle_rcn=yes route_bicycle_lcn=yes", "nodeaccessgranted=yes highway=crossing crossing=traffic_signals kerb=lowered", "434", "43468"],
          ["12148183", "47858021", "470", "6", "1000", "0", "0", "20", "0", "reversedirection=yes highway=secondary surface=asphalt cycleway=track route_bicycle_ncn=yes route_bicycle_rcn=yes route_bicycle_lcn=yes", "nodeaccessgranted=yes highway=traffic_signals estimated_crossing_class=0", "435", "43598"],
          ["12148218", "47857951", "470", "8", "1000", "0", "0", "20", "0", "highway=residential surface=asphalt route_bicycle_ncn=yes route_bicycle_rcn=yes route_bicycle_lcn=yes", "nodeaccessgranted=yes highway=crossing crossing=traffic_signals kerb=lowered", "437", "43768"],
          ["12148785", "47856301", "470", "188", "1000", "0", "0", "0", "0", "highway=residential surface=asphalt route_bicycle_ncn=yes route_bicycle_rcn=yes route_bicycle_lcn=yes", "nodeaccessgranted=yes wheelchair=yes", "472", "47304"],
          ["12148804", "47856001", "470", "33", "1000", "0", "0", "0", "0", "highway=residential surface=asphalt route_bicycle_ncn=yes route_bicycle_rcn=yes route_bicycle_lcn=yes", "", "479", "47934"],
          ["12171966", "47857268", "474", "1797", "1000", "0", "0", "0", "0", "reversedirection=yes highway=residential surface=asphalt route_bicycle_ncn=yes route_bicycle_rcn=yes route_bicycle_lcn=yes", "", "819", "82003"],
          ["12173051", "47857557", "475", "88", "1000", "0", "0", "0", "0", "reversedirection=yes highway=residential surface=asphalt cycleway:both=no route_bicycle_ncn=yes route_bicycle_rcn=yes route_bicycle_lcn=yes", "nodeaccessgranted=yes estimated_crossing_class=3", "835", "83592"],
          ["12173097", "47857611", "475", "7", "1000", "0", "0", "0", "0", "highway=footway surface=asphalt bicycle=yes route_bicycle_ncn=yes route_bicycle_rcn=yes route_bicycle_lcn=yes", "", "837", "83733"],
          ["12176514", "47856160", "476", "303", "1000", "0", "0", "0", "0", "reversedirection=yes highway=path surface=asphalt foot=designated bicycle=designated route_bicycle_ncn=yes route_bicycle_rcn=yes route_bicycle_lcn=yes", "nodeaccessgranted=yes highway=crossing crossing=unmarked bicycle=yes", "895", "89593"],
          ["12180124", "47854532", "477", "327", "1000", "0", "0", "0", "0", "reversedirection=yes highway=path surface=asphalt foot=designated bicycle=designated route_bicycle_ncn=yes route_bicycle_rcn=yes route_bicycle_lcn=yes", "nodeaccessgranted=yes highway=crossing crossing=unmarked bicycle=yes", "957", "95751"],
          ["12183877", "47853814", "480", "292", "1000", "0", "0", "0", "0", "reversedirection=yes highway=path surface=asphalt foot=designated bicycle=designated route_bicycle_ncn=yes route_bicycle_rcn=yes route_bicycle_lcn=yes", "nodeaccessgranted=yes highway=crossing crossing=unmarked bicycle=yes", "1016", "101629"],
          ["12186618", "47853476", "478", "216", "1000", "0", "0", "0", "0", "highway=path surface=asphalt foot=designated bicycle=designated smoothness=good route_bicycle_ncn=yes route_bicycle_rcn=yes", "nodeaccessgranted=yes highway=crossing crossing=unmarked bicycle=yes", "1060", "106029"],
          ["12186728", "47853369", "477", "15", "1000", "0", "0", "0", "0", "highway=path surface=asphalt foot=designated bicycle=designated smoothness=good route_bicycle_ncn=yes route_bicycle_rcn=yes", "nodeaccessgranted=yes railway=crossing", "1061", "106193"],
          ["12186755", "47853341", "477", "4", "1000", "0", "0", "0", "0", "highway=path surface=asphalt foot=designated bicycle=designated smoothness=good route_bicycle_ncn=yes route_bicycle_rcn=yes", "nodeaccessgranted=yes railway=crossing", "1062", "106238"],
          ["12186799", "47853223", "478", "14", "1000", "0", "0", "0", "0", "highway=path surface=asphalt foot=designated bicycle=designated smoothness=good route_bicycle_ncn=yes route_bicycle_rcn=yes", "", "1063", "106408"],
          ["12186725", "47852827", "478", "45", "1050", "0", "6", "0", "0", "highway=path surface=asphalt foot=designated bicycle=designated", "crossing=unknown", "1069", "106997"],
          ["12188416", "47852778", "473", "132", "1000", "0", "0", "0", "0", "highway=residential surface=asphalt cycleway:both=no route_bicycle_lcn=yes", "", "1085", "108546"],
          ["12196682", "47851837", "484", "690", "1000", "0", "0", "0", "0", "highway=residential surface=asphalt smoothness=intermediate oneway=no route_bicycle_lcn=yes", "", "1238", "123872"],
          ["12198884", "47849946", "478", "273", "1000", "0", "0", "0", "0", "reversedirection=yes highway=track surface=gravel tracktype=grade3 smoothness=bad route_bicycle_lcn=yes", "", "1276", "127702"],
          ["12199251", "47849765", "475", "34", "1000", "0", "0", "0", "0", "reversedirection=yes highway=track surface=pebblestone tracktype=grade3 route_bicycle_lcn=yes", "", "1281", "128124"],
          ["12202730", "47853382", "475", "499", "1000", "0", "0", "0", "0", "reversedirection=yes highway=track surface=gravel tracktype=grade3 route_bicycle_lcn=yes", "", "1350", "135041"],
          ["12206334", "47849106", "470", "575", "1000", "0", "0", "0", "0", "highway=track surface=gravel tracktype=grade3 bicycle=yes route_bicycle_ncn=yes route_bicycle_rcn=yes route_bicycle_lcn=yes", "", "1429", "142964"],
          ["12206398", "47849019", "470", "11", "1000", "0", "0", "0", "0", "highway=track surface=wood tracktype=grade3 bicycle=yes route_bicycle_ncn=yes route_bicycle_rcn=yes route_bicycle_lcn=yes", "nodeaccessgranted=yes barrier=bollard", "1431", "143130"],
          ["12209450", "47846794", "472", "371", "1000", "0", "0", "0", "0", "highway=track surface=gravel tracktype=grade3 bicycle=yes route_bicycle_ncn=yes route_bicycle_rcn=yes route_bicycle_lcn=yes", "", "1499", "150012"],
          ["12216966", "47844699", "481", "609", "1000", "0", "0", "0", "0", "reversedirection=yes highway=track surface=compacted tracktype=grade3 route_bicycle_lcn=yes", "", "1637", "163730"],
          ["12217294", "47844952", "481", "37", "1000", "0", "0", "0", "0", "reversedirection=yes highway=path surface=asphalt foot=designated bicycle=designated route_bicycle_lcn=yes", "", "1643", "164386"],
          ["12217366", "47844975", "481", "6", "1000", "0", "0", "0", "0", "reversedirection=yes highway=path surface=wood foot=designated bicycle=designated route_bicycle_lcn=yes", "nodeaccessgranted=yes barrier=bollard bicycle=yes foot=yes", "1644", "164499"],
          ["12218053", "47845374", "480", "68", "1000", "0", "0", "0", "0", "reversedirection=yes highway=path surface=asphalt foot=designated bicycle=designated route_bicycle_lcn=yes", "", "1665", "166530"],
          ["12218075", "47845448", "480", "8", "1000", "0", "0", "0", "0", "reversedirection=yes highway=track surface=asphalt tracktype=grade1 route_bicycle_lcn=yes", "", "1666", "166704"],
          ["12224811", "47850504", "485", "764", "1000", "0", "0", "0", "0", "reversedirection=yes highway=track surface=compacted tracktype=grade3 route_bicycle_lcn=yes", "", "1807", "180811"],
          ["12224880", "47850538", "485", "6", "1000", "0", "0", "0", "0", "reversedirection=yes highway=track surface=gravel tracktype=grade3 route_bicycle_lcn=yes", "", "1809", "180947"],
          ["12225588", "47850264", "494", "61", "1000", "0", "0", "0", "0", "highway=service surface=concrete oneway=no route_bicycle_lcn=yes", "", "1855", "185557"],
          ["12228266", "47853078", "479", "373", "1450", "0", "90", "0", "0", "reversedirection=yes highway=tertiary surface=asphalt smoothness=good cycleway:both=no", "", "1912", "191279"],
          ["12228357", "47853031", "480", "9", "1150", "0", "86", "0", "0", "highway=residential surface=asphalt smoothness=good cycleway:both=no", "", "1913", "191414"],
          ["12230025", "47854025", "479", "167", "1000", "0", "0", "0", "0", "highway=footway surface=asphalt bicycle=yes route_bicycle_lcn=yes", "", "1935", "193545"],
          ["12231504", "47854495", "483", "123", "1000", "0", "0", "0", "0", "highway=footway surface=asphalt foot=designated bicycle=yes route_bicycle_lcn=yes", "", "1959", "195982"],
          ["12232525", "47854565", "493", "76", "1000", "0", "0", "0", "0", "highway=footway surface=concrete foot=designated bicycle=yes route_bicycle_lcn=yes", "", "1997", "199730"],
          ["12233392", "47854217", "498", "77", "1000", "0", "0", "0", "0", "highway=footway surface=asphalt foot=designated bicycle=yes route_bicycle_lcn=yes", "", "2045", "204608"],
          ["12235210", "47853850", "507", "147", "1000", "0", "0", "0", "0", "highway=residential route_bicycle_lcn=yes", "", "2137", "213812"],
          ["12243934", "47852217", "517", "947", "1000", "0", "0", "0", "0", "highway=unclassified surface=asphalt route_bicycle_lcn=yes", "", "2437", "243818"],
          ["12250138", "47854133", "514", "556", "1000", "0", "0", "0", "0", "highway=unclassified surface=asphalt route_bicycle_ncn=yes route_bicycle_rcn=yes route_bicycle_lcn=yes", "", "2520", "252132"],
          ["12253172", "47853203", "512", "254", "1000", "0", "0", "0", "0", "highway=unclassified surface=asphalt cycleway:both=no route_bicycle_ncn=yes route_bicycle_rcn=yes route_bicycle_lcn=yes", "", "2562", "256242"],
          ["12253694", "47852895", "510", "52", "1000", "0", "0", "0", "0", "highway=unclassified surface=asphalt route_bicycle_ncn=yes route_bicycle_rcn=yes route_bicycle_lcn=yes", "", "2568", "256896"],
          ["12264447", "47846788", "549", "1165", "1000", "0", "0", "0", "0", "highway=unclassified surface=asphalt route_bicycle_ncn=yes route_bicycle_rcn=yes", "", "2969", "296952"],
          ["12267523", "47846694", "552", "231", "1000", "0", "0", "0", "0", "highway=residential surface=asphalt route_bicycle_ncn=yes route_bicycle_rcn=yes", "", "3031", "303170"],
          ["12272688", "47846202", "557", "398", "1000", "0", "0", "0", "0", "highway=track surface=fine_gravel tracktype=grade2 smoothness=intermediate route_bicycle_ncn=yes route_bicycle_rcn=yes", "", "3139", "313979"],
          ["12275755", "47846281", "561", "230", "1000", "0", "0", "0", "0", "highway=track surface=asphalt tracktype=grade2 route_bicycle_ncn=yes route_bicycle_rcn=yes", "", "3201", "320181"],
          ["12279829", "47843965", "567", "602", "1000", "0", "0", "0", "0", "highway=unclassified surface=asphalt route_bicycle_ncn=yes route_bicycle_rcn=yes", "", "3352", "335352"],
          ["12283735", "47846560", "545", "462", "1000", "290", "0", "0", "0", "highway=unclassified surface=gravel smoothness=bad route_bicycle_ncn=yes route_bicycle_rcn=yes", "", "3399", "338704"],
          ["12285522", "47847130", "533", "149", "1000", "591", "0", "0", "0", "reversedirection=yes highway=unclassified surface=gravel smoothness=bad route_bicycle_ncn=yes route_bicycle_rcn=yes", "", "3411", "339031"],
          ["12285599", "47847102", "532", "7", "1000", "8", "0", "0", "0", "highway=unclassified surface=asphalt smoothness=bad route_bicycle_ncn=yes route_bicycle_rcn=yes", "", "3411", "339031"],
          ["12298986", "47841859", "602", "1394", "1000", "78", "0", "0", "0", "highway=unclassified surface=gravel smoothness=bad route_bicycle_ncn=yes route_bicycle_rcn=yes", "", "4118", "409123"],
          ["12308045", "47843027", "592", "747", "1000", "0", "0", "0", "0", "highway=unclassified surface=asphalt cycleway:both=no route_bicycle_ncn=yes route_bicycle_rcn=yes", "", "4231", "420470"],
          ["12315912", "47842953", "578", "818", "1000", "157", "0", "0", "0", "highway=residential surface=asphalt route_bicycle_ncn=yes route_bicycle_rcn=yes", "", "4328", "429729"],
          ["12315948", "47842954", "578", "3", "1000", "0", "0", "0", "0", "highway=residential surface=asphalt cycleway:both=no route_bicycle_ncn=yes route_bicycle_rcn=yes", "nodeaccessgranted=yes estimated_crossing_class=2", "4329", "429774"],
          ["12315835", "47842313", "579", "72", "1000", "0", "0", "0", "0", "highway=secondary surface=asphalt foot=use_sidepath cycleway:both=no route_bicycle_ncn=yes route_bicycle_rcn=yes route_bicycle_lcn=yes", "nodeaccessgranted=yes estimated_crossing_class=2", "4343", "431177"],
          ["12321023", "47840747", "557", "476", "1000", "413", "0", "0", "0", "highway=residential surface=asphalt route_bicycle_ncn=yes route_bicycle_rcn=yes route_bicycle_lcn=yes", "", "4394", "434575"],
          ["12322320", "47838641", "548", "280", "1000", "243", "0", "0", "0", "highway=residential surface=asphalt cycleway:both=no route_bicycle_ncn=yes route_bicycle_rcn=yes route_bicycle_lcn=yes", "", "4418", "436407"],
          ["12322240", "47838182", "555", "52", "1000", "0", "0", "0", "0", "reversedirection=yes highway=residential surface=asphalt cycleway:both=no route_bicycle_ncn=yes route_bicycle_rcn=yes route_bicycle_lcn=yes", "", "4428", "437384"],
          ["12324676", "47837442", "577", "228", "1000", "0", "0", "0", "0", "highway=residential surface=asphalt cycleway:both=no route_bicycle_ncn=yes route_bicycle_rcn=yes route_bicycle_lcn=yes", "", "4586", "453179"],
          ["12327598", "47839705", "572", "343", "1000", "0", "0", "0", "0", "reversedirection=yes highway=unclassified surface=asphalt cycleway:both=no route_bicycle_lcn=yes", "", "4661", "460646"],
          ["12340344", "47850154", "544", "1732", "1000", "502", "0", "0", "0", "highway=residential surface=asphalt cycleway:both=no route_bicycle_lcn=yes", "", "4921", "485560"],
          ["12340994", "47850913", "544", "99", "1000", "0", "0", "0", "0", "highway=residential surface=asphalt route_bicycle_lcn=yes", "", "4933", "486738"],
          ["12341893", "47852084", "540", "147", "1000", "0", "0", "0", "0", "highway=residential surface=asphalt cycleway:both=no route_bicycle_lcn=yes", "", "4948", "488235"],
          ["12342161", "47852836", "535", "94", "1000", "180", "0", "0", "0", "reversedirection=yes highway=residential surface=asphalt cycleway:both=no route_bicycle_lcn=yes", "", "4957", "489008"],
          ["12340948", "47855284", "533", "289", "1000", "31", "0", "20", "0", "reversedirection=yes highway=residential surface=asphalt smoothness=good cycleway:both=no route_bicycle_lcn=yes", "nodeaccessgranted=yes highway=crossing estimated_crossing_class=0 crossing=traffic_signals kerb=lowered", "4989", "492178"],
          ["12341673", "47855305", "531", "55", "1000", "0", "0", "0", "0", "reversedirection=yes highway=secondary surface=asphalt smoothness=good cycleway:both=no route_bicycle_lcn=yes", "nodeaccessgranted=yes estimated_crossing_class=3", "4996", "492896"],
          ["12342142", "47855412", "532", "37", "1000", "0", "0", "0", "0", "reversedirection=yes highway=secondary surface=asphalt smoothness=good cycleway:both=no route_bicycle_lcn=yes", "nodeaccessgranted=yes estimated_crossing_class=3", "5002", "493408"],
          ["12342449", "47855487", "532", "24", "1000", "0", "0", "0", "0", "reversedirection=yes highway=secondary surface=asphalt smoothness=good cycleway:both=no route_bicycle_lcn=yes", "nodeaccessgranted=yes estimated_crossing_class=3", "5005", "493765"],
          ["12342621", "47855519", "532", "13", "1000", "0", "0", "0", "0", "reversedirection=yes highway=secondary surface=asphalt smoothness=good cycleway:both=no route_bicycle_lcn=yes", "nodeaccessgranted=yes estimated_crossing_class=3", "5007", "493962"],
          ["12342823", "47855540", "532", "15", "1000", "0", "0", "0", "0", "reversedirection=yes highway=secondary surface=asphalt smoothness=good cycleway:both=no route_bicycle_lcn=yes", "nodeaccessgranted=yes estimated_crossing_class=3", "5009", "494193"],
          ["12343120", "47855556", "532", "22", "1000", "0", "0", "0", "0", "reversedirection=yes highway=secondary surface=asphalt smoothness=good cycleway:both=no route_bicycle_lcn=yes", "nodeaccessgranted=yes estimated_crossing_class=3", "5013", "494536"],
          ["12343381", "47855553", "532", "20", "1000", "0", "0", "0", "0", "reversedirection=yes highway=secondary surface=asphalt smoothness=good cycleway:both=no route_bicycle_lcn=yes", "nodeaccessgranted=yes estimated_crossing_class=3", "5016", "494852"],
          ["12343758", "47855546", "532", "28", "1650", "0", "0", "0", "0", "highway=secondary surface=asphalt smoothness=good cycleway:both=no", "estimated_crossing_class=3", "5021", "495300"],
          ["12344357", "47855558", "532", "44", "1650", "0", "0", "20", "0", "highway=secondary surface=asphalt smoothness=good cycleway:both=no", "highway=crossing estimated_crossing_class=0 crossing=traffic_signals", "5028", "496015"],
          ["12344504", "47855568", "532", "11", "1650", "0", "0", "20", "0", "highway=secondary surface=asphalt smoothness=good cycleway:both=no", "highway=traffic_signals estimated_crossing_class=0", "5029", "496195"],
          ["12344932", "47855613", "531", "32", "1350", "0", "0", "0", "0", "reversedirection=yes highway=unclassified surface=asphalt smoothness=good cycleway:both=no oneway=no", "", "5034", "496643"],
          ["12345493", "47855677", "531", "43", "1350", "0", "0", "0", "0", "reversedirection=yes highway=unclassified surface=asphalt smoothness=good cycleway:both=no", "", "5040", "497247"],
          ["12345450", "47856084", "531", "46", "1350", "0", "93", "0", "0", "highway=service surface=paving_stones", "", "5047", "497955"],
          ["12345572", "47856158", "531", "15", "1350", "0", "60", "0", "0", "highway=service surface=asphalt", "", "5049", "498189"],
          ["12345450", "47856084", "531", "15", "1350", "0", "60", "0", "0", "reversedirection=yes highway=service surface=asphalt", "", "5052", "498458"],
          ["12345493", "47855677", "531", "46", "1350", "0", "2", "0", "0", "reversedirection=yes highway=service surface=paving_stones", "", "5060", "499225"],
          ["12345748", "47855704", "530", "19", "1350", "0", "87", "0", "0", "reversedirection=yes highway=unclassified surface=asphalt smoothness=good cycleway:both=no", "traffic_calming=island", "5063", "499507"],
          ["12345906", "47855702", "530", "12", "1350", "0", "1", "0", "0", "reversedirection=yes highway=unclassified surface=asphalt smoothness=good cycleway:both=no", "highway=mini_roundabout", "5064", "499669"],
          ["12345928", "47855617", "530", "10", "1150", "0", "73", "0", "0", "reversedirection=yes highway=residential surface=asphalt smoothness=intermediate cycleway:both=no", "traffic_calming=island", "5066", "499823"],
          ["12345941", "47855523", "531", "10", "1150", "0", "0", "0", "0", "reversedirection=yes highway=residential surface=asphalt smoothness=intermediate cycleway:both=no", "highway=crossing crossing=marked kerb=lowered", "5068", "500000"],
          ["12346045", "47855183", "531", "39", "1150", "0", "0", "0", "0", "reversedirection=yes highway=residential surface=asphalt smoothness=intermediate cycleway:both=no", "", "5074", "500684"],
          ["12346194", "47854811", "531", "43", "1150", "0", "0", "0", "0", "highway=residential surface=asphalt cycleway:both=no", "highway=crossing crossing=uncontrolled kerb=lowered", "5082", "501426"],
          ["12346211", "47854762", "531", "6", "1150", "0", "0", "0", "0", "highway=residential surface=asphalt cycleway:both=no", "", "5083", "501529"],
          ["12346568", "47853973", "531", "92", "1150", "0", "0", "0", "0", "highway=residential surface=asphalt smoothness=excellent cycleway:both=no", "", "5099", "503127"],
          ["12347971", "47851116", "531", "338", "1150", "0", "5", "0", "0", "highway=residential surface=asphalt cycleway:both=no", "", "5157", "508978"],
          ["12348426", "47850088", "529", "120", "1150", "0", "0", "0", "0", "highway=residential surface=asphalt cycleway:left=no", "highway=crossing crossing=uncontrolled kerb=lowered", "5174", "510628"],
          ["12348487", "47849933", "529", "18", "1150", "0", "0", "0", "0", "highway=residential surface=asphalt cycleway:left=no", "", "5176", "510876"],
          ["12350061", "47850294", "527", "124", "1150", "0", "96", "0", "0", "reversedirection=yes highway=residential surface=asphalt cycleway:both=track", "", "5191", "512343"],
          ["12350432", "47850247", "528", "28", "1150", "0", "9", "0", "0", "highway=residential surface=asphalt cycleway:both=no oneway=yes", "", "5195", "512791"],
          ["12352648", "47844365", "526", "692", "1150", "0", "54", "0", "0", "highway=residential surface=asphalt cycleway:both=no", "", "5304", "523618"],
          ["12356491", "47838255", "522", "754", "1050", "0", "16", "0", "0", "reversedirection=yes highway=track surface=asphalt tracktype=grade1", "", "5418", "535007"],
          ["12356379", "47837151", "523", "134", "1000", "0", "0", "0", "0", "reversedirection=yes highway=track surface=asphalt tracktype=grade1 bicycle=yes route_bicycle_lcn=yes", "", "5439", "537140"],
          ["12356407", "47837092", "523", "7", "1000", "0", "0", "0", "0", "reversedirection=yes highway=track surface=wood tracktype=grade1 bicycle=yes route_bicycle_lcn=yes", "", "5440", "537272"],
          ["12361361", "47828448", "522", "1035", "1000", "0", "0", "0", "0", "reversedirection=yes highway=track surface=asphalt tracktype=grade1 bicycle=yes smoothness=excellent route_bicycle_lcn=yes", "", "5612", "554501"],
          ["12361502", "47828492", "521", "12", "1000", "0", "0", "0", "0", "reversedirection=yes highway=track surface=asphalt tracktype=grade2 bicycle=yes smoothness=excellent route_bicycle_lcn=yes", "", "5614", "554682"],
          ["12361730", "47828565", "521", "19", "1000", "0", "0", "0", "0", "reversedirection=yes highway=track surface=compacted tracktype=grade2 bicycle=yes smoothness=intermediate route_bicycle_lcn=yes", "", "5617", "554957"],
          ["12364283", "47827465", "519", "236", "1000", "0", "0", "0", "0", "reversedirection=yes highway=track surface=pebblestone tracktype=grade2 bicycle=yes route_bicycle_lcn=yes", "", "5650", "558225"],
          ["12364310", "47827444", "519", "3", "1000", "0", "0", "0", "0", "reversedirection=yes highway=track surface=concrete tracktype=grade1 bicycle=yes route_bicycle_lcn=yes", "", "5650", "558267"],
          ["12369950", "47828289", "519", "513", "1000", "0", "0", "0", "0", "reversedirection=yes highway=track surface=gravel tracktype=grade2 bicycle=yes route_bicycle_lcn=yes", "", "5732", "566457"],
          ["12376798", "47826637", "519", "634", "1000", "0", "0", "0", "0", "highway=track surface=fine_gravel tracktype=grade2 bicycle=yes route_bicycle_lcn=yes", "", "5838", "577059"],
          ["12377012", "47826753", "519", "21", "1000", "0", "0", "0", "0", "highway=track surface=wood tracktype=grade1 bicycle=yes route_bicycle_lcn=yes", "", "5842", "577412"],
          ["12380498", "47828029", "519", "300", "1000", "0", "0", "0", "0", "highway=track surface=fine_gravel tracktype=grade2 bicycle=yes route_bicycle_lcn=yes", "", "5895", "582762"],
          ["12380464", "47829983", "519", "221", "1000", "0", "0", "0", "0", "highway=service surface=asphalt smoothness=excellent route_bicycle_rcn=yes route_bicycle_lcn=yes", "nodeaccessgranted=yes highway=mini_roundabout", "5932", "586433"],
          ["12381075", "47829879", "519", "47", "1000", "0", "0", "0", "0", "highway=service surface=asphalt foot=designated bicycle=designated route_bicycle_rcn=yes route_bicycle_lcn=yes", "", "5940", "587236"],
          ["12381753", "47830207", "520", "67", "1000", "0", "0", "0", "0", "highway=cycleway surface=asphalt smoothness=excellent route_bicycle_rcn=yes route_bicycle_lcn=yes", "", "5952", "588477"],
          ["12382652", "47830373", "520", "70", "1000", "0", "0", "0", "0", "reversedirection=yes highway=path surface=asphalt foot=designated bicycle=designated smoothness=good route_bicycle_rcn=yes route_bicycle_lcn=yes", "", "5964", "589703"],
          ["12386242", "47831833", "519", "315", "1000", "0", "0", "0", "0", "reversedirection=yes highway=cycleway surface=asphalt bicycle=designated smoothness=good route_bicycle_rcn=yes route_bicycle_lcn=yes", "", "6016", "594866"],
          ["12388377", "47832904", "520", "201", "1000", "0", "0", "0", "0", "reversedirection=yes highway=unclassified surface=asphalt route_bicycle_rcn=yes route_bicycle_lcn=yes", "", "6051", "598375"],
          ["12389232", "47832160", "520", "105", "1000", "0", "0", "0", "0", "reversedirection=yes highway=unclassified surface=asphalt smoothness=good cycleway:both=no route_bicycle_rcn=yes route_bicycle_lcn=yes", "", "6070", "600221"],
          ["12389663", "47831851", "520", "47", "1000", "0", "0", "0", "0", "reversedirection=yes highway=unclassified surface=asphalt route_bicycle_rcn=yes route_bicycle_lcn=yes", "", "6078", "601020"],
          ["12394121", "47832747", "519", "378", "1000", "0", "0", "0", "0", "reversedirection=yes highway=unclassified surface=asphalt smoothness=excellent cycleway:both=no route_bicycle_rcn=yes route_bicycle_lcn=yes", "", "6141", "607306"],
          ["12400272", "47833128", "519", "483", "1350", "0", "9", "0", "0", "reversedirection=yes highway=unclassified surface=asphalt smoothness=excellent", "", "6221", "615378"],
          ["12413106", "47832331", "521", "1035", "1350", "0", "32", "0", "0", "reversedirection=yes highway=unclassified surface=asphalt smoothness=good", "", "6401", "633363"],
          ["12415691", "47832280", "521", "195", "1350", "0", "12", "0", "0", "reversedirection=yes highway=unclassified surface=gravel smoothness=intermediate", "", "6434", "636677"],
          ["12427429", "47833503", "518", "954", "2050", "0", "43", "0", "0", "reversedirection=yes highway=track surface=gravel tracktype=grade2", "", "6595", "652754"],
          ["12427652", "47833493", "519", "17", "1050", "0", "0", "0", "0", "reversedirection=yes highway=track surface=concrete tracktype=grade1", "", "6597", "652967"],
          ["12432526", "47833592", "520", "367", "2050", "0", "21", "0", "0", "highway=track surface=gravel tracktype=grade2 bicycle=yes", "", "6659", "659121"],
          ["12440714", "47834109", "521", "617", "2050", "0", "0", "0", "0", "highway=track surface=gravel tracktype=grade2 smoothness=intermediate vehicle=agricultural", "", "6773", "670514"],
          ["12442946", "47827490", "521", "755", "1350", "0", "89", "0", "0", "highway=track surface=gravel tracktype=grade1 smoothness=intermediate", "", "6899", "683156"],
          ["12448777", "47828568", "519", "453", "1050", "0", "94", "0", "0", "highway=track surface=asphalt tracktype=grade1 bicycle=yes", "", "6966", "689871"],
          ["12448942", "47828599", "519", "13", "1050", "0", "0", "0", "0", "highway=track surface=asphalt tracktype=grade1", "", "6968", "690064"],
          ["12475760", "47833615", "521", "2082", "1050", "0", "0", "0", "0", "highway=track surface=asphalt tracktype=grade1 bicycle=yes", "", "7325", "725760"],
          ["12475923", "47833646", "521", "13", "1000", "0", "0", "0", "0", "highway=unclassified surface=asphalt route_bicycle_lcn=yes", "", "7327", "725979"],
          ["12477128", "47833860", "521", "93", "1150", "0", "0", "0", "0", "reversedirection=yes highway=residential surface=asphalt", "", "7343", "727544"],
          ["12485607", "47835868", "522", "683", "1150", "0", "13", "0", "0", "highway=residential surface=asphalt", "", "7461", "739372"],
          ["12488339", "47835011", "522", "230", "1000", "0", "0", "0", "0", "highway=residential surface=asphalt route_bicycle_lcn=yes", "", "7503", "743516"],
          ["12488119", "47833967", "522", "117", "1000", "0", "0", "0", "0", "highway=tertiary surface=asphalt cycleway:both=no route_bicycle_lcn=yes", "", "7523", "745575"],
          ["12494835", "47833930", "522", "519", "1000", "0", "0", "0", "0", "highway=residential surface=asphalt route_bicycle_lcn=yes", "", "7609", "754162"],
          ["12497337", "47834109", "522", "188", "1000", "0", "0", "0", "0", "reversedirection=yes highway=track surface=compacted tracktype=grade2 smoothness=intermediate route_bicycle_lcn=yes", "nodeaccessgranted=yes barrier=cattle_grid bicycle=yes foot=yes motor_vehicle=unknown", "7641", "757330"],
          ["12507572", "47832863", "523", "811", "1000", "0", "0", "0", "0", "reversedirection=yes highway=track surface=compacted tracktype=grade2 smoothness=intermediate route_bicycle_lcn=yes", "nodeaccessgranted=yes barrier=cattle_grid bicycle=yes foot=yes motor_vehicle=agricultural", "7783", "771542"],
          ["12508025", "47832691", "526", "39", "1000", "0", "0", "0", "0", "reversedirection=yes highway=track surface=compacted tracktype=grade2 smoothness=intermediate route_bicycle_lcn=yes", "", "7790", "772289"],
          ["12507915", "47833692", "526", "114", "1000", "0", "0", "0", "0", "reversedirection=yes highway=path surface=fine_gravel foot=designated bicycle=designated route_bicycle_lcn=yes", "", "7821", "775316"],
          ["12508118", "47833972", "525", "49", "1000", "0", "0", "0", "0", "reversedirection=yes highway=track surface=asphalt tracktype=grade1 route_bicycle_lcn=yes", "", "7830", "776278"],
          ["12509068", "47833732", "525", "76", "1000", "0", "0", "0", "0", "reversedirection=yes highway=track surface=concrete tracktype=grade1 route_bicycle_lcn=yes", "", "7843", "777542"],
          ["12509704", "47833203", "525", "82", "1000", "0", "0", "0", "0", "reversedirection=yes highway=track surface=asphalt tracktype=grade2 route_bicycle_lcn=yes", "", "7857", "779004"],
          ["12514693", "47832024", "522", "396", "1000", "0", "0", "0", "0", "reversedirection=yes highway=track surface=compacted tracktype=grade2 route_bicycle_lcn=yes", "", "7916", "784832"],
          ["12514990", "47832012", "522", "22", "1000", "0", "0", "0", "0", "reversedirection=yes highway=track surface=asphalt tracktype=grade1 route_bicycle_lcn=yes", "", "7919", "785114"],
          ["12515175", "47831971", "522", "15", "1000", "0", "0", "0", "0", "reversedirection=yes highway=track surface=wood tracktype=grade1 route_bicycle_lcn=yes", "", "7921", "785337"],
          ["12515439", "47831900", "521", "21", "1000", "0", "0", "0", "0", "reversedirection=yes highway=track surface=asphalt tracktype=grade1 route_bicycle_lcn=yes", "nodeaccessgranted=yes barrier=bollard bicycle=yes foot=yes", "7923", "785584"],
          ["12515692", "47831839", "521", "20", "1000", "0", "0", "0", "0", "reversedirection=yes highway=track surface=wood tracktype=grade1 route_bicycle_lcn=yes", "", "7926", "785846"],
          ["12515910", "47832033", "521", "36", "1000", "0", "0", "0", "0", "reversedirection=yes highway=track surface=asphalt tracktype=grade1 route_bicycle_lcn=yes", "", "7931", "786393"],
          ["12517351", "47834421", "521", "287", "1000", "0", "0", "0", "0", "reversedirection=yes highway=track surface=compacted tracktype=grade2 route_bicycle_lcn=yes", "", "7976", "790880"],
          ["12517403", "47834410", "521", "4", "1000", "0", "0", "0", "0", "highway=track surface=gravel tracktype=grade3 route_bicycle_lcn=yes", "nodeaccessgranted=yes barrier=cycle_barrier", "7977", "790948"],
          ["12517587", "47834380", "521", "14", "1000", "0", "0", "0", "0", "highway=track surface=gravel tracktype=grade3 route_bicycle_lcn=yes", "", "7979", "791178"],
          ["12524885", "47831877", "521", "655", "1000", "0", "0", "0", "0", "highway=track surface=asphalt tracktype=grade1 route_bicycle_lcn=yes", "", "8089", "802152"],
          ["12525426", "47832022", "523", "52", "1000", "0", "0", "0", "0", "highway=service surface=asphalt route_bicycle_lcn=yes", "", "8100", "803314"],
          ["12528575", "47832950", "526", "286", "1000", "0", "0", "0", "0", "highway=path surface=asphalt foot=designated bicycle=designated route_bicycle_lcn=yes", "", "8172", "810445"],
          ["12528622", "47833005", "527", "7", "1000", "0", "0", "0", "0", "highway=cycleway surface=asphalt foot=designated bicycle=designated route_bicycle_lcn=yes", "", "8174", "810617"],
          ["12530825", "47834012", "526", "203", "1000", "0", "0", "0", "0", "highway=path surface=asphalt foot=designated bicycle=designated route_bicycle_lcn=yes", "", "8211", "814355"],
          ["12530901", "47834033", "526", "6", "1000", "0", "0", "0", "0", "highway=path surface=wood foot=designated bicycle=designated route_bicycle_lcn=yes", "", "8212", "814462"],
          ["12531019", "47834089", "526", "11", "1000", "0", "0", "0", "0", "highway=path surface=asphalt foot=designated bicycle=designated route_bicycle_lcn=yes", "", "8214", "814670"],
          ["12531013", "47834241", "526", "19", "1000", "0", "0", "0", "0", "highway=path surface=asphalt foot=designated bicycle=yes route_bicycle_lcn=yes", "", "8217", "814991"],
          ["12532570", "47835829", "523", "215", "1000", "0", "0", "0", "0", "highway=tertiary surface=asphalt route_bicycle_lcn=yes", "", "8245", "817791"],
          ["12539004", "47841254", "524", "785", "1000", "0", "0", "0", "0", "highway=path surface=asphalt foot=designated bicycle=yes route_bicycle_lcn=yes", "", "8385", "831792"],
          ["12541213", "47842539", "525", "220", "1000", "0", "0", "0", "0", "highway=tertiary surface=asphalt route_bicycle_lcn=yes", "", "8420", "835225"],
          ["12542455", "47843939", "524", "217", "1000", "0", "0", "0", "0", "reversedirection=yes highway=residential surface=asphalt route_bicycle_lcn=yes", "nodeaccessgranted=yes wheelchair=yes", "8452", "838514"],
          ["12542995", "47845638", "522", "198", "1000", "0", "0", "0", "0", "reversedirection=yes highway=residential surface=asphalt route_bicycle_lcn=yes", "", "8481", "841385"],
          ["12544666", "47846698", "525", "176", "1000", "0", "0", "0", "0", "highway=residential surface=asphalt route_bicycle_lcn=yes", "", "8521", "845385"],
          ["12548329", "47849931", "528", "464", "1000", "0", "0", "0", "0", "highway=path surface=asphalt foot=designated bicycle=designated route_bicycle_lcn=yes", "", "8616", "854848"],
          ["12559424", "47853299", "547", "929", "1050", "0", "1", "0", "0", "highway=path surface=asphalt foot=designated bicycle=designated", "highway=crossing", "8864", "879666"],
          ["12564217", "47854429", "551", "391", "1050", "0", "2", "0", "0", "highway=path surface=asphalt foot=designated bicycle=designated", "highway=crossing", "8960", "889259"],
          ["12565614", "47854899", "554", "118", "1050", "0", "0", "0", "0", "highway=path surface=asphalt foot=designated bicycle=designated", "", "8992", "892499"],
          ["12580287", "47859975", "580", "1273", "1000", "0", "0", "0", "0", "highway=path surface=asphalt foot=designated bicycle=designated route_bicycle_lcn=yes", "", "9419", "935157"],
          ["12582001", "47860843", "571", "170", "1000", "0", "0", "0", "0", "highway=service surface=asphalt route_bicycle_lcn=yes", "", "9443", "937558"],
          ["12583790", "47861399", "566", "149", "1150", "13", "0", "0", "0", "highway=track surface=asphalt tracktype=grade2", "", "9455", "938241"],
          ["12587244", "47862841", "567", "303", "2050", "0", "0", "0", "0", "highway=track tracktype=grade2", "", "9493", "941969"],
          ["12587229", "47862861", "567", "2", "1450", "0", "89", "0", "0", "highway=tertiary surface=asphalt", "", "9493", "941999"],
          ["12587307", "47862892", "567", "7", "1350", "0", "84", "0", "0", "reversedirection=yes highway=unclassified surface=asphalt", "", "9494", "942103"],
          ["12607296", "47864298", "631", "1682", "1000", "0", "0", "0", "0", "reversedirection=yes highway=unclassified surface=asphalt cycleway:both=no route_bicycle_lcn=yes", "", "10192", "1011881"],
          ["12609330", "47862308", "639", "268", "1000", "0", "0", "0", "0", "reversedirection=yes highway=residential surface=asphalt route_bicycle_lcn=yes", "", "10306", "1023340"],
          ["12621994", "47867407", "606", "1342", "1000", "293", "0", "0", "0", "highway=unclassified surface=asphalt cycleway:both=no route_bicycle_lcn=yes", "", "10471", "1039701"],
          ["12622710", "47867842", "604", "75", "1350", "0", "8", "0", "0", "highway=unclassified surface=asphalt cycleway:both=no", "estimated_crossing_class=1", "10481", "1040710"],
          ["12622960", "47867772", "604", "20", "1000", "0", "0", "0", "0", "highway=secondary surface=asphalt smoothness=excellent cycleway:both=no route_bicycle_lcn=yes", "nodeaccessgranted=yes wheelchair=yes", "10484", "1040948"],
          ["12623631", "47867600", "604", "53", "1000", "0", "0", "0", "0", "highway=secondary surface=asphalt smoothness=excellent cycleway:both=no route_bicycle_lcn=yes", "nodeaccessgranted=yes estimated_crossing_class=1", "10491", "1041661"],
          ["12625156", "47867363", "604", "117", "1000", "0", "0", "0", "0", "highway=secondary surface=asphalt smoothness=excellent cycleway:both=no route_bicycle_lcn=yes", "nodeaccessgranted=yes estimated_crossing_class=1", "10507", "1043329"],
          ["12626607", "47867249", "604", "109", "1000", "0", "0", "0", "0", "highway=secondary surface=asphalt smoothness=excellent cycleway:both=no route_bicycle_lcn=yes", "nodeaccessgranted=yes estimated_crossing_class=2", "10525", "1045074"],
          ["12627799", "47867244", "604", "89", "1000", "0", "0", "0", "0", "highway=secondary surface=asphalt smoothness=excellent cycleway:both=no route_bicycle_lcn=yes", "nodeaccessgranted=yes estimated_crossing_class=2", "10539", "1046532"],
          ["12628735", "47867236", "603", "70", "1000", "0", "0", "0", "0", "highway=secondary surface=asphalt smoothness=excellent cycleway:both=no route_bicycle_lcn=yes", "nodeaccessgranted=yes estimated_crossing_class=2", "10551", "1047641"],
          ["12629059", "47867230", "603", "24", "1000", "0", "0", "0", "0", "highway=secondary surface=asphalt smoothness=excellent cycleway:both=no route_bicycle_lcn=yes", "nodeaccessgranted=yes estimated_crossing_class=2", "10554", "1048030"],
          ["12629468", "47867212", "604", "31", "1000", "0", "0", "0", "0", "highway=secondary surface=asphalt smoothness=excellent cycleway:both=no route_bicycle_lcn=yes", "nodeaccessgranted=yes estimated_crossing_class=2", "10557", "1048337"],
          ["12630170", "47867146", "604", "53", "1000", "0", "0", "0", "0", "highway=secondary surface=asphalt smoothness=excellent cycleway:both=no route_bicycle_lcn=yes", "nodeaccessgranted=yes estimated_crossing_class=2", "10564", "1048966"],
          ["12630816", "47867067", "605", "49", "1000", "0", "0", "0", "0", "highway=secondary surface=asphalt smoothness=excellent cycleway:both=no route_bicycle_lcn=yes", "nodeaccessgranted=yes estimated_crossing_class=2", "10571", "1049738"],
          ["12630911", "47867058", "605", "7", "1000", "0", "0", "0", "0", "highway=secondary surface=asphalt smoothness=excellent cycleway:both=no route_bicycle_lcn=yes", "nodeaccessgranted=yes estimated_crossing_class=3", "10573", "1049850"],
          ["12632185", "47867034", "604", "95", "1000", "0", "0", "20", "0", "highway=secondary surface=asphalt cycleway:both=no route_bicycle_lcn=yes", "nodeaccessgranted=yes highway=traffic_signals estimated_crossing_class=0", "10586", "1051218"],
          ["12632251", "47866955", "604", "10", "1650", "0", "43", "0", "0", "reversedirection=yes highway=secondary surface=asphalt smoothness=excellent cycleway:both=no", "", "10588", "1051372"],
          ["12632421", "47866736", "605", "27", "1650", "0", "0", "0", "0", "reversedirection=yes highway=secondary surface=asphalt smoothness=good cycleway:both=no", "", "10593", "1051941"],
          ["12632486", "47866651", "607", "11", "1650", "0", "0", "20", "0", "reversedirection=yes highway=secondary surface=asphalt smoothness=intermediate cycleway:both=no", "highway=traffic_signals", "10597", "1052269"],
          ["12633139", "47866824", "605", "53", "1650", "0", "81", "0", "0", "reversedirection=yes highway=secondary surface=asphalt smoothness=excellent cycleway:both=no", "estimated_crossing_class=3", "10607", "1053254"],
          ["12633364", "47866886", "606", "18", "1650", "0", "0", "0", "0", "reversedirection=yes highway=secondary surface=asphalt smoothness=excellent cycleway:both=no", "estimated_crossing_class=3", "10611", "1053674"],
          ["12633918", "47867037", "604", "45", "1650", "0", "0", "0", "0", "reversedirection=yes highway=secondary surface=asphalt smoothness=excellent", "estimated_crossing_class=3", "10617", "1054299"],
          ["12634271", "47867135", "604", "29", "1650", "0", "0", "0", "0", "reversedirection=yes highway=secondary surface=asphalt smoothness=excellent", "estimated_crossing_class=3", "10621", "1054703"],
          ["12634409", "47867173", "604", "11", "1650", "0", "0", "0", "0", "reversedirection=yes highway=secondary surface=asphalt smoothness=excellent", "estimated_crossing_class=3", "10623", "1054882"],
          ["12635510", "47867514", "602", "91", "1650", "0", "0", "0", "0", "reversedirection=yes highway=secondary surface=asphalt smoothness=excellent", "estimated_crossing_class=3", "10634", "1055943"],
          ["12636092", "47867694", "600", "48", "1650", "0", "0", "0", "0", "reversedirection=yes highway=secondary surface=asphalt smoothness=excellent", "", "10638", "1056429"],
          ["12636797", "47867878", "599", "57", "1650", "0", "0", "0", "0", "reversedirection=yes highway=secondary surface=asphalt smoothness=good", "estimated_crossing_class=3", "10645", "1057044"],
          ["12637973", "47867805", "598", "90", "1650", "0", "7", "0", "0", "reversedirection=yes highway=secondary surface=asphalt smoothness=excellent", "estimated_crossing_class=2", "10655", "1058092"],
          ["12638006", "47867798", "598", "3", "1650", "0", "0", "0", "0", "reversedirection=yes highway=secondary surface=asphalt smoothness=excellent", "estimated_crossing_class=2", "10655", "1058126"],
          ["12638125", "47867774", "598", "9", "1650", "0", "0", "0", "0", "reversedirection=yes highway=secondary surface=asphalt smoothness=excellent", "highway=crossing estimated_crossing_class=1 crossing=uncontrolled", "10656", "1058229"],
          ["12638254", "47867749", "598", "10", "1650", "0", "0", "0", "0", "reversedirection=yes highway=secondary surface=asphalt smoothness=excellent", "estimated_crossing_class=2 railway=level_crossing", "10658", "1058347"],
          ["12638354", "47867729", "597", "8", "1150", "0", "0", "0", "0", "reversedirection=yes highway=secondary surface=asphalt smoothness=excellent cycleway:right=lane cycleway:right:oneway=yes", "highway=crossing estimated_crossing_class=1 crossing=uncontrolled", "10658", "1058439"],
          ["12638557", "47867689", "597", "16", "1150", "0", "0", "0", "0", "reversedirection=yes highway=secondary surface=asphalt smoothness=excellent cycleway:right=lane cycleway:right:oneway=yes", "estimated_crossing_class=2", "10660", "1058614"],
          ["12638674", "47867772", "597", "13", "1150", "0", "49", "0", "0", "highway=residential surface=asphalt oneway=yes", "highway=crossing crossing=unmarked", "10662", "1058757"],
          ["12638717", "47867860", "597", "10", "1150", "0", "8", "0", "0", "highway=residential surface=asphalt oneway=yes", "", "10663", "1058871"],
          ["12638503", "47868143", "597", "36", "1150", "0", "24", "0", "0", "highway=residential surface=asphalt cycleway:both=no oneway=yes", "", "10667", "1059321"],
          ["12640822", "47868233", "594", "174", "1150", "0", "131", "0", "0", "highway=residential surface=asphalt oneway=yes", "highway=crossing", "10688", "1061418"],
          ["12640947", "47868238", "593", "9", "1150", "0", "0", "0", "0", "highway=residential surface=asphalt oneway=yes", "", "10689", "1061518"],
          ["12641028", "47868247", "593", "6", "1150", "0", "0", "0", "0", "highway=residential surface=asphalt cycleway:both=no", "highway=crossing", "10690", "1061586"],
          ["12643077", "47868333", "592", "154", "1150", "0", "0", "0", "0", "highway=residential surface=asphalt cycleway:both=no", "", "10708", "1063436"],
          ["12643494", "47868411", "592", "32", "1150", "0", "2", "0", "0", "highway=residential surface=asphalt smoothness=good cycleway:both=no", "", "10713", "1063854"]
        ],
        "times": [0.168,0.504,1.176,1.848,2.52,3.192,3.528,5.04,5.544,6.216,14.784,16.968,20.664,25.537,27.217,29.905,32.288,35.011,36.114,38.653,43.332,44.682,56.987,59.715,60.198,69.966,71.726,73.333,93.706,94.872,104.411,106.507,107.232,107.454,115.525,120.229,120.805,123.98,125.15,130.84,133.017,136.872,148.612,153.144,153.983,158.26,162.245,164.218,169.278,170.255,185.945,189.201,191.436,194.064,199.441,207.27,216.602,232.58,260.918,272.358,282.306,289.786,296.95,308.228,313.299,318.017,339.446,351.389,357.492,365.804,368.55,377.584,393.242,407.018,421.046,425.148,428.534,431.99,434.645,435.941,437.64,443.161,448.619,453.324,465.954,472.997,479.298,481.681,498.922,513.864,520.431,536.423,549.89,559.98,560.821,571.437,579.057,580.948,582.663,588.8,590.017,593.822,596.748,601.299,605.365,611.066,628.069,630.885,632.544,636.368,638.033,639.532,641.489,645.297,651.246,661.903,663.682,667.127,669.215,675.8,684.058,686.745,691.152,693.591,703.675,709.199,712.89,714.287,724.849,726.937,728.811,730.991,736.189,740.762,764.973,768.6,804.746,819.963,826.031,828.175,832.754,835.848,837.26,857.591,870.007,895.85,929.817,939.85,942.076,949.384,953.538,955.738,957.429,961.038,963.029,963.491,969.943,996.344,1002.791,1006.359,1011.616,1016.204,1018.831,1024.402,1034.372,1046.974,1049.249,1057.067,1058.429,1059.21,1060.196,1060.949,1061.833,1062.284,1063.985,1065.495,1069.869,1073.977,1076.145,1078.358,1081.419,1085.362,1087.006,1089.458,1103.754,1111.31,1118.076,1122.729,1126.037,1128.167,1133.818,1135.086,1136.302,1138.516,1146.843,1175.679,1195.921,1202.67,1225.791,1227.449,1228.878,1231.337,1238.574,1241.718,1244.533,1246.925,1248.927,1256.176,1262.964,1265.657,1267.615,1270.545,1271.11,1271.768,1274.538,1276.858,1280.613,1281.083,1286.425,1286.887,1288.251,1289.525,1294.838,1299.779,1303.653,1305.929,1312.285,1318.634,1324.943,1333.816,1342.225,1347.383,1350.242,1352.82,1359.091,1369.797,1374.868,1384.038,1386.26,1387.473,1389.515,1393.874,1394.88,1396.725,1402.933,1412.334,1415.338,1422.158,1424.438,1429.453,1431.118,1434.54,1436.634,1437.935,1439.227,1446.897,1448.201,1449.127,1461.361,1471.464,1479.539,1488.968,1492.073,1499.933,1555.057,1637.081,1642.589,1643.645,1644.771,1665.077,1666.818,1667.75,1670.517,1686.565,1706.993,1717.736,1728.865,1736.197,1740.913,1745.418,1749.679,1751.199,1770.313,1783.216,1807.868,1809.227,1855.322,1860.142,1878.508,1889.91,1900.042,1903.69,1912.536,1913.882,1920.658,1926.32,1928.979,1931.31,1935.198,1936.273,1942.864,1947.902,1951.474,1959.563,1968.552,1978.542,1993.978,1997.036,2004.949,2012.277,2028.184,2045.813,2064.065,2077.18,2090.649,2104.312,2119.088,2133.117,2137.845,2141.32,2149.365,2154.449,2162.506,2173.583,2179.756,2193.892,2199.195,2205.11,2206.152,2251.334,2259.576,2266.097,2269.27,2272.745,2283.577,2290.819,2302.095,2308.691,2312.422,2316.462,2325.532,2337.666,2347.292,2357.671,2373.891,2382.643,2417.183,2420.017,2422.162,2424.146,2427.244,2429.399,2431.786,2436.485,2437.854,2442.643,2445.287,2447.723,2450.368,2452.153,2454.699,2457.003,2461.285,2464.893,2468.54,2484.046,2488.379,2490.553,2493.696,2496.241,2498.281,2502.868,2505.693,2507.829,2509.003,2509.807,2512.941,2514.851,2518.593,2520.977,2524.753,2529.337,2540.938,2545.503,2548.417,2550.825,2560.114,2562.074,2568.617,2573.642,2576.298,2579.17,2582.028,2588.514,2616.712,2632.769,2640.876,2648.996,2659.98,2665.023,2669.175,2681.121,2693.319,2702.627,2710.346,2757.786,2837.947,2872.307,2894.76,2903.319,2906.902,2950.997,2969.089,2981.863,3000.009,3031.256,3032.812,3043.308,3052.307,3067.284,3070.898,3073.465,3078.891,3109.774,3118.834,3139.323,3146.424,3148.906,3201.324,3242.219,3257.968,3279.864,3300.832,3311.237,3323.981,3333.312,3343.566,3350.127,3352.003,3352.999,3354.473,3361.248,3362.692,3363.857,3365.179,3374.847,3377.848,3379.567,3382.927,3383.728,3385.328,3385.968,3386.528,3387.008,3387.488,3388.608,3389.808,3390.288,3390.608,3393.088,3395.768,3396.992,3397.913,3398.84,3399.301,3400.789,3401.633,3402.833,3404.753,3405.633,3406.353,3409.873,3410.353,3410.673,3411.393,3411.953,3412.513,3413.073,3414.193,3415.713,3417.553,3418.353,3419.153,3420.24,3421.24,3422.288,3423.333,3424.398,3425.333,3427.027,3428.583,3431.453,3433.804,3443.522,3445.848,3447.56,3449.04,3450.482,3452.591,3467.104,3479.306,3506.242,3511.5,3517.382,3521.066,3524.211,3528.692,3552.778,3557.676,3563.56,3570.633,3576.544,3586.654,3606.571,3615.422,3633.867,3705.159,3742.362,3749.851,3756.583,3763.376,3772.887,3816.584,3819.927,3823.485,3826.385,3830.735,3834.392,3837.223,3853.427,3857.62,3861.605,3867.591,3880.759,3887.212,3890.341,3894.951,3902.072,3909.072,3936.331,3941.773,3965.204,3970.741,3975.063,3985.212,4008.877,4015.099,4024.371,4028.915,4051.563,4104.699,4108.926,4111.029,4118.405,4121.032,4121.96,4123.437,4125.267,4133.618,4135.276,4139.727,4145.042,4148.973,4157.948,4171.396,4180.319,4184.127,4185.206,4191.903,4200.278,4203.217,4205.545,4207.51,4210.85,4213.414,4215.844,4220.455,4224.5,4231.858,4233.528,4239.542,4242.252,4243.589,4248.038,4250.245,4252.945,4261.014,4261.84,4262.276,4264.068,4264.235,4264.555,4265.115,4265.675,4266.235,4267.195,4268.955,4270.635,4271.22,4272.234,4273.24,4273.5,4276.885,4280.078,4283.745,4285.226,4288.117,4290.55,4292.867,4294.134,4295.921,4297.258,4308.45,4309.64,4310.446,4310.989,4311.536,4312.226,4325.664,4328.668,4329.124,4333.542,4343.15,4345.118,4357.471,4361.576,4367.393,4370.179,4372.21,4373.876,4375.316,4377.396,4381.637,4383.077,4384.597,4387.568,4394.048,4394.135,4395.421,4403.821,4404.974,4406.059,4406.433,4407.745,4410.42,4418.96,4422.236,4425.262,4428.731,4430.629,4433.501,4438.445,4444.538,4452.663,4482.04,4564.556,4578.074,4586.675,4595.933,4603.103,4608.213,4613.198,4619.888,4621.011,4623.745,4624.575,4625.724,4634.075,4637.284,4638.859,4641.659,4645.505,4649.819,4661.332,4666.843,4678.043,4680.918,4683.453,4685.816,4687.672,4689.527,4691.213,4695.266,4700.178,4704.63,4711.166,4713.09,4714.121,4718.858,4721.323,4724.43,4727.097,4732.358,4736.198,4743.016,4751.563,4754.192,4758.405,4761.78,4766.36,4768.37,4769.107,4777.381,4784.593,4818.255,4827.749,4842.413,4845.1,4858.787,4860.886,4862.766,4863.939,4867.216,4872.576,4887.376,4888.289,4890.472,4893.635,4898.753,4901.697,4903.632,4905.732,4907.407,4910.142,4913.502,4916.382,4916.942,4917.502,4919.022,4919.665,4920.283,4921.366,4922.326,4923.362,4924.481,4924.987,4927.31,4929.464,4933.142,4935.149,4935.451,4937.3,4940.103,4941.542,4942.697,4946.077,4947.105,4948.115,4951.837,4952.953,4953.658,4953.954,4954.654,4956.174,4956.654,4957.054,4958.174,4960.654,4963.936,4964.767,4967.032,4973.243,4976.549,4982.153,4985.618,4989.798,4990.863,4992.365,4993.683,4995.889,4996.976,4998.215,5002.093,5005.66,5007.632,5009.937,5013.367,5016.529,5019.404,5021.012,5023.599,5027.505,5028.159,5029.96,5034.435,5038.463,5040.478,5043.871,5047.56,5048.528,5049.897,5051.511,5052.582,5056.414,5060.252,5063.073,5064.689,5066.237,5068.009,5074.84,5076.402,5082.267,5083.297,5089.452,5096.083,5097.351,5099.276,5108.149,5117.278,5121.014,5129.674,5135.296,5141.832,5145.308,5147.438,5149.029,5153.942,5154.702,5157.776,5159.859,5164.167,5169.922,5174.272,5176.753,5183.353,5191.416,5193.589,5195.899,5201.268,5203.963,5209.083,5214.85,5219.15,5219.793,5229.074,5230.66,5235.788,5237.081,5240.144,5241.604,5245.94,5249.052,5251.118,5253.521,5257.114,5259.519,5266.221,5272.02,5276.79,5282.62,5286.786,5291.174,5295.423,5297.528,5300.124,5302.914,5304.166,5311.886,5317.538,5328.599,5398.725,5401.901,5404.243,5405.415,5406.587,5407.844,5413.061,5414.799,5415.91,5416.547,5417.147,5418.051,5418.96,5420.182,5422.339,5425.665,5427.042,5428.978,5439.383,5440.701,5451.699,5474.161,5478.415,5481.739,5576.186,5581.541,5585.133,5589.03,5597.935,5599.739,5608.215,5610.588,5612.981,5614.794,5617.544,5619.129,5620.481,5630.127,5633.438,5636.526,5641.682,5650.205,5650.626,5653.655,5660.275,5661.242,5662.585,5664.483,5671.688,5680.705,5687.694,5690.792,5695.464,5699.368,5703.742,5709.461,5716.578,5719.227,5720.957,5725.412,5729.764,5731.062,5732.527,5742.377,5747.544,5768.626,5772.834,5777.88,5783.262,5788.642,5793.348,5797.382,5801.247,5810.153,5814.522,5823.259,5827.795,5832.668,5838.548,5842.076,5854.005,5856.861,5860.053,5895.573,5902.501,5915.169,5925.648,5929.842,5931.184,5932.286,5934.503,5936.881,5939.413,5940.311,5941.65,5946.343,5948.735,5952.005,5952.725,5958.424,5960.406,5962.522,5964.977,5966.895,5967.765,5970.365,5972.808,5974.997,5979.455,5983.854,5991.912,5994.228,5999.738,6002.188,6005.816,6009.459,6016.606,6023.112,6028.431,6037.659,6039.762,6043.991,6045.984,6049.926,6051.7,6061.818,6070.154,6078.145,6081.194,6083.056,6088.465,6091.84,6098.752,6101.604,6104.484,6114.396,6117.781,6120.304,6123.159,6126.868,6129.32,6141.007,6145.762,6151.672,6155.034,6159.068,6162.894,6175.349,6180.145,6183.674,6187.172,6189.398,6191.75,6193.655,6195.61,6202.445,6204.413,6210.866,6217.032,6221.719,6231.003,6247.952,6250.014,6270.869,6283.597,6315.723,6351.684,6355.285,6368.05,6372.113,6374.311,6375.663,6378.196,6390.59,6399.212,6401.558,6404.053,6417.86,6423.477,6426.641,6429.327,6434.699,6439.856,6443.667,6446.528,6449.15,6451.6,6459.562,6461.108,6463.261,6476.431,6480.113,6489.737,6492.318,6495.048,6548.733,6557.948,6570.775,6577.124,6583.329,6589.102,6593.239,6594.418,6595.452,6597.581,6598.673,6600.52,6601.193,6606.271,6607.423,6638.505,6644.583,6653.461,6659.125,6684.235,6689.346,6703.313,6728.922,6748.301,6766.597,6773.049,6806.308,6821.647,6845.054,6899.458,6965.671,6966.61,6968.539,7039.443,7141.092,7251.977,7325.496,7327.687,7329.708,7337.114,7343.339,7351.914,7361.495,7364.017,7365.361,7368.05,7369.226,7375.443,7379.814,7389.11,7402.935,7405.465,7408.14,7416.921,7420.846,7426.293,7429.397,7432.545,7435.25,7437.013,7437.817,7439.269,7440.726,7441.938,7442.802,7445.56,7447.433,7450.078,7452.07,7454.417,7455.768,7459.371,7461.607,7463.267,7464.365,7468.169,7470.317,7471.208,7472.627,7475.098,7475.976,7479.47,7481.381,7485.356,7493.311,7496.426,7503.047,7503.207,7507.545,7510.788,7511.929,7514.018,7521.385,7523.637,7528.343,7529.685,7531.203,7533.454,7534.568,7536.412,7537.268,7541.196,7543.069,7549.546,7552.04,7553.604,7554.49,7556.132,7557.338,7560.666,7564.094,7567.143,7572.209,7576.123,7593.717,7603.582,7607.985,7609.508,7626.713,7638.661,7641.184,7667.353,7686.953,7689.132,7690.034,7691.472,7708.509,7710.925,7712.899,7717.88,7720.149,7721.614,7723.573,7724.272,7732.718,7740.409,7744.302,7750.457,7756.129,7759.281,7762.932,7771.536,7776.998,7783.299,7786.922,7790.763,7796.105,7796.854,7800.005,7802.205,7805.574,7816.788,7819.249,7821.03,7822.341,7823.203,7826.893,7827.869,7828.286,7828.731,7830.645,7843.289,7844.312,7845.243,7849.499,7851.461,7852.033,7853.261,7857.911,7879.667,7896.693,7912.002,7913.306,7914.534,7916.187,7918.089,7919,7921.237,7923.707,7926.326,7927.235,7927.722,7928.372,7928.829,7929.441,7929.902,7931.795,7932.769,7933.299,7938.52,7967.052,7971.175,7975.08,7976.66,7977.338,7978.523,7979.634,7980.832,7981.435,7984.178,7987.746,8006.038,8010.896,8023.715,8054.163,8058.925,8060.638,8061.991,8063.649,8065.382,8068.25,8072.555,8073.177,8073.332,8073.957,8074.625,8076.724,8077.149,8077.419,8078.425,8079.828,8080.831,8082.022,8082.866,8086.777,8087.983,8089.373,8093.644,8095.07,8096.576,8097.214,8097.941,8100.991,8103.424,8111.92,8116.747,8120.161,8124.19,8125.786,8127.789,8132.908,8140.728,8144.263,8146.778,8153.255,8154.475,8154.956,8155.673,8157.425,8158.43,8159.228,8160.888,8172.278,8174,8178.918,8182.676,8186.164,8191.441,8195.283,8197.357,8199.916,8202.492,8211.38,8212.447,8214.528,8216.211,8217.739,8220.226,8222.401,8227.041,8229.062,8231.122,8241.273,8242.897,8245.729,8246.904,8249.594,8255.532,8258.879,8262.221,8264.537,8266.862,8271.281,8279.745,8288.455,8295.247,8307.967,8312.496,8317.832,8324.339,8350.819,8357.381,8367.086,8374.385,8378.764,8384.655,8385.733,8390.987,8398.054,8404.062,8406.137,8419.133,8420.066,8421.455,8423.566,8425.885,8430.192,8432.584,8434.211,8434.979,8436.081,8437.479,8440.695,8443.268,8445.449,8447.072,8449.755,8451.53,8452.943,8462.236,8464.812,8466.567,8471.219,8474.233,8477.639,8478.315,8480.245,8481.652,8483.105,8500.368,8504.844,8508.412,8513.908,8518.135,8521.641,8523.93,8529.99,8535.646,8540.734,8549.459,8562.86,8565.422,8572.275,8580.966,8585.183,8589.164,8595.414,8601.691,8609.201,8616.262,8637.964,8652.572,8657.338,8658.213,8664.568,8672.523,8681.628,8685.689,8694.604,8700.029,8704.533,8712.744,8721.617,8736.822,8747.625,8756.559,8762.066,8775.426,8784.549,8797.945,8814.902,8835.002,8840.457,8864.384,8878.047,8889.318,8896.075,8901.623,8909.871,8913.916,8918.466,8922.306,8929.632,8935.491,8944.717,8950.039,8960.291,8964.992,8968.324,8975.295,8989.599,8992.68,9008.734,9036.906,9043.312,9054.505,9064.812,9073.691,9093.205,9101.133,9139.872,9149.377,9158.205,9175.869,9234.069,9250.592,9306.145,9310.291,9319.97,9332.248,9360.066,9378.3,9384.015,9388.996,9393.105,9397.832,9400.609,9406.266,9410.585,9419.199,9420.076,9421.396,9421.932,9422.504,9423.577,9436.64,9440.135,9442.598,9443.478,9446.518,9448.518,9450.357,9452.357,9454.687,9455.895,9460.15,9470.437,9472.493,9474.623,9478.537,9490.379,9493.158,9493.454,9494.498,9499.998,9508.947,9520.06,9534.598,9547.553,9552.079,9560.879,9563.645,9574.497,9579.417,9584.986,9598.553,9622.137,9632.794,9653.039,9690.99,9731.244,9755.876,9771.854,9816.353,9835.371,9850.141,9868.837,9886.049,9906.584,9919.191,9931.799,9945.934,9959.602,9974.612,9988.09,9999.35,10028.4,10044.654,10048.174,10051.804,10056.979,10060.68,10066.492,10070.501,10072.641,10074.654,10076.137,10077.241,10080.149,10082.367,10086.785,10093.066,10100.802,10111.585,10118.137,10124.788,10130.756,10138.06,10144.101,10148.567,10152.498,10159.983,10163.409,10168.73,10174.422,10180.177,10192.17,10202.941,10214.611,10229.582,10242.168,10250.601,10267.238,10276.836,10290.717,10294.377,10298.32,10301.65,10305.577,10306.732,10309.523,10310.604,10317.726,10320.118,10321.312,10325.26,10330.039,10336.684,10338.77,10340.736,10343.387,10344.137,10345.008,10347.156,10348.646,10352.764,10354.068,10355.922,10357.938,10358.947,10362.009,10367.929,10373.381,10381.589,10384.291,10387.4,10388.707,10389.453,10390.779,10392.291,10393.185,10394.04,10395.623,10398.843,10400.648,10405.519,10408.846,10411.922,10415.091,10419.102,10426.386,10427.359,10428.354,10429.114,10430.536,10432.047,10438.88,10442.443,10446.806,10452.66,10454.242,10455.371,10462.416,10471.613,10474.117,10476.243,10478.021,10481.701,10484.074,10486.582,10491.205,10495.592,10502.156,10507.883,10512.545,10516.238,10525.337,10539.916,10551.002,10554.891,10557.965,10562.229,10564.253,10571.969,10573.089,10586.765,10588.301,10593.986,10597.266,10607.123,10611.319,10617.566,10621.609,10623.397,10634.006,10638.861,10645.014,10646.871,10650.498,10655.492,10655.829,10656.859,10658.039,10658.963,10660.714,10662.143,10663.283,10665.795,10667.778,10672.978,10673.344,10680.4,10680.955,10685.296,10688.75,10689.745,10690.426,10692.614,10694.281,10695.84,10696.762,10704.08,10705.997,10708.922,10709.174,10713.105]
      },
      "geometry": {
        "type": "LineString",
        "coordinates": [
          [12.129026, 47.856051, 445.0],
          [12.129024, 47.856033, 445.0],
          [12.129047, 47.856001, 445.0],
          [12.129090, 47.855986, 445.0],
          [12.129137, 47.855989, 445.0],
          [12.129174, 47.856010, 445.0],
          [12.129184, 47.856025, 445.0],
          [12.129292, 47.855982, 445.0],
          [12.129328, 47.855967, 445.0],
          [12.129369, 47.855940, 445.0],
          [12.129731, 47.855551, 445.0],
          [12.129827, 47.855449, 445.0],
          [12.129984, 47.855282, 445.0],
          [12.130268, 47.855106, 445.0],
          [12.130368, 47.855045, 445.0],
          [12.130533, 47.854954, 445.0],
          [12.130721, 47.854893, 444.5],
          [12.130973, 47.854851, 444.25],
          [12.131080, 47.854836, 444.0],
          [12.131321, 47.854815, 444.0],
          [12.131748, 47.854781, 444.0],
          [12.131867, 47.854772, 444.0],
          [12.132914, 47.854701, 444.0],
          [12.133138, 47.854679, 444.0],
          [12.133177, 47.854674, 444.0],
          [12.133928, 47.854580, 444.25],
          [12.134076, 47.854561, 444.0],
          [12.134210, 47.854544, 444.0],
          [12.135590, 47.854362, 445.0],
          [12.135673, 47.854356, 445.25],
          [12.136314, 47.854329, 445.5],
          [12.136515, 47.854340, 444.25],
          [12.136591, 47.854344, 443.5],
          [12.136622, 47.854347, 443.0],
          [12.137229, 47.854383, 445.0],
          [12.137547, 47.854403, 445.5],
          [12.137592, 47.854409, 445.5],
          [12.137835, 47.854442, 445.0],
          [12.137927, 47.854453, 445.0],
          [12.138367, 47.854516, 445.0],
          [12.138540, 47.854540, 445.0],
          [12.138831, 47.854595, 445.0],
          [12.139723, 47.854797, 445.0],
          [12.140063, 47.854884, 445.0],
          [12.140121, 47.854899, 445.0],
          [12.140428, 47.855021, 444.75],
          [12.140662, 47.855144, 445.25],
          [12.140753, 47.855199, 446.0],
          [12.141010, 47.855393, 445.25],
          [12.141080, 47.855443, 443.75],
          [12.142151, 47.856212, 443.5],
          [12.142279, 47.856289, 445.5],
          [12.142408, 47.856362, 447.25],
          [12.142518, 47.856422, 448.5],
          [12.142647, 47.856480, 451.5],
          [12.142788, 47.856525, 454.5],
          [12.142958, 47.856568, 455.5],
          [12.143417, 47.856644, 454.25],
          [12.143978, 47.856720, 458.75],
          [12.144185, 47.856758, 461.25],
          [12.144363, 47.856801, 462.25],
          [12.144490, 47.856842, 462.75],
          [12.144624, 47.856894, 462.5],
          [12.144825, 47.857010, 463.0],
          [12.144905, 47.857074, 463.75],
          [12.144975, 47.857141, 463.75],
          [12.145182, 47.857381, 467.0],
          [12.145338, 47.857526, 467.5],
          [12.145427, 47.857594, 468.5],
          [12.145567, 47.857683, 469.0],
          [12.145619, 47.857709, 469.0],
          [12.145833, 47.857780, 469.0],
          [12.146246, 47.857865, 470.0],
          [12.146725, 47.857922, 470.0],
          [12.147344, 47.858004, 470.0],
          [12.147554, 47.858014, 470.0],
          [12.147745, 47.858011, 470.0],
          [12.147941, 47.858009, 470.0],
          [12.148104, 47.858019, 470.0],
          [12.148183, 47.858021, 470.0],
          [12.148218, 47.857951, 470.0],
          [12.148333, 47.857720, 470.0],
          [12.148451, 47.857481, 470.0],
          [12.148561, 47.857269, 470.0],
          [12.148718, 47.856644, 470.0],
          [12.148785, 47.856301, 470.25],
          [12.148804, 47.856001, 470.5],
          [12.148964, 47.856026, 470.75],
          [12.149725, 47.856050, 470.0],
          [12.150585, 47.856029, 470.0],
          [12.151009, 47.856009, 470.0],
          [12.152133, 47.855872, 470.0],
          [12.153180, 47.855750, 469.75],
          [12.153966, 47.855630, 469.75],
          [12.154026, 47.855619, 469.75],
          [12.154809, 47.855507, 470.0],
          [12.155393, 47.855468, 470.0],
          [12.155540, 47.855461, 470.0],
          [12.155672, 47.855463, 470.0],
          [12.156181, 47.855509, 469.75],
          [12.156279, 47.855512, 470.0],
          [12.156576, 47.855522, 470.0],
          [12.156799, 47.855511, 470.0],
          [12.157128, 47.855479, 470.25],
          [12.157388, 47.855440, 470.75],
          [12.157809, 47.855364, 470.25],
          [12.159139, 47.855091, 470.0],
          [12.159367, 47.855069, 470.0],
          [12.159504, 47.855063, 470.0],
          [12.159816, 47.855075, 470.0],
          [12.159941, 47.855097, 470.0],
          [12.160056, 47.855125, 470.0],
          [12.160193, 47.855169, 470.25],
          [12.160412, 47.855253, 470.75],
          [12.160733, 47.855395, 471.0],
          [12.161161, 47.855672, 472.0],
          [12.161247, 47.855712, 472.0],
          [12.161436, 47.855775, 472.0],
          [12.161555, 47.855815, 472.0],
          [12.161915, 47.855920, 472.5],
          [12.162313, 47.856011, 473.5],
          [12.162463, 47.856030, 473.5],
          [12.162718, 47.856026, 473.5],
          [12.162862, 47.856041, 473.5],
          [12.163446, 47.856155, 473.75],
          [12.163850, 47.856217, 473.25],
          [12.164105, 47.856291, 473.25],
          [12.164197, 47.856323, 473.25],
          [12.164867, 47.856591, 473.5],
          [12.165003, 47.856626, 473.75],
          [12.165124, 47.856652, 473.75],
          [12.165273, 47.856671, 474.0],
          [12.165634, 47.856680, 474.0],
          [12.165935, 47.856663, 474.25],
          [12.167571, 47.856659, 474.75],
          [12.167842, 47.856677, 474.75],
          [12.170727, 47.857082, 474.25],
          [12.171966, 47.857268, 474.0],
          [12.172457, 47.857334, 474.0],
          [12.172634, 47.857357, 474.0],
          [12.172898, 47.857464, 474.75],
          [12.173051, 47.857557, 475.0],
          [12.173097, 47.857611, 475.0],
          [12.174262, 47.857192, 475.5],
          [12.174960, 47.856912, 476.0],
          [12.176514, 47.856160, 476.0],
          [12.178434, 47.855172, 476.75],
          [12.179007, 47.854902, 477.25],
          [12.179134, 47.854836, 477.25],
          [12.179565, 47.854663, 477.5],
          [12.179821, 47.854581, 477.75],
          [12.179995, 47.854557, 477.25],
          [12.180124, 47.854532, 477.25],
          [12.180411, 47.854435, 476.75],
          [12.180561, 47.854385, 476.75],
          [12.180605, 47.854377, 476.75],
          [12.181113, 47.854291, 477.0],
          [12.182676, 47.854077, 478.75],
          [12.183115, 47.853990, 478.75],
          [12.183344, 47.853968, 479.25],
          [12.183635, 47.853894, 479.75],
          [12.183877, 47.853814, 480.0],
          [12.184016, 47.853755, 480.0],
          [12.184286, 47.853621, 480.25],
          [12.184698, 47.853502, 481.75],
          [12.185310, 47.853472, 482.25],
          [12.185440, 47.853472, 482.0],
          [12.186258, 47.853517, 479.5],
          [12.186420, 47.853520, 478.5],
          [12.186508, 47.853518, 478.25],
          [12.186618, 47.853476, 478.0],
          [12.186681, 47.853431, 477.75],
          [12.186728, 47.853369, 477.75],
          [12.186755, 47.853341, 477.75],
          [12.186799, 47.853223, 478.0],
          [12.186824, 47.853118, 478.0],
          [12.186725, 47.852827, 478.0],
          [12.187197, 47.852799, 477.0],
          [12.187423, 47.852754, 476.75],
          [12.187650, 47.852663, 476.0],
          [12.188051, 47.852702, 475.0],
          [12.188416, 47.852778, 473.0],
          [12.188543, 47.852835, 473.25],
          [12.188794, 47.852864, 475.5],
          [12.189490, 47.852846, 478.75],
          [12.189854, 47.852837, 479.5],
          [12.190181, 47.852839, 480.0],
          [12.190388, 47.852797, 480.5],
          [12.190508, 47.852717, 480.25],
          [12.190569, 47.852632, 479.75],
          [12.190716, 47.852293, 478.25],
          [12.190790, 47.852229, 478.0],
          [12.190888, 47.852187, 477.75],
          [12.191099, 47.852162, 477.75],
          [12.191864, 47.852153, 477.75],
          [12.193972, 47.852195, 481.75],
          [12.194884, 47.852213, 484.5],
          [12.195175, 47.852210, 485.5],
          [12.196338, 47.852229, 486.0],
          [12.196436, 47.852206, 485.75],
          [12.196497, 47.852153, 485.75],
          [12.196582, 47.852041, 485.25],
          [12.196682, 47.851837, 484.5],
          [12.196746, 47.851727, 484.0],
          [12.196822, 47.851623, 483.75],
          [12.196909, 47.851527, 483.25],
          [12.197000, 47.851455, 483.25],
          [12.197364, 47.851076, 482.25],
          [12.197688, 47.850676, 481.5],
          [12.197871, 47.850516, 480.75],
          [12.198046, 47.850434, 480.5],
          [12.198349, 47.850323, 479.75],
          [12.198404, 47.850297, 479.5],
          [12.198460, 47.850261, 479.25],
          [12.198685, 47.850077, 478.75],
          [12.198884, 47.849946, 478.5],
          [12.199197, 47.849777, 475.75],
          [12.199251, 47.849765, 475.25],
          [12.199757, 47.850076, 474.0],
          [12.199791, 47.850102, 474.0],
          [12.199834, 47.850197, 474.25],
          [12.199844, 47.850287, 474.25],
          [12.199812, 47.850590, 475.0],
          [12.199834, 47.850870, 475.0],
          [12.199936, 47.851079, 475.0],
          [12.200018, 47.851189, 475.0],
          [12.200539, 47.851589, 475.5],
          [12.200949, 47.851943, 475.5],
          [12.201275, 47.852286, 475.5],
          [12.201709, 47.852726, 475.5],
          [12.202287, 47.853039, 475.25],
          [12.202559, 47.853268, 475.25],
          [12.202730, 47.853382, 475.25],
          [12.202893, 47.853233, 474.0],
          [12.203470, 47.852929, 473.0],
          [12.204262, 47.852379, 472.5],
          [12.204662, 47.852150, 472.0],
          [12.205422, 47.851624, 470.25],
          [12.205577, 47.851498, 470.0],
          [12.205646, 47.851435, 470.25],
          [12.205732, 47.851324, 470.5],
          [12.205857, 47.851106, 471.0],
          [12.205894, 47.851055, 471.0],
          [12.205935, 47.850960, 471.0],
          [12.205988, 47.850628, 471.0],
          [12.206083, 47.850131, 471.0],
          [12.206100, 47.849956, 470.75],
          [12.206173, 47.849540, 470.25],
          [12.206195, 47.849400, 470.0],
          [12.206334, 47.849106, 470.0],
          [12.206398, 47.849019, 470.0],
          [12.206489, 47.848845, 470.25],
          [12.206512, 47.848742, 470.5],
          [12.206515, 47.848683, 470.75],
          [12.206509, 47.848621, 470.75],
          [12.206413, 47.848266, 471.0],
          [12.206432, 47.848205, 471.0],
          [12.206468, 47.848162, 471.0],
          [12.207192, 47.847791, 471.0],
          [12.207805, 47.847467, 471.0],
          [12.208256, 47.847242, 471.5],
          [12.208728, 47.846980, 472.0],
          [12.208918, 47.846914, 472.0],
          [12.209450, 47.846794, 472.0],
          [12.213146, 47.845766, 472.75],
          [12.216966, 47.844699, 481.0],
          [12.217248, 47.844903, 481.0],
          [12.217294, 47.844952, 481.0],
          [12.217366, 47.844975, 481.25],
          [12.218053, 47.845374, 480.75],
          [12.218075, 47.845448, 480.25],
          [12.218086, 47.845496, 479.75],
          [12.218149, 47.845639, 479.25],
          [12.219056, 47.846499, 478.0],
          [12.220195, 47.847426, 477.75],
          [12.220776, 47.847838, 478.0],
          [12.221266, 47.848109, 479.5],
          [12.221521, 47.848469, 478.5],
          [12.221751, 47.848628, 479.0],
          [12.221947, 47.848792, 479.25],
          [12.222145, 47.849027, 478.0],
          [12.222238, 47.849098, 477.75],
          [12.223076, 47.849559, 480.25],
          [12.223836, 47.849910, 483.0],
          [12.224811, 47.850504, 485.0],
          [12.224880, 47.850538, 485.25],
          [12.225588, 47.850264, 494.25],
          [12.225648, 47.850334, 494.0],
          [12.226213, 47.851056, 490.25],
          [12.226841, 47.851793, 484.75],
          [12.227404, 47.852359, 481.25],
          [12.227633, 47.852571, 480.5],
          [12.228266, 47.853078, 479.5],
          [12.228357, 47.853031, 480.0],
          [12.228932, 47.853449, 477.75],
          [12.229298, 47.853668, 478.75],
          [12.229464, 47.853763, 479.0],
          [12.229618, 47.853838, 479.0],
          [12.230025, 47.854025, 479.5],
          [12.230125, 47.854071, 479.75],
          [12.230688, 47.854297, 480.0],
          [12.230964, 47.854385, 481.75],
          [12.231158, 47.854431, 482.25],
          [12.231504, 47.854495, 483.5],
          [12.231891, 47.854542, 487.25],
          [12.232135, 47.854559, 491.0],
          [12.232459, 47.854572, 493.25],
          [12.232525, 47.854565, 493.75],
          [12.232695, 47.854544, 494.25],
          [12.232837, 47.854488, 495.0],
          [12.233097, 47.854366, 496.75],
          [12.233392, 47.854217, 498.0],
          [12.233715, 47.854038, 499.25],
          [12.233996, 47.853946, 500.5],
          [12.234281, 47.853885, 502.25],
          [12.234553, 47.853845, 504.0],
          [12.234835, 47.853822, 506.0],
          [12.235112, 47.853820, 507.0],
          [12.235210, 47.853850, 507.0],
          [12.235245, 47.853803, 507.25],
          [12.235362, 47.853701, 507.75],
          [12.235398, 47.853621, 508.25],
          [12.235472, 47.853509, 509.0],
          [12.235596, 47.853357, 510.0],
          [12.235683, 47.853263, 510.0],
          [12.235948, 47.853051, 510.25],
          [12.236059, 47.852962, 510.5],
          [12.236186, 47.852850, 510.5],
          [12.236211, 47.852833, 510.5],
          [12.237269, 47.852064, 513.25],
          [12.237632, 47.851779, 512.25],
          [12.237820, 47.851546, 513.0],
          [12.237897, 47.851435, 513.25],
          [12.237943, 47.851310, 513.75],
          [12.238040, 47.850972, 514.75],
          [12.238182, 47.850758, 515.25],
          [12.238487, 47.850523, 516.5],
          [12.238672, 47.850441, 518.0],
          [12.238776, 47.850402, 518.75],
          [12.238881, 47.850371, 519.5],
          [12.239110, 47.850322, 520.75],
          [12.239426, 47.850286, 521.75],
          [12.239674, 47.850282, 522.75],
          [12.239970, 47.850320, 523.0],
          [12.240483, 47.850458, 523.5],
          [12.240851, 47.850592, 523.0],
          [12.242675, 47.851197, 520.5],
          [12.242860, 47.851264, 520.25],
          [12.243001, 47.851325, 520.0],
          [12.243130, 47.851386, 520.0],
          [12.243322, 47.851518, 519.5],
          [12.243448, 47.851630, 519.0],
          [12.243568, 47.851783, 518.5],
          [12.243839, 47.852126, 517.25],
          [12.243934, 47.852217, 517.0],
          [12.244204, 47.852519, 517.0],
          [12.244372, 47.852643, 517.25],
          [12.244540, 47.852744, 517.25],
          [12.244721, 47.852834, 517.5],
          [12.244837, 47.852884, 518.0],
          [12.244972, 47.852928, 519.0],
          [12.245109, 47.852960, 518.75],
          [12.245407, 47.853047, 518.25],
          [12.245612, 47.853130, 518.75],
          [12.245807, 47.853249, 518.5],
          [12.246734, 47.853849, 518.0],
          [12.247058, 47.854026, 517.25],
          [12.247225, 47.854105, 517.25],
          [12.247452, 47.854195, 517.5],
          [12.247666, 47.854252, 517.25],
          [12.247856, 47.854289, 516.75],
          [12.248297, 47.854354, 516.5],
          [12.248574, 47.854379, 516.25],
          [12.248803, 47.854369, 515.75],
          [12.248929, 47.854346, 515.25],
          [12.249017, 47.854340, 515.0],
          [12.249346, 47.854256, 515.0],
          [12.249534, 47.854212, 515.0],
          [12.249899, 47.854153, 515.0],
          [12.250138, 47.854133, 514.75],
          [12.250542, 47.854104, 514.25],
          [12.250916, 47.854041, 515.0],
          [12.251577, 47.853900, 516.5],
          [12.251841, 47.853838, 516.75],
          [12.252044, 47.853769, 516.0],
          [12.252213, 47.853695, 515.75],
          [12.252962, 47.853305, 514.5],
          [12.253172, 47.853203, 512.75],
          [12.253694, 47.852895, 510.25],
          [12.254047, 47.852645, 510.0],
          [12.254219, 47.852506, 509.75],
          [12.254403, 47.852327, 512.0],
          [12.254480, 47.852207, 513.75],
          [12.254633, 47.851910, 516.75],
          [12.254792, 47.851402, 522.25],
          [12.254835, 47.851100, 524.0],
          [12.254859, 47.850934, 524.5],
          [12.254808, 47.850779, 525.5],
          [12.254658, 47.850567, 526.0],
          [12.254631, 47.850451, 526.25],
          [12.254627, 47.850353, 526.5],
          [12.254785, 47.850133, 528.0],
          [12.255138, 47.849934, 528.0],
          [12.255449, 47.849792, 528.5],
          [12.255734, 47.849689, 529.0],
          [12.256796, 47.849234, 534.0],
          [12.259020, 47.848348, 539.25],
          [12.260206, 47.847738, 541.75],
          [12.261335, 47.847187, 542.0],
          [12.261823, 47.847088, 542.75],
          [12.262026, 47.847059, 543.0],
          [12.263820, 47.846865, 546.5],
          [12.264447, 47.846788, 549.25],
          [12.265005, 47.846787, 549.5],
          [12.266206, 47.846730, 548.75],
          [12.267523, 47.846694, 552.0],
          [12.267606, 47.846696, 552.25],
          [12.267972, 47.846664, 554.25],
          [12.268259, 47.846583, 555.25],
          [12.268773, 47.846378, 555.5],
          [12.268920, 47.846336, 555.75],
          [12.269032, 47.846316, 555.75],
          [12.269265, 47.846298, 556.25],
          [12.270693, 47.846249, 557.5],
          [12.271252, 47.846231, 557.5],
          [12.272688, 47.846202, 557.5],
          [12.273220, 47.846193, 557.5],
          [12.273320, 47.846190, 557.25],
          [12.275755, 47.846281, 561.75],
          [12.275518, 47.845080, 565.0],
          [12.275381, 47.844462, 565.5],
          [12.275265, 47.843968, 569.0],
          [12.276418, 47.844056, 568.5],
          [12.277159, 47.844047, 568.25],
          [12.277803, 47.844012, 567.0],
          [12.278389, 47.843994, 566.75],
          [12.279171, 47.843991, 566.25],
          [12.279631, 47.843989, 566.75],
          [12.279769, 47.843979, 566.75],
          [12.279829, 47.843965, 567.0],
          [12.279881, 47.844027, 566.75],
          [12.280433, 47.844450, 563.75],
          [12.280575, 47.844511, 563.25],
          [12.280704, 47.844551, 562.75],
          [12.280866, 47.844587, 562.25],
          [12.281797, 47.844728, 560.25],
          [12.282121, 47.844808, 559.0],
          [12.282316, 47.844863, 558.25],
          [12.282846, 47.844993, 554.0],
          [12.282961, 47.845038, 553.5],
          [12.283157, 47.845165, 551.25],
          [12.283218, 47.845221, 550.25],
          [12.283252, 47.845275, 549.5],
          [12.283272, 47.845326, 549.0],
          [12.283279, 47.845382, 548.75],
          [12.283253, 47.845506, 548.25],
          [12.283200, 47.845637, 547.75],
          [12.283192, 47.845687, 548.0],
          [12.283198, 47.845723, 547.75],
          [12.283344, 47.845983, 546.25],
          [12.283441, 47.846277, 546.25],
          [12.283512, 47.846393, 546.0],
          [12.283587, 47.846467, 546.0],
          [12.283678, 47.846530, 545.75],
          [12.283735, 47.846560, 545.5],
          [12.283938, 47.846629, 544.75],
          [12.284064, 47.846665, 544.0],
          [12.284236, 47.846733, 542.75],
          [12.284498, 47.846860, 541.25],
          [12.284629, 47.846910, 539.75],
          [12.284744, 47.846940, 538.5],
          [12.285261, 47.847136, 534.5],
          [12.285339, 47.847147, 534.0],
          [12.285398, 47.847148, 533.5],
          [12.285522, 47.847130, 533.0],
          [12.285599, 47.847102, 532.75],
          [12.285671, 47.847060, 532.0],
          [12.285726, 47.847004, 531.5],
          [12.285780, 47.846885, 531.0],
          [12.285821, 47.846719, 531.0],
          [12.285882, 47.846512, 530.75],
          [12.285936, 47.846428, 530.5],
          [12.286013, 47.846352, 530.25],
          [12.286147, 47.846271, 530.25],
          [12.286275, 47.846220, 530.5],
          [12.286412, 47.846186, 530.5],
          [12.286572, 47.846167, 529.5],
          [12.286736, 47.846157, 529.25],
          [12.286853, 47.846161, 530.0],
          [12.287030, 47.846177, 531.0],
          [12.287169, 47.846210, 531.25],
          [12.287418, 47.846319, 533.75],
          [12.287525, 47.846397, 535.25],
          [12.287796, 47.846647, 537.0],
          [12.287897, 47.846683, 537.0],
          [12.287983, 47.846686, 537.5],
          [12.288047, 47.846674, 537.75],
          [12.288116, 47.846631, 539.5],
          [12.288176, 47.846578, 541.0],
          [12.288390, 47.846354, 544.0],
          [12.288559, 47.846156, 545.25],
          [12.288833, 47.845762, 548.0],
          [12.288880, 47.845681, 549.0],
          [12.288970, 47.845619, 550.25],
          [12.289038, 47.845594, 551.0],
          [12.289096, 47.845583, 551.5],
          [12.289193, 47.845580, 552.0],
          [12.289633, 47.845670, 554.25],
          [12.289743, 47.845687, 554.5],
          [12.289868, 47.845679, 555.5],
          [12.289984, 47.845643, 556.75],
          [12.290064, 47.845595, 557.75],
          [12.290139, 47.845494, 559.0],
          [12.290254, 47.845284, 560.75],
          [12.290307, 47.845188, 562.25],
          [12.290436, 47.845031, 565.0],
          [12.290794, 47.844503, 572.0],
          [12.291043, 47.844206, 576.0],
          [12.291112, 47.844139, 576.5],
          [12.291198, 47.844084, 576.25],
          [12.291305, 47.844041, 577.0],
          [12.291454, 47.844001, 578.25],
          [12.292210, 47.843842, 580.5],
          [12.292279, 47.843818, 580.5],
          [12.292357, 47.843777, 580.25],
          [12.292410, 47.843736, 580.25],
          [12.292469, 47.843659, 580.0],
          [12.292498, 47.843578, 580.0],
          [12.292499, 47.843519, 580.25],
          [12.292429, 47.843216, 582.0],
          [12.292430, 47.843134, 582.75],
          [12.292449, 47.843067, 583.5],
          [12.292512, 47.842974, 584.5],
          [12.292680, 47.842804, 585.75],
          [12.292788, 47.842728, 586.25],
          [12.292858, 47.842696, 586.5],
          [12.292965, 47.842661, 586.75],
          [12.293139, 47.842617, 587.25],
          [12.293309, 47.842585, 588.25],
          [12.293903, 47.842510, 590.75],
          [12.294026, 47.842474, 591.5],
          [12.294575, 47.842298, 592.5],
          [12.294737, 47.842267, 592.75],
          [12.294873, 47.842252, 593.25],
          [12.295160, 47.842278, 594.25],
          [12.295833, 47.842385, 595.75],
          [12.296033, 47.842408, 596.5],
          [12.296308, 47.842414, 597.5],
          [12.296442, 47.842400, 598.25],
          [12.296925, 47.842293, 601.25],
          [12.298165, 47.841919, 604.25],
          [12.298361, 47.841875, 603.5],
          [12.298480, 47.841860, 603.0],
          [12.298986, 47.841859, 602.5],
          [12.299172, 47.841876, 602.5],
          [12.299243, 47.841870, 602.5],
          [12.299345, 47.841851, 602.5],
          [12.299465, 47.841813, 602.5],
          [12.300006, 47.841653, 602.75],
          [12.300129, 47.841632, 602.75],
          [12.300425, 47.841594, 603.0],
          [12.300761, 47.841579, 603.5],
          [12.300990, 47.841577, 604.0],
          [12.301455, 47.841598, 604.75],
          [12.302322, 47.841655, 604.5],
          [12.302888, 47.841683, 602.0],
          [12.303293, 47.841686, 600.0],
          [12.303411, 47.841687, 599.5],
          [12.303990, 47.841672, 597.5],
          [12.305069, 47.841623, 594.5],
          [12.305459, 47.841617, 593.25],
          [12.305792, 47.841638, 592.0],
          [12.306057, 47.841674, 591.75],
          [12.306334, 47.841800, 593.0],
          [12.306588, 47.841949, 594.25],
          [12.306744, 47.842097, 594.75],
          [12.307051, 47.842355, 594.5],
          [12.307379, 47.842603, 593.25],
          [12.308045, 47.843027, 592.0],
          [12.308180, 47.843100, 592.25],
          [12.308604, 47.843285, 593.0],
          [12.308846, 47.843376, 592.0],
          [12.308972, 47.843413, 592.0],
          [12.309379, 47.843509, 592.0],
          [12.309592, 47.843548, 591.5],
          [12.309862, 47.843584, 591.25],
          [12.310626, 47.843676, 588.25],
          [12.310724, 47.843690, 587.25],
          [12.310776, 47.843699, 586.75],
          [12.311046, 47.843779, 584.25],
          [12.311072, 47.843787, 584.0],
          [12.311120, 47.843803, 583.5],
          [12.311204, 47.843834, 582.75],
          [12.311282, 47.843867, 582.25],
          [12.311364, 47.843905, 582.0],
          [12.311483, 47.843980, 581.0],
          [12.311663, 47.844138, 580.0],
          [12.311835, 47.844289, 580.0],
          [12.311893, 47.844340, 580.0],
          [12.312003, 47.844413, 579.75],
          [12.312139, 47.844473, 579.25],
          [12.312182, 47.844483, 579.25],
          [12.312630, 47.844604, 579.25],
          [12.313069, 47.844707, 578.0],
          [12.313522, 47.844799, 578.0],
          [12.313576, 47.844688, 578.0],
          [12.313669, 47.844485, 578.0],
          [12.313718, 47.844307, 577.75],
          [12.313763, 47.844140, 577.5],
          [12.313787, 47.844049, 577.5],
          [12.313817, 47.843938, 577.75],
          [12.313844, 47.843862, 578.0],
          [12.314147, 47.842992, 578.75],
          [12.314174, 47.842911, 578.75],
          [12.314197, 47.842859, 578.75],
          [12.314229, 47.842833, 578.75],
          [12.314277, 47.842813, 578.75],
          [12.314344, 47.842805, 578.75],
          [12.315647, 47.842928, 578.25],
          [12.315912, 47.842953, 578.25],
          [12.315948, 47.842954, 578.25],
          [12.315942, 47.842741, 579.0],
          [12.315835, 47.842313, 579.5],
          [12.315965, 47.842269, 579.25],
          [12.316778, 47.841885, 579.0],
          [12.317012, 47.841714, 578.75],
          [12.317406, 47.841296, 576.25],
          [12.317594, 47.841166, 574.0],
          [12.317828, 47.841065, 571.75],
          [12.318077, 47.841012, 570.0],
          [12.318320, 47.841031, 567.5],
          [12.318650, 47.841094, 566.25],
          [12.319274, 47.841319, 562.5],
          [12.319507, 47.841350, 562.0],
          [12.319753, 47.841329, 561.25],
          [12.320119, 47.841171, 562.0],
          [12.321012, 47.840753, 557.0],
          [12.321023, 47.840747, 557.0],
          [12.321190, 47.840653, 556.0],
          [12.322220, 47.840013, 552.0],
          [12.322331, 47.839926, 551.25],
          [12.322416, 47.839834, 551.0],
          [12.322419, 47.839797, 551.0],
          [12.322434, 47.839674, 550.75],
          [12.322433, 47.839416, 550.0],
          [12.322320, 47.838641, 548.75],
          [12.322278, 47.838410, 552.0],
          [12.322258, 47.838289, 554.0],
          [12.322240, 47.838182, 555.25],
          [12.322231, 47.838086, 556.5],
          [12.322244, 47.837976, 557.75],
          [12.322316, 47.837850, 559.25],
          [12.322417, 47.837747, 561.0],
          [12.322589, 47.837668, 562.5],
          [12.323162, 47.837587, 566.25],
          [12.324274, 47.837523, 576.0],
          [12.324514, 47.837482, 577.25],
          [12.324676, 47.837442, 577.75],
          [12.324783, 47.837572, 577.25],
          [12.324918, 47.837704, 576.25],
          [12.325062, 47.837825, 575.5],
          [12.325282, 47.837995, 574.25],
          [12.325594, 47.838203, 571.5],
          [12.325662, 47.838246, 570.75],
          [12.325924, 47.838409, 568.25],
          [12.325995, 47.838460, 568.0],
          [12.326075, 47.838555, 567.25],
          [12.326348, 47.839048, 569.0],
          [12.326496, 47.839195, 569.25],
          [12.326592, 47.839268, 568.75],
          [12.326753, 47.839357, 569.5],
          [12.326932, 47.839438, 570.75],
          [12.327144, 47.839524, 570.75],
          [12.327598, 47.839705, 572.25],
          [12.327827, 47.839783, 572.75],
          [12.328635, 47.840020, 574.0],
          [12.328837, 47.840093, 574.0],
          [12.328997, 47.840168, 574.0],
          [12.329141, 47.840246, 574.0],
          [12.329244, 47.840319, 574.0],
          [12.329328, 47.840398, 574.0],
          [12.329396, 47.840479, 574.0],
          [12.329457, 47.840582, 573.75],
          [12.329524, 47.840744, 573.0],
          [12.329567, 47.840958, 572.0],
          [12.329553, 47.841508, 569.0],
          [12.329608, 47.841668, 568.25],
          [12.329657, 47.841755, 567.75],
          [12.329841, 47.841981, 566.75],
          [12.329949, 47.842096, 566.75],
          [12.330108, 47.842238, 566.5],
          [12.330280, 47.842379, 565.75],
          [12.330670, 47.842637, 565.25],
          [12.330925, 47.842789, 565.75],
          [12.331441, 47.843070, 568.0],
          [12.331843, 47.843271, 570.0],
          [12.331937, 47.843332, 570.75],
          [12.332065, 47.843421, 571.5],
          [12.332154, 47.843492, 572.25],
          [12.332291, 47.843649, 574.0],
          [12.332333, 47.843719, 574.5],
          [12.332351, 47.843743, 574.5],
          [12.332466, 47.843953, 576.0],
          [12.332532, 47.844133, 576.75],
          [12.332820, 47.845428, 573.5],
          [12.332795, 47.846041, 572.0],
          [12.333166, 47.847123, 570.0],
          [12.333166, 47.847306, 569.75],
          [12.333079, 47.847942, 571.25],
          [12.333081, 47.848062, 570.75],
          [12.333165, 47.848193, 569.25],
          [12.333261, 47.848270, 568.5],
          [12.333503, 47.848410, 566.5],
          [12.334328, 47.848639, 561.5],
          [12.336649, 47.849216, 555.0],
          [12.336752, 47.849233, 554.75],
          [12.337021, 47.849241, 554.25],
          [12.337394, 47.849220, 554.0],
          [12.337934, 47.849177, 554.0],
          [12.338238, 47.849157, 553.75],
          [12.338446, 47.849154, 553.25],
          [12.338699, 47.849171, 552.5],
          [12.338888, 47.849206, 552.25],
          [12.339203, 47.849304, 551.5],
          [12.339690, 47.849487, 547.75],
          [12.340086, 47.849665, 545.25],
          [12.340154, 47.849713, 544.25],
          [12.340206, 47.849760, 543.75],
          [12.340265, 47.849926, 543.75],
          [12.340284, 47.849997, 543.75],
          [12.340306, 47.850060, 544.25],
          [12.340344, 47.850154, 544.75],
          [12.340410, 47.850224, 545.0],
          [12.340490, 47.850280, 545.25],
          [12.340581, 47.850334, 545.5],
          [12.340617, 47.850364, 545.5],
          [12.340733, 47.850493, 545.75],
          [12.340832, 47.850631, 545.25],
          [12.340994, 47.850913, 544.0],
          [12.341099, 47.851080, 543.0],
          [12.341114, 47.851105, 542.75],
          [12.341206, 47.851269, 542.25],
          [12.341360, 47.851524, 541.0],
          [12.341436, 47.851652, 540.75],
          [12.341519, 47.851737, 541.0],
          [12.341755, 47.851953, 541.0],
          [12.341824, 47.852019, 540.75],
          [12.341893, 47.852084, 540.5],
          [12.342179, 47.852328, 539.75],
          [12.342236, 47.852415, 539.0],
          [12.342254, 47.852476, 538.75],
          [12.342262, 47.852502, 538.5],
          [12.342261, 47.852572, 537.5],
          [12.342196, 47.852740, 535.75],
          [12.342176, 47.852796, 535.0],
          [12.342161, 47.852836, 535.0],
          [12.342114, 47.852957, 534.5],
          [12.341997, 47.853220, 533.75],
          [12.341800, 47.853531, 533.25],
          [12.341759, 47.853611, 533.0],
          [12.341656, 47.853802, 533.0],
          [12.341404, 47.854267, 533.0],
          [12.341290, 47.854488, 533.0],
          [12.341099, 47.854831, 533.0],
          [12.340986, 47.855035, 533.0],
          [12.340948, 47.855284, 533.0],
          [12.341043, 47.855266, 533.0],
          [12.341191, 47.855254, 532.5],
          [12.341320, 47.855254, 532.25],
          [12.341556, 47.855283, 531.75],
          [12.341673, 47.855305, 531.5],
          [12.341801, 47.855329, 531.5],
          [12.342142, 47.855412, 532.0],
          [12.342449, 47.855487, 532.0],
          [12.342621, 47.855519, 532.0],
          [12.342823, 47.855540, 532.0],
          [12.343120, 47.855556, 532.0],
          [12.343381, 47.855553, 532.0],
          [12.343624, 47.855549, 532.0],
          [12.343758, 47.855546, 532.0],
          [12.343976, 47.855542, 532.0],
          [12.344299, 47.855554, 532.0],
          [12.344357, 47.855558, 532.0],
          [12.344504, 47.855568, 532.0],
          [12.344932, 47.855613, 531.25],
          [12.345314, 47.855656, 531.0],
          [12.345493, 47.855677, 531.0],
          [12.345437, 47.855876, 531.0],
          [12.345450, 47.856084, 531.25],
          [12.345453, 47.856134, 531.25],
          [12.345572, 47.856158, 531.0],
          [12.345453, 47.856134, 531.25],
          [12.345450, 47.856084, 531.25],
          [12.345437, 47.855876, 531.0],
          [12.345493, 47.855677, 531.0],
          [12.345748, 47.855704, 530.5],
          [12.345906, 47.855702, 530.0],
          [12.345928, 47.855617, 530.5],
          [12.345941, 47.855523, 531.0],
          [12.346045, 47.855183, 531.0],
          [12.346072, 47.855103, 531.0],
          [12.346194, 47.854811, 531.0],
          [12.346211, 47.854762, 531.0],
          [12.346366, 47.854456, 531.0],
          [12.346527, 47.854118, 531.0],
          [12.346544, 47.854060, 531.25],
          [12.346568, 47.853973, 531.5],
          [12.346673, 47.853579, 531.75],
          [12.346994, 47.853161, 531.5],
          [12.347098, 47.853003, 532.0],
          [12.347355, 47.852629, 532.0],
          [12.347538, 47.852378, 532.0],
          [12.347680, 47.852039, 531.75],
          [12.347735, 47.851846, 531.5],
          [12.347758, 47.851715, 531.0],
          [12.347783, 47.851617, 531.0],
          [12.347888, 47.851327, 531.0],
          [12.347902, 47.851287, 531.0],
          [12.347971, 47.851116, 531.0],
          [12.348030, 47.850983, 530.5],
          [12.348147, 47.850701, 530.0],
          [12.348309, 47.850352, 530.0],
          [12.348426, 47.850088, 529.75],
          [12.348487, 47.849933, 529.5],
          [12.349176, 47.850091, 528.5],
          [12.350061, 47.850294, 527.25],
          [12.350260, 47.850280, 527.75],
          [12.350432, 47.850247, 528.5],
          [12.350594, 47.850030, 529.0],
          [12.350676, 47.849918, 529.0],
          [12.350857, 47.849686, 528.75],
          [12.351100, 47.849374, 528.0],
          [12.351241, 47.849174, 528.5],
          [12.351264, 47.849144, 528.25],
          [12.351223, 47.848606, 528.0],
          [12.351217, 47.848518, 528.0],
          [12.351195, 47.848234, 528.0],
          [12.351188, 47.848162, 528.0],
          [12.351169, 47.847985, 527.75],
          [12.351160, 47.847899, 527.5],
          [12.351136, 47.847643, 527.5],
          [12.351127, 47.847482, 528.0],
          [12.351149, 47.847376, 528.0],
          [12.351219, 47.847262, 528.0],
          [12.351369, 47.847106, 528.0],
          [12.351418, 47.846979, 527.75],
          [12.351627, 47.846574, 527.0],
          [12.351776, 47.846241, 527.0],
          [12.351920, 47.845928, 526.25],
          [12.352082, 47.845593, 526.5],
          [12.352213, 47.845338, 526.0],
          [12.352336, 47.845105, 526.5],
          [12.352467, 47.844860, 526.0],
          [12.352482, 47.844735, 526.0],
          [12.352540, 47.844586, 526.0],
          [12.352617, 47.844434, 526.0],
          [12.352648, 47.844365, 526.0],
          [12.352838, 47.843927, 525.75],
          [12.352992, 47.843617, 525.75],
          [12.353331, 47.842979, 525.25],
          [12.355427, 47.838956, 523.25],
          [12.355525, 47.838803, 523.25],
          [12.355620, 47.838692, 523.25],
          [12.355674, 47.838641, 523.25],
          [12.355747, 47.838601, 523.25],
          [12.355835, 47.838565, 523.0],
          [12.356228, 47.838465, 523.25],
          [12.356362, 47.838415, 523.0],
          [12.356432, 47.838373, 523.0],
          [12.356465, 47.838343, 523.0],
          [12.356482, 47.838309, 522.75],
          [12.356491, 47.838255, 522.75],
          [12.356470, 47.838204, 522.75],
          [12.356444, 47.838132, 522.75],
          [12.356367, 47.838015, 522.75],
          [12.356144, 47.837847, 522.0],
          [12.356089, 47.837765, 522.0],
          [12.356134, 47.837649, 522.25],
          [12.356379, 47.837151, 523.0],
          [12.356407, 47.837092, 523.25],
          [12.356708, 47.836499, 522.5],
          [12.357353, 47.835294, 522.25],
          [12.357516, 47.835062, 521.75],
          [12.357604, 47.834873, 521.75],
          [12.359917, 47.830432, 523.5],
          [12.360015, 47.830167, 523.75],
          [12.360113, 47.829972, 523.25],
          [12.360251, 47.829758, 523.0],
          [12.360549, 47.829183, 522.0],
          [12.360636, 47.829090, 522.25],
          [12.361166, 47.828689, 521.75],
          [12.361279, 47.828573, 522.0],
          [12.361361, 47.828448, 522.0],
          [12.361502, 47.828492, 521.75],
          [12.361730, 47.828565, 521.5],
          [12.361891, 47.828574, 521.0],
          [12.362015, 47.828535, 521.0],
          [12.362766, 47.828207, 521.0],
          [12.363064, 47.828145, 520.75],
          [12.363353, 47.828125, 520.5],
          [12.363743, 47.827921, 520.25],
          [12.364283, 47.827465, 519.5],
          [12.364310, 47.827444, 519.5],
          [12.364468, 47.827295, 519.75],
          [12.364722, 47.827023, 520.5],
          [12.364771, 47.826988, 520.75],
          [12.364849, 47.826955, 520.75],
          [12.364984, 47.826936, 520.75],
          [12.365596, 47.827003, 520.0],
          [12.366326, 47.827098, 520.0],
          [12.366880, 47.827253, 519.75],
          [12.367182, 47.827304, 519.0],
          [12.367616, 47.827348, 519.0],
          [12.367942, 47.827399, 519.25],
          [12.368288, 47.827420, 519.5],
          [12.368729, 47.827485, 519.5],
          [12.369355, 47.827555, 519.0],
          [12.369556, 47.827618, 519.0],
          [12.369641, 47.827703, 519.0],
          [12.369712, 47.827946, 519.0],
          [12.369908, 47.828151, 519.0],
          [12.369954, 47.828211, 519.0],
          [12.369950, 47.828289, 519.0],
          [12.370329, 47.827813, 519.0],
          [12.370582, 47.827567, 518.75],
          [12.371731, 47.826745, 519.0],
          [12.371980, 47.826595, 519.0],
          [12.372305, 47.826438, 519.0],
          [12.372676, 47.826296, 519.0],
          [12.373073, 47.826196, 519.0],
          [12.373433, 47.826124, 519.0],
          [12.373749, 47.826079, 519.0],
          [12.374053, 47.826047, 519.0],
          [12.374759, 47.826040, 519.0],
          [12.375105, 47.826075, 519.0],
          [12.375779, 47.826205, 519.0],
          [12.376121, 47.826287, 519.0],
          [12.376439, 47.826437, 519.0],
          [12.376798, 47.826637, 519.0],
          [12.377012, 47.826753, 519.0],
          [12.377716, 47.827187, 519.0],
          [12.377898, 47.827276, 519.0],
          [12.378119, 47.827365, 519.0],
          [12.380498, 47.828029, 519.75],
          [12.380458, 47.828367, 520.0],
          [12.380368, 47.829135, 519.0],
          [12.380359, 47.829646, 519.75],
          [12.380387, 47.829868, 519.5],
          [12.380396, 47.829936, 519.5],
          [12.380464, 47.829983, 519.25],
          [12.380652, 47.829956, 519.25],
          [12.380826, 47.829921, 519.5],
          [12.381015, 47.829897, 519.75],
          [12.381075, 47.829879, 519.75],
          [12.381169, 47.829868, 520.0],
          [12.381475, 47.829955, 520.0],
          [12.381613, 47.830028, 520.0],
          [12.381743, 47.830169, 520.0],
          [12.381753, 47.830207, 520.0],
          [12.382153, 47.830298, 520.0],
          [12.382303, 47.830326, 519.75],
          [12.382464, 47.830347, 520.0],
          [12.382652, 47.830373, 520.0],
          [12.382788, 47.830402, 520.0],
          [12.382846, 47.830414, 520.0],
          [12.383022, 47.830479, 520.0],
          [12.383195, 47.830565, 519.5],
          [12.383365, 47.830634, 519.25],
          [12.383662, 47.830737, 520.0],
          [12.383955, 47.830839, 520.0],
          [12.384544, 47.831040, 519.75],
          [12.384716, 47.831100, 519.75],
          [12.385142, 47.831260, 519.25],
          [12.385322, 47.831343, 519.25],
          [12.385564, 47.831459, 519.5],
          [12.385799, 47.831580, 519.5],
          [12.386242, 47.831833, 519.5],
          [12.386646, 47.832056, 519.5],
          [12.386950, 47.832231, 519.75],
          [12.387501, 47.832528, 519.75],
          [12.387647, 47.832588, 519.5],
          [12.387925, 47.832666, 520.0],
          [12.388047, 47.832715, 520.0],
          [12.388288, 47.832833, 520.0],
          [12.388377, 47.832904, 520.0],
          [12.388880, 47.832440, 519.5],
          [12.389232, 47.832160, 520.5],
          [12.389663, 47.831851, 520.0],
          [12.389869, 47.831931, 520.0],
          [12.389981, 47.831999, 520.0],
          [12.390301, 47.832192, 520.0],
          [12.390502, 47.832314, 520.0],
          [12.390925, 47.832548, 520.0],
          [12.391125, 47.832634, 519.75],
          [12.391336, 47.832704, 519.75],
          [12.392119, 47.832926, 519.5],
          [12.392370, 47.832975, 519.75],
          [12.392553, 47.832998, 520.0],
          [12.392761, 47.833003, 520.0],
          [12.393036, 47.832984, 520.0],
          [12.393221, 47.832954, 520.0],
          [12.394121, 47.832747, 519.75],
          [12.394472, 47.832696, 520.0],
          [12.395006, 47.832650, 519.25],
          [12.395297, 47.832677, 519.25],
          [12.395596, 47.832733, 519.75],
          [12.395875, 47.832796, 519.75],
          [12.396743, 47.833007, 520.0],
          [12.397092, 47.833122, 519.75],
          [12.397322, 47.833218, 520.0],
          [12.397535, 47.833320, 520.0],
          [12.397667, 47.833379, 520.25],
          [12.397825, 47.833414, 520.5],
          [12.397988, 47.833423, 519.75],
          [12.398158, 47.833424, 519.5],
          [12.398714, 47.833398, 519.75],
          [12.398869, 47.833382, 519.75],
          [12.399353, 47.833298, 520.0],
          [12.399895, 47.833198, 519.25],
          [12.400272, 47.833128, 519.5],
          [12.400932, 47.833009, 520.0],
          [12.402007, 47.832798, 520.75],
          [12.402147, 47.832788, 520.75],
          [12.403496, 47.832930, 521.5],
          [12.404716, 47.832962, 520.0],
          [12.407615, 47.832957, 519.25],
          [12.410275, 47.832985, 520.0],
          [12.410550, 47.833018, 520.0],
          [12.411464, 47.833287, 520.0],
          [12.411766, 47.833349, 520.0],
          [12.411937, 47.833353, 520.0],
          [12.412044, 47.833330, 520.0],
          [12.412187, 47.833241, 520.0],
          [12.412671, 47.832704, 520.25],
          [12.412977, 47.832392, 521.0],
          [12.413106, 47.832331, 521.0],
          [12.413270, 47.832304, 521.0],
          [12.414526, 47.832384, 519.75],
          [12.414958, 47.832363, 520.25],
          [12.415166, 47.832343, 520.75],
          [12.415335, 47.832327, 521.0],
          [12.415691, 47.832280, 521.0],
          [12.416051, 47.832238, 521.0],
          [12.416288, 47.832266, 521.5],
          [12.416444, 47.832328, 521.5],
          [12.416581, 47.832432, 521.0],
          [12.416695, 47.832538, 520.75],
          [12.417032, 47.832989, 520.0],
          [12.417137, 47.833064, 519.75],
          [12.417312, 47.833136, 519.75],
          [12.418381, 47.833319, 520.0],
          [12.418671, 47.833416, 519.75],
          [12.419241, 47.833724, 520.25],
          [12.419402, 47.833783, 520.5],
          [12.419605, 47.833808, 520.5],
          [12.423867, 47.833714, 520.25],
          [12.424564, 47.833670, 520.5],
          [12.425389, 47.833446, 521.0],
          [12.425848, 47.833414, 521.0],
          [12.426316, 47.833417, 521.0],
          [12.426808, 47.833450, 520.5],
          [12.427187, 47.833501, 520.0],
          [12.427312, 47.833502, 519.5],
          [12.427429, 47.833503, 518.75],
          [12.427652, 47.833493, 519.0],
          [12.427749, 47.833461, 519.25],
          [12.427942, 47.833462, 519.0],
          [12.428004, 47.833469, 519.0],
          [12.428391, 47.833577, 519.75],
          [12.428485, 47.833588, 519.75],
          [12.430907, 47.833553, 520.0],
          [12.431416, 47.833562, 519.75],
          [12.432069, 47.833561, 520.25],
          [12.432526, 47.833592, 520.0],
          [12.434531, 47.833585, 520.0],
          [12.434893, 47.833584, 520.5],
          [12.436028, 47.833633, 520.0],
          [12.437552, 47.833747, 521.75],
          [12.439008, 47.833887, 521.5],
          [12.440179, 47.834030, 522.5],
          [12.440714, 47.834109, 521.75],
          [12.441377, 47.832190, 521.0],
          [12.441655, 47.831339, 520.75],
          [12.442077, 47.830049, 520.5],
          [12.442946, 47.827490, 521.75],
          [12.448699, 47.828553, 519.5],
          [12.448777, 47.828568, 519.25],
          [12.448942, 47.828599, 519.0],
          [12.454182, 47.829586, 520.0],
          [12.461888, 47.831018, 520.25],
          [12.470391, 47.832603, 520.25],
          [12.475760, 47.833615, 521.0],
          [12.475923, 47.833646, 521.0],
          [12.476076, 47.833675, 521.0],
          [12.476652, 47.833773, 521.0],
          [12.477128, 47.833860, 521.0],
          [12.477788, 47.833974, 521.0],
          [12.478526, 47.834098, 521.0],
          [12.478717, 47.834134, 521.0],
          [12.478822, 47.834153, 521.0],
          [12.479022, 47.834190, 521.0],
          [12.479109, 47.834206, 521.0],
          [12.479583, 47.834293, 521.0],
          [12.479885, 47.834349, 521.5],
          [12.480513, 47.834456, 521.75],
          [12.481554, 47.834637, 521.5],
          [12.481724, 47.834671, 522.0],
          [12.481897, 47.834706, 522.0],
          [12.482586, 47.834829, 521.5],
          [12.482908, 47.834886, 521.25],
          [12.483379, 47.834963, 521.0],
          [12.483626, 47.835020, 521.0],
          [12.483811, 47.835145, 521.0],
          [12.483960, 47.835261, 521.0],
          [12.484063, 47.835326, 521.0],
          [12.484115, 47.835360, 521.0],
          [12.484208, 47.835405, 521.0],
          [12.484306, 47.835444, 521.0],
          [12.484388, 47.835468, 521.25],
          [12.484446, 47.835483, 521.25],
          [12.484633, 47.835532, 521.5],
          [12.484753, 47.835558, 522.0],
          [12.484919, 47.835595, 522.0],
          [12.485043, 47.835628, 522.0],
          [12.485189, 47.835678, 522.0],
          [12.485274, 47.835706, 522.0],
          [12.485494, 47.835792, 522.0],
          [12.485607, 47.835868, 522.0],
          [12.485711, 47.835823, 522.0],
          [12.485783, 47.835793, 522.0],
          [12.486027, 47.835705, 522.0],
          [12.486170, 47.835658, 522.0],
          [12.486224, 47.835633, 522.0],
          [12.486316, 47.835589, 522.0],
          [12.486450, 47.835506, 522.0],
          [12.486503, 47.835474, 522.0],
          [12.486698, 47.835356, 522.0],
          [12.486823, 47.835313, 522.0],
          [12.487121, 47.835277, 522.0],
          [12.487610, 47.835165, 522.75],
          [12.487805, 47.835121, 523.0],
          [12.488339, 47.835011, 522.0],
          [12.488338, 47.835002, 522.0],
          [12.488303, 47.834758, 522.0],
          [12.488277, 47.834576, 522.0],
          [12.488269, 47.834515, 522.0],
          [12.488239, 47.834407, 522.25],
          [12.488149, 47.834074, 522.75],
          [12.488119, 47.833967, 522.75],
          [12.488420, 47.833886, 523.0],
          [12.488508, 47.833863, 523.0],
          [12.488599, 47.833819, 523.0],
          [12.488730, 47.833756, 523.0],
          [12.488791, 47.833716, 523.0],
          [12.488882, 47.833656, 523.0],
          [12.488953, 47.833656, 522.75],
          [12.489259, 47.833656, 522.75],
          [12.489407, 47.833633, 522.75],
          [12.489877, 47.833560, 523.0],
          [12.490074, 47.833529, 522.75],
          [12.490204, 47.833508, 522.5],
          [12.490280, 47.833502, 522.25],
          [12.490424, 47.833504, 522.25],
          [12.490534, 47.833518, 522.25],
          [12.490835, 47.833554, 522.0],
          [12.491135, 47.833603, 522.0],
          [12.491396, 47.833645, 522.0],
          [12.491773, 47.833706, 522.5],
          [12.492085, 47.833734, 522.25],
          [12.493608, 47.833844, 521.75],
          [12.494373, 47.833904, 522.0],
          [12.494719, 47.833924, 522.0],
          [12.494835, 47.833930, 522.0],
          [12.496192, 47.834021, 522.0],
          [12.497141, 47.834094, 522.0],
          [12.497337, 47.834109, 522.0],
          [12.499678, 47.834274, 521.0],
          [12.501026, 47.834369, 522.0],
          [12.501186, 47.834373, 522.0],
          [12.501247, 47.834366, 522.0],
          [12.501344, 47.834345, 522.0],
          [12.502512, 47.834050, 522.25],
          [12.502668, 47.834016, 522.75],
          [12.502807, 47.834004, 522.75],
          [12.503218, 47.834039, 522.0],
          [12.503402, 47.834064, 522.0],
          [12.503523, 47.834071, 522.0],
          [12.503682, 47.834067, 522.0],
          [12.503728, 47.834057, 522.25],
          [12.504243, 47.833919, 523.0],
          [12.504655, 47.833684, 523.0],
          [12.504851, 47.833552, 523.0],
          [12.505210, 47.833371, 523.0],
          [12.505583, 47.833227, 523.0],
          [12.505816, 47.833188, 523.0],
          [12.506088, 47.833156, 523.0],
          [12.506713, 47.833007, 523.0],
          [12.507143, 47.832994, 523.0],
          [12.507572, 47.832863, 523.25],
          [12.507777, 47.832782, 523.75],
          [12.508025, 47.832691, 526.5],
          [12.508054, 47.832940, 526.75],
          [12.508048, 47.832972, 526.75],
          [12.507990, 47.833042, 526.25],
          [12.507959, 47.833105, 526.0],
          [12.507948, 47.833195, 526.5],
          [12.507955, 47.833537, 526.5],
          [12.507940, 47.833623, 526.25],
          [12.507915, 47.833692, 526.0],
          [12.507957, 47.833734, 526.0],
          [12.507973, 47.833765, 526.0],
          [12.507939, 47.833939, 525.5],
          [12.507949, 47.833984, 525.75],
          [12.507972, 47.833999, 526.0],
          [12.507998, 47.834004, 526.25],
          [12.508118, 47.833972, 525.75],
          [12.509068, 47.833732, 525.25],
          [12.509132, 47.833716, 526.0],
          [12.509167, 47.833688, 526.5],
          [12.509237, 47.833487, 525.75],
          [12.509288, 47.833373, 525.0],
          [12.509317, 47.833340, 524.75],
          [12.509400, 47.833293, 525.0],
          [12.509704, 47.833203, 525.75],
          [12.511830, 47.832705, 523.25],
          [12.513120, 47.832362, 523.5],
          [12.514310, 47.832033, 523.25],
          [12.514418, 47.832010, 523.25],
          [12.514528, 47.832011, 523.0],
          [12.514693, 47.832024, 522.5],
          [12.514896, 47.832030, 522.0],
          [12.514990, 47.832012, 522.0],
          [12.515175, 47.831971, 522.5],
          [12.515439, 47.831900, 521.25],
          [12.515692, 47.831839, 521.5],
          [12.515775, 47.831829, 522.0],
          [12.515809, 47.831832, 522.25],
          [12.515864, 47.831843, 522.25],
          [12.515890, 47.831859, 522.0],
          [12.515914, 47.831892, 522.0],
          [12.515918, 47.831917, 522.0],
          [12.515910, 47.832033, 521.75],
          [12.515908, 47.832093, 521.5],
          [12.515920, 47.832131, 521.25],
          [12.516103, 47.832435, 521.5],
          [12.517037, 47.833931, 521.5],
          [12.517158, 47.834137, 521.5],
          [12.517292, 47.834345, 521.25],
          [12.517351, 47.834421, 521.25],
          [12.517403, 47.834410, 521.5],
          [12.517489, 47.834391, 521.5],
          [12.517587, 47.834380, 521.25],
          [12.517691, 47.834371, 521.0],
          [12.517742, 47.834358, 521.0],
          [12.517948, 47.834279, 521.0],
          [12.518232, 47.834191, 521.0],
          [12.519678, 47.833759, 520.75],
          [12.520035, 47.833640, 520.75],
          [12.520980, 47.833354, 520.75],
          [12.523279, 47.832682, 520.5],
          [12.523604, 47.832581, 520.75],
          [12.523689, 47.832544, 521.5],
          [12.523737, 47.832503, 521.75],
          [12.523787, 47.832446, 522.0],
          [12.523807, 47.832386, 522.25],
          [12.523816, 47.832276, 522.25],
          [12.523782, 47.832045, 521.0],
          [12.523786, 47.832013, 520.75],
          [12.523791, 47.832001, 520.75],
          [12.523825, 47.831979, 520.75],
          [12.523880, 47.831975, 521.0],
          [12.524082, 47.831974, 520.25],
          [12.524123, 47.831973, 520.25],
          [12.524149, 47.831966, 520.0],
          [12.524218, 47.831928, 520.25],
          [12.524290, 47.831873, 521.0],
          [12.524342, 47.831848, 521.5],
          [12.524417, 47.831829, 521.5],
          [12.524473, 47.831822, 521.75],
          [12.524727, 47.831818, 521.75],
          [12.524803, 47.831840, 521.75],
          [12.524885, 47.831877, 521.75],
          [12.525064, 47.832034, 521.75],
          [12.525136, 47.832071, 522.0],
          [12.525227, 47.832086, 522.25],
          [12.525271, 47.832086, 522.25],
          [12.525315, 47.832076, 522.75],
          [12.525426, 47.832022, 523.75],
          [12.525499, 47.831977, 524.5],
          [12.525749, 47.832154, 524.5],
          [12.526039, 47.832302, 525.75],
          [12.526231, 47.832380, 526.25],
          [12.526445, 47.832429, 527.0],
          [12.526533, 47.832443, 527.0],
          [12.526657, 47.832453, 527.0],
          [12.526974, 47.832456, 527.0],
          [12.527288, 47.832467, 526.0],
          [12.527440, 47.832484, 526.0],
          [12.527555, 47.832496, 526.0],
          [12.527889, 47.832500, 526.0],
          [12.527941, 47.832477, 526.0],
          [12.527966, 47.832473, 526.0],
          [12.528011, 47.832477, 526.0],
          [12.528108, 47.832498, 525.75],
          [12.528166, 47.832517, 525.5],
          [12.528212, 47.832540, 525.5],
          [12.528290, 47.832596, 525.25],
          [12.528575, 47.832950, 526.75],
          [12.528622, 47.833005, 527.0],
          [12.528767, 47.833167, 527.0],
          [12.528909, 47.833291, 527.0],
          [12.529112, 47.833410, 526.25],
          [12.529410, 47.833554, 526.75],
          [12.529681, 47.833652, 526.25],
          [12.529849, 47.833705, 525.75],
          [12.530052, 47.833758, 526.0],
          [12.530235, 47.833825, 526.0],
          [12.530825, 47.834012, 526.5],
          [12.530901, 47.834033, 526.5],
          [12.531019, 47.834089, 526.75],
          [12.531060, 47.834161, 526.75],
          [12.531013, 47.834241, 526.0],
          [12.531125, 47.834380, 525.5],
          [12.531213, 47.834517, 525.0],
          [12.531350, 47.834782, 525.5],
          [12.531426, 47.834894, 525.25],
          [12.531531, 47.835002, 525.25],
          [12.532212, 47.835630, 523.5],
          [12.532344, 47.835717, 522.75],
          [12.532570, 47.835829, 523.25],
          [12.532674, 47.835821, 523.5],
          [12.532868, 47.835892, 523.75],
          [12.533270, 47.836053, 524.0],
          [12.533495, 47.836159, 523.75],
          [12.533705, 47.836297, 523.5],
          [12.533814, 47.836409, 523.5],
          [12.533968, 47.836488, 523.75],
          [12.534198, 47.836657, 524.0],
          [12.534579, 47.836982, 524.25],
          [12.534958, 47.837340, 524.25],
          [12.535242, 47.837634, 524.25],
          [12.535687, 47.838156, 524.75],
          [12.535863, 47.838348, 524.75],
          [12.536088, 47.838571, 524.75],
          [12.536334, 47.838796, 525.5],
          [12.537450, 47.839767, 525.75],
          [12.537784, 47.840011, 525.75],
          [12.538211, 47.840361, 526.25],
          [12.538527, 47.840675, 526.0],
          [12.538716, 47.840883, 525.75],
          [12.539019, 47.841183, 525.25],
          [12.539004, 47.841254, 524.75],
          [12.539363, 47.841537, 524.25],
          [12.539800, 47.841854, 524.5],
          [12.540170, 47.842096, 524.5],
          [12.540313, 47.842179, 524.25],
          [12.541153, 47.842519, 525.0],
          [12.541213, 47.842539, 525.25],
          [12.541197, 47.842606, 525.0],
          [12.541201, 47.842719, 524.75],
          [12.541225, 47.842858, 524.25],
          [12.541272, 47.843173, 523.25],
          [12.541305, 47.843347, 522.75],
          [12.541352, 47.843459, 522.75],
          [12.541388, 47.843508, 522.75],
          [12.541458, 47.843566, 523.0],
          [12.541584, 47.843602, 523.0],
          [12.541851, 47.843608, 523.5],
          [12.542033, 47.843606, 524.0],
          [12.542184, 47.843632, 524.0],
          [12.542294, 47.843672, 524.0],
          [12.542389, 47.843787, 524.0],
          [12.542428, 47.843869, 524.0],
          [12.542455, 47.843939, 524.0],
          [12.542603, 47.844463, 523.5],
          [12.542653, 47.844617, 523.0],
          [12.542720, 47.844713, 523.0],
          [12.542877, 47.844968, 523.0],
          [12.543031, 47.845150, 522.25],
          [12.543088, 47.845383, 522.0],
          [12.543082, 47.845428, 522.0],
          [12.543043, 47.845550, 522.0],
          [12.542995, 47.845638, 522.0],
          [12.543095, 47.845675, 522.5],
          [12.543847, 47.846003, 524.75],
          [12.544053, 47.846096, 525.0],
          [12.544201, 47.846205, 525.0],
          [12.544385, 47.846400, 525.0],
          [12.544526, 47.846565, 525.0],
          [12.544666, 47.846698, 525.0],
          [12.544820, 47.846732, 525.0],
          [12.545017, 47.846937, 525.75],
          [12.545201, 47.847142, 525.75],
          [12.545344, 47.847339, 526.0],
          [12.545576, 47.847705, 526.0],
          [12.545920, 47.848284, 526.25],
          [12.545990, 47.848388, 526.5],
          [12.546222, 47.848667, 526.5],
          [12.546603, 47.848982, 526.75],
          [12.546789, 47.849113, 527.25],
          [12.546989, 47.849243, 527.0],
          [12.547299, 47.849416, 527.5],
          [12.547619, 47.849585, 527.75],
          [12.548005, 47.849776, 528.0],
          [12.548329, 47.849931, 528.75],
          [12.549265, 47.850346, 530.0],
          [12.549808, 47.850569, 531.75],
          [12.550057, 47.850653, 531.25],
          [12.550100, 47.850666, 531.25],
          [12.550377, 47.850793, 532.0],
          [12.550810, 47.850959, 531.75],
          [12.551191, 47.851087, 533.25],
          [12.551399, 47.851150, 533.0],
          [12.551847, 47.851269, 533.5],
          [12.552100, 47.851323, 534.25],
          [12.552327, 47.851364, 534.25],
          [12.552794, 47.851434, 534.25],
          [12.553368, 47.851489, 534.25],
          [12.554496, 47.851545, 534.0],
          [12.555157, 47.851617, 535.0],
          [12.555645, 47.851703, 535.75],
          [12.556041, 47.851796, 535.0],
          [12.556590, 47.851949, 537.5],
          [12.557175, 47.852156, 539.25],
          [12.557670, 47.852356, 541.75],
          [12.558151, 47.852572, 544.0],
          [12.558646, 47.852834, 546.0],
          [12.558805, 47.852916, 546.25],
          [12.559424, 47.853299, 547.75],
          [12.559837, 47.853552, 548.5],
          [12.560308, 47.853776, 548.5],
          [12.560608, 47.853894, 549.0],
          [12.560866, 47.853982, 549.25],
          [12.561286, 47.854091, 549.5],
          [12.561499, 47.854136, 549.75],
          [12.561744, 47.854174, 550.0],
          [12.561964, 47.854200, 550.0],
          [12.562323, 47.854206, 551.0],
          [12.562632, 47.854249, 551.0],
          [12.563302, 47.854301, 550.25],
          [12.563669, 47.854345, 550.5],
          [12.564217, 47.854429, 551.75],
          [12.564471, 47.854491, 552.0],
          [12.564638, 47.854539, 552.25],
          [12.564947, 47.854647, 553.0],
          [12.565489, 47.854856, 554.25],
          [12.565614, 47.854899, 554.5],
          [12.566096, 47.855103, 556.5],
          [12.566750, 47.855394, 559.75],
          [12.566930, 47.855467, 560.25],
          [12.567266, 47.855584, 561.0],
          [12.567605, 47.855685, 561.5],
          [12.567897, 47.855756, 562.5],
          [12.568689, 47.855914, 562.75],
          [12.569050, 47.855973, 563.25],
          [12.570137, 47.856120, 567.75],
          [12.570555, 47.856183, 567.5],
          [12.570828, 47.856237, 569.75],
          [12.571214, 47.856330, 572.75],
          [12.572308, 47.856636, 577.75],
          [12.572736, 47.856743, 579.0],
          [12.574440, 47.857104, 581.75],
          [12.574634, 47.857145, 582.0],
          [12.575223, 47.857296, 581.25],
          [12.575898, 47.857481, 582.0],
          [12.577429, 47.857933, 583.0],
          [12.578240, 47.858231, 581.75],
          [12.578592, 47.858403, 580.75],
          [12.578887, 47.858578, 580.75],
          [12.579137, 47.858748, 580.25],
          [12.579366, 47.858931, 580.75],
          [12.579474, 47.859049, 581.0],
          [12.579732, 47.859308, 580.5],
          [12.579915, 47.859529, 580.25],
          [12.580287, 47.859975, 580.0],
          [12.580358, 47.859957, 579.75],
          [12.580485, 47.859951, 579.25],
          [12.580532, 47.859961, 579.25],
          [12.580580, 47.859982, 579.5],
          [12.580653, 47.860027, 579.75],
          [12.581341, 47.860561, 577.0],
          [12.581550, 47.860686, 577.0],
          [12.581869, 47.860811, 573.25],
          [12.582001, 47.860843, 571.5],
          [12.582482, 47.860948, 567.5],
          [12.582789, 47.861025, 566.5],
          [12.583070, 47.861107, 566.75],
          [12.583367, 47.861208, 566.0],
          [12.583658, 47.861331, 566.0],
          [12.583790, 47.861399, 566.25],
          [12.584219, 47.861617, 566.0],
          [12.585155, 47.861989, 566.0],
          [12.585344, 47.862081, 565.25],
          [12.585518, 47.862170, 565.5],
          [12.585862, 47.862320, 565.0],
          [12.587013, 47.862762, 566.75],
          [12.587244, 47.862841, 567.0],
          [12.587229, 47.862861, 567.0],
          [12.587307, 47.862892, 567.0],
          [12.587747, 47.863064, 566.75],
          [12.588482, 47.863364, 566.25],
          [12.589374, 47.863693, 566.0],
          [12.590160, 47.863949, 567.75],
          [12.590673, 47.864091, 569.75],
          [12.590867, 47.864146, 570.0],
          [12.591237, 47.864237, 570.75],
          [12.591420, 47.864280, 572.25],
          [12.591838, 47.864359, 575.0],
          [12.592026, 47.864385, 575.75],
          [12.592210, 47.864401, 576.75],
          [12.592643, 47.864428, 577.75],
          [12.593429, 47.864429, 579.25],
          [12.593855, 47.864424, 579.75],
          [12.594552, 47.864431, 581.75],
          [12.595665, 47.864463, 585.25],
          [12.596740, 47.864523, 589.25],
          [12.597370, 47.864606, 592.25],
          [12.597732, 47.864684, 594.75],
          [12.598396, 47.864850, 601.0],
          [12.598711, 47.864909, 603.5],
          [12.598945, 47.864936, 605.5],
          [12.599223, 47.864949, 608.0],
          [12.599474, 47.864933, 610.0],
          [12.599758, 47.864899, 612.25],
          [12.599969, 47.864863, 612.25],
          [12.600193, 47.864816, 612.5],
          [12.600438, 47.864716, 613.5],
          [12.600683, 47.864607, 614.25],
          [12.600918, 47.864470, 616.0],
          [12.601115, 47.864331, 617.25],
          [12.601257, 47.864204, 618.25],
          [12.601688, 47.863790, 619.0],
          [12.602010, 47.863517, 619.75],
          [12.602102, 47.863446, 619.75],
          [12.602210, 47.863383, 619.75],
          [12.602385, 47.863299, 620.0],
          [12.602517, 47.863253, 620.5],
          [12.602773, 47.863196, 620.25],
          [12.602974, 47.863180, 620.25],
          [12.603098, 47.863179, 620.0],
          [12.603234, 47.863180, 619.5],
          [12.603344, 47.863193, 619.25],
          [12.603427, 47.863209, 619.25],
          [12.603640, 47.863265, 619.0],
          [12.603792, 47.863318, 619.0],
          [12.603941, 47.863386, 618.75],
          [12.604178, 47.863523, 618.25],
          [12.604434, 47.863712, 618.75],
          [12.604899, 47.864079, 621.0],
          [12.605127, 47.864232, 622.5],
          [12.605330, 47.864346, 623.75],
          [12.605507, 47.864428, 624.75],
          [12.605702, 47.864504, 626.0],
          [12.605871, 47.864545, 627.0],
          [12.605998, 47.864566, 627.25],
          [12.606119, 47.864577, 627.5],
          [12.606396, 47.864582, 627.0],
          [12.606523, 47.864574, 627.25],
          [12.606713, 47.864542, 627.75],
          [12.606890, 47.864483, 628.5],
          [12.607046, 47.864423, 629.75],
          [12.607296, 47.864298, 631.5],
          [12.607485, 47.864166, 632.75],
          [12.607644, 47.864008, 634.0],
          [12.607804, 47.863802, 635.5],
          [12.607948, 47.863625, 636.75],
          [12.608078, 47.863486, 636.5],
          [12.608386, 47.863192, 637.0],
          [12.608592, 47.862970, 637.0],
          [12.608867, 47.862672, 638.25],
          [12.608947, 47.862576, 638.25],
          [12.609050, 47.862480, 638.5],
          [12.609156, 47.862409, 638.75],
          [12.609291, 47.862330, 639.0],
          [12.609330, 47.862308, 639.0],
          [12.609450, 47.862266, 639.0],
          [12.609497, 47.862241, 639.0],
          [12.609835, 47.862065, 638.5],
          [12.609982, 47.861995, 638.0],
          [12.610065, 47.861974, 637.75],
          [12.610238, 47.861962, 637.0],
          [12.610462, 47.861958, 637.0],
          [12.610803, 47.861977, 637.0],
          [12.610937, 47.861985, 636.5],
          [12.611077, 47.862009, 636.0],
          [12.611240, 47.862065, 636.25],
          [12.611286, 47.862081, 636.25],
          [12.611346, 47.862103, 636.0],
          [12.611487, 47.862182, 635.5],
          [12.611590, 47.862262, 634.5],
          [12.611797, 47.862463, 632.25],
          [12.611863, 47.862539, 631.5],
          [12.611973, 47.862664, 630.75],
          [12.612078, 47.862839, 629.25],
          [12.612122, 47.862931, 628.5],
          [12.612277, 47.863261, 626.5],
          [12.612515, 47.863911, 623.75],
          [12.612693, 47.864500, 621.25],
          [12.612895, 47.865400, 617.75],
          [12.612956, 47.865649, 617.0],
          [12.613043, 47.865920, 616.5],
          [12.613098, 47.866030, 616.0],
          [12.613143, 47.866100, 615.25],
          [12.613261, 47.866209, 614.5],
          [12.613417, 47.866305, 614.5],
          [12.613523, 47.866342, 614.5],
          [12.613622, 47.866368, 614.75],
          [12.613831, 47.866405, 614.0],
          [12.614236, 47.866442, 613.75],
          [12.614448, 47.866455, 613.75],
          [12.615056, 47.866479, 612.75],
          [12.615448, 47.866494, 612.5],
          [12.615802, 47.866502, 612.0],
          [12.616180, 47.866491, 611.5],
          [12.616585, 47.866446, 611.75],
          [12.617406, 47.866310, 610.5],
          [12.617509, 47.866298, 610.25],
          [12.617614, 47.866298, 610.25],
          [12.617688, 47.866297, 610.25],
          [12.617829, 47.866306, 610.25],
          [12.617991, 47.866330, 610.0],
          [12.618788, 47.866501, 608.5],
          [12.619170, 47.866598, 608.0],
          [12.619637, 47.866756, 607.25],
          [12.620208, 47.866985, 606.75],
          [12.620364, 47.867042, 606.5],
          [12.620471, 47.867073, 606.5],
          [12.621214, 47.867252, 605.75],
          [12.621994, 47.867407, 606.25],
          [12.622207, 47.867464, 606.0],
          [12.622383, 47.867521, 605.75],
          [12.622509, 47.867607, 605.5],
          [12.622710, 47.867842, 604.75],
          [12.622960, 47.867772, 604.25],
          [12.623212, 47.867701, 604.25],
          [12.623631, 47.867600, 604.5],
          [12.624059, 47.867519, 604.0],
          [12.624650, 47.867422, 604.0],
          [12.625156, 47.867363, 604.0],
          [12.625557, 47.867324, 604.0],
          [12.625846, 47.867295, 604.25],
          [12.626607, 47.867249, 604.0],
          [12.627799, 47.867244, 604.0],
          [12.628735, 47.867236, 603.75],
          [12.629059, 47.867230, 603.75],
          [12.629468, 47.867212, 604.0],
          [12.629974, 47.867171, 604.0],
          [12.630170, 47.867146, 604.5],
          [12.630816, 47.867067, 605.0],
          [12.630911, 47.867058, 605.0],
          [12.632185, 47.867034, 604.25],
          [12.632251, 47.866955, 604.25],
          [12.632421, 47.866736, 605.5],
          [12.632486, 47.866651, 607.0],
          [12.633139, 47.866824, 605.5],
          [12.633364, 47.866886, 606.5],
          [12.633918, 47.867037, 604.5],
          [12.634271, 47.867135, 604.25],
          [12.634409, 47.867173, 604.75],
          [12.635510, 47.867514, 602.5],
          [12.636092, 47.867694, 600.5],
          [12.636797, 47.867878, 599.75],
          [12.637002, 47.867911, 599.5],
          [12.637381, 47.867922, 599.75],
          [12.637973, 47.867805, 598.25],
          [12.638006, 47.867798, 598.0],
          [12.638125, 47.867774, 598.0],
          [12.638254, 47.867749, 598.0],
          [12.638354, 47.867729, 597.75],
          [12.638557, 47.867689, 597.25],
          [12.638674, 47.867772, 597.0],
          [12.638717, 47.867860, 597.0],
          [12.638601, 47.868028, 597.0],
          [12.638503, 47.868143, 597.25],
          [12.639112, 47.868159, 596.0],
          [12.639158, 47.868161, 596.0],
          [12.639877, 47.868180, 596.0],
          [12.639935, 47.868182, 596.0],
          [12.640400, 47.868210, 595.25],
          [12.640822, 47.868233, 594.0],
          [12.640947, 47.868238, 593.75],
          [12.641028, 47.868247, 593.75],
          [12.641310, 47.868261, 593.0],
          [12.641512, 47.868271, 593.0],
          [12.641694, 47.868280, 592.75],
          [12.641798, 47.868285, 592.75],
          [12.642566, 47.868329, 592.75],
          [12.642755, 47.868330, 592.75],
          [12.643077, 47.868333, 592.0],
          [12.643105, 47.868338, 592.0],
          [12.643494, 47.868411, 592.0]
        ]
      }
    }
  ]
}
